,S_score,G2M_score,phase
AAACCCAAGAAGGATG-1,-0.10167868455509049,-0.1700737610636967,G1
AAACCCAAGGCCATAG-1,-0.07144112282456166,-0.18383006040173527,G1
AAACCCACACGGCACT-1,-0.14879499959038123,-0.0647099270402065,G1
AAACCCACAGGCGAAT-1,-0.028505361005247365,-0.11349017452008081,G1
AAACCCACATACAGAA-1,0.05259982607604635,-0.09661166510179897,S
AAACCCACATTCTTCA-1,0.0086443195537583,-0.08871306646135083,S
AAACCCAGTAAGATTG-1,-0.0662433046584921,-0.09896865685128892,G1
AAACCCAGTCCCGTGA-1,0.0753530966407075,-0.08993661788376611,S
AAACCCAGTCGAGCTC-1,-0.1067864893583716,-0.0544465799254929,G1
AAACCCAGTTACACTG-1,0.07921237044993795,-0.06406612292038999,S
AAACCCATCAAAGCCT-1,0.030896096824869657,-0.06328557189426859,S
AAACCCATCATTTGTC-1,-0.044901848085896756,-0.024037260805557847,G1
AAACCCATCCATCAGA-1,-0.004690462556742714,-0.12386404653394756,G1
AAACCCATCCGAACGC-1,-0.053686624436985936,-0.18485879666281807,G1
AAACCCATCGACACTA-1,-0.15151028665430752,-0.018446887130168677,G1
AAACGAAAGACAACTA-1,0.0077644695986023304,-0.17422954957887565,S
AAACGAAAGATAACGT-1,-0.05896752676479067,-0.2289242644489187,G1
AAACGAAAGGTGCTAG-1,0.06754317376527946,-0.12175938457767127,S
AAACGAAAGTTAGAAC-1,0.032495481092168876,-0.15637086866921196,S
AAACGAACACGTCATA-1,-0.021345792886599657,-0.027715339352368695,G1
AAACGAACAGTGTATC-1,0.02982744611894289,-0.2172581682139783,S
AAACGAAGTACCACGC-1,-0.12753294991488823,-0.15997570510176332,G1
AAACGAAGTAGCTTTG-1,0.04774137761248609,-0.059004982694674746,S
AAACGAAGTCGAATTC-1,-0.06889944761074168,-0.21302164786293878,G1
AAACGAAGTGGTACAG-1,-0.04097257458750053,-0.1413278394280328,G1
AAACGAATCCCAGGAC-1,-0.045832094608496854,-0.03631121786062724,G1
AAACGAATCTTAGCTT-1,0.07021559284110668,-0.14014791945035543,S
AAACGCTAGTGGTGGT-1,-0.04163682179333761,-0.1916417424220592,G1
AAACGCTCACAAGCAG-1,-0.09891187971852322,-0.3233874573513743,G1
AAACGCTCAGGGTTGA-1,-0.12210663301382202,-0.106140500590786,G1
AAACGCTGTTACGGAG-1,-0.0777664125077066,-0.18261621473322132,G1
AAACGCTGTTTGATCG-1,-0.03658718125766336,-0.037386058785201154,G1
AAACGCTTCCCGTAAA-1,-0.00030887171835561333,-0.11423226674386691,G1
AAACGCTTCGCAGTCG-1,0.09828952243504607,-0.22121173194884053,S
AAACGCTTCGCCTCTA-1,0.1428519852822896,-0.2227823407822317,S
AAACGCTTCTTCGCTG-1,-0.12114773646753785,-0.08988319183110449,G1
AAAGAACAGGAAGTCC-1,-0.06821386835770632,-0.26151173434329833,G1
AAAGAACAGGGTCTTT-1,-0.05855774087189014,-0.15141996462533677,G1
AAAGAACCACAATCTG-1,-0.007654538640551101,-0.20101433040987826,G1
AAAGAACCACACCTTC-1,-0.04433106475414533,-0.1013432323756829,G1
AAAGAACCACCCATAA-1,0.0659395610154852,-0.11562708898003697,S
AAAGAACCACGTAGTT-1,-0.06404588674371442,-0.2404343071368066,G1
AAAGAACCATGAAAGT-1,0.08851290308309268,0.021535499553711368,S
AAAGAACCATGTACGT-1,-0.02106677046584443,-0.0686412460923459,G1
AAAGAACGTTGCCAAT-1,0.014906379523522917,-0.20861870074878472,S
AAAGAACTCAACTGAC-1,0.06016456312066665,-0.22835053951981255,S
AAAGAACTCCACTTCG-1,-0.12581008017182121,-0.2193909489561059,G1
AAAGAACTCGAGGCAA-1,-0.07600198758879101,-0.07922974371542646,G1
AAAGAACTCTTCGATT-1,-0.0425560153760699,-0.24683818998075957,G1
AAAGGATAGATTGATG-1,0.023751324256293838,-0.16041982525349158,S
AAAGGATAGCCGCTTG-1,-0.0834230246296474,-0.13474060403689592,G1
AAAGGATAGTTTGTCG-1,-0.04516344390008692,-0.27852180068080457,G1
AAAGGATCAAGCCCAC-1,-0.01190272904947498,-0.05746212058548128,G1
AAAGGATCAGCAGTAG-1,-0.03134801787193886,-0.08613349089996108,G1
AAAGGATGTCAAGCGA-1,0.13261775939823195,-0.005355444489289762,S
AAAGGATGTCCCAAAT-1,-0.08793419926023488,-0.14963660432346376,G1
AAAGGATGTGGCAGAT-1,-0.09221304736357927,-0.1437108800874512,G1
AAAGGATTCACAATGC-1,-0.08699673900366356,-0.10344753388890948,G1
AAAGGATTCAGAGTGG-1,-0.026898236634245176,-0.2482539641635137,G1
AAAGGATTCCGTGTGG-1,-0.16611602835712386,-0.08284787882196859,G1
AAAGGATTCGTCAACA-1,-0.009915075074538149,-0.10762839029103832,G1
AAAGGATTCTGGGCCA-1,-0.02847904318149269,-0.11656710231509948,G1
AAAGGATTCTTGCGCT-1,-0.0037903848654432526,-0.15614955460592658,G1
AAAGGGCAGCGCCGTT-1,0.005427343515234495,-0.12436080247352593,S
AAAGGGCAGCGTACAG-1,-0.01098493317003596,-0.05548734333503813,G1
AAAGGGCAGTCTCCTC-1,-0.003105584682937479,0.002308093190449112,G2M
AAAGGGCAGTCTCTGA-1,-0.02632517602065082,-0.15410618646132423,G1
AAAGGGCAGTTCTACG-1,0.2329737057072469,-0.22825740855290233,S
AAAGGGCCACACACTA-1,-0.020508289480637154,-0.09407718467955428,G1
AAAGGGCCACAGTATC-1,0.03427893739947402,-0.08868182888766407,S
AAAGGGCCAGCTTTGA-1,0.03616224482754227,-0.1580035095450545,S
AAAGGGCGTACGTGAG-1,0.013189150289889984,-0.11985176535456521,S
AAAGGGCGTCGGAAAC-1,-0.08389334299319834,-0.09684899529403213,G1
AAAGGGCGTGTCTTGA-1,-0.11359731715168692,0.02677121972304486,G2M
AAAGGGCGTTCGTGCG-1,-0.056862064618799724,-0.044273400600912005,G1
AAAGGGCTCGTTGTTT-1,-0.037390085573957954,-0.2105579606095946,G1
AAAGGGCTCTACCTTA-1,-0.03429002632628925,-0.22983824310601023,G1
AAAGGGCTCTACTGAG-1,-0.07732139422922918,-0.24466007348785473,G1
AAAGGTAAGTCATCGT-1,-0.09049801624373804,-0.19583984179780825,G1
AAAGGTACAATAGTAG-1,-0.014782655040103954,-0.2092738516837202,G1
AAAGGTACAGCACGAA-1,0.06151260998780317,-0.12016433343092836,S
AAAGGTACATGAGAAT-1,-0.13568276018106995,-0.1554842681868786,G1
AAAGGTAGTCACTCGG-1,-0.024632517142156418,-0.11475368419391074,G1
AAAGGTAGTCTGTGAT-1,0.045697509083263366,-0.18604890190732942,S
AAAGGTATCAAAGACA-1,-0.10354863583015267,-0.15904326459960447,G1
AAAGGTATCAGCGGAA-1,-0.08394969577228245,-0.209617688053159,G1
AAAGGTATCCATCTCG-1,-0.010908103429838834,-0.13839022139859747,G1
AAAGGTATCCGAACGC-1,-0.038434416507713814,0.0834760120085501,G2M
AAAGGTATCGGAATGG-1,0.0008984323797007754,-0.24717133179983988,S
AAAGGTATCGGACAAG-1,0.07872912572358687,-0.1892158425638909,S
AAAGGTATCTACGGTA-1,0.02059557011491414,-0.20701041725230201,S
AAAGGTATCTGCTGAA-1,-0.018874116893112913,-0.2192326910702621,G1
AAAGTCCAGCAAACAT-1,-0.011676027253022303,-0.21350556747572086,G1
AAAGTCCAGCATGATA-1,0.0690190943494457,-0.10178386306782666,S
AAAGTCCAGGACACTG-1,0.11616723576578447,-0.10677688981081296,S
AAAGTCCCAAATAAGC-1,-0.0643666721948481,-0.26757250755482775,G1
AAAGTCCCACAACGTT-1,-0.08919258248140591,-0.1882507664853578,G1
AAAGTCCCACTGTCGG-1,0.07922985561208423,-0.218019060695477,S
AAAGTCCGTCCCTGTT-1,0.03249044770484866,-0.19035411504002725,S
AAAGTCCGTTCAATCG-1,-0.06397701162240715,-0.1588831961590843,G1
AAAGTCCGTTCTGAGT-1,0.0062127955038348,0.18693688255662821,G2M
AAAGTCCGTTTCGATG-1,-0.056478005966015876,-0.08621906892541686,G1
AAAGTCCTCAACCTTT-1,-0.002851343139346818,-0.23344745510811687,G1
AAAGTCCTCGGTCGAC-1,0.0574559431480095,0.09831908003312184,G2M
AAAGTGAAGGGCCCTT-1,-0.03288806621034135,-0.15007609118236445,G1
AAAGTGACAACAGATA-1,0.11579845779169784,-0.10676998386579811,S
AAAGTGACACAGCGCT-1,-0.07547762583495204,0.01346675970079414,G2M
AAAGTGACACCGTGGT-1,-0.11392724095948281,-0.25196489048435267,G1
AAAGTGAGTAACATAG-1,-0.03148909980102399,-0.014216228198337622,G1
AAAGTGAGTAGACGTG-1,0.007101951172742038,0.06811807880232162,G2M
AAAGTGAGTAGAGACC-1,0.020009723141648728,-0.16686473284681042,S
AAAGTGAGTATGCTAC-1,0.0019267352346836186,-0.23771277556043932,S
AAAGTGAGTCATCAGT-1,-0.104004176879605,-0.18904517602573473,G1
AAAGTGAGTGATGTAA-1,-0.09903796854115804,-0.06224345267021869,G1
AAAGTGAGTTAGAGTA-1,0.0015082065990434934,-0.24549567842792297,S
AAAGTGAGTTATTCCT-1,-0.039596561190015644,-0.1632557154063823,G1
AAAGTGATCTAGATCG-1,-0.08781107822910184,-0.1986509712493158,G1
AAAGTGATCTGAACGT-1,-0.03256074233825074,-0.2278304005573043,G1
AAAGTGATCTGCAGCG-1,0.006130051423603289,-0.1005382794017032,S
AAATGGAAGGTTGCCC-1,0.020416248125642023,-0.14555380213015756,S
AAATGGAAGTATCCTG-1,-0.11828152476955894,-0.23865408985038797,G1
AAATGGACAAGCGCTC-1,0.005669911190530258,-0.11104312707168829,S
AAATGGACACAATTCG-1,-0.110821038532947,-0.14866341003675773,G1
AAATGGAGTATCATGC-1,-0.11639580594117688,-0.043955022157286194,G1
AAATGGAGTGTCCTAA-1,-0.18076180523184043,-0.0021788993088263098,G1
AAATGGAGTTAAGCAA-1,-0.06757007404085075,-0.14731949661113997,G1
AAATGGATCAGCTTGA-1,-0.05179202861806015,-0.19607726543823945,G1
AAATGGATCCACCTGT-1,-0.023009807124902137,-0.1538742607009768,G1
AAATGGATCCATTGTT-1,-0.05256231605296047,-0.23869818636387022,G1
AAATGGATCCGATAAC-1,-0.057520688225511374,-0.17773577955271705,G1
AAATGGATCCTGATAG-1,-0.018107156537189917,-0.19869931581068503,G1
AAATGGATCGCTCTCA-1,-0.03189026968149994,-0.15814030057875045,G1
AACAAAGAGCCTCTGG-1,-0.024975674123304648,-0.1316792121879084,G1
AACAAAGAGGCCTGAA-1,-0.07089920884934081,-0.06645319415339773,G1
AACAAAGAGTTCATCG-1,0.07800878957828056,-0.13916557424802062,S
AACAAAGCAATCTAGC-1,-0.04200128088106114,0.03502222937080113,G2M
AACAAAGCAGTCAGTT-1,-0.044590410543452697,-0.07673429978814955,G1
AACAAAGGTAAGCTCT-1,0.13983689480660538,-0.24909644046743695,S
AACAAAGGTTCTCGTC-1,-0.007869589234342556,-0.13764742344449826,G1
AACAAAGTCACTCGAA-1,0.010441815798404919,-0.11597509245830634,S
AACAAAGTCATCCCGT-1,0.03241479282693671,-0.261136705168418,S
AACAAAGTCATTGCCC-1,0.009010924488516592,-0.10805485157972194,S
AACAAAGTCGGTATGT-1,-0.03288912491529611,0.03581138425608005,G2M
AACAAAGTCTCGGTCT-1,0.042141398857886536,-0.1805203792538797,S
AACAACCAGAAGCCAC-1,-0.03200345742596444,-0.07035636209399992,G1
AACAACCAGATAGGGA-1,0.18642801654060415,-0.11808556937602108,S
AACAACCAGCTTCATG-1,0.14480523162911246,-0.1487531497029762,S
AACAACCCAACGTAAA-1,-0.05392890028820768,-0.220879915990572,G1
AACAACCCACATGTTG-1,-0.03665817673120919,-0.21792830934515045,G1
AACAACCCACTTCAGA-1,-0.07094744558560401,-0.20519897892124195,G1
AACAACCCATACCATG-1,0.016183116815405435,-0.008857332434387993,S
AACAACCGTGAGCGAT-1,-0.05940758214251168,-0.1385957931191769,G1
AACAACCGTGCGGTAA-1,-0.07107951134551527,0.06469226612975743,G2M
AACAACCGTTAGCTAC-1,-0.08660671469792014,-0.1874607068137849,G1
AACAACCGTTCCTAAG-1,0.07696054369790545,-0.1444369700563673,S
AACAACCTCACCGCTT-1,-0.011365454819982246,-0.05726961956124377,G1
AACAACCTCATATGGC-1,0.030857101232785344,-0.005231665409739239,S
AACAACCTCATCTATC-1,-0.11393428955119511,-0.06614507621871801,G1
AACAACCTCGCTCCTA-1,-0.09393266365056152,-0.0944487475821213,G1
AACAACCTCGTGACTA-1,-0.08174167415631456,-0.1592600243033282,G1
AACAAGAAGGTAAAGG-1,-0.04265273480790391,-0.07629879156867747,G1
AACAAGACACTGTCCT-1,-0.00997486811526771,-0.0784014260286377,G1
AACAAGATCAGCGCAC-1,0.17942677372487414,-0.08580421021094803,S
AACAAGATCGCCTAGG-1,-0.04442103314133272,-0.03178760958086596,G1
AACAAGATCGCTCATC-1,-0.09782718402351476,-0.0786938569005306,G1
AACAAGATCTAGAGCT-1,-0.016140353975152955,-0.11436296399459928,G1
AACACACAGCAGAAAG-1,0.14569913424475794,-0.07570535556154756,S
AACACACAGTGTTCCA-1,-0.06249412682023886,-0.006032620968093816,G1
AACACACCAAAGTGTA-1,-0.07749849608574166,-0.10787016291805857,G1
AACACACCAAGAGTGC-1,-0.07372324798353902,-0.2663464653151364,G1
AACACACCAATCTAGC-1,-0.05187335417236216,-0.13658725833138774,G1
AACACACCACTTACAG-1,-0.06526944669237811,-0.15028090126850302,G1
AACACACCATGAGTAA-1,-0.033078697623273534,-0.1799296529448738,G1
AACACACCATTCAGGT-1,-0.07784562669842354,-0.008140412390335083,G1
AACACACGTAGCGTCC-1,0.02203195058212415,-0.1561357252713454,S
AACACACGTCGTAATC-1,0.18637424977774564,-0.10588630148405392,S
AACACACGTTCGGTTA-1,0.1813946353313654,-0.2060997022493922,S
AACACACTCACACCCT-1,0.06825158726998731,-0.14768437134260998,S
AACACACTCCGTGTGG-1,-0.141757541893675,-0.16294922045583743,G1
AACACACTCGTAACTG-1,-0.02948175844382167,-0.003432483948413334,G1
AACACACTCTCATGCC-1,-0.10778848625591575,-0.19688522827980448,G1
AACACACTCTCTTGCG-1,0.0431962671449293,-0.10646736304550619,S
AACAGGGAGATTACCC-1,-0.0902800788694933,-0.33776718199439304,G1
AACAGGGAGCAAACAT-1,0.007443839137075747,-0.11406944533507829,S
AACAGGGAGGCTAAAT-1,-0.05646035907277225,-0.14759876523608717,G1
AACAGGGCAACTCCCT-1,-0.0707368438903192,-0.3078430927927719,G1
AACAGGGCAGTAGAGC-1,-0.07096753006912321,-0.17717886303148345,G1
AACAGGGGTGCCTACG-1,0.0887457038103105,-0.1167105458734164,S
AACAGGGGTTGATCGT-1,-0.0444311759315289,-0.26594233158744035,G1
AACAGGGTCGCCATAA-1,-0.031016730472466503,-0.1322505568346084,G1
AACCAACAGATTGATG-1,-0.06153876412429682,-0.12733746026045967,G1
AACCAACAGCTCAGAG-1,0.0038892222891859785,-0.13652271448992653,S
AACCAACAGTCAATCC-1,0.09523473004664179,-0.09763419835588655,S
AACCAACAGTGGTTCT-1,-0.05225350580018184,-0.1188241772753793,G1
AACCAACAGTGTGTTC-1,0.08970392761407653,0.013731525212007711,S
AACCAACCATAGGCGA-1,-0.07022413186797694,-0.10504687113529942,G1
AACCAACCATCTGTTT-1,0.05801851904690669,0.012033176653492517,S
AACCAACGTACCTGTA-1,0.02053726256234978,-0.16154820848334828,S
AACCAACGTAGGCTGA-1,-0.018234165209482178,-0.06007258745952887,G1
AACCAACGTATGACAA-1,-0.002264795083437965,-0.16274808992162776,G1
AACCAACGTCATATGC-1,0.023250605458113638,-0.10953644529501816,S
AACCAACGTCTAGTGT-1,-0.11211082245128734,-0.16274210975296352,G1
AACCAACGTTTGGAAA-1,-0.07107715728828445,-0.22464330919672,G1
AACCAACTCCGCAGTG-1,0.046339639028048135,-0.1276850517943033,S
AACCAACTCCGGCAAC-1,-0.06191992031498361,-0.18121854587251515,G1
AACCAACTCGGTTCAA-1,-0.06508936100705393,-0.1711890908420162,G1
AACCACAAGCCTTTGA-1,-0.07845640836637913,-0.16046706268924835,G1
AACCACAAGCTCGTGC-1,-0.09889582005012959,-0.17726797690771143,G1
AACCACAAGGGTTGCA-1,-0.145253295541478,0.06403504035852098,G2M
AACCACAAGTTGTAAG-1,-0.012168933682604965,-0.04455079987904975,G1
AACCACACACAGACGA-1,-0.041854984595253275,-0.23128420139797662,G1
AACCACAGTGGACTGA-1,0.12975495624294486,-0.15643679698883967,S
AACCACATCGGTAACT-1,-0.12761590286814833,-0.14796434813644552,G1
AACCACATCGTCTCAC-1,-0.03445467175198247,0.07090899060134659,G2M
AACCACATCGTTGCCT-1,0.018108313680834376,-0.15150515757230767,S
AACCATGAGCGAGGAG-1,0.09176643605642693,-0.12046410544611524,S
AACCATGAGCTTTGTG-1,0.0023153963205833628,-0.16009914436211825,S
AACCATGAGGAAAGGT-1,-0.062469446790593686,-0.13462465488098996,G1
AACCATGAGGGTCTTT-1,0.08931246893909334,-0.1748656649960152,S
AACCATGCACGGCCAT-1,-0.12804212973588586,-0.17988022522334335,G1
AACCATGCAGAGCCCT-1,0.06272828981346823,-0.1975697301135848,S
AACCATGCAGTCGCTG-1,-0.007362424084237762,-0.08598015698843453,G1
AACCATGGTCATGACT-1,0.10726383853032745,-0.13637046242356166,S
AACCATGGTTACGATC-1,-0.04138694472604354,0.025685888946939628,G2M
AACCATGGTTAGTTCG-1,0.08527879934306748,-0.15343258686460842,S
AACCATGTCCGTGCGA-1,0.11813352102757652,-0.10760445470195545,S
AACCATGTCGTCTCAC-1,-0.011932707631719996,-0.0895136545771959,G1
AACCCAAAGATAACAC-1,-0.04380036441522439,-0.13452789374954022,G1
AACCCAACAAGGTACG-1,0.09241209669905848,-0.13930847625122528,S
AACCCAACAATTCGTG-1,0.049416075964861306,-0.0428270646876735,S
AACCCAACACTGTGTA-1,0.05100247579877848,-0.0778425377237918,S
AACCCAACATCCCACT-1,-0.01520290372573363,-0.027616478482853757,G1
AACCCAAGTAATGCTC-1,-0.058588220329070795,-0.12839373300810142,G1
AACCCAAGTGCTGTCG-1,0.033030501400617945,-0.19757574552090876,S
AACCCAAGTGTACGCC-1,0.026689353242952463,-0.10566510827588832,S
AACCCAATCAGTCATG-1,-0.14738012203562018,-0.07828491283778488,G1
AACCCAATCCCAGCGA-1,-0.008549245029356833,-0.14334329339406038,G1
AACCCAATCTGCATAG-1,0.2163816932313083,-0.2754534632703591,S
AACCTGAAGCCAAGTG-1,-0.05193570118703078,-0.043625987056929105,G1
AACCTGAAGGAATTAC-1,-0.08118906609220222,-0.20964689003246267,G1
AACCTGACAAATTGGA-1,0.011159197457356718,0.0018492700616964952,S
AACCTGACAAGTACCT-1,-0.02090803401286012,-0.18135195144811253,G1
AACCTGACACCGTCGA-1,-0.11089273809613187,-0.09756293842871705,G1
AACCTGACACGCCACA-1,-0.04190390110652431,-0.1349779957677803,G1
AACCTGAGTAGGACTG-1,-0.019298180033508583,-0.23076391503899643,G1
AACCTGATCAATGTCG-1,0.05166443940161519,-0.14886981108928815,S
AACCTGATCCCTCATG-1,0.03223165605956568,0.13476700378538342,G2M
AACCTGATCGCCGAGT-1,-0.05310499021607179,-0.021705543614344347,G1
AACCTGATCGCTCATC-1,-0.021956295251546187,-0.07586577092891922,G1
AACCTTTAGCCGAACA-1,-0.1532436306845869,-0.31946132164473534,G1
AACCTTTAGCTTCGTA-1,-0.04811268152755266,-0.2397599521643821,G1
AACCTTTAGTGCAACG-1,-0.029466441745843674,-0.2035905234677571,G1
AACCTTTCACTGGATT-1,0.05028640703291043,0.07066590274170736,G2M
AACCTTTCAGCAGGAT-1,-0.004187136208368303,-0.2256892044087757,G1
AACCTTTGTAGACAGC-1,0.08665705558744552,-0.1249541398057506,S
AACCTTTGTTAAGGAT-1,-0.09364632013315838,-0.20204168520148036,G1
AACCTTTTCAATCAGC-1,-0.05354996300161563,-0.23538202175206763,G1
AACCTTTTCCTGCCAT-1,0.0560623482190189,-0.056045085709299725,S
AACGAAAAGATACATG-1,-0.022781925018005467,-0.0470199768062145,G1
AACGAAAAGCAGGCAT-1,-0.06897413751789536,-0.1155373548068547,G1
AACGAAAAGGTTACCT-1,0.017931830069086163,-0.2424775503231577,S
AACGAAAAGTCCCTAA-1,0.028735998425455878,-0.04658074037982898,S
AACGAAACACCCTATC-1,-0.06965863944200318,-0.01292764669255908,G1
AACGAAACAGCAGGAT-1,-0.036533576775567955,-0.04463562932018711,G1
AACGAAACATAGGTAA-1,0.06364804913170818,-0.08915059407907189,S
AACGAAAGTGACCTGC-1,-0.024249530822807452,-0.3107255344634893,G1
AACGAAAGTTGAGTCT-1,0.014686311030055355,-0.07581399297022606,S
AACGAAATCACTCGAA-1,-0.10651876030779989,-0.19378796831914358,G1
AACGAAATCATACGAC-1,-0.07538335849487243,0.008061455121440742,G2M
AACGAAATCCCAGGAC-1,-0.013999910123552506,-0.09036699212848148,G1
AACGAAATCTATCACT-1,0.029764463852201384,-0.1277815555936515,S
AACGAAATCTCATTAC-1,-0.00834301709002172,-0.20193346746076937,G1
AACGGGACACGCGTGT-1,0.04114449047591551,-0.08235783307556871,S
AACGGGAGTCTACTGA-1,0.10493009300519213,-0.16113164547948572,S
AACGGGAGTCTTGCTC-1,-0.05143782267403835,-0.10681914487545152,G1
AACGGGATCCGTGCGA-1,-0.005808987647542452,-0.09957005687872955,G1
AACGGGATCGTCCTTG-1,-0.05068330324512399,-0.04709169661703494,G1
AACGTCAAGAAGTATC-1,-0.03587062881816788,-0.13496764881841866,G1
AACGTCAAGACCAAGC-1,0.04235231192271688,-0.24065664874742285,S
AACGTCAAGCATGAAT-1,-0.14804625121654374,-0.05228507007125277,G1
AACGTCACAACCGATT-1,-0.10244413022589088,-0.17417698819669797,G1
AACGTCACACATGTTG-1,-0.04631944404552357,-0.10320509161083674,G1
AACGTCAGTATCAGGG-1,-0.044138362895401656,0.06385667439794449,G2M
AACGTCAGTCGAGTTT-1,-0.005568481009071785,-0.17129553239697978,G1
AACGTCAGTTGTACGT-1,0.01360305521711197,-0.2022705521562833,S
AACGTCATCACATACG-1,-0.05091054376262377,0.0830762871248924,G2M
AACGTCATCGTCGATA-1,-0.005510299895822912,-0.21461181894636314,G1
AACGTCATCTGCCTCA-1,0.0032632392480007877,0.027457625002073105,G2M
AACGTCATCTTACACT-1,-0.04053119260738247,-0.16556334798909841,G1
AACTTCTAGATCCCGC-1,-0.0571989524990979,-0.29650159506599455,G1
AACTTCTAGCCTGCCA-1,-0.10202791974136732,-0.10154581655037875,G1
AACTTCTAGTCAGGGT-1,0.09524090951962261,-0.11610675279642174,S
AACTTCTCAAGTTCCA-1,-0.07261630438483563,-0.09428368528920489,G1
AACTTCTCACACCGCA-1,-0.06444223639405905,-0.1693748512081303,G1
AACTTCTCATAAGATG-1,-0.048317242847653596,-0.17540606297523326,G1
AACTTCTCATAGATGA-1,0.035482865692290866,-0.0782499972019472,S
AACTTCTCATCCAATG-1,-0.041863448705899586,-0.1525062907229603,G1
AACTTCTGTACTCGCG-1,-0.09115817830053757,-0.21703244980095696,G1
AACTTCTGTCACTCAA-1,-0.009773408139306827,-0.010967212159191775,G1
AACTTCTGTGGATTTC-1,0.017596535573129013,-0.2255943379212318,S
AACTTCTGTTCTTCAT-1,-0.04729940655222778,0.024712383904193336,G2M
AAGAACAAGCAATAGT-1,-0.03558647208173976,-0.1491262417836003,G1
AAGAACAAGCCGAACA-1,-0.034853835481386486,-0.20378836273279383,G1
AAGAACACAACCAATC-1,-0.11820250559705736,-0.09670303703205438,G1
AAGAACACACGTGAGA-1,-0.05182861421632862,-0.08068237459824162,G1
AAGAACACATCCCACT-1,-0.05141685996996764,-0.12285008080175053,G1
AAGAACAGTACGTACT-1,-0.029248456744668416,-0.05627438469972457,G1
AAGAACAGTACTGGGA-1,-0.005022221618026623,-0.09521164912497354,G1
AAGAACAGTATCTTCT-1,-0.04139111255129374,-0.15290319343441588,G1
AAGAACAGTCGTGTTA-1,-0.010461825963865912,-0.18495734286042378,G1
AAGAACAGTGAACCGA-1,0.08589253523062795,-0.1938779196004212,S
AAGAACAGTGAGACGT-1,-0.07713600585264452,-0.008381660382459244,G1
AAGAACAGTGGTCTGC-1,-0.1328776339822676,-0.11512368489362107,G1
AAGAACAGTTCTTGTT-1,-0.04348026100242858,-0.042973033136736616,G1
AAGAACATCAAGCCAT-1,-0.05766608713329563,-0.2618292989936075,G1
AAGAACATCACGATAC-1,-0.06449207248015454,-0.17868303831907872,G1
AAGAACATCATTTGCT-1,-0.08418175681091311,-0.2685452934759044,G1
AAGAACATCCATATGG-1,-0.08092506827051799,-0.3018708065688728,G1
AAGAACATCCCGTGTT-1,0.008956168149269056,-0.12939757091314547,S
AAGACAAAGAGCCTGA-1,-0.005893548308789354,-0.18870308511017017,G1
AAGACAAAGTAGTGCG-1,-0.0011865554565065883,-0.29096888142565236,G1
AAGACAACAATTGGTC-1,-0.028369151524550773,-0.057794229821947596,G1
AAGACAACACTTGGGC-1,-0.04678869026963928,-0.06123699383784509,G1
AAGACAACATCAGTGT-1,0.04286102632222716,-0.10749236204032717,S
AAGACAACATCGCTCT-1,-0.009066390624228149,-0.21092391212597478,G1
AAGACAACATCTCCCA-1,-0.00030147121115695064,-0.03933586227936067,G1
AAGACAAGTAGTCTTG-1,-0.028766439745525507,-0.036063237902926426,G1
AAGACAAGTCTAGTGT-1,-0.03922127732225794,0.08548644928446725,G2M
AAGACAAGTGGTTTAC-1,-0.08500166848421808,-0.07893180594155391,G1
AAGACAATCAAATGAG-1,-0.05256666293994933,-0.12776374986679287,G1
AAGACAATCCCATGGG-1,-0.003113730520881597,0.028621458390128918,G2M
AAGACTCAGAACCGCA-1,-0.002629189181256375,-0.10804701744474954,G1
AAGACTCAGCTGACAG-1,-0.10353409876853678,-0.08673503333020444,G1
AAGACTCAGCTGAGTG-1,-0.035619330007782224,-0.09946000899151303,G1
AAGACTCAGGATCACG-1,-0.13203935541810313,-0.21005317976023127,G1
AAGACTCCACGATAGG-1,0.17202830213291592,-0.12314070508061142,S
AAGACTCCAGACATCT-1,-0.024213208967154065,-0.0775973604796284,G1
AAGACTCCAGGGTTGA-1,0.016717455926182068,0.025507814633295545,G2M
AAGACTCGTAATCAGA-1,0.01152425493720688,-0.014928503846971586,S
AAGACTCGTATCGTTG-1,-0.09249509065092537,-0.14352660558407365,G1
AAGACTCGTCTTGAGT-1,-0.07933001815089286,-0.12479298938690431,G1
AAGACTCTCCGAAATC-1,-0.12155855086610395,-0.09768558098242713,G1
AAGACTCTCGCTAGCG-1,-0.028746585442670364,-0.21263963910306702,G1
AAGACTCTCTTGGATG-1,-0.05705680134057339,-0.0979191318159277,G1
AAGATAGAGAAGGTAG-1,-0.013097022378687817,-0.07121178010778723,G1
AAGATAGAGGTTAGTA-1,0.00501120888460016,-0.11754072829619328,S
AAGATAGAGTCAAGCG-1,0.13953300275381508,-0.1602334489313533,S
AAGATAGCACATGGTT-1,-0.11366066594856006,-0.21460429093996414,G1
AAGATAGCATTCTTCA-1,-0.008801724764518903,-0.1785242060114559,G1
AAGATAGGTGCCTGCA-1,0.019206699984360864,-0.14275612770442642,S
AAGATAGGTGTCGCTG-1,0.0026478479446898073,-0.06422315867225614,S
AAGATAGGTTCCGCGA-1,-0.028638798828156065,-0.18283408958988093,G1
AAGATAGTCCACAGCG-1,0.06468771712060312,-0.043787138191534625,S
AAGCATCAGAACTCCT-1,-0.0674596599911712,-0.12146411490465758,G1
AAGCATCAGCCTCGTG-1,-0.021034358771483963,-0.12111728404813482,G1
AAGCATCCAAGCCCAC-1,0.07248252496075891,-0.07888790522984479,S
AAGCATCCACGCTATA-1,-0.1373611249179273,-0.22112315735560528,G1
AAGCATCCATGACTAC-1,0.12925835544442094,-0.11240896563513075,S
AAGCATCGTAAGATAC-1,0.057463166210133754,-0.24812530590285947,S
AAGCATCTCCATCTAT-1,0.01025112882072049,-0.1328000440243483,S
AAGCCATAGACATACA-1,-0.010644283926227627,0.3482116367106451,G2M
AAGCCATAGGTTACAA-1,-0.02580742983498946,-0.17920114980191643,G1
AAGCCATAGTCGCCAC-1,-0.06655733699564897,-0.19083033366570593,G1
AAGCCATCAAGGCCTC-1,-0.0516821252241354,-0.1656334839078919,G1
AAGCCATCACATATGC-1,-0.09195414444329209,-0.15111840875495874,G1
AAGCCATCATGATAGA-1,0.07448582397819448,0.08479618989147703,G2M
AAGCCATGTGTACAGG-1,-0.009382717412202757,-0.15365597340052461,G1
AAGCCATGTTACACTG-1,-0.04955809795190763,-0.39330765895281883,G1
AAGCCATGTTCCGCTT-1,-0.010145199963661311,-0.08397259776387889,G1
AAGCCATTCAACTGGT-1,-0.028432810381471385,-0.12250621030890485,G1
AAGCCATTCCCTCATG-1,-0.04714855195207296,-0.1671751521972126,G1
AAGCCATTCGGCATCG-1,-0.07377967010135525,-0.21768571004946954,G1
AAGCGAGAGCACTCCG-1,0.013478942216926693,0.002522977804643667,S
AAGCGAGAGGAGAATG-1,0.026099444707781694,-0.23425628296972278,S
AAGCGAGAGTGCTACT-1,-0.032894251163814114,-0.0714151969102558,G1
AAGCGAGCAAAGAACT-1,-0.11782254814678766,0.012224279616783074,G2M
AAGCGAGCAACTTGCA-1,0.019018334876120813,-0.1389039125935713,S
AAGCGAGCAATAAGGT-1,-0.054380567615980535,-0.12806189852331973,G1
AAGCGAGCAATTTCGG-1,-0.028336654454148236,-0.015419162216720517,G1
AAGCGAGCAGCAGATG-1,-0.08945399034220364,-0.10523344690458936,G1
AAGCGAGCAGCTGAAG-1,0.019591745901703705,-0.09329976318598004,S
AAGCGAGCATCGCTAA-1,-0.05813557897721955,0.06474587829647371,G2M
AAGCGAGCATGTCAGT-1,0.028502107791662235,-0.1535998369006885,S
AAGCGAGGTATTGCCA-1,0.011337699927158329,-0.011626904303693009,S
AAGCGAGGTCTTGAGT-1,0.01844045492156049,-0.16593905238297246,S
AAGCGAGGTGTCTTGA-1,-0.10991012012130341,-0.13730697547942294,G1
AAGCGAGGTTGCCGCA-1,-0.02732163768594048,-0.1493388123480891,G1
AAGCGAGTCAAGTCTG-1,-0.20836154193221726,-0.13074944453059417,G1
AAGCGAGTCCTCACTG-1,0.034716967420151096,-0.06228855420958321,S
AAGCGAGTCGATAACC-1,-0.11675956481925576,-0.011949643552258582,G1
AAGCGAGTCTGAACGT-1,-0.015885700764163124,-0.09861595934885053,G1
AAGCGTTAGATTAGCA-1,0.0941476545409401,-0.14930461583392104,S
AAGCGTTAGGATATAC-1,0.022256963223042214,-0.1846110512702482,S
AAGCGTTGTCCGATCG-1,-0.03492068422715133,-0.31623571437920717,G1
AAGCGTTGTGCCTTCT-1,-0.03191764100455036,-0.21019579166454103,G1
AAGCGTTGTTCCAGGC-1,0.01196153498731195,-0.10370016791310216,S
AAGCGTTGTTCTGAGT-1,0.12364237181018112,-0.2388149523509083,S
AAGCGTTTCACCTTAT-1,0.15117066630416415,-0.11562410232469106,S
AAGCGTTTCGTCTAAG-1,-0.055563565893678946,-0.1569148958308813,G1
AAGGAATCAAGAGGCT-1,0.22014105240103488,-0.15480174628471433,S
AAGGAATCAAGGCCTC-1,0.06074737865435659,-0.11837837890121106,S
AAGGAATCAGCTTCCT-1,0.018523496839857434,-0.17294230624330365,S
AAGGAATCATCATCTT-1,-0.013825835406288456,-0.21089872400811377,G1
AAGGAATCATTCATCT-1,-0.09928495376783952,-0.05290220789716027,G1
AAGGAATGTCCGAAAG-1,0.07560496346609746,-0.07982889276320454,S
AAGGAATGTCTCTCAC-1,-0.11191385164494111,-0.15372333789944156,G1
AAGGAATGTGCCTTTC-1,0.0001178500426596285,-0.2539825145492459,S
AAGGAATGTGTGCTTA-1,-0.07053088208626229,-0.08240668036627152,G1
AAGGAATGTTGATGTC-1,-0.04669582713184353,-0.08908253745759061,G1
AAGGAATTCACCCTGT-1,0.05378963827046629,-0.056683837317751284,S
AAGGAATTCGGCTTCT-1,-0.055461965800801816,-0.05491519424150576,G1
AAGGAATTCGGTGCAC-1,0.008402946415552393,-0.06334453983788607,S
AAGGTAAAGAAACACT-1,-0.10639316395344628,-0.24910841741703876,G1
AAGGTAAAGACCATGG-1,0.14636984196449898,-0.08854247908117574,S
AAGGTAACACATTCTT-1,0.18796945930047138,0.023917801200010858,S
AAGGTAACACCATAAC-1,0.03580037872386749,-0.1517474726449779,S
AAGGTAACACGGTGTC-1,0.08044879880398631,0.00139048984520862,S
AAGGTAACAGCCTATA-1,0.01858051283930684,-0.13838878142411953,S
AAGGTAAGTTATAGCC-1,-0.07380561748265063,-0.15207240195044064,G1
AAGGTAATCATTGCTT-1,-0.025845868583219855,0.1445020822439766,G2M
AAGGTAATCCGATAAC-1,-0.03359709273798783,-0.17441179448859603,G1
AAGGTAATCTTGGTGA-1,0.11182486842064915,-0.03357617816329472,S
AAGTACCAGTAAACGT-1,0.0018973068194689247,-0.10671739510166711,S
AAGTACCAGTCTAACC-1,0.026293424992326064,-0.1623101997718387,S
AAGTACCCAAATGGAT-1,-0.06391648492324839,-0.11987058632768269,G1
AAGTACCCAACAGCCC-1,-0.11723408857933537,-0.15566550905280493,G1
AAGTACCGTACCCGCA-1,0.007285350583396355,-0.056382156439185205,S
AAGTACCGTTGCATCA-1,-0.008717604838295367,-0.1366765938765958,G1
AAGTCGTAGAATCTAG-1,-0.08490633443669543,-0.0115538684279754,G1
AAGTCGTAGACATGCG-1,-0.02110461416844328,0.0016110423739265078,G2M
AAGTCGTAGATAACAC-1,-0.04640400900709751,-0.19018339854853256,G1
AAGTCGTAGGCGAACT-1,-0.022717049265527645,0.01750957482089116,G2M
AAGTCGTAGGTCCAGA-1,0.04783916430142904,-0.16790646749174237,S
AAGTCGTAGTTGTCAC-1,0.1989159815612364,0.009193006967629758,S
AAGTCGTCACCTGCTT-1,-0.09562268476340585,0.01832810784548089,G2M
AAGTCGTCACTCTAGA-1,0.00882371967641643,-0.10085018803074475,S
AAGTCGTGTACGACAG-1,-0.04529654555381951,-0.081839770613918,G1
AAGTCGTGTCCAAAGG-1,-0.027866891220787116,-0.18893499369229522,G1
AAGTCGTTCCCTATTA-1,0.0593727826834696,-0.18223485678162324,S
AAGTCGTTCCCTCTCC-1,0.010453399198165125,-0.11906627179432233,S
AAGTCGTTCCTATGGA-1,0.040713562267539694,-0.2613382853159654,S
AAGTCGTTCTACGGTA-1,-0.002797669205352793,-0.12195294073093971,G1
AAGTCGTTCTGCGATA-1,-0.009951803973930778,-0.18422126447511722,G1
AAGTGAAAGATGTTCC-1,-0.014755487998755368,-0.20153672185014979,G1
AAGTGAAAGGGCTAAC-1,-0.11160092154950879,-0.16614999102465847,G1
AAGTGAACACCTTCCA-1,-0.15686346208929342,-0.12191935061467973,G1
AAGTGAACAGATCCAT-1,0.0005764332663384941,-0.1530544860670991,S
AAGTGAACAGCAATTC-1,-0.09804914270472351,0.15792335727445228,G2M
AAGTGAACAGCGGTCT-1,-0.09230008979853721,-0.1656865756676854,G1
AAGTGAAGTATGAAAC-1,-0.007027145140591218,-0.10136598120261214,G1
AAGTGAAGTCCCGCAA-1,-0.12334598437777083,-0.17024389685803465,G1
AAGTGAAGTCTAATCG-1,0.0665092545376606,-0.028864809149810933,S
AAGTGAAGTTCTATCT-1,-0.07915682648800659,-0.08333063510955163,G1
AAGTGAAGTTGTACGT-1,0.06585646993442668,0.023651909716244646,S
AAGTGAATCCTAGCGG-1,-0.12075013757218317,-0.12564229749649902,G1
AAGTGAATCCTCAGGG-1,-0.0031000334780396654,-0.11705294847717279,G1
AAGTGAATCTAGACAC-1,-0.14030344857331759,-0.147475565838314,G1
AAGTGAATCTCATAGG-1,-0.04640199444937115,0.030858253235445998,G2M
AAGTTCGAGAAGCGGG-1,-0.053460510993174504,-0.08982822581406003,G1
AAGTTCGAGACTCAAA-1,-0.10830146302320492,-0.15381668745590227,G1
AAGTTCGAGTGAGCCA-1,0.05111975284710779,-0.03554554650419545,S
AAGTTCGCAATCCAGT-1,0.05927606805312857,0.03707978973993237,S
AAGTTCGCACGCGCAT-1,-0.031831347844998775,-0.1501947818876817,G1
AAGTTCGCAGACTCTA-1,0.05295861969303889,-0.11100748166101987,S
AAGTTCGCATCCTCAC-1,-0.06940272413352216,-0.10269450147617232,G1
AAGTTCGCATGTCTAG-1,-0.02502472538354561,-0.051215999314903726,G1
AAGTTCGGTATGGTTC-1,-0.07239671946799553,-0.1814273443190919,G1
AAGTTCGTCATGAGGG-1,0.0611528288799186,-0.140937039429886,S
AAGTTCGTCGTGTGGC-1,-0.1303114874339979,-0.1678200374297859,G1
AAGTTCGTCTCACCCA-1,-0.0325413484128903,-0.07129343888518791,G1
AATAGAGAGACTGAGC-1,0.0169298755604802,-0.18219449090530682,S
AATAGAGAGATAACAC-1,0.05479213293895058,-0.09565883188575763,S
AATAGAGAGCACACAG-1,-0.08392276919358294,-0.17111995247524667,G1
AATAGAGAGGGAGATA-1,0.24611097019086636,-0.04291779466509549,S
AATAGAGAGGTAGTCG-1,-0.053972700897612136,-0.19841476396685143,G1
AATAGAGCAACCGTGC-1,0.18176168405664267,-0.06775513184359183,S
AATAGAGCAAGTCCAT-1,-0.0031255170545119726,-0.06649736948362694,G1
AATAGAGCATACCATG-1,-0.05260348720636948,-0.10090529979635038,G1
AATAGAGGTACGCTAT-1,0.005904796250705835,-0.0404190701800663,S
AATAGAGGTGGTAACG-1,0.04739588746140988,0.13411147006905094,G2M
AATCACGAGAGGTGCT-1,-0.004917990985988885,-0.10988859057253753,G1
AATCACGAGCTCTGTA-1,-0.09005156013635918,-0.16435664461596713,G1
AATCACGCAAGCCTGC-1,0.08932048429606126,0.0030020333172033342,S
AATCACGCAATGAGCG-1,-0.05139529247177965,-0.046686805249833485,G1
AATCACGCAATTCTCT-1,-0.05910010080396011,-0.17464468920388793,G1
AATCACGCACGAGAAC-1,0.03267153221388158,-0.15148198816190478,S
AATCACGCAGATCCAT-1,-0.03843448463394772,-0.2656530644380838,G1
AATCACGCATCAGCTA-1,-0.07274659485333795,-0.14772375632911233,G1
AATCACGCATCCTATT-1,0.1435815113235162,-0.10093847017806051,S
AATCACGGTAGGGTAC-1,-0.06001630147222736,-0.2230608580929879,G1
AATCACGGTCCAGCAC-1,-0.04932408951178596,-0.07808910630409421,G1
AATCACGGTTATTCTC-1,0.04310542128085598,-0.006213370140695812,S
AATCACGTCAGCGTCG-1,-0.06128482384609979,-0.15178119069904525,G1
AATCACGTCCAAGAGG-1,-0.09963124887224084,-0.012770344378625953,G1
AATCGACAGAATCGTA-1,0.017481150167538817,-0.1845047434082958,S
AATCGACAGACTAAGT-1,-0.054645709712661306,-0.1344618259400835,G1
AATCGACAGCCATTGT-1,-0.025124013581797056,-0.21586823684409806,G1
AATCGACAGCCGTAAG-1,-0.014053232400726479,-0.2122083388822543,G1
AATCGACAGGGCCCTT-1,-0.08182006268423664,-0.17662679942465298,G1
AATCGACCAAAGAACT-1,-0.07760671187612961,-0.018198490201081774,G1
AATCGACCACGCTGAC-1,0.0207868065644633,-0.20710062568258,S
AATCGACGTAACGATA-1,0.0346126326910986,-0.10302318084417439,S
AATCGACGTCGTGATT-1,0.02568327793786096,-0.1742172233054611,S
AATCGACGTCTCAGAT-1,-0.0813107566502565,-0.1986040705741321,G1
AATCGACGTGCAATAA-1,-0.0526078176357157,-0.1740447590463587,G1
AATCGACTCCCATAGA-1,-0.013881505629702084,-0.14431226641559236,G1
AATCGACTCCCATGGG-1,0.06665912921291234,-0.003779020794333565,S
AATCGACTCCTCACGT-1,-0.10607315275518253,-0.19209264101377965,G1
AATCGTGAGAGGATGA-1,-0.016615446930401734,0.08056922993694843,G2M
AATCGTGAGCGACCCT-1,-0.048940732006312104,-0.1630502028191701,G1
AATCGTGAGTTTGAGA-1,-0.10611201186846608,-0.12234501604564219,G1
AATCGTGCACAGCCAC-1,-0.030658924443365876,-0.23376231864941316,G1
AATCGTGCACATTACG-1,-0.02404403338940614,-0.0486255258442963,G1
AATCGTGCACCGAATT-1,-0.08238592704000086,-0.025665834870417625,G1
AATCGTGCACTCCTGT-1,-0.03690752534327457,-0.2295436100426038,G1
AATCGTGGTGATCATC-1,-0.06577613465167936,0.06272809073884777,G2M
AATCGTGGTTTAAGGA-1,-0.04859661773356111,-0.09997777050136097,G1
AATCGTGGTTTCCATT-1,0.05837900550542846,-0.12996551450485316,S
AATCGTGTCCCAACTC-1,-0.047553498554369966,-0.14795237995905608,G1
AATCGTGTCTATTGTC-1,-0.04005991326623409,-0.06558294267800735,G1
AATGAAGAGAGCCGAT-1,-0.071539863426279,-0.14317129204810167,G1
AATGAAGAGAGTATAC-1,-0.004019386043539908,0.07027597390581464,G2M
AATGAAGAGAGTCACG-1,0.10337704039693668,-0.04173104346434148,S
AATGAAGCAATAGTGA-1,0.0778354072460059,-0.15394051161164096,S
AATGAAGGTAAGCGGT-1,-0.040709622197957096,0.02143430740633162,G2M
AATGAAGGTATCTCTT-1,-0.012905319133486637,-0.12115898191915339,G1
AATGAAGGTATGAAAC-1,-0.11954502953475488,-0.32758272588258225,G1
AATGAAGGTCCGTTTC-1,0.028581238805000603,-0.16425797012267446,S
AATGAAGGTCTGTAAC-1,-0.039960190880449775,-0.12121795126099832,G1
AATGAAGGTCTTCATT-1,-0.015496358044091607,-0.18180399250813992,G1
AATGAAGGTGACACAG-1,-0.06909060461740679,-0.13039285323116856,G1
AATGAAGGTGCTTCAA-1,-0.05530446174718551,-0.2085538757970333,G1
AATGAAGGTTACACTG-1,-0.07121522915009615,-0.10018252425890983,G1
AATGAAGTCGACACCG-1,-0.05500596426068821,-0.03840115128893795,G1
AATGAAGTCGAGAGAC-1,-0.045295011889057935,-0.05228976471963043,G1
AATGAAGTCTGTTGGA-1,-0.052118029622248235,-0.2044638169949314,G1
AATGACCAGACTCATC-1,-0.08353360741058058,-0.11449186541365708,G1
AATGACCCAACGAGGT-1,-0.024163189050160128,-0.3388978078769688,G1
AATGACCCACAAATAG-1,-0.05390619233035088,-0.08363297195651626,G1
AATGACCGTCCTGGGT-1,0.050857940028067705,-0.06467265162929786,S
AATGACCGTGCAGATG-1,-0.04378270077333851,-0.00625763008032848,G1
AATGACCGTTGCCGCA-1,0.06592482423116083,-0.16922883281821288,S
AATGACCTCCACGGAC-1,-0.02844483606825271,-0.11410080864103517,G1
AATGACCTCGCTCATC-1,-0.0888953843726788,-0.2059406665163278,G1
AATGACCTCGGACGTC-1,-0.07119171218108683,-0.09054689532356824,G1
AATGACCTCTTTGCTA-1,-0.09322445463772189,0.0702761528789222,G2M
AATGCCAAGACGACGT-1,0.02291002427587263,-0.16370089284274206,S
AATGCCAAGCAGGGAG-1,0.05722287030385559,-0.2024912893259234,S
AATGCCAAGGATGTTA-1,-0.039283054268758555,-0.1986355979720619,G1
AATGCCAAGGCACGAT-1,-0.05823375258243113,-0.2780908953343913,G1
AATGCCAAGTAGGCCA-1,-0.14752984666825758,0.04259180257364226,G2M
AATGCCAAGTGGCCTC-1,0.012301140270144006,-0.1321104105045764,S
AATGCCACAAGGCCTC-1,0.0010660890689989655,0.01282168229518077,G2M
AATGCCACACGCAGTC-1,0.13595342522335646,-0.016801439872900004,S
AATGCCACAGGAGACT-1,-0.0022618580893912776,-0.15722866083983777,G1
AATGCCACATGGTACT-1,-0.05313893137186659,-0.31168856968764097,G1
AATGCCAGTAGACAGC-1,-0.05707600236554877,-0.1151601172732793,G1
AATGCCAGTCAGATTC-1,-0.0763524559504346,0.03246634118816194,G2M
AATGCCAGTCCGTTTC-1,-0.012649050163521802,-0.14346943224868186,G1
AATGCCAGTGTTTACG-1,0.10466787170358166,-0.06904908146063471,S
AATGCCAGTTACACTG-1,0.1940776368356672,-0.29477790629909717,S
AATGCCATCACAACCA-1,-0.07426741418230592,-0.19832127164138558,G1
AATGCCATCATTTGCT-1,0.020856870014869466,-0.11988341839321459,S
AATGCCATCGGACTTA-1,-0.07063876870763067,-0.016385804626210226,G1
AATGCCATCTCCGAAA-1,-0.07469021622754224,-0.07990738092680522,G1
AATGCCATCTGCGTCT-1,0.11599582780096146,-0.07918316671324088,S
AATGGAAAGAGCAGTC-1,-0.060120809604693404,0.04556995995946528,G2M
AATGGAAAGCCGTTGC-1,0.022690774040877437,-0.10476671257190162,S
AATGGAAAGCGCTTCG-1,-0.031109372644584743,-0.19337181952350346,G1
AATGGAAAGCTGAGTG-1,0.023748957475914934,-0.04611639037441953,S
AATGGAAAGGAACGTC-1,-0.1060486377222965,-0.18696357418508597,G1
AATGGAAGTAGGACCA-1,-0.004670581595093093,-0.21330003989917795,G1
AATGGAAGTTGTCAGT-1,-0.024182264007652776,-0.13124803352965184,G1
AATGGAATCAACTTTC-1,-0.01072362036909949,-0.01902666834810479,G1
AATGGAATCCTTGGAA-1,-0.07949191290310081,0.008267760977988814,G2M
AATGGAATCTGGGAGA-1,-0.018569923914428493,-0.1812446474282022,G1
AATGGCTAGATCCCGC-1,0.02958553146286061,-0.10145345576540676,S
AATGGCTAGATGAATC-1,0.13421001255927273,-0.11418660883483783,S
AATGGCTAGCACTAGG-1,-0.06636553848042015,0.08123553985845522,G2M
AATGGCTCAGCGGTTC-1,0.29963088645166985,-0.15730799398221992,S
AATGGCTCATGTCAGT-1,-0.13059512286085356,-0.14494984248100076,G1
AATGGCTGTTAGGCCC-1,-0.07459263508129926,-0.059488184584014614,G1
AATGGCTTCATTCGTT-1,-0.057695726054369734,-0.14308949314834057,G1
AATGGCTTCCTGTAAG-1,0.04085204786608093,0.04428545761567815,G2M
AATTCCTAGATGACCG-1,0.10221609490771788,-0.13907715500783718,S
AATTCCTAGGTACAGC-1,0.07294084993848127,-0.09035364701336629,S
AATTCCTAGTCAGCCC-1,-0.028989870658252204,-0.18384051809819768,G1
AATTCCTCAAAGTATG-1,0.009997395944387366,0.3186264631999672,G2M
AATTCCTCAACACACT-1,-0.021725601328920208,-0.15756653213813912,G1
AATTCCTCACAACATC-1,0.08416962794861566,-0.22913570587819768,S
AATTCCTTCCGACGGT-1,0.059526380003121326,-0.23918285584267915,S
AATTCCTTCCGTGGCA-1,-0.0881476639386744,-0.2309002214037962,G1
AATTCCTTCTCGCGTT-1,0.02040572863649559,-0.042031832107368994,S
AATTCCTTCTCTTGCG-1,-0.05105508111766549,-0.15540991955873112,G1
AATTCCTTCTGGAGAG-1,-0.0051539433679399504,0.13978347460722945,G2M
AATTTCCAGTCGAAGC-1,0.049185914797791,-0.19675750103885364,S
AATTTCCCACCAATTG-1,-0.09872591176778445,-0.13735922171113135,G1
AATTTCCCACGTCTCT-1,-0.06300620839200127,-0.23199069069889713,G1
AATTTCCCACTGCATA-1,0.09766611423893612,-0.21366645599325815,S
AATTTCCCAGTGAGCA-1,-0.1104172086091868,-0.13092533909094545,G1
AATTTCCGTGTATTGC-1,-0.07275242326766451,-0.1514087714487764,G1
AATTTCCGTGTGAATA-1,-0.08983499497061165,-0.09492120436020102,G1
AATTTCCTCACACGAT-1,-0.03144410754835869,-0.030757490643498975,G1
AATTTCCTCATTGTGG-1,-0.10461450888046686,-0.23074821189659453,G1
AATTTCCTCCCTGGTT-1,-0.07499496153958715,-0.06371056672538145,G1
AATTTCCTCCGATGCG-1,-0.09561091079125711,-0.2174123182741689,G1
AATTTCCTCGCAACAT-1,-0.003438064954335407,-0.2530545830141948,G1
AATTTCCTCTGTAACG-1,0.017408743006553318,-0.12055527904447177,S
ACAAAGACAACGAGGT-1,0.007977657811278682,-0.04004358276944586,S
ACAAAGACACCAGCGT-1,0.04747852797812596,0.03827449026296387,S
ACAAAGACAGCATGCC-1,0.003772623577033285,0.1271932429580538,G2M
ACAAAGACATTCAGCA-1,0.055395299398604214,-0.10883013248701612,S
ACAAAGAGTAGACAGC-1,0.027339609415543392,-0.18354586762769234,S
ACAAAGAGTCTAGGCC-1,-0.04007313492893655,0.06976457875836878,G2M
ACAAAGAGTGCGACAA-1,-0.03744956404414668,-0.15197957271767482,G1
ACAAAGAGTGCTGTCG-1,0.02716821197520497,-0.11475322807215738,S
ACAACCAAGCTTTCCC-1,-0.09766628424735463,-0.04371750516853029,G1
ACAACCAAGGGCCCTT-1,0.06853023620895432,-0.16181683356826887,S
ACAACCAAGTTCTACG-1,-0.0872066572056126,0.094052402164159,G2M
ACAACCACAACTCCCT-1,-0.05239914284261854,-0.09956214602435126,G1
ACAACCACAAGTCCCG-1,-0.13908587909341052,-0.31776593999160396,G1
ACAACCACATCTCGTC-1,-0.0601917962835854,-0.17730721150154016,G1
ACAACCAGTACCAGAG-1,-0.11409928925270452,-0.08645919492327825,G1
ACAACCAGTCTCAAGT-1,-0.0556016786092185,-0.09233133865243787,G1
ACAACCAGTGCGACAA-1,-0.03593878843618614,-0.015610266012289264,G1
ACAACCAGTGGAAATT-1,-0.06597114772604973,-0.14005983130709176,G1
ACAACCAGTGGCCCAT-1,0.20470480798220497,-0.07652540314938888,S
ACAACCAGTTCTCCCA-1,-0.015753129909822416,-0.10953242912816484,G1
ACAACCAGTTGACTGT-1,0.17337365958197776,-0.16466789860825526,S
ACAACCATCTCCCATG-1,0.004142640368645145,-0.10025737931170611,S
ACAAGCTAGCTGAAGC-1,-0.009492464507022347,0.0005016660481405588,G2M
ACAAGCTAGGGCAGAG-1,-0.09356178617920588,-0.15339905388424793,G1
ACAAGCTCAAATTAGG-1,0.07999272528997775,-0.10869835286678675,S
ACAAGCTCACAGCCTG-1,-0.008235112087180196,-0.14028670097727797,G1
ACAAGCTCACGTATAC-1,-0.029940550039363023,-0.1648218257011118,G1
ACAAGCTCACTATCGA-1,-0.025076068782774463,-0.10453606607310861,G1
ACAAGCTCACTTCATT-1,0.05963627088406434,-0.06570175996451846,S
ACAAGCTCATACATCG-1,-0.047810992794213136,-0.12787366572139325,G1
ACAAGCTCATCGAGCC-1,-0.048650281644236404,-0.052143266009470446,G1
ACAAGCTCATCGCTCT-1,0.10910023606702934,-0.26707466344477326,S
ACAAGCTCATGAATCC-1,-0.02798127846550086,0.0988006755589228,G2M
ACAAGCTGTAGTCTTG-1,-0.07606354843577379,-0.31418577007151016,G1
ACAAGCTGTCACTCAA-1,-0.010602239078927156,-0.09194304499355588,G1
ACAAGCTTCATCGCAA-1,-0.02760682163470274,0.026060084728351307,G2M
ACAAGCTTCATTGAGC-1,-0.02901596832466158,-0.12309529152014381,G1
ACAAGCTTCTTTGCGC-1,-0.05802500759376966,-0.1790534815411164,G1
ACACAGTAGGGATCAC-1,0.19923032066044544,-0.1009100574648345,S
ACACAGTAGTAAACGT-1,0.02175280458354928,-0.24391189254135667,S
ACACAGTCAGGATCTT-1,-0.09603039508566913,0.023752743185004477,G2M
ACACAGTCATCGAGCC-1,-0.06380414444021393,-0.13438913765703994,G1
ACACAGTCATGTAACC-1,0.037177752657533314,-0.05066336108654751,S
ACACAGTGTCGAACAG-1,-0.10906599023467922,-0.20374989587400533,G1
ACACAGTTCACCTCGT-1,0.05130951449464277,0.1282754407060433,G2M
ACACAGTTCCTCTCTT-1,-0.06389771113414949,-0.031276626494364745,G1
ACACAGTTCGAGAACG-1,-0.04639949461751974,-0.09359577681584538,G1
ACACAGTTCGCAGAGA-1,0.06182190538537374,-0.14380013698236782,S
ACACCAAAGGAGTCTG-1,0.06659379942026389,-0.03776723167141516,S
ACACCAAAGTGTAGTA-1,-0.046544848533536354,-0.1301385625571872,G1
ACACCAACACCACATA-1,0.0494450407692526,-0.09098862242574246,S
ACACCAACACGGTGAA-1,-0.007222332071041171,0.0011834729567352098,G2M
ACACCAACATCTTAGG-1,-0.08278776321250436,0.07543097061200638,G2M
ACACCAACATTCATCT-1,0.1320552581568924,-0.07747165713955173,S
ACACCAAGTACCAATC-1,-0.01058587536447736,-0.1386081442610645,G1
ACACCAAGTATGCAAA-1,-0.06602529155969128,-0.2178807087406328,G1
ACACCAAGTCTTTATC-1,0.006653282821925399,-0.13927752305868207,S
ACACCAAGTGGCTTAT-1,-0.0721992055432753,-0.1351960630804545,G1
ACACCAATCAGTAGGG-1,-0.0988062537920219,-0.06631815098718286,G1
ACACCAATCTATTGTC-1,0.23409824873392987,-0.2748698099196376,S
ACACCAATCTCAACGA-1,0.004359781471052093,-0.29541518449629356,S
ACACGCGAGCTCTTCC-1,-0.05280694686674503,-0.20735372320251108,G1
ACACGCGAGGATCATA-1,-0.0250168167749219,-0.15337520118175257,G1
ACACGCGCACACCAGC-1,-0.07774430375030861,0.11620270480363565,G2M
ACACGCGCACTACCGG-1,0.0021017789967000544,-0.23913422306336374,S
ACACGCGCATGACCCG-1,-0.05303610321228186,-0.09709449519581426,G1
ACACGCGCATGCCGAC-1,-0.08611549768253834,-0.09144831821484994,G1
ACACGCGGTACCCGCA-1,0.005240530776562058,-0.15926284307983518,S
ACACGCGGTACGACAG-1,-0.11738060094849453,0.007238207756770754,G2M
ACACGCGGTTGCCATA-1,-0.09668045308754925,0.060430246422095324,G2M
ACACGCGGTTTGCAGT-1,-0.040617073307369356,-0.21080176858963734,G1
ACACGCGTCCGATTAG-1,-0.050913228266038946,-0.04393481557410389,G1
ACACGCGTCGTTTACT-1,-0.025063661530883352,-0.08482716878477148,G1
ACACGCGTCTTGGCTC-1,-0.014081580544684447,-0.11588208666603986,G1
ACACTGAAGGATACGC-1,-0.12328395351797408,-0.0563669628341526,G1
ACACTGAAGGTGCGAT-1,-0.022493507142463287,-0.2137548198370036,G1
ACACTGACAAACTCGT-1,0.028068447792440304,-0.16494766316282297,S
ACACTGACAGGATCTT-1,0.16175907268594736,-0.08900691326320392,S
ACACTGAGTGACCTGC-1,-0.03001616484016678,-0.1650166752480188,G1
ACACTGAGTGATACTC-1,0.07227159327195576,-0.13161849276472237,S
ACACTGAGTTCTCCCA-1,-0.012663019210133408,-0.026391087634030808,G1
ACACTGATCTGTCCCA-1,-0.07828746226604627,-0.179947480044637,G1
ACAGAAAAGAAGCCAC-1,0.020132519401089122,-0.051178001553085994,S
ACAGAAAAGGTAGATT-1,-0.14569958980459308,-0.11173348434059666,G1
ACAGAAAAGTAGCATA-1,-0.00869791165220507,0.004424589244094168,G2M
ACAGAAACAGAGGACT-1,0.0058808726582899595,-0.08398885187445973,S
ACAGAAACAGATAAAC-1,-0.031139363513478513,-0.15171395638508678,G1
ACAGAAACATTAAAGG-1,0.11304049661005622,-0.009022699940371637,S
ACAGAAAGTATTTCGG-1,-0.011136397931633568,-0.22632135712461454,G1
ACAGAAAGTCCAGCGT-1,0.01525740038019352,-0.12612173735513876,S
ACAGAAATCAACACGT-1,0.14666096427692732,-0.205853553886361,S
ACAGAAATCATCTGTT-1,0.0011758651506095508,0.14457300689618965,G2M
ACAGAAATCGACGACC-1,-0.015220512627366012,-0.2322322263305341,G1
ACAGAAATCTCACTCG-1,-0.10179280831585547,-0.28859161098439545,G1
ACAGCCGAGAGCAGCT-1,-0.019276472855524418,-0.1121609118876433,G1
ACAGCCGAGCCACTCG-1,0.01722080827051853,-0.08510589979128241,S
ACAGCCGAGCCTCAGC-1,-0.03343213500508377,-0.2621990983735401,G1
ACAGCCGCACGTATAC-1,0.06234427665361797,-0.15101850289356158,S
ACAGCCGCAGCGGTTC-1,0.007076558210304118,0.19369209166639934,G2M
ACAGCCGCAGTCACGC-1,0.14360789974700117,-0.05710194256643891,S
ACAGCCGCATCTCCCA-1,-0.02559051884857999,-0.2146595562775461,G1
ACAGCCGGTTATTCCT-1,0.10604050625649813,-0.11229386032610786,S
ACAGCCGTCAAGTGGG-1,0.05107700622199829,-0.16133504601923798,S
ACAGCCGTCCTTCTGG-1,-0.0777099909233896,-0.3034319651744204,G1
ACAGCCGTCGTTGCCT-1,-0.07097515023250123,-0.19237936978116016,G1
ACAGGGAAGACAGTCG-1,0.07510272484180225,-0.05950215051209656,S
ACAGGGAAGACCTCCG-1,-0.06691782969449495,-0.2680472750035637,G1
ACAGGGAAGGTTCTTG-1,-0.012483680148886123,-0.10426631005525716,G1
ACAGGGAAGTGTAGTA-1,-0.017209810184070695,-0.10376909165196535,G1
ACAGGGACAGCCTACG-1,-0.0024308150294583553,-0.08273857775464072,G1
ACAGGGAGTCTTTATC-1,-0.047406285975566176,-0.1487024065823712,G1
ACAGGGAGTGACACGA-1,0.08676356330732649,-0.19615623046396674,S
ACAGGGATCATTACGG-1,0.06214319879243274,0.024790950901186715,S
ACAGGGATCGCTTTAT-1,0.004998649213598216,-0.220251364317858,S
ACAGGGATCGTCTACC-1,-0.15775253891348234,-0.0798753261641067,G1
ACATCCCAGACCGCCT-1,0.04262913755534503,-0.242561502218467,S
ACATCCCCAATAACGA-1,0.044624171425010684,-8.174441882910499e-05,S
ACATCCCCAATCAAGA-1,-0.03462388975100178,-0.2046596463913047,G1
ACATCCCCACTCCTTG-1,-0.054744221184546416,-0.041372220294361106,G1
ACATCCCCATACATCG-1,-0.026273844148238495,-0.08466643535395693,G1
ACATCCCCATCCTAAG-1,-0.07963324885864842,-0.19011816286748162,G1
ACATCCCCATGCACTA-1,-0.03607640766432518,-0.1083966778474594,G1
ACATCCCGTAAGCTCT-1,-0.1732736904608868,-0.14888762895076318,G1
ACATCCCGTACCCGCA-1,-0.10084059381498517,-0.13021173104811573,G1
ACATCCCGTCAACCTA-1,-0.11798462436956403,-0.00041934650841873866,G1
ACATCCCGTGGACCTC-1,-0.009670062048978079,-0.12544093102806075,G1
ACATCCCGTTGCCATA-1,0.062007981701121095,-0.21647052820821672,S
ACATCCCTCTATTCGT-1,0.027561301638141023,-0.20502054736049652,S
ACATCGAAGACCTTTG-1,0.08696380816606081,-0.0788010041982915,S
ACATCGAAGCCGATAG-1,-0.06448926808491434,-0.1800815371442673,G1
ACATCGAAGGGCGAAG-1,-0.07738322764581407,-0.18765653465379792,G1
ACATCGAAGTAACAGT-1,-0.08319492163790648,-0.15284808126931676,G1
ACATCGAAGTCAGGGT-1,-0.002054030428390974,-0.03374211290017365,G1
ACATCGACAAGGCGTA-1,-0.052172772850348215,-0.07990826613791557,G1
ACATCGACACGGCCAT-1,-0.0805190451961254,-0.27597115939643035,G1
ACATCGAGTCCATAGT-1,-0.029824640365704647,-0.27074560528911107,G1
ACATCGAGTTGGGCCT-1,0.01356479814961642,-0.048779904997388546,S
ACATCGATCCTGTACC-1,-0.09819577391487583,-0.1321424895864444,G1
ACATCGATCTGCATGA-1,-0.002932690098284285,-0.22629004959378232,G1
ACATGCAAGCACCGTC-1,-0.03987492616189714,-0.12779553217489464,G1
ACATGCAAGGATTCCT-1,-0.06823882920194158,-0.06261227910859421,G1
ACATGCAAGTCATTGC-1,-0.06554413494929257,-0.16707551101693363,G1
ACATGCAAGTGATAAC-1,-0.09800369216006044,-0.16097988201037022,G1
ACATGCACAACTCATG-1,-0.06913189066714809,-0.20640720245053454,G1
ACATGCACAATCTCTT-1,-0.1372220085131401,-0.0741231058857893,G1
ACATGCAGTATAGCTC-1,0.04781682533103365,-0.05879937854853601,S
ACATGCAGTTGTGCAT-1,-0.06495542172721047,-0.11282594336322826,G1
ACATGCATCGAAATCC-1,0.07066045195898307,-0.059609212917479504,S
ACATGCATCTGGTTGA-1,0.09340199221759837,-0.15016670885216393,S
ACATTTCAGACGGTCA-1,-0.06388343226999008,-0.06668813805417595,G1
ACATTTCAGAGGATGA-1,-0.024562364904546496,-0.14128480646623698,G1
ACATTTCAGCACTCGC-1,0.02284410097342371,-0.26550834558817954,S
ACATTTCAGCTGGCTC-1,0.011696189255594958,0.064128516787473,G2M
ACATTTCAGCTTAGTC-1,-0.05430838478333433,-0.12151765203316989,G1
ACATTTCAGGGTTGCA-1,-0.05703190011891779,-0.1369512053722673,G1
ACATTTCCATGACACT-1,-0.04860913718195509,0.01698888573912788,G2M
ACATTTCGTGAAAGTT-1,0.001323306988578743,-0.11974951994245775,S
ACATTTCGTGAGGAAA-1,0.03042871561703181,-0.1414727510502174,S
ACATTTCTCACTTGGA-1,-0.05204689445273958,-0.14009309593598712,G1
ACATTTCTCATCGCAA-1,-0.007237651161682318,0.023222074471547394,G2M
ACATTTCTCGATCCCT-1,-0.042092088365523916,-0.23082367950615762,G1
ACCAAACAGAATACAC-1,-0.07960737938440604,-0.0649505998615012,G1
ACCAAACAGCTAAGTA-1,-0.005267273249530302,-0.012547382471055524,G1
ACCAAACAGGAGTCTG-1,-0.04489543403492502,-0.21244526204882597,G1
ACCAAACCAACAGCTT-1,0.05551543666559222,-0.15255148757482612,S
ACCAAACCAGACCAGA-1,0.052951117044989365,-0.08161487971848108,S
ACCAAACGTACGATCT-1,0.12812342641656338,-0.13861397167338513,S
ACCAAACGTCCTGGTG-1,0.02784782854994322,-0.08691830415599039,S
ACCAAACTCCTACAAG-1,-0.10225020093093873,-0.1930815333826361,G1
ACCAAACTCGAGTTGT-1,0.021472805244886484,-0.21006735801913168,S
ACCAACAAGAAAGCGA-1,0.027816588904872097,-0.176805769436113,S
ACCAACAAGATCGACG-1,-0.0803546998233276,-0.10950498153308075,G1
ACCAACAAGCCTAGGA-1,-0.0783796447720021,-0.01186665322958591,G1
ACCAACAAGTAGCATA-1,-0.05958375752104311,-0.1475625661606584,G1
ACCAACACAATGAGCG-1,0.1087885008966864,-0.17152751911754516,S
ACCAACACATCTATCT-1,-0.10809473774942896,-0.08387988293607668,G1
ACCAACAGTAACTTCG-1,-0.07098381023436162,-0.04627641765045909,G1
ACCAACAGTACCGTGC-1,0.004896136982552368,-0.0210183037267212,S
ACCAACATCACCGGTG-1,-0.1505776280685613,-0.20418713881928544,G1
ACCAACATCCCATGGG-1,-0.007792440607110845,-0.1431578518701686,G1
ACCAACATCCCGATCT-1,0.05263839541841947,-0.17992623124938167,S
ACCACAAAGGGCGAAG-1,-0.047258402222408624,-0.18252860946113297,G1
ACCACAACAACCTAAC-1,-0.15338270331010467,-0.2382511500257926,G1
ACCACAACAATACCCA-1,-0.13651353566068547,-0.10962955913364264,G1
ACCACAACACGGCACT-1,0.1358530608278425,-0.19493413963156075,S
ACCACAACACTACCGG-1,-0.048414493968044925,0.007308625718006001,G2M
ACCACAACATAATCGC-1,0.0060042992228104275,-0.1145250503102993,S
ACCACAAGTGATATAG-1,-0.08091970246468294,-0.09462001006477105,G1
ACCACAATCAACCTCC-1,0.09804361049563137,-0.04205277722094891,S
ACCACAATCCTCACCA-1,-0.05776448159101816,-0.18126407089168145,G1
ACCACAATCCTTGAAG-1,0.0003113685108781239,-0.09518672287513039,S
ACCACAATCTTGGCTC-1,-0.11918603874938344,-0.05220368697768829,G1
ACCATTTAGCACTAAA-1,0.08702414220733407,-0.13963802401831782,S
ACCATTTAGGTCCAGA-1,-0.0003225131802787051,-0.1860315515573352,G1
ACCATTTCAAGAAACT-1,0.04178543375676563,-0.1559535729608993,S
ACCATTTCACGCTGTG-1,-0.06979123695513828,-0.18447331952913043,G1
ACCATTTCACGGTGTC-1,-0.10029191602346987,-0.19672997218844732,G1
ACCATTTCAGAGTGTG-1,0.0030158139652948224,-0.05704894175800884,S
ACCATTTCATTACTCT-1,-0.025056086423939583,-0.04126282894149236,G1
ACCATTTGTACTCCGG-1,-0.01094403427906293,-0.06820941620967658,G1
ACCATTTGTCCAGTTA-1,0.00600637443778157,-0.112194386367168,S
ACCATTTTCACCTACC-1,-0.0061593127888950605,-0.11529560271213801,G1
ACCATTTTCGGTCTGG-1,0.00641291723741555,-0.12383225896584749,S
ACCCAAAAGCTGTCCG-1,-0.11608128014957358,-0.0948638334752519,G1
ACCCAAAAGCTTACGT-1,-0.07129807905717331,-0.16601245413651655,G1
ACCCAAACAATAGGAT-1,-0.06099219410737167,-0.19753204975771024,G1
ACCCAAACACGCTTAA-1,0.03280814018616329,-0.18162608829551757,S
ACCCAAACATATCTGG-1,-0.06578755189068214,-0.1121561352265702,G1
ACCCAAAGTATTCTCT-1,0.07242685363801349,-0.05020319226379322,S
ACCCAAATCCAACTAG-1,-0.04710391352255794,-0.16416674034969972,G1
ACCCAAATCTAGTTCT-1,-0.07403746725558968,-0.08844928143213493,G1
ACCCTCAAGAGATCGC-1,-0.03344750954731068,-0.2229873546267231,G1
ACCCTCACACACACGC-1,0.11760290968602571,-0.06453087077143221,S
ACCCTCACACACCAGC-1,0.043552569029558674,-0.13588399971810883,S
ACCCTCACACAGACGA-1,-0.04345125697776109,-0.2894191405536505,G1
ACCCTCACACGGCCAT-1,-0.03673951327882852,-0.08162363924695609,G1
ACCCTCACAGGTACGA-1,0.04192788839551387,-0.18796091930466705,S
ACCCTCAGTTCCGGTG-1,0.02136489274072262,-0.11557523760608246,S
ACCCTCATCATCGCAA-1,-0.23343158878594764,0.012494439555898185,G2M
ACCCTCATCGCTGTTC-1,0.016021790530867802,-0.0760502786865895,S
ACCCTCATCTAGAACC-1,0.03083766359282203,0.014355611395827972,S
ACCCTTGAGGAAGTCC-1,0.0004389804899564975,0.05068035354442474,G2M
ACCCTTGAGGGAGAAT-1,0.04331843672061775,-0.14593820320717846,S
ACCCTTGCAAGGTCAG-1,-0.05177536876304256,-0.11910017491377373,G1
ACCCTTGCAGGCACTC-1,-0.11640348820063096,-0.0962358343930601,G1
ACCCTTGCATCGAACT-1,-0.06185588770144185,0.053909221209926805,G2M
ACCCTTGGTCCAGCAC-1,0.12063089609888772,-0.0954157070396745,S
ACCCTTGGTCCGCAGT-1,-0.05661819080807695,-0.11618733380682408,G1
ACCCTTGGTCGATTTG-1,0.0314751314980779,-0.05478990434395559,S
ACCCTTGTCATATGGC-1,0.051190978113318186,0.020822583849838372,S
ACCCTTGTCATCCTGC-1,0.0020962488407715307,-0.20689287600642864,S
ACCCTTGTCATTCATC-1,-0.062294088474203035,-0.11323525967072878,G1
ACCGTTCAGCCAGACA-1,-0.1014395058446817,-0.009971485720867146,G1
ACCGTTCAGCCGTCGT-1,0.006216210771850084,-0.03681046427624757,S
ACCGTTCAGCCTATTG-1,0.005989539950685574,-0.07198368839071295,S
ACCGTTCAGGCAGTCA-1,-0.08505153617610084,-0.23906339765200516,G1
ACCGTTCCAAATAAGC-1,-0.027476350390797544,-0.20719256582581888,G1
ACCGTTCCACTCCACT-1,-0.018564831971527057,-0.13231319067246933,G1
ACCGTTCCAGCCTACG-1,0.01347997444092014,-0.11018206825900197,S
ACCGTTCGTAGTCCTA-1,-0.05342006803386934,0.07838099339869198,G2M
ACCGTTCGTTCTTCAT-1,-0.032998435349086364,-0.1325359756293683,G1
ACCGTTCGTTGTGCAT-1,-0.04365148471602048,-0.2274935192789091,G1
ACCGTTCGTTTGGAGG-1,-0.003488514710035251,-0.11360464847949475,G1
ACCGTTCTCAGGGATG-1,0.0074549777439851805,-0.16945167751188078,S
ACCGTTCTCCAGTTCC-1,-0.0775796787915855,-0.05051801301766651,G1
ACCGTTCTCGCACGAC-1,-0.035333413386755996,-0.0887120947515655,G1
ACCGTTCTCTCATTAC-1,-0.044863506854857405,-0.20725944057894258,G1
ACCTACCAGATTGATG-1,-0.0059041885627593715,-0.08214746689980801,G1
ACCTACCAGCACTGGA-1,-0.037490411977860794,-0.02388758327533469,G1
ACCTACCAGGAGAGTA-1,-0.024372743146973963,-0.1838129606299049,G1
ACCTACCCAACGGCTC-1,-0.0913187325308687,-0.14864639369249572,G1
ACCTACCCACACAGCC-1,-0.004665685268572861,-0.32601172745975826,G1
ACCTACCCACTGCGAC-1,0.11697788320894431,-0.166079494329904,S
ACCTACCCAGAATCGG-1,-0.06757598729772007,-0.17765462919743286,G1
ACCTACCCATGACGGA-1,-0.017051415590920826,-0.043704482477995854,G1
ACCTACCGTGCTGATT-1,-0.08217273554549598,-0.12660117133789422,G1
ACCTACCTCAACGTGT-1,-0.023669521478855066,-0.09518731183680981,G1
ACCTACCTCATAGACC-1,-0.027339368225395344,-0.25647812171957207,G1
ACCTGAAAGATTCGCT-1,-0.015596870202723268,-0.3154458782658858,G1
ACCTGAAAGCGACTGA-1,-0.03185449002272184,-0.19576406899182336,G1
ACCTGAACAATCCTAG-1,-0.08385448617557806,-0.14805040115972468,G1
ACCTGAACAATCTAGC-1,-0.035982115524615166,-0.10423213930842268,G1
ACCTGAAGTATCGAAA-1,-0.10205671832033458,-0.16372494090590298,G1
ACCTGAATCAGCAGAG-1,0.10401994708425444,-0.024916011722480702,S
ACCTGAATCGACGACC-1,-0.1188386473929988,-0.11448735992547227,G1
ACCTGAATCTCTCTAA-1,-0.04543896414095372,-0.16874313158074528,G1
ACCTGAATCTGCGGCA-1,0.010945405566061495,-0.1080724176770366,S
ACCTGAATCTTTCCAA-1,0.051418283717722946,-0.044250611774691695,S
ACCTGTCAGGGAGTTC-1,-0.0233638477326652,-0.11979909838957314,G1
ACCTGTCAGGGCTAAC-1,-0.006695515816617925,-0.1489939963705447,G1
ACCTGTCAGTACAGAT-1,0.1609835979411181,-0.22345695787235753,S
ACCTGTCAGTTTGCTG-1,-0.0029184834343528032,-0.1668543701174538,G1
ACCTGTCCACTAGGTT-1,0.024463642910635297,-0.1542098714400933,S
ACCTGTCCAGTTTCAG-1,-0.07773760532808516,-0.09680735531628615,G1
ACCTGTCGTACTGACT-1,-0.02493250191131624,-0.059000700157178454,G1
ACCTGTCGTCGATTTG-1,-0.10589477845452716,-0.21589581887708245,G1
ACCTGTCGTTAAACCC-1,-0.11837575588019142,-0.04405510321324785,G1
ACCTGTCTCATGTCAG-1,-0.06298268228883858,-0.06722227924874191,G1
ACGATCAAGCGGGTAT-1,-0.030778010231888586,-0.13263153148879697,G1
ACGATCAAGTAATACG-1,-0.06467364615947357,-0.12308282515765995,G1
ACGATCAAGTTGCCTA-1,-0.07894991531400203,-0.21817103792692946,G1
ACGATCACAAACCATC-1,-0.042679713960526666,-0.2437592004827902,G1
ACGATCACAAATGCTC-1,-0.11343428843880071,-0.2568541808720356,G1
ACGATCACAGCCTATA-1,-0.10667843044908804,-0.13187737676553135,G1
ACGATCACAGGTGAGT-1,-0.02955506951415443,-0.3726521825406725,G1
ACGATCAGTATACGGG-1,-0.00852375579455944,-0.1901666340683042,G1
ACGATCAGTGCCTAAT-1,-0.007351240065227915,-0.13006957479948364,G1
ACGATCATCAAATGAG-1,-0.010275126618028041,-0.17998617522230845,G1
ACGATCATCATGAGAA-1,-0.11923630729318108,-0.2569063487697184,G1
ACGATCATCTGTCCGT-1,-0.08276583529517573,-0.24756674275246698,G1
ACGATGTAGCGTATAA-1,0.02057995831103354,-0.1786534043873811,S
ACGATGTCAATCGCCG-1,0.16639360932764957,-0.03741929902834479,S
ACGATGTCACGACAAG-1,0.0505221288785313,-0.1793553120633056,S
ACGATGTCATAATCGC-1,0.13936067917499517,-0.20027248166908426,S
ACGATGTGTCATCACA-1,0.10255390742299991,-0.04651526179005799,S
ACGATGTGTCTTGCTC-1,0.0009923497442911877,-0.1687204471222132,S
ACGCACGAGAGTGTTA-1,0.10994153145612395,-0.15212315569091572,S
ACGCACGAGCTGTGCC-1,-0.04880184046336336,-0.11079204444738106,G1
ACGCACGCAGCACACC-1,-0.0684676934809047,-0.15491877502198517,G1
ACGCACGCAGCTCGGT-1,-0.0053259692218611265,-0.05927410857804344,G1
ACGCACGCAGGGACTA-1,0.04706173546211856,-0.10490156924121383,S
ACGCACGGTAAGAACT-1,0.04598220719206797,-0.14541688895131066,S
ACGCACGGTAGCGTCC-1,-0.03040791816838656,-0.15954941629441716,G1
ACGCACGGTATGCGTT-1,-0.014775847784039398,-0.16269373494660389,G1
ACGCACGGTCAGTTTG-1,0.007162330609949141,-0.13290866312290606,S
ACGCACGGTGGCATCC-1,-0.024018559900919056,-0.1905874181375941,G1
ACGCACGGTTCGGGTC-1,-0.04856645362292017,-0.2539862194606921,G1
ACGCACGGTTCTAACG-1,0.029041552942653093,-0.14008229690974422,S
ACGCACGTCATGCCCT-1,-0.1035517523871039,-0.0831697773363716,G1
ACGCACGTCCCTCATG-1,0.007395329346211177,-0.1906432351757598,S
ACGCACGTCTTCGGAA-1,0.018938737325796706,-0.05109173774702591,S
ACGGAAGAGAGATTCA-1,-0.03980626466661141,-0.12408338884691178,G1
ACGGAAGAGATTGTGA-1,-0.12094383311364326,-0.14354274547279214,G1
ACGGAAGAGTGTTCCA-1,-0.07296972008717745,-0.14947950590104805,G1
ACGGAAGCACCAGCTG-1,-0.028910496078269343,-0.183284355550284,G1
ACGGAAGCACGGGTAA-1,-0.09839353231157266,-0.08399947958455467,G1
ACGGAAGGTACCTATG-1,-0.05010791783592278,-0.15433191402940594,G1
ACGGAAGGTCGCGGTT-1,-0.10032020915234147,-0.10659917464186458,G1
ACGGAAGGTCTGTGTA-1,-0.014248833132572414,-0.02715684647954869,G1
ACGGAAGGTGTCTTAG-1,0.15590860256395028,-0.24621575927321562,S
ACGGAAGTCTCCCATG-1,-0.07101504124644537,-0.11521072105386543,G1
ACGGGTCAGCGTGCTC-1,0.01464383556804999,-0.16168867429169625,S
ACGGGTCAGCTTGTGT-1,0.07162921904919411,-0.04814765775971275,S
ACGGGTCAGGTCGTGA-1,0.03941464948235662,-0.020171604526358577,S
ACGGGTCCAATTCTTC-1,0.02787563653402292,-0.23981246221163938,S
ACGGGTCCACAGTACT-1,-0.03212784385258394,-0.023032461269617638,G1
ACGGGTCCACTCATAG-1,0.1457881404741831,-0.03671417491338169,S
ACGGGTCCATCACCAA-1,-0.05182911221360176,-0.023127856216376086,G1
ACGGGTCGTCACTCTC-1,-0.016842839883179028,-0.14696190309893234,G1
ACGGGTCTCGACATTG-1,-0.02892786762124816,-0.10050902691975738,G1
ACGGGTCTCTCACTCG-1,-0.016845431428396507,-0.18090701205164528,G1
ACGGTCGAGAGGCTGT-1,0.06158309972025383,-0.13244726445927785,S
ACGGTCGAGGGAGGAC-1,-0.032946201927656515,-0.09539812822514865,G1
ACGGTCGAGGGTATAT-1,-0.060801387302528764,-0.197865780005812,G1
ACGGTCGAGTATGGCG-1,-0.08147727019622308,-0.26008181964546084,G1
ACGGTCGAGTTGCCCG-1,-0.12418078987817105,-0.07261574638496804,G1
ACGGTCGCAAACTCGT-1,0.10842319758686159,0.04562305641330788,S
ACGGTCGCAATATCCG-1,-0.05192768304940021,-0.1477133638874234,G1
ACGGTCGCATGGCCCA-1,-0.054780778200189895,-0.24964346504580956,G1
ACGGTCGGTGGACAGT-1,0.06562785345776861,-0.05240036414097504,S
ACGGTCGGTTGTGTAC-1,-0.04300349673961901,-0.13982388725758157,G1
ACGGTTAAGACGATAT-1,-0.017519700303939956,0.13672999940527658,G2M
ACGGTTAAGCACCAGA-1,0.011205354063989259,-0.06074237369062424,S
ACGGTTAAGTTACTCG-1,-0.027851596250777377,-0.14238691177649138,G1
ACGGTTACACACGCCA-1,0.08162697505705602,-0.07068704280813654,S
ACGGTTACATCTCATT-1,0.07630524362967633,-0.07084893969731465,S
ACGGTTACATGATCTG-1,-0.05411519821629812,-0.22449601056732119,G1
ACGGTTAGTATCGAAA-1,0.10724142011704807,0.0018279603436757164,S
ACGGTTAGTGTCCGTG-1,-0.06248205475135854,-0.19093019205395367,G1
ACGGTTATCCAGTTCC-1,0.05794354226267173,-0.15172758052979668,S
ACGTAACCAACGCCCA-1,0.17062637805241532,-0.14064458790084777,S
ACGTAACGTTAGAAAC-1,-0.056232218445086246,-0.046631394729639536,G1
ACGTAACGTTATTCCT-1,0.05777442954083206,-0.14753365278214886,S
ACGTAACGTTCGGGTC-1,-0.024474036316132375,-0.2043635168916662,G1
ACGTAACTCCACAGGC-1,0.07249067585886232,-0.14313247569072196,S
ACGTAACTCCATACAG-1,0.01662593180676536,-0.1345800001917995,S
ACGTACAAGAGTATAC-1,-0.04111338051965513,-0.21699554230695645,G1
ACGTACAAGCCTCTGG-1,-0.037650750642173214,-0.1780348316472472,G1
ACGTACAAGGTTGCCC-1,-0.017929853147304914,-0.1447483471675719,G1
ACGTACACATCACGGC-1,-0.07282814787230796,-0.3249503865039844,G1
ACGTACAGTACGATGG-1,-0.05945205201860604,0.015663477387107938,G2M
ACGTACAGTCCAAGAG-1,0.011935025475670324,-0.10614010024831859,S
ACGTACAGTGAATATG-1,0.006585196131634052,-0.08292754049785367,S
ACGTACAGTTGATGTC-1,-0.025587965553640013,0.16276149754083702,G2M
ACGTACAGTTGCCAAT-1,0.15200256079031305,-0.13269811810720228,S
ACGTACATCAATCCAG-1,-0.05461837025406441,-0.07768727349275373,G1
ACGTACATCACAACCA-1,0.3025686435638919,-0.12167718222272222,S
ACGTAGTAGCGGGTTA-1,0.02911879955590846,-0.14816164374902885,S
ACGTAGTAGCGTTACT-1,0.18856881259869052,-0.06880122997339932,S
ACGTAGTCAATTCTTC-1,-0.05651404121942094,0.06400718457258586,G2M
ACGTAGTCATGCTGCG-1,0.02966109275207579,-0.11959415427335068,S
ACGTAGTGTGATACTC-1,-0.03521791814499281,-0.19194295273052198,G1
ACGTAGTGTTGGAGAC-1,-0.06148927059320136,-0.16966377294122037,G1
ACGTAGTTCACCCTCA-1,0.129742277262117,-0.018294724666876483,S
ACGTAGTTCACGGACC-1,-0.08473017149031253,0.006076718197335351,G2M
ACGTAGTTCCATCGTC-1,0.15631655884552131,-0.05607103046793227,S
ACGTAGTTCTTCCGTG-1,-0.03406077517955747,-0.25124373527607957,G1
ACGTCCTAGCCTATCA-1,0.024056777651138672,-0.13015323257599426,S
ACGTCCTAGGCATGGT-1,-0.07608237376413074,-0.11269239811470072,G1
ACGTCCTAGGTAGTAT-1,0.01895832057871419,-0.009666177157950567,S
ACGTCCTCACTAGGTT-1,0.103100301158849,-0.09600850648713383,S
ACGTCCTCAGCAGTGA-1,0.11552376589728863,-0.08472880964585622,S
ACGTCCTCATCCTCAC-1,0.1316811750665488,-0.0713367512094896,S
ACGTCCTCATGGATCT-1,0.20636507482497685,-0.007435354125224447,S
ACGTCCTGTGGAATGC-1,-0.0651017748872687,-0.015338930064055123,G1
ACGTCCTGTGGGTATG-1,-0.03847454360314667,-0.0781813634121688,G1
ACGTCCTGTTGACTGT-1,-0.03206844458277969,-0.020912596203691458,G1
ACGTCCTGTTGTTGTG-1,0.009747567716522021,0.0479554299557679,G2M
ACGTCCTTCAGAGTGG-1,0.05898882576737058,-0.02831479812416199,S
ACGTCCTTCAGTGTTG-1,0.039789693307797996,0.039740638109700216,S
ACGTCCTTCATCGGGC-1,-0.07758325928269294,-0.05231942991169791,G1
ACGTCCTTCCTAACAG-1,0.06476139061474023,-0.12287835484078025,S
ACGTTCCAGACATCCT-1,0.2033179584233692,-0.054106877182332036,S
ACGTTCCAGACTAAGT-1,0.021851590274034105,-0.21288721751981982,S
ACGTTCCAGCCTTTCC-1,-0.044777944217406274,-0.11894692780886507,G1
ACGTTCCAGCTATCCA-1,0.06094509349811694,-0.12514170561991494,S
ACGTTCCCAACAACAA-1,0.056146494981869854,-0.1069565993181133,S
ACGTTCCCAAGCTGTT-1,-0.026439649433572132,-0.21134428514969936,G1
ACGTTCCCAATTGCTG-1,-0.046205239386876595,-0.06751828029456064,G1
ACGTTCCCAGCTACCG-1,-0.08503807385674961,-0.185708189294427,G1
ACGTTCCGTAGGTTTC-1,0.013366292401343793,-0.2048367028120453,S
ACGTTCCGTGGCACTC-1,0.008895331858895461,-0.09104907009344546,S
ACGTTCCGTGGCTGCT-1,-0.0508424136487291,-0.15236146735555764,G1
ACGTTCCTCCCGTTGT-1,0.01260924675661651,-0.21185462701577196,S
ACGTTCCTCTCGACCT-1,0.013627761921718162,0.11019123838361194,G2M
ACTACGAAGATCGCTT-1,-0.00787538512138325,-0.05423584175466076,G1
ACTACGAAGGCATGCA-1,0.03210758475315295,-0.09399984657463772,S
ACTACGAAGTCGCTAT-1,-0.0023109380454237605,-0.11573149068351443,G1
ACTACGACAACCACGC-1,0.050114851143303385,0.0532985715087243,G2M
ACTACGACACACTTAG-1,0.06736922844582649,-0.09059551122428139,S
ACTACGACAGCATGCC-1,-0.06645396026953154,-0.15066969802292096,G1
ACTACGAGTTATGACC-1,0.05002090076642779,-0.07973532708073666,S
ACTACGATCATCTACT-1,0.024527968431416247,-0.1745429776816103,S
ACTACGATCATTACCT-1,-0.010703697729844086,-0.05008948951001968,G1
ACTACGATCCATTTAC-1,0.0014607107153656318,-0.12871847828020505,S
ACTACGATCCTCATAT-1,-0.006798663024903617,0.0664579874100984,G2M
ACTACGATCTCCTGCA-1,-0.07997987613906499,-0.22211117168758962,G1
ACTACGATCTCCTGTG-1,-0.21853436786780736,-0.15873270509355078,G1
ACTATCTAGAATTGTG-1,0.01270166666972583,-0.05573360640265296,S
ACTATCTAGAGCATTA-1,-0.058407642288631934,-0.13014433988300475,G1
ACTATCTAGCCGAACA-1,-0.03995519461174202,-0.06258401019639837,G1
ACTATCTGTACGACAG-1,0.23218059199082924,-0.06032580649207947,S
ACTATCTGTAGCCAGA-1,-0.038766808767906946,-0.1352129501386185,G1
ACTATCTGTCCCTCAT-1,0.2160907461329576,-0.09704331193319751,S
ACTATCTGTCTTCAAG-1,-0.1146147356363893,-0.11943685122701281,G1
ACTATCTTCGTCCATC-1,-0.04454754617668172,-0.1312259247413161,G1
ACTATGGAGCTGACTT-1,-0.0633121528162961,-0.12100295783474979,G1
ACTATGGAGTCGTTAC-1,-0.005518991374137305,-0.20265075314128805,G1
ACTATGGCAGACCAGA-1,-0.09247124071373536,-0.27482183273419564,G1
ACTATGGCAGCCGGTT-1,-0.08321701665365788,-0.11954707229468042,G1
ACTATGGCAGTCAGTT-1,-0.09134733310079163,-0.13080120021752223,G1
ACTATGGCAGTCGGAA-1,-0.055822865624220286,-0.15731287587655063,G1
ACTATGGCATCGCCTT-1,-0.11739732655324947,-0.18385462069884687,G1
ACTATGGCATGTTTGG-1,-0.1175746534332669,-0.16070419657618007,G1
ACTATGGGTATGCGTT-1,0.009947483503236654,-0.28459360075473844,S
ACTATGGGTCATTCCC-1,0.03542206281836857,-0.05982324229922503,S
ACTATGGGTCCATCTC-1,-0.04001707981008468,-0.09092975415576404,G1
ACTATGGGTGACCGTC-1,0.047987950217936504,-0.04065456180313837,S
ACTATGGGTTCCGCAG-1,0.08432439131973213,-0.12733678155422018,S
ACTATGGTCGAGTCCG-1,-0.003860793409012464,-0.15946837072296033,G1
ACTATTCAGCTCCACG-1,-0.06005732786951423,-0.16283482562943624,G1
ACTATTCAGTATTAGG-1,-0.022906007220735713,-0.14269259233447934,G1
ACTATTCAGTGAACAT-1,-0.04240090358146198,-0.2047341248548539,G1
ACTATTCAGTGTACCT-1,-0.08142078607933062,0.056877784375452156,G2M
ACTATTCCACACCGCA-1,-0.018606293203012714,-0.10835875224416297,G1
ACTATTCGTATGAAAC-1,-0.07016778859487893,-0.07627053156185848,G1
ACTATTCGTGGCCTCA-1,0.003566667851634231,-0.17433905651854298,S
ACTATTCTCCAATCTT-1,0.05753795833897157,-0.1376384158305327,S
ACTATTCTCGGATTAC-1,-0.009415971324000683,-0.10191143583794066,G1
ACTATTCTCGGTTGTA-1,-0.09679126313915076,-0.2063932869085757,G1
ACTATTCTCGTGCGAC-1,-0.05587025066939319,-0.04737467195947209,G1
ACTATTCTCTAGAGCT-1,-0.07957985924740613,-0.18353738821909646,G1
ACTCCCAAGAAGCTCG-1,-0.03654506260963725,-0.08843552766841573,G1
ACTCCCAAGAGCCATG-1,-0.11136773692918472,-0.14235018505331937,G1
ACTCCCAAGTGGTCAG-1,-0.042351441963319914,-0.10319467238643482,G1
ACTCCCACACAACGTT-1,-0.04277212449698303,-0.15469889344267376,G1
ACTCCCACACAATGTC-1,-0.06222058867447905,-0.2243615167380199,G1
ACTCCCACACAGCTGC-1,-0.04907438562157246,-0.12809616065430235,G1
ACTCCCACAGCATACT-1,0.003014657144983307,-0.16786539703365677,S
ACTCCCACAGTTGCGC-1,-0.0856437483447427,-0.029903909600898615,G1
ACTCCCAGTAACTAAG-1,-0.07992841734233785,-0.18583390950062167,G1
ACTCCCAGTGAATAAC-1,-0.03492457637880386,-0.09654221111848438,G1
ACTCCCAGTGCATACT-1,-0.03218848164891386,-0.25578179764838754,G1
ACTCCCAGTTTACTTC-1,0.05175881297270643,-0.046669821813852125,S
ACTCCCATCACCATGA-1,-0.01108346911821867,-0.015372952199291412,G1
ACTCCCATCCTTCACG-1,-0.001993151086246925,-0.2304992290394822,G1
ACTCCCATCGACCTAA-1,-0.03478583369830457,-0.13114887831662309,G1
ACTCCCATCTGAGATC-1,9.860231225253258e-05,-0.20520735602203816,S
ACTCTCGAGAGCCGAT-1,-0.052616620631533995,-0.21258483200122513,G1
ACTCTCGAGCTAGAAT-1,0.033691416531984986,-0.11913204765722649,S
ACTCTCGAGGTCCGAA-1,0.05860800361186291,-0.1966764486760066,S
ACTCTCGAGTTCTCTT-1,0.143478410788329,-0.12137425271044011,S
ACTCTCGAGTTGGAAT-1,0.0009512390056273246,-0.06437072432979773,S
ACTCTCGCAACACGTT-1,-0.06128981431098271,-0.16161542378391092,G1
ACTCTCGGTCGCAACC-1,-0.0355893082929335,-0.020979694839655172,G1
ACTCTCGGTGCGTGCT-1,-0.0512576988839365,-0.095657061996195,G1
ACTCTCGGTTAATCGC-1,0.10145741717570611,-0.053830621238070475,S
ACTCTCGTCAGCAGAG-1,-0.075569652704635,-0.24286926734208822,G1
ACTCTCGTCAGGTGTT-1,-0.08988004102586511,-0.24438101106815824,G1
ACTCTCGTCGCACTCT-1,-0.02150524084971206,0.06564423094670835,G2M
ACTCTCGTCGCAGTGC-1,-0.06572906201071721,-0.22679003457725283,G1
ACTCTCGTCGGTCAGC-1,-0.029142197295925154,-0.10809053707290919,G1
ACTCTCGTCTCTTAAC-1,0.04163969298914699,0.00040646523859871886,S
ACTCTCGTCTGCACCT-1,-0.10391026184301122,-0.2801733338060709,G1
ACTGATGCAAATGGAT-1,-0.08467765856379061,-0.10642328475891694,G1
ACTGATGCACGGTGAA-1,-0.016261299121628492,-0.13839392397134181,G1
ACTGATGCAGACACAG-1,-0.00019009767121125343,-0.21271086329220998,G1
ACTGATGCAGCGTGCT-1,-0.07418978416094352,-0.12121607605495016,G1
ACTGATGCATTCAGCA-1,-0.03571476370649285,-0.23539949641529756,G1
ACTGATGGTAGATGTA-1,-0.09221494870630415,-0.25872098618681616,G1
ACTGATGGTATTGAGA-1,0.11001255898812295,-0.2114478652863816,S
ACTGATGGTCACTGAT-1,0.004800568842038,-0.09781758423581305,S
ACTGATGTCGATCCCT-1,-0.043113188867852204,-0.09770684682274028,G1
ACTGATGTCTGGGATT-1,-0.08668121912517784,-0.08472348033540222,G1
ACTGATGTCTTTGATC-1,-0.1078928959335255,-0.13673904941549453,G1
ACTGCAAAGACGATAT-1,-0.10027337333653369,-0.17294460354757168,G1
ACTGCAAAGTCAACAA-1,0.03636428630148775,-0.023548694899762468,S
ACTGCAACAAACAGGC-1,0.0035063131817242854,-0.0563660001545859,S
ACTGCAACAATTTCGG-1,-0.03168971856187924,-0.16503482788508334,G1
ACTGCAAGTACGTACT-1,0.012069621444555284,-0.09589214204936652,S
ACTGCAAGTCATGACT-1,-0.0503803086996904,-0.08440556295726245,G1
ACTGCAAGTCCGGCAT-1,0.18550556253396389,-0.34071976521010466,S
ACTGCAATCCGCACTT-1,0.01532357332794465,-0.18154826963315923,S
ACTGCAATCCTCGATC-1,0.0623561588452754,-0.007587267354482119,S
ACTGCAATCGGAACTT-1,0.09088233650514005,-0.1917005683457219,S
ACTGTCCAGATCCGAG-1,-0.06934133704561918,0.09818750330567588,G2M
ACTGTCCAGTGCAGCA-1,0.1480025713881296,-0.18993787910485796,S
ACTGTCCCAGGAATCG-1,-0.04992275310867833,-0.1275419753372618,G1
ACTGTCCCATCTGTTT-1,0.07963783921528195,-0.07573471186187797,S
ACTGTCCCATGACAGG-1,-0.032421301711436756,-0.19791815349285957,G1
ACTGTCCGTAACATGA-1,-0.007116411135637157,-0.01012810426830918,G1
ACTGTCCGTCTGGTTA-1,0.027563286610910565,-0.08032224215475431,S
ACTGTCCTCGGCTCTT-1,0.30265414719309575,-0.32950584415682616,S
ACTGTGAAGACATGCG-1,-0.047980853966960446,-0.09259916005622215,G1
ACTGTGAAGCGTTCAT-1,-0.009049167814365544,-0.08895288412510155,G1
ACTGTGAAGCTAAACA-1,0.09534960335764608,-0.1530167900727169,S
ACTGTGAAGGAGGGTG-1,-0.08374736822958784,-0.1326590942129267,G1
ACTGTGAAGTGCAACG-1,-0.01653455745512994,-0.17230651777833839,G1
ACTGTGACAATTGCGT-1,0.0827116401324425,-0.1800294155254147,S
ACTGTGACAGCTGCCA-1,-0.060757337581321125,-0.1137923179955248,G1
ACTGTGAGTACTGACT-1,-0.01686546199616107,-0.08571463460341144,G1
ACTGTGAGTCGAATTC-1,-0.08913635795230124,-0.1039150501636266,G1
ACTGTGAGTGGGCTCT-1,-0.0618467528367746,-0.008459985552694171,G1
ACTGTGAGTGTACGCC-1,-0.027793214299321634,-0.05070934788695913,G1
ACTGTGATCGGTAGAG-1,-0.012106256351085143,-0.21519244652466252,G1
ACTGTGATCGTCGCTT-1,-0.01496800185224928,-0.2640044347153734,G1
ACTGTGATCTAGCAAC-1,0.05537443320939256,-0.10768185414577652,S
ACTTAGGCACTTCATT-1,-0.03376048123951553,-0.20541072674542332,G1
ACTTAGGCAGATCCAT-1,0.20777071202772457,-0.17932951202120925,S
ACTTAGGCAGGACATG-1,-0.030166136773943086,-0.26520609862726224,G1
ACTTAGGCATTCAGGT-1,-0.023991841322249297,-0.08167185726874537,G1
ACTTAGGGTAAGATAC-1,-0.06850864740313073,-0.21044707183008274,G1
ACTTAGGGTATAGGGC-1,-0.05370996856841426,-0.07885529706871497,G1
ACTTAGGGTCCGTACG-1,-0.06978101232939488,-0.210877474963175,G1
ACTTAGGGTGCCTTCT-1,-0.16424614663096015,-0.02046370458430624,G1
ACTTAGGGTTTCCATT-1,-0.01876180570403574,-0.16414916336618596,G1
ACTTAGGTCAAGCCTA-1,-0.013877731494543938,-0.09241351389176264,G1
ACTTAGGTCAGTGTTG-1,0.07290297359543002,0.06227823710571845,S
ACTTAGGTCCATCCGT-1,0.009581425469846833,-0.15496561601033662,S
ACTTAGGTCTTCTCAA-1,0.00011836294557771021,-0.015454056879147138,S
ACTTATCAGAGAGGGC-1,-0.06905920333823828,-0.16821057223080196,G1
ACTTATCAGTGAACAT-1,-0.01730506270321236,-0.005311695085760237,G1
ACTTATCCAGCGACAA-1,-0.005255140733571584,-0.06168934616992522,G1
ACTTATCGTCGTATGT-1,0.11507507733816813,-0.19817567830011434,S
ACTTATCGTCTTACTT-1,-0.02527317226876047,-0.05806071045881722,G1
ACTTATCGTGTCATTG-1,-0.019975940790788738,-0.17407554042338702,G1
ACTTATCTCAATCTCT-1,-0.0643607195075363,-0.13559216091229315,G1
ACTTATCTCCGTGTGG-1,-0.06295670191142466,-0.2113504694928556,G1
ACTTATCTCGGAGCAA-1,-0.05796526321463574,-0.016050304521836978,G1
ACTTATCTCGTACACA-1,0.005222364497576487,-0.04790080304215974,S
ACTTCCGCATTGAGCT-1,-0.10382251981274099,-0.32371969728881156,G1
ACTTCCGGTAAGATAC-1,-0.0664611810844925,-0.19121784165395217,G1
ACTTCCGGTCGGCCTA-1,0.09584557786041753,-0.0914319909636595,S
ACTTCCGGTGACGTCC-1,-0.008945308190619616,-0.17142376751490487,G1
ACTTCCGGTGCCGTAC-1,-0.03066707495346982,-0.06762361818618912,G1
ACTTCCGGTTCAATCG-1,-0.04187496055209755,0.023634793648406816,G2M
ACTTCCGTCACGGAGA-1,1.3853940112940055e-05,-0.07575427824001113,S
ACTTCCGTCACGGGCT-1,-0.05523151833864942,-0.07293845841803592,G1
ACTTCCGTCATGCCCT-1,0.029410841135995014,-0.042288854801176,S
ACTTCGCAGACGTCCC-1,-0.0042798768030095635,-0.1032551008451566,G1
ACTTCGCAGAGGTCAC-1,-0.0697643618510303,-0.14959725465884893,G1
ACTTCGCAGGAATCGC-1,-0.05355527946685601,-0.1255737784279499,G1
ACTTCGCCAACACAGG-1,0.04055178221766442,-0.13612108422181268,S
ACTTCGCCAACAGATA-1,-0.015661469877437384,-0.16986212218473384,G1
ACTTCGCCACAAGGTG-1,0.12764327582402968,-0.0720220917882875,S
ACTTCGCCACTCCGAG-1,0.06560001035974011,-0.25359775329550427,S
ACTTCGCCACTTCATT-1,0.005570556563542439,-0.03161596375086989,S
ACTTCGCGTACTCGAT-1,-0.06806142030854384,-0.19353726689490475,G1
ACTTCGCGTTCCACAA-1,-0.09411132757662749,-0.15833217331616284,G1
ACTTCGCGTTCGGCCA-1,-0.1015238726032116,-0.1739359297476147,G1
ACTTCGCTCAATCGGT-1,-0.021744120606557227,-0.11758813289919112,G1
ACTTCGCTCATACAGC-1,0.03329205628086779,-0.2568197321775682,S
ACTTCGCTCCGCGAGT-1,-0.09824432748500994,-0.16353211922151445,G1
ACTTTCAAGACCAAGC-1,0.0901311253372305,-0.1332385200480647,S
ACTTTCACAGCTGCCA-1,-0.030234487691848888,-0.03264202939345229,G1
ACTTTCACATGTGGTT-1,0.19254623925180525,0.03996405156149391,S
ACTTTCACATTCTTCA-1,-0.020040927931437358,-0.1915411267438628,G1
ACTTTCAGTGTCATTG-1,-0.06352172729924677,-0.17568986834873504,G1
ACTTTCATCACCCATC-1,0.08309204190673036,-0.2030879513391299,S
ACTTTCATCAGGAGAC-1,-0.07223329206952456,-0.042529726636837795,G1
ACTTTCATCATCACAG-1,-0.08110165979460868,-0.07799478716015756,G1
ACTTTCATCCGCAACG-1,-0.08967861307602415,0.26713581307256906,G2M
ACTTTCATCCGGTTCT-1,-0.05615430790013326,-0.2207475361146478,G1
ACTTTGTAGCAAGGAA-1,-0.0398870294485652,-0.20777235223717108,G1
ACTTTGTCAGATCCAT-1,-0.0878615409181161,-0.10012695294256463,G1
ACTTTGTGTCTTCATT-1,0.011375613712154897,-0.1335924683481425,S
ACTTTGTGTGCATTAC-1,0.09180630008824364,-0.044305234743301114,S
ACTTTGTTCCCGAGAC-1,0.06301502029563999,-0.07849147310513799,S
ACTTTGTTCCTACAAG-1,-0.10530445272296535,-0.16810425591290284,G1
ACTTTGTTCTCAGTCC-1,0.09579181041855994,-0.09383489252782609,S
ACTTTGTTCTCATTGT-1,-0.026969357577107833,-0.0696001825709997,G1
AGAAATGAGACTAGAT-1,0.0021375854274390815,-0.1601034379189782,S
AGAAATGAGAGGTCAC-1,0.020751188022450018,-0.1591684946563509,S
AGAAATGAGATGTTAG-1,-0.044634125243316,-0.06498974451934594,G1
AGAAATGAGCAGATAT-1,0.036477238400962786,-0.12941746364421258,S
AGAAATGCAAGCACCC-1,-0.04373056975142592,-0.0724596381405912,G1
AGAAATGCAGTTCCAA-1,-0.09182565204499876,-0.05714544188701015,G1
AGAAATGGTAGCGCTC-1,-0.026343522703206446,-0.19796747102075432,G1
AGAAATGGTATGTGTC-1,-0.008498829126607599,-0.1985091550695626,G1
AGAAATGGTGACAACG-1,-0.08889204765838221,-0.09868391238498508,G1
AGAAATGTCACAAGGG-1,-0.030264872638834095,-0.15385159560955883,G1
AGAAATGTCAGCCTTC-1,-0.02833944339407768,-0.02422697980669436,G1
AGAAATGTCCCATTTA-1,0.01079462455646596,-0.2074260416710522,S
AGAAATGTCTAGTGTG-1,0.07552979916496955,-0.18234536850165078,S
AGAACAACAACGACAG-1,-0.09239316384635846,-0.12683266100110213,G1
AGAACAACAAGACGAC-1,0.09067477698408175,-0.19112952745976372,S
AGAACAACACGTGTGC-1,-0.05279963656941472,-0.16389877700918853,G1
AGAACAACATACCATG-1,-0.019947594311994943,-0.09851518209216137,G1
AGAACAACATTGGCAT-1,-0.0354131765320051,-0.2728881223963328,G1
AGAACAAGTAGAGGAA-1,-0.00042954615439294574,-0.19201895797100554,G1
AGAACAAGTCAAAGCG-1,-0.08368700080419661,-0.18793014740728767,G1
AGAACAAGTGTTGCCG-1,-0.09512007289982194,-0.13668138883114403,G1
AGAACAATCAGGACAG-1,0.05271813770869899,-0.11337501885822587,S
AGAACAATCTTCCAGC-1,-0.06836050870201199,-0.04702640059581342,G1
AGAACCTAGGATGCGT-1,-0.04222313986258214,-0.10448594326610339,G1
AGAACCTAGTCATAGA-1,-0.002244006752779415,-0.08862491757010021,G1
AGAACCTCACTGTCCT-1,0.06986729496446181,-0.15881500628986073,S
AGAACCTCAGCATACT-1,-0.08274348678646093,-0.07717225354063989,G1
AGAACCTCATCGGAAG-1,-0.027602101880258134,-0.18463344126874753,G1
AGAACCTGTAGTCTTG-1,-0.035010105745303555,-0.1909339341099766,G1
AGAACCTGTCAAGCGA-1,-0.045893779243465604,-0.10293377951569627,G1
AGAACCTGTGGCCTCA-1,0.025706397013451038,-0.12720876281614704,S
AGAACCTTCGAACCTA-1,0.013114433982608198,0.01381736988275828,G2M
AGAACCTTCTCTGCTG-1,0.10272234014349874,0.10837175056559123,G2M
AGAAGCGAGAGACAAG-1,0.04925146086779045,-0.08087183121534783,S
AGAAGCGCAACTTGGT-1,-0.05386413309473803,-0.018406342696883904,G1
AGAAGCGCAATTCACG-1,-0.0696316874008408,-0.09924363118697144,G1
AGAAGCGCACACCGAC-1,-0.09351077751032177,-0.10020390312260474,G1
AGAAGCGGTCCGGTCA-1,0.014800597815249061,-0.042143376297653024,S
AGAAGCGGTTGTCTAG-1,-0.03348955659327457,-0.03796440863441608,G1
AGAAGCGTCATGGATC-1,-0.011845736523991235,-0.063903665475188,G1
AGAAGTAAGAATCGAT-1,-0.013565703222962078,-0.13229990906850475,G1
AGAAGTAAGAATTGCA-1,-0.0003861800396876003,-0.11857410684286984,G1
AGAAGTAAGACGCTCC-1,-0.055130185205549326,-0.10807521669525877,G1
AGAAGTACAATTGAAG-1,0.04930407439933221,-0.03510837434417752,S
AGAAGTACAGTATACC-1,-0.06729272567598549,-0.11922748917827386,G1
AGAAGTACATACCATG-1,-0.0432412320436345,-0.1630984677814508,G1
AGAAGTACATTGCTGA-1,-0.004977883807239514,-0.18739841698147897,G1
AGAAGTAGTATACCTG-1,0.019212265448237786,-0.10279937795275798,S
AGAAGTAGTCTAACTG-1,-0.024741750396392648,0.019423052034219457,G2M
AGAAGTAGTTGTGTTG-1,-0.1017493427924619,-0.18252889673028194,G1
AGAAGTATCATCGACA-1,0.00591913942577138,-0.10495994881406942,S
AGAAGTATCTGTTCAT-1,-0.05334670038028583,-0.2193929625700213,G1
AGACAAAAGAGGCGTT-1,0.01912463606713649,-0.10009793844225184,S
AGACAAAAGCCTCAGC-1,0.06610107392775044,-0.056311498116001224,S
AGACAAACACACGGTC-1,0.1551858060819017,0.06783488908166163,S
AGACAAACACAGTACT-1,-0.12932313760820197,-0.14431763088147817,G1
AGACAAACAGACACCC-1,0.09548698422479968,-0.1358917100766649,S
AGACAAACAGATCCAT-1,0.0938492248735105,-0.11769906360055676,S
AGACAAACAGGATCTT-1,-0.11047399247180839,-0.12649895555489127,G1
AGACAAATCCTCACGT-1,-0.02837560688129559,-0.11407439322907148,G1
AGACAAATCGAAGGAC-1,-0.03327773266744033,-0.23710231983415925,G1
AGACAAATCTGGTTGA-1,-0.009318524506394976,0.03127981909695515,G2M
AGACACTAGAAACCAT-1,-0.029793753218119,-0.06228322468273695,G1
AGACACTAGAGTCTGG-1,-0.07121566118746558,-0.17901693067833135,G1
AGACACTAGGGCTGAT-1,0.06346191778470794,-0.190698971616103,S
AGACACTCAATTCTCT-1,0.021058833614095218,0.010895616341179859,S
AGACACTCAGAGTAAT-1,-0.021103701480608694,-0.12431274090339567,G1
AGACACTCAGTTTGGT-1,0.056599600203210754,-0.05366468929764634,S
AGACACTGTCGAAGCA-1,-0.00722952263821286,0.021311205501628572,G2M
AGACACTTCATTCCTA-1,-0.10003917556885494,-0.19790682758456937,G1
AGACACTTCGAGAAAT-1,-0.1274142412294818,-0.12734674582205818,G1
AGACACTTCGATCCAA-1,0.00846511417448259,-0.15905323507623798,S
AGACAGGAGAGGCGGA-1,-0.06528556616118436,-0.09228769982539212,G1
AGACAGGAGCCGATAG-1,-0.12811383568489476,-0.17434128209707442,G1
AGACAGGAGGGAGTTC-1,-0.089579695368732,-0.14416664817255695,G1
AGACAGGCAAGAATGT-1,0.007770787215548192,-0.16366879508455093,S
AGACAGGCAGAAGTTA-1,-0.00755149940927452,-0.07774544404725814,G1
AGACAGGCAGTCAGTT-1,-0.0457528341488474,-0.201104089934255,G1
AGACAGGGTACACGTT-1,0.021019977394640843,0.0030484878912633295,S
AGACAGGGTTCGGTAT-1,-0.06933212556723034,-0.20059610089373023,G1
AGACAGGTCAACTGAC-1,-0.040370873731041146,-0.22627686424695478,G1
AGACAGGTCAGGAAAT-1,0.1282016983829889,-0.041671036704346076,S
AGACAGGTCCTTACCG-1,-0.031228783899965806,-0.1255503616811068,G1
AGACAGGTCTTCTTCC-1,0.002072210594523005,-0.14113772256461793,S
AGACAGGTCTTTCTAG-1,0.004824865107909915,-0.010360434599097357,S
AGACCATAGAGCAAGA-1,-0.11401366658850776,-0.08946874494454238,G1
AGACCATAGTAACAGT-1,0.06043877172944789,-0.12528860056108793,S
AGACCATCAAATGGAT-1,0.06730378024868411,-0.07535751646654859,S
AGACCATCACACCTTC-1,-0.15434766722986665,-0.05557186718026014,G1
AGACCATCAGGGAGAG-1,-0.049561694512658294,-0.14858895715744092,G1
AGACCATCAGGTACGA-1,0.15451013196940921,-0.1189869810481925,S
AGACCATGTCACTCTC-1,-0.0195834705366153,-0.24858242961936877,G1
AGACCATGTGCCGGTT-1,-0.03655854630129057,-0.26239935428321826,G1
AGACCATGTTCCACGG-1,0.09989580934160391,0.020188208010688824,S
AGACCATGTTCGGGTC-1,-0.05113451129473387,-0.08095106633200172,G1
AGACCATGTTTAGTCG-1,-0.1337163154676773,0.037445165968964134,G2M
AGACCATTCAGACAAA-1,-0.04307837505283105,0.11073912630082344,G2M
AGACCATTCAGCCCAG-1,-0.09272114358299183,-0.187365191003584,G1
AGACCATTCGAAACAA-1,0.07955579725235895,-0.18854096555327823,S
AGACCATTCGACCCAG-1,-0.1197885795599502,-0.06387836155413606,G1
AGACCATTCGGAGTAG-1,0.01908534675948087,-0.3145397380965817,S
AGACCATTCGGTCAGC-1,-0.040516358225033855,-0.0035382892474878913,G1
AGACCATTCGTCTACC-1,0.08567549507274036,0.005843646839314931,S
AGACCATTCTGTAAGC-1,-0.06889205179186958,-0.049233108217425325,G1
AGACCCGAGCATCAGG-1,0.035923391648658376,-0.12508828644187137,S
AGACCCGCAATTCACG-1,0.05798561627459631,-0.16109557489116794,S
AGACCCGCAGCAGTAG-1,0.0015919804944386495,-0.23245278002860284,S
AGACCCGCAGCAGTCC-1,0.14363907673016374,-0.1348266060415204,S
AGACCCGCAGTATGAA-1,-0.04938070613048495,-0.06156235130051324,G1
AGACCCGGTACGTAGG-1,-0.0915687833572425,-0.17466360542292433,G1
AGACCCGGTCGCACGT-1,0.07303083955247108,-0.052185823390848096,S
AGACCCGGTGGCTTAT-1,-0.04000614414304571,-0.1476155809846536,G1
AGACCCGTCAACTTTC-1,-0.07951500221590097,-0.18806607730768202,G1
AGACCCGTCAGTGGGA-1,-0.06920983765171462,-0.1377074375118964,G1
AGACCCGTCTCTGACC-1,0.010902024707377667,-0.1395631289828761,S
AGACCCGTCTTAGCCC-1,-0.12003367513238977,-0.1656904033318456,G1
AGACTCAAGCTACTGT-1,-0.0669699601182418,-0.08658018420624924,G1
AGACTCACACAACGAG-1,0.06645666114975618,-0.03506895426882567,S
AGACTCACAGGCACTC-1,-0.07093269581946526,-0.04645520306261086,G1
AGACTCACATACCGTA-1,-0.08359022794160725,-0.16177948498345956,G1
AGACTCATCCATTGTT-1,-0.04135653410642909,-0.14025325586052875,G1
AGACTCATCCTGATAG-1,0.04943663110786012,-0.1696305286864957,S
AGACTCATCGACGACC-1,0.0038491296287028742,-0.0795496084248446,S
AGAGAATAGAAATGGG-1,-0.08303281844916949,-0.1417657326073146,G1
AGAGAATAGCACTCAT-1,0.0505721247718936,-0.2025546521729191,S
AGAGAATAGCAGAAAG-1,0.1357925045598935,-0.11423423322586695,S
AGAGAATAGCTATCTG-1,0.0331413609544805,-0.21186237244653205,S
AGAGAATAGGGAGGGT-1,-0.10108184261553932,-0.26655903629576433,G1
AGAGAATAGGGTTTCT-1,0.023379924990366396,-0.1148728977280804,S
AGAGAATAGTCGGGAT-1,-0.13259462082567036,-0.17098561155209918,G1
AGAGAATCAGAAGCTG-1,-0.06308800619011401,-0.19389934643663242,G1
AGAGAATCAGCTTTGA-1,-0.03965653867597596,-0.1436712233954025,G1
AGAGAATGTGTCCCTT-1,-0.08031877139909993,-0.2068845882132464,G1
AGAGAATGTTCGAAGG-1,0.004355984540927171,-0.045676794670173826,S
AGAGAATTCAACGCTA-1,0.005988647293321714,-0.2607208646652746,S
AGAGAATTCCTCTCTT-1,-0.06822008174830424,-0.13717704554759164,G1
AGAGAATTCTCTCGCA-1,-0.05337511923714064,-0.16733250513862952,G1
AGAGAGCAGACCGTTT-1,-0.11905911744163034,-0.16010426157479174,G1
AGAGAGCAGCAACAAT-1,-0.029349302712146252,-0.09028437669720835,G1
AGAGAGCAGCCATCCG-1,0.005888150169668149,0.1926033925937724,G2M
AGAGAGCAGGTCCAGA-1,-0.012407498594076305,-0.13158652935288084,G1
AGAGAGCAGTACTGGG-1,-0.07243122131530533,-0.0880741883216421,G1
AGAGAGCAGTATGATG-1,0.032807911298830705,-0.023838912244512456,S
AGAGAGCCAAAGGAGA-1,-0.10305569292862321,-0.034504504947270476,G1
AGAGAGCCACTGAGGA-1,0.21871667763863534,-0.14480617716215322,S
AGAGAGCGTAGCTGAG-1,-0.015088432543809038,-0.23151641176418275,G1
AGAGAGCGTGAGATCG-1,-0.09207009084756351,-0.013735518948963132,G1
AGAGAGCGTGATCATC-1,-0.0042522746849626425,-0.17785673462073062,G1
AGAGAGCTCATGGATC-1,0.03566312101420083,-0.19258726960030167,S
AGAGAGCTCCATGAGT-1,-0.0262087095839717,-0.2112924672666203,G1
AGAGAGCTCCGTGGCA-1,0.011488953584730677,-0.1412974877562473,S
AGAGAGCTCTAAGAAG-1,0.0061328631261661215,-0.06762496809151852,S
AGAGAGCTCTATTTCG-1,0.01984775859804261,-0.02710088460832788,S
AGAGCAGAGAATTGCA-1,-0.0326738519493292,-0.036047675065986134,G1
AGAGCAGAGACTTAAG-1,0.10952446158518792,0.04443193698369241,S
AGAGCAGAGAGAAGGT-1,-0.07210678031134035,-0.16057162321221632,G1
AGAGCAGAGGCATCTT-1,-0.10285334546862435,-0.1726785867559973,G1
AGAGCAGAGGCTTCCG-1,0.08541271039595211,-0.07648649763836673,S
AGAGCAGAGTAGGGTC-1,-0.017581727736408315,-0.16990965780496844,G1
AGAGCAGCAATCCTAG-1,0.0072290094119619175,-0.1523587646319251,S
AGAGCAGCACAAAGCG-1,-0.046617840183335424,-0.09248976828721428,G1
AGAGCAGCACAAATAG-1,-0.11359563721113886,0.008302441478584943,G2M
AGAGCAGCAGGGACTA-1,-0.06807823284133857,-0.24498379978509316,G1
AGAGCAGCATCGGATT-1,-0.07846036685785152,-0.09953242578540261,G1
AGAGCAGGTATCGCGC-1,-0.09979147618071582,-0.16599967600261312,G1
AGAGCAGGTTGAAGTA-1,-0.007132871138613106,-0.20148392335190846,G1
AGAGCAGTCATTGTGG-1,0.006095431495132475,-0.13866267226672951,S
AGAGCAGTCCAACCGG-1,-0.04470609406194115,-0.07251716038365663,G1
AGAGCAGTCCCTTGTG-1,-0.1095530955877288,-0.18873088133827615,G1
AGAGCAGTCGCTCATC-1,-0.016830786777771,-0.15079090770980907,G1
AGAGCCCAGAGAGTGA-1,-0.10145421941370669,-0.24291458102917002,G1
AGAGCCCAGCGACAGT-1,-0.09004503540854897,-0.14330432511261518,G1
AGAGCCCAGGAACTCG-1,-0.0419225401789865,0.0037497276972107696,G2M
AGAGCCCCATGACTCA-1,0.06101894395232918,-0.1478631083827518,S
AGAGCCCGTATGTCAC-1,0.10100892200196998,-0.15849220725042815,S
AGAGCCCGTGCCTGCA-1,-0.09042298704724627,-0.05543058479046348,G1
AGAGCCCGTTCTCACC-1,-0.06804771991920677,-0.16451187121138433,G1
AGAGCCCTCATAGAGA-1,-0.03777865738765468,-0.040714101921383694,G1
AGAGCCCTCTACCACC-1,0.004146731240674328,-0.14916554169462337,S
AGAGCCCTCTACTCAT-1,-0.03926483950601045,-0.013076424014018428,G1
AGATAGAAGGGACTGT-1,-0.019252796903747094,-0.2273872747949428,G1
AGATAGAAGTCCTACA-1,-0.06864756242004522,-0.16374398186679842,G1
AGATAGACATACCACA-1,-0.012058431799553737,-0.15257719461815467,G1
AGATAGACATGGAACG-1,-0.0014704816081046457,-0.15267925579715624,G1
AGATAGAGTCTCGGAC-1,0.04899929647916812,-0.07045727879058133,S
AGATAGAGTGAAGCGT-1,-0.0064826071090336446,-0.2519610365618148,G1
AGATAGATCACGGACC-1,-0.02339152303710526,-0.11955286197150669,G1
AGATAGATCCTTCTAA-1,-0.11217432243860653,-0.1558969562864694,G1
AGATAGATCGGAATTC-1,0.022399534261620557,0.0092655730389401,S
AGATAGATCTAGCAAC-1,-0.03516692480208633,-0.12878591971492032,G1
AGATCCAAGAATAGTC-1,-0.06835998871810428,-0.060319030515630756,G1
AGATCCAAGCCTATCA-1,0.041265313499569356,-0.049936052612386705,S
AGATCCACAACTACGT-1,-0.04236622280174668,-0.19369600568774725,G1
AGATCCACATGGTACT-1,-0.034767076997347435,-0.06812423959200431,G1
AGATCCAGTAATGCTC-1,0.07168896271699576,-0.20302956889907584,S
AGATCCAGTATTCTCT-1,-0.10886848908160696,-0.09849169533407481,G1
AGATCCAGTGGGTTGA-1,-0.11587880497309444,-0.19923559697564514,G1
AGATCCAGTTCTCCCA-1,0.14254472875707658,0.05166446920227147,S
AGATCCAGTTTCACAG-1,-0.1318256037170826,-0.08266249610685555,G1
AGATCCATCCGGACGT-1,-0.004189773569852284,-0.1632411095146118,G1
AGATCCATCTCCGAAA-1,-0.03943458408492789,-0.09954837591468785,G1
AGATCGTAGCACGTCC-1,-0.08697561065616788,-0.1484022906864711,G1
AGATCGTAGGCGCTCT-1,-0.054112934304269056,0.01499404512393776,G2M
AGATCGTAGTGAGTGC-1,-0.0571318802979926,-0.09098322671613246,G1
AGATCGTCAACGGCTC-1,-0.014367249298739115,0.006017196289337334,G2M
AGATCGTCACATGGTT-1,-0.038813453930493014,0.04634432845679698,G2M
AGATCGTCACTTGGCG-1,0.012069148440912336,-0.06348701907704818,S
AGATCGTCAGGAGACT-1,-0.0785714831056728,-0.20165029676598942,G1
AGATCGTCATAACGGG-1,-0.03420616160669332,-0.180443281927051,G1
AGATCGTCATCATCTT-1,0.0800215265526078,-0.14257824611312597,S
AGATCGTGTGAATTGA-1,0.024647587654493708,-0.11935968215780185,S
AGATCGTGTGCAGTGA-1,-0.02101017402311589,-0.22025617292176894,G1
AGATCGTGTTATTCCT-1,-0.024621522272870566,-0.15366308478509427,G1
AGATCGTTCGTGCAGC-1,0.00019812234016558516,-0.13392785740995622,S
AGATGAAAGACTCGAG-1,-0.037617924144084824,-0.11570390488863252,G1
AGATGAAAGCAACTCT-1,-0.042248734924225095,-0.16045640486316615,G1
AGATGAACAGCCGTTG-1,0.03956799267854588,-0.17860572256915508,S
AGATGAAGTAATGTGA-1,-0.05520164268942079,-0.13976181881128105,G1
AGATGAAGTCGAGATG-1,-0.009151303103961561,-0.11885522320036124,G1
AGATGAAGTTATCTGG-1,-0.053094924201263494,-0.11105660851397528,G1
AGATGAAGTTGAATCC-1,-0.055006224980141016,-0.2757082291419105,G1
AGATGAATCCAAGAGG-1,0.04057765877289654,-0.10306930215739124,S
AGATGAATCCATTTGT-1,0.015621151627616903,-0.21602530155924612,S
AGATGAATCTGCGATA-1,-0.09242689483579333,-0.0755788932503203,G1
AGATGCTAGCCTGGAA-1,-0.040729225190345664,-0.17695019971851433,G1
AGATGCTAGGATGGCT-1,0.07737025266991826,-0.13519857324819912,S
AGATGCTAGGCCACCT-1,-0.1351417100057551,-0.2087477517948201,G1
AGATGCTCAGCGATTT-1,0.009075911742331633,-0.1750686926418356,S
AGATGCTCATCGCTGG-1,0.09529861169607051,-0.2621322104537751,S
AGATGCTCATTGCCGG-1,-0.017553469430485802,-0.24715484574164312,G1
AGATGCTGTCGTACTA-1,-0.018374511944307004,-0.19568014184014534,G1
AGATGCTGTGAGTTTC-1,0.07002466362244242,-0.014872716238163608,S
AGATGCTGTGGCAACA-1,-0.1188936454963101,-0.12585467755250423,G1
AGATGCTGTGTAACGG-1,0.12961289691095296,-0.10283056907699753,S
AGATGCTTCTCATGGA-1,0.0018104780266991471,-0.11927107689511438,S
AGCATCAAGCAGCCTC-1,0.009371013926617822,-0.05847118894297282,S
AGCATCAAGCTGAAAT-1,-0.057787704989955974,-0.037076906961230616,G1
AGCATCAAGTGTTGAA-1,0.006003040067648235,-0.16047459811540765,S
AGCATCACAACTGCTA-1,-0.05708371663495615,-0.09405209323913083,G1
AGCATCACACCAGTAT-1,0.01768643698191419,-0.10975136155243051,S
AGCATCACAGCACACC-1,0.06504743792690906,-0.14412951765296295,S
AGCATCAGTACTTCCC-1,0.06601076503872663,-0.07527967718033604,S
AGCATCAGTCGCAGTC-1,-0.014620383168613138,-0.13138077974115553,G1
AGCATCAGTGTAGTGG-1,-0.10465698755963415,0.06151971292181957,G2M
AGCATCAGTTCAGCGC-1,0.16072394241509613,-0.06402312298339385,S
AGCATCATCACGGAGA-1,-0.10529392165850249,-0.12947668842888743,G1
AGCATCATCACTTTGT-1,-0.07708294054426218,-0.14836876024455914,G1
AGCCAATAGAACTCCT-1,0.0022049133525045006,-0.05667749229496272,S
AGCCAATAGGCGAACT-1,0.06992884758262319,-0.07906991611957642,S
AGCCAATAGGGACAGG-1,-0.06278263807431134,-0.05089116708637215,G1
AGCCAATCACTTGTCC-1,-0.022034295036369,-0.17324120236889615,G1
AGCCAATCAGCGTTGC-1,0.042285218510975775,0.04890213221097778,G2M
AGCCAATGTACGTAGG-1,0.15640264977653473,-0.08751558172632667,S
AGCCAATGTCTTGAGT-1,-0.01566338979563514,-0.09591348138816896,G1
AGCCAATGTGAACCGA-1,-0.17113602575223014,-0.08127084669834544,G1
AGCCAATGTTGGACCC-1,-0.08154630308780009,-0.12286685921431628,G1
AGCCAATTCAAATGAG-1,0.008233422575979421,-0.17597079460555923,S
AGCCAATTCTTGGTGA-1,-0.024827402047380542,-0.1781166715283877,G1
AGCCACGAGAAGTATC-1,-0.031539639055259916,-0.11623350615534112,G1
AGCCACGAGGATATGT-1,-0.10794844668544684,0.02549388865456792,G2M
AGCCACGAGGTTACAA-1,-0.03896584352107413,-0.1367684403385987,G1
AGCCACGAGTCTCTGA-1,-0.007248544439783122,-0.07659544448808592,G1
AGCCACGAGTTCCTGA-1,0.009699927933554231,-0.1549837044912349,S
AGCCACGCAAATGAAC-1,-0.06558162290491065,-0.03299678265637496,G1
AGCCACGCAGCTCTGG-1,-0.04478780971734048,-0.11133353747169328,G1
AGCCACGCAGGAGACT-1,-0.007689463504243488,-0.19228752781345962,G1
AGCCACGCATAGATCC-1,0.07752099161390857,-0.18939889584879674,S
AGCCACGGTACTCGAT-1,-0.07609291520757844,-0.27135435741262703,G1
AGCCACGGTAGCGAGT-1,-0.052944818456182374,-0.14454712868652322,G1
AGCCACGGTCGACTGC-1,-0.10661341170265226,-0.14862375832173283,G1
AGCCACGGTTCCTAGA-1,0.031578135292072984,-0.18942762218110007,S
AGCCACGTCAACCGAT-1,0.03756731385361928,0.0036388150396369223,S
AGCCACGTCGCCGAGT-1,-0.02627331818267281,-0.04353263094211596,G1
AGCCAGCAGCGCCTAC-1,0.0025970888564414707,-0.09634781686105265,S
AGCCAGCAGCGCTGCT-1,0.04700065963059458,-0.16008658128890574,S
AGCCAGCAGTCACTGT-1,0.010478033088210936,-0.14687684729476586,S
AGCCAGCCACAATGTC-1,0.002324737115950104,-0.07023997234665208,S
AGCCAGCCATACAGAA-1,-0.09289279713528964,-0.18717438652855276,G1
AGCCAGCCATGAAGCG-1,-0.008711866294337678,-0.16834714995159117,G1
AGCCAGCGTATAGCTC-1,0.19611451768908866,-0.10275519176962084,S
AGCCAGCGTCTACATG-1,-0.044310169998475424,-0.1109804288571074,G1
AGCCAGCGTCTGTGTA-1,0.023653437754496576,-0.14409173397807068,S
AGCCAGCGTGTTGAGG-1,0.025383961918058418,0.004476822592135887,S
AGCCAGCGTTGTGCAT-1,-0.027459996327833663,-0.06542264040059967,G1
AGCCAGCTCGTGGGTC-1,-0.04717529497470707,-0.1492703369575008,G1
AGCCAGCTCTAGATCG-1,-0.08938433770236459,-0.23919623103632914,G1
AGCGATTAGTCACGCC-1,-0.10236899924421436,-0.10282136958128928,G1
AGCGATTCAAATCCCA-1,-0.031265284332358534,-0.17316560480741242,G1
AGCGATTCACCGTACG-1,-0.12698545364631497,-0.16458853185847874,G1
AGCGATTCACGTAGTT-1,-0.08634348805744363,-0.028324036711977973,G1
AGCGATTCAGACCAGA-1,0.02643693996886004,-0.045093842056096234,S
AGCGATTCATCGATCA-1,-0.05959031160747713,-0.28292820246531364,G1
AGCGATTGTATCGCAT-1,-0.09860272537491344,-0.12312179142499191,G1
AGCGATTGTTCGGGTC-1,0.017186568419826298,-0.09705981913958378,S
AGCGATTGTTGGTAGG-1,-0.058671767180130674,-0.11547627504881514,G1
AGCGATTTCAGGAGAC-1,0.031180940174795668,-0.119086578500574,S
AGCGATTTCCCTCGTA-1,-0.014929931800480772,-0.08542160364227938,G1
AGCGATTTCGGACTTA-1,-0.09301452036612956,-0.080852760658639,G1
AGCGATTTCTTCACAT-1,-0.02088771157252156,-0.18034431758870828,G1
AGCGCCAAGAAACACT-1,-0.07225257205238467,-0.2938337743021191,G1
AGCGCCAAGCATTGAA-1,0.2641594474397012,-0.24963653454858725,S
AGCGCCAAGGGTACAC-1,0.024580812078955405,-0.20024974489354358,S
AGCGCCAAGTATAGGT-1,-0.06365539531898612,-0.08832217793377023,G1
AGCGCCACAAAGGGCT-1,0.12542562044078942,-0.2213250929025964,S
AGCGCCACACCAGCTG-1,-0.025730191078722653,-0.194748176102772,G1
AGCGCCACACCTGTCT-1,0.013757654027968635,-0.053608995603112275,S
AGCGCCACATCGCTCT-1,-0.08261183363161417,-0.20314675312256297,G1
AGCGCCACATTCAGCA-1,0.15796732768848926,-0.24517473574343693,S
AGCGCCAGTACAAACA-1,-0.015342914129716001,0.08068857803386009,G2M
AGCGCCAGTAGCGTAG-1,-0.08237985446086404,-0.2725176935477399,G1
AGCGCCAGTATTGGCT-1,-0.02931474331158712,-0.03028435692360959,G1
AGCGCCATCTCCCATG-1,-0.07158053669558137,-0.18843621777603445,G1
AGCGCTGAGAGAATCT-1,0.06599451806360646,-0.1355314097793071,S
AGCGCTGAGCTAAGTA-1,-0.05966885782483572,-0.17324546573070237,G1
AGCGCTGAGTAAACAC-1,-0.137037752496736,-0.1772330342061862,G1
AGCGCTGCAACCAATC-1,-0.05803810383565522,0.05127912485441177,G2M
AGCGCTGCAATTTCCT-1,0.059650165758117546,-0.20956747792352337,S
AGCGCTGCACTTCAAG-1,-0.025469471916919673,-0.16885623352952042,G1
AGCGCTGCAGAAGCGT-1,0.010380599478752639,-0.03273436503529942,S
AGCGCTGCATCTTCGC-1,-0.0977714688568333,-0.14200629773180823,G1
AGCGCTGGTAGGATAT-1,-0.06224318553516467,-0.22305583975496657,G1
AGCGCTGGTCCAATCA-1,0.025521049586973266,-0.09333929665091606,S
AGCGCTGGTGTTAGCT-1,0.1682437714352616,-0.25373510243832614,S
AGCGCTGTCCCATGGG-1,0.0644037385405816,-0.09361269543399928,S
AGCGCTGTCCCGAACG-1,-0.04736166798068797,-0.08529668663866102,G1
AGCGCTGTCCGAGCTG-1,0.06821570873602018,-0.21337506408755325,S
AGCGCTGTCTGGGCCA-1,-0.05912477892594131,-0.1538438644690157,G1
AGCGTATAGTGGAATT-1,-0.03216235845537513,-0.11314679775131842,G1
AGCGTATCAATTTCTC-1,0.06496650797036302,0.01154084786807319,S
AGCGTATCAGACAAAT-1,0.08408227104011667,-0.05912911222993633,S
AGCGTATGTACCGGCT-1,-0.08287357572159076,-0.14265575996191057,G1
AGCGTATGTAGGAGTC-1,-0.03344815453170258,-0.18137970984085078,G1
AGCGTATGTCAGATTC-1,-0.07298022185768305,-0.15973677205820538,G1
AGCGTATGTCCATAGT-1,0.06783662827763703,-0.18922718783097237,S
AGCGTATGTGATGAAT-1,-0.0716976140697021,-0.26258896979888147,G1
AGCGTATGTTGATCGT-1,0.012881315613187394,-0.26208174637941023,S
AGCGTATGTTGGGTTT-1,-0.03085230918111287,-0.20218094999907166,G1
AGCGTATTCAATGCAC-1,0.039215353670237096,-0.03156569108384916,S
AGCGTATTCTGTAACG-1,-0.0036796503767315136,-0.134063188078358,G1
AGCGTCGAGGATAATC-1,-0.026707843081132443,-0.23817332715210646,G1
AGCGTCGCAGGTGAGT-1,-0.04524644287977975,-0.1888740854002137,G1
AGCGTCGCATCTGTTT-1,-0.015376976018001254,-0.23246851170150198,G1
AGCGTCGCATGAGAAT-1,-0.06425780041058432,-0.06285712760286236,G1
AGCGTCGCATGCCATA-1,-0.07284853168122363,0.11581411373845596,G2M
AGCGTCGGTAAGTTAG-1,-0.049767183361572154,-0.16104324713780827,G1
AGCGTCGGTACTCCGG-1,0.05147086250714872,-0.1886060016373674,S
AGCGTCGGTCATTCCC-1,0.1329491585415412,-0.2422391598168003,S
AGCGTCGGTCGAAGCA-1,0.08927184265005578,-0.11862829134234679,S
AGCGTCGTCGAGGCAA-1,-0.08453685365821789,-0.0700592246222142,G1
AGCGTCGTCTTCCCAG-1,-0.07484077402429692,-0.23153023433650347,G1
AGCTACAAGAGAGCCT-1,0.015857221153063594,-0.11027920706166056,S
AGCTACAAGAGGATCC-1,-0.01674831318164466,0.026199522623165994,G2M
AGCTACAAGGAACTAT-1,-0.01614730815366966,-0.23383684073266364,G1
AGCTACAAGTCACACT-1,-0.038044130658018815,-0.18504649698562628,G1
AGCTACACAAGACGGT-1,-0.027032521556917488,-0.179339939235482,G1
AGCTACAGTACGACAG-1,-0.0055712344955530235,0.03372099127702971,G2M
AGCTACAGTGTGGACA-1,-0.0584795000424192,-0.13724579920207863,G1
AGCTACATCCAATCTT-1,0.13942179700745788,-0.30351956108337885,S
AGCTACATCGTAACCA-1,0.01563391089199423,-0.10190103360865999,S
AGCTCAAAGAGAACCC-1,-0.04121239192881054,-0.09839000937938402,G1
AGCTCAAAGAGGTGCT-1,-0.0068360512161673714,-0.08019547810938266,G1
AGCTCAAAGTCCTGTA-1,0.02804481191777114,-0.21339061599668058,S
AGCTCAACAAGTTCCA-1,-0.07739166597066466,-0.08376632932655936,G1
AGCTCAAGTCAATGGG-1,-0.011672001241565089,-0.012199724280049562,G1
AGCTCAAGTCACCTTC-1,0.03424987074523134,-0.14690187936046134,S
AGCTCAAGTCGGAAAC-1,-0.0016403062765718568,-0.09146504833863356,G1
AGCTCAATCCCTCAAC-1,0.10025100581584667,-0.11080674507738086,S
AGCTTCCAGCCATATC-1,-0.018427625413119042,-0.20364825324771846,G1
AGCTTCCAGCCTAGGA-1,-0.0801109961503565,-0.12932428084301512,G1
AGCTTCCCAAGCCCAC-1,-0.015304151078625594,0.0009491822445463205,G2M
AGCTTCCCACGACCTG-1,0.07726443655902787,-0.11285386573142059,S
AGCTTCCTCCCGAAAT-1,-0.0668035197425017,-0.30460444051500757,G1
AGCTTCCTCCTTGGAA-1,-0.013146456416536834,-0.2517339489762233,G1
AGGAAATAGACTGTTC-1,-0.06381059460746635,-0.1349865976960523,G1
AGGAAATAGCAATAGT-1,-0.04128041301486429,-0.13728269612614583,G1
AGGAAATCAAATCGGG-1,0.023133429338137057,-0.2032269619714383,S
AGGAAATCAGGGTTGA-1,0.02992404239328994,-0.046129920205361996,S
AGGAAATGTACGTACT-1,-0.10388174272063605,-0.11064006368706897,G1
AGGAAATGTCAAAGTA-1,-0.040139648879690015,-0.15638927253777873,G1
AGGAAATGTCAGTTTG-1,-0.053789160934163,-0.17992774736067077,G1
AGGAAATGTTGGGACA-1,-0.018802009655689733,-0.167356088599122,G1
AGGAAATTCAGCCTCT-1,-0.0543590675973607,-0.04029869032449607,G1
AGGAAATTCCAACTAG-1,0.1973456621698491,-0.10700285148211125,S
AGGAAATTCCGCACGA-1,-0.08387087213532879,-0.11757986646226798,G1
AGGAATAAGCGATTCT-1,0.08785996243941996,0.09494079507414915,G2M
AGGAATACAAGCCTGC-1,-0.06512272284736093,-0.13469334260239674,G1
AGGAATACAAGGCAAC-1,-0.05465391910167938,-0.21991905951265653,G1
AGGAATACACTACCGG-1,-0.06206945217656901,-0.049259283866680575,G1
AGGAATACACTGTTCC-1,0.0030368435669346217,-0.13409582350492216,S
AGGAATACAGTTTCAG-1,0.032695627981046194,-0.11838138725405001,S
AGGAATACATACATCG-1,-0.03171374914513897,-0.10372402420271659,G1
AGGAATAGTGCCTGAC-1,0.10106179520213271,-0.17393241809949303,S
AGGAATATCAGCGCGT-1,0.10182420610302911,-0.06167107766308749,S
AGGAATATCATTGTGG-1,-0.015996757260071603,-0.15671996194089993,G1
AGGAATATCCAACACA-1,-0.024109970756834465,-0.21456259979375353,G1
AGGAATATCTAGTGAC-1,-0.009834712437830712,-0.07893075011340928,G1
AGGACGAAGCATGCGA-1,-0.03609976306390367,-0.18733968172620502,G1
AGGACGAAGCGGATCA-1,-0.026076780561527624,-0.3276620948462188,G1
AGGACGAAGTGCACAG-1,-0.02344252902232663,-0.201203791096825,G1
AGGACGAAGTGGAAAG-1,-0.014961932635774222,-0.025433155815057007,G1
AGGACGACACGACAGA-1,0.0749013531033792,-0.1705058065563606,S
AGGACGACAGGAATCG-1,0.23580275236213638,-0.18767035185376274,S
AGGACGACAGTCTACA-1,-0.016977731960298448,-0.1207152458388534,G1
AGGACGAGTACGCTAT-1,-0.04970894010374727,0.034248425324555354,G2M
AGGACGAGTACGGGAT-1,0.13330048734042893,-0.10456952335776531,S
AGGACGAGTATACCCA-1,0.04752954579733004,-0.10090474553234968,S
AGGACGAGTATCGAAA-1,-0.041474758115876253,-0.19733894494891827,G1
AGGACGAGTTCGGACC-1,-0.04692951010510693,-0.16281915707651695,G1
AGGACGAGTTTGATCG-1,-0.06239090545556136,-0.05618611243987398,G1
AGGACGATCAGCCTCT-1,-0.08583050299666659,-0.05748107463988544,G1
AGGACGATCTACCCAC-1,0.014812382166382643,-0.07910477739100102,S
AGGACTTAGCGATCGA-1,0.14674853846510916,-0.13246410757315202,S
AGGACTTAGGAACGTC-1,-0.11169105427062309,-0.15898212399370457,G1
AGGACTTAGTACAGCG-1,-0.10652795990370606,-0.16222685619700009,G1
AGGACTTCAACTTCTT-1,-0.01025770722178565,-0.15687099120746456,G1
AGGACTTCAAGAATGT-1,-0.033446775129049255,-0.13331100801838724,G1
AGGACTTCACTGAGGA-1,-0.006528893081144016,-0.029917594951348436,G1
AGGACTTCATGACGTT-1,-0.039563426862876505,-0.19024630754589444,G1
AGGACTTGTAAGCTCT-1,-0.06563734059358839,-0.21411907310632988,G1
AGGACTTTCCCTCATG-1,-0.025935745839040292,-0.15390569869558074,G1
AGGACTTTCCTTGGAA-1,-0.07423442640578631,-0.23757335784421,G1
AGGAGGTAGACCTCAT-1,-0.07669277180572959,-0.17457768907637383,G1
AGGAGGTAGGCACCAA-1,0.10456183795734225,-0.26692503188959876,S
AGGAGGTCAATACAGA-1,-0.10768984826388195,0.005773879153695205,G2M
AGGAGGTCACCATAAC-1,-0.048100445803744535,-0.0584806687583069,G1
AGGAGGTCACCGGAAA-1,-0.03370691352036648,-0.08529217956914764,G1
AGGAGGTCACTAGGTT-1,0.05647870300699853,-0.17069394241452057,S
AGGAGGTGTGGCTGCT-1,0.09986369068381573,-0.15014829433043603,S
AGGAGGTGTTATGTCG-1,0.017662079703131328,0.04677443239419338,G2M
AGGAGGTTCATAGACC-1,0.2054011900124733,-0.09797183258806091,S
AGGAGGTTCATGCAGT-1,0.08288737983610978,-0.16241185774533587,S
AGGAGGTTCCAGTTCC-1,0.00818210289321597,-0.24033604013108983,S
AGGATAAAGACATACA-1,0.025112685323997797,-0.16166416889165575,S
AGGATAAAGACCAGAC-1,0.009139781460777818,-0.0942407610229441,S
AGGATAAAGGAAGTAG-1,0.016136798283675924,-0.1443784846676594,S
AGGATAAAGGCCTAAG-1,-0.05979247437974555,-0.0626515111223605,G1
AGGATAAAGTACAGAT-1,-0.03502524881353497,-0.1040406426442449,G1
AGGATAAAGTCTAGCT-1,-0.051011746527914126,-0.10414883739743158,G1
AGGATAACAACGTAAA-1,-0.055664931651064786,-0.18496471478136614,G1
AGGATAACACGAAAGC-1,0.03246214673515507,-0.10140446268452896,S
AGGATAACACTTTATC-1,0.004653809058573294,-0.1520619691182899,S
AGGATAAGTACAACGG-1,-0.0765228624240527,-0.08784311363235264,G1
AGGATAATCATCGCTC-1,0.089322909421855,0.018969666478671043,S
AGGATAATCGAACCAT-1,0.12348078404635848,-0.11922761353728484,S
AGGATCTAGCGAAACC-1,0.02988891984388603,-0.14552673557700896,S
AGGATCTAGGCTAACG-1,-0.09474673311939347,-0.022736574262560094,G1
AGGATCTAGGGACACT-1,-0.06450962851686415,-0.1606149340883539,G1
AGGATCTAGTAAGCAT-1,0.0843916809298535,-0.009437904066945724,S
AGGATCTCAAATAGCA-1,-0.05048137068585293,-0.15758858262538586,G1
AGGATCTCAACCAGAG-1,-0.005195316426554242,-0.3283600399123932,G1
AGGATCTCAATGTTGC-1,-0.07921916102202678,-0.14709988387433787,G1
AGGATCTCACAAGCAG-1,0.02990230627701468,-0.03632458917586068,S
AGGATCTCAGCATACT-1,-0.03490478224819424,-0.02374409591421528,G1
AGGATCTCAGTCTACA-1,-0.054938320487917136,-0.0823508654254469,G1
AGGATCTGTACCTAAC-1,-0.05584824317984738,-0.18196757457760387,G1
AGGATCTGTACGTACT-1,-0.12765507896080253,-0.19109768020483137,G1
AGGATCTGTTCGAACT-1,0.03551093838898428,-0.15582151364525276,S
AGGATCTTCAATGCAC-1,0.10086619728328258,-0.14887330961238238,S
AGGATCTTCGCTTTAT-1,0.07630594380698774,-0.06595221576681015,S
AGGCATTAGTTGGCTT-1,0.03374177672448225,-0.1849067411771787,S
AGGCATTCAAAGACTA-1,-0.07323620828322691,-0.034032988843321454,G1
AGGCATTCAGTCCCGA-1,-0.07385084748196896,0.03594883260646531,G2M
AGGCATTCATGCTGCG-1,0.03244142019340629,-0.11253041277099385,S
AGGCATTGTAGCGCTC-1,-0.040058033926310466,-0.018884178056287948,G1
AGGCATTGTCACTCTC-1,-0.013529341338700429,-0.18979221571072927,G1
AGGCATTGTTGTAAAG-1,-0.07271382781616281,0.05557019150459147,G2M
AGGCATTTCGTGGCTG-1,-0.04129149085136241,-0.05812732011468358,G1
AGGCCACCAAAGGGTC-1,0.0031211489568874207,0.008364510623999177,G2M
AGGCCACCAACTTCTT-1,-0.08826954768811335,-0.11739059261345791,G1
AGGCCACCAAGGCGTA-1,-0.06088464098768326,-0.18534625605056412,G1
AGGCCACCACATGGTT-1,-0.02470945400253055,-0.25656468671047294,G1
AGGCCACGTGGCTGCT-1,0.049698850016807516,-0.18251546041411976,S
AGGCCACGTGGCTTGC-1,0.035574320489142164,-0.1224521211801887,S
AGGCCACGTTGATGTC-1,0.0758787623474767,0.007169385222938529,S
AGGCTGCAGAATCCCT-1,-0.03613426287421645,0.16353998787938723,G2M
AGGCTGCAGTCCCAGC-1,-0.010241292808743196,-0.24965486657489847,G1
AGGCTGCCAGGAGGAG-1,0.03018512375256427,0.06178141624843925,G2M
AGGCTGCCAGGTTCAT-1,-0.07292553155917242,-0.055951563388526915,G1
AGGCTGCCATAACGGG-1,0.012523507256090194,-0.07553144097442624,S
AGGCTGCCATCTCCCA-1,-0.029322830965782865,-0.12062337045518247,G1
AGGCTGCGTATCTCTT-1,-0.13518506730963992,-0.0025652483829481376,G1
AGGCTGCGTCAGGCAA-1,-0.024804178470609617,0.07163113477253252,G2M
AGGCTGCGTGCCTAAT-1,0.014380906975805241,-0.12028087030841922,S
AGGCTGCGTGCCTGCA-1,-0.055477304501581004,-0.10482568860526331,G1
AGGCTGCGTGGACCAA-1,0.056897428390684845,-0.1774403437819398,S
AGGCTGCGTGTTTACG-1,0.05493669380029137,-0.2366565353923283,S
AGGCTGCGTTCTCCCA-1,0.06759442895930368,-0.1865495289018928,S
AGGCTGCTCATCTCTA-1,0.07625187796123234,-0.14791190299024348,S
AGGCTGCTCCGGGACT-1,-0.09949799075773658,-0.012709104015859118,G1
AGGCTGCTCCTAGAGT-1,-0.06734767732444788,0.05304698605521019,G2M
AGGCTGCTCTGCTAGA-1,0.07952987429886121,-0.18985806199269328,S
AGGCTGCTCTTTCCAA-1,-0.07003269076489316,-0.295760769494748,G1
AGGGAGTAGTGCACCC-1,-0.0422774753032773,0.017694272654260434,G2M
AGGGAGTCAAACTCGT-1,-0.03928863749977629,-0.04732942527078671,G1
AGGGAGTCAGATCCTA-1,0.033199526887251585,-0.15871167060993607,S
AGGGAGTGTCAGGTAG-1,0.10896127238851921,-0.1472370959908743,S
AGGGAGTGTCTTCCGT-1,0.0693249435683794,-0.13744985744136815,S
AGGGAGTTCCGCAGTG-1,-0.0392090970500355,-0.06774148309673789,G1
AGGGCCTAGCATTGTC-1,-0.01977097069711775,-0.20761606380456055,G1
AGGGCCTAGGAGAGTA-1,-0.05644919128507209,0.0008072968525367763,G2M
AGGGCCTCAACACAAA-1,0.05830522592577947,-0.2210904145152146,S
AGGGCCTCACCGTGCA-1,-0.07868674761710609,-0.2585400517823744,G1
AGGGCCTGTTCTCGTC-1,0.08427766089427052,-0.06877220999669592,S
AGGGCCTGTTGTTTGG-1,-0.06462619838772557,-0.023644976256111894,G1
AGGGCCTTCAGCAGAG-1,0.04636093980895872,-0.07182761711613445,S
AGGGCCTTCAGGACGA-1,-0.01758078211712183,-0.16306885394094928,G1
AGGGCCTTCATTGCCC-1,0.11285264348323559,-0.2300879146358936,S
AGGGCCTTCGGACCAC-1,0.09246170569231882,-0.14113153951981572,S
AGGGCCTTCTCTTCAA-1,0.08599302265429576,-0.006286383861167366,S
AGGGCTCAGAAGTCCG-1,0.007145241207225095,-0.013647743925409794,S
AGGGCTCAGGGTGGGA-1,-0.04085780545434414,-0.14708666266880338,G1
AGGGCTCCAAGTACCT-1,0.0041584632118844,-0.09050237336610764,S
AGGGCTCCACAGTCAT-1,-0.060806398864880845,-0.03258795055169483,G1
AGGGCTCCACGTACAT-1,-0.08235298925074164,-0.00291977010607114,G1
AGGGCTCCATAGTCGT-1,-0.03685140631768263,0.09884566951800516,G2M
AGGGCTCGTCGACGCT-1,-0.06325063699341427,-0.06179504605264097,G1
AGGGCTCGTGGCTACC-1,0.20777179755314024,-0.08652923190083739,S
AGGGCTCTCAGAGCAG-1,0.06207466490046082,0.14124206911301795,G2M
AGGGCTCTCGTACACA-1,0.04138664017882132,-0.22910780737974454,S
AGGGTCCAGGTAAGGA-1,0.13330732819077779,-0.2459017221259282,S
AGGGTCCCAGGTTCCG-1,0.020699344087785065,-0.1736330535011384,S
AGGGTCCCAGTTAGAA-1,-0.05418338856710475,-0.11921520863022447,G1
AGGGTCCCATCTCAAG-1,-0.10045930534882486,0.07520202209393823,G2M
AGGGTCCGTACGGCAA-1,-0.09646554915754377,-0.06901569134083002,G1
AGGGTCCGTATGCTAC-1,0.048017334514382226,-0.1359389600590158,S
AGGGTCCGTGTCTTGA-1,-0.008863038084029606,-0.07489599013144199,G1
AGGGTCCTCATATGGC-1,-0.06977572079311811,-0.19163067452001584,G1
AGGGTCCTCCTTATAC-1,-0.00957093729548808,-0.263620170315081,G1
AGGGTCCTCGGTGAAG-1,-0.005763013885643042,0.0035337029950250343,G2M
AGGGTCCTCTCACGAA-1,-0.060258428816665766,-0.12947346571447124,G1
AGGGTCCTCTTGCGCT-1,-0.028783331947537294,-0.1958540565104945,G1
AGGGTGAAGCCGAATG-1,-0.07630568730702875,-0.30502860548151145,G1
AGGGTGAAGGACCCAA-1,-0.01700556178551299,-0.15651749756433048,G1
AGGGTGAAGGTCCTGC-1,0.13437325171335163,-0.025034297199857503,S
AGGGTGAAGGTGCCAA-1,0.06131354619934498,-0.037205927695693364,S
AGGGTGAAGTCTCGTA-1,-0.038595219575015105,-0.20627477265456295,G1
AGGGTGAAGTGGGAAA-1,0.0030667650485963205,-0.23069686777124424,S
AGGGTGACAAGGCCTC-1,0.0529329149568894,-0.21284783117670403,S
AGGGTGACAGTTGCGC-1,-0.025971599605710216,-0.1745905336427245,G1
AGGGTGAGTACCACGC-1,-0.03866018865752335,-0.10829317684378989,G1
AGGGTGAGTCTCGGAC-1,-0.09970512152325395,-0.22811502547516532,G1
AGGGTGATCAACCCGG-1,0.11863884997036134,-0.1942560487120354,S
AGGGTGATCCACGAAT-1,0.0315745075297012,0.1284900537977927,G2M
AGGGTTTAGGATACGC-1,-0.06738900859228986,-0.16268730670431653,G1
AGGGTTTAGGTATCTC-1,-0.13231353261509682,-0.15121532289243572,G1
AGGGTTTCAAGTACCT-1,0.1438067998643649,-0.15194966683074734,S
AGGGTTTCAATAGGGC-1,-0.06757793887020502,-0.09778437563588716,G1
AGGGTTTCACTACAGT-1,-0.19853429565432273,-0.0720037507234349,G1
AGGGTTTCATGAGGGT-1,-0.01681829691433384,-0.050089584489609706,G1
AGGGTTTGTACAGTCT-1,0.04808162291655066,0.011438451280950557,S
AGGGTTTGTACCACGC-1,-0.01727127454852756,-0.09118222953108324,G1
AGGGTTTGTACTGACT-1,-0.06507226255100979,-0.07851856129752016,G1
AGGGTTTGTAGGTTTC-1,0.020165912378350692,0.12507706596658552,G2M
AGGGTTTGTATCTCTT-1,0.12383218090681353,-0.03609741051406412,S
AGGGTTTTCACTTTGT-1,0.06674880609935857,-0.15164778985078814,S
AGGGTTTTCAGTGTGT-1,-0.10602016826384891,-0.20191253912591822,G1
AGGGTTTTCCCATTCG-1,-0.06441458957524404,-0.1816177900655665,G1
AGGTAGGAGTTTCAGC-1,-0.015791636024454464,-0.1934326031611152,G1
AGGTAGGCAAGCCTGC-1,0.09334546910676289,-0.21414025132439246,S
AGGTAGGCAAGGATGC-1,-0.044744813915761295,-0.015654925795022423,G1
AGGTAGGCAAGTGGAC-1,-0.05276019054232112,0.04842159867218021,G2M
AGGTAGGCAGAACTTC-1,0.022929370040803337,0.058269060656992444,G2M
AGGTAGGCAGATTTCG-1,-0.023817565718278366,-0.19859206150691391,G1
AGGTAGGTCACTTGTT-1,0.1344861285086033,-0.13227693392848294,S
AGGTAGGTCCGCGATG-1,0.044043333863933776,0.016980918456286576,S
AGGTAGGTCGGACTTA-1,-0.09370225809234795,-0.2104686070289177,G1
AGGTCATAGAACAAGG-1,0.12156770323924565,-0.001765357141975954,S
AGGTCATAGGAGGTTC-1,-0.11117585758074056,-0.18923773589204212,G1
AGGTCATAGGATTTGA-1,-0.038601738547500375,0.03734236010070613,G2M
AGGTCATAGGCAGTCA-1,0.0998337758951443,-0.1960008198185449,S
AGGTCATAGTGACACG-1,0.045141280531768524,-0.16350080225680869,S
AGGTCATCAAGGAGTC-1,0.12726043261180514,-0.31485197384425323,S
AGGTCATCAGGCGTTC-1,0.018131906018733712,-0.02579223243039963,S
AGGTCATCAGGGTTGA-1,0.07338595457916608,-0.2537685608881724,S
AGGTCATCATACAGGG-1,-0.04860153430071845,-0.16878257742343075,G1
AGGTCATCATGTGCTA-1,-0.011172161197435582,-0.12323069759295191,G1
AGGTCATGTAGATGTA-1,-0.026692531750479975,-0.13778453164277676,G1
AGGTCATGTCCCTCAT-1,0.13280422332541353,-0.06438776412765984,S
AGGTCATGTGACAACG-1,-0.13343308645406177,-0.24040731189325562,G1
AGGTCATGTTTCGTTT-1,0.05320884293666109,-0.07338489743003801,S
AGGTCATTCACACGAT-1,-0.028212690898411497,0.07119176265150673,G2M
AGGTCATTCCGCTGTT-1,-0.08540511913853188,-0.004856730598563008,G1
AGGTCATTCTTTGCAT-1,-0.014098350785540947,-0.03798652589534407,G1
AGGTCTAAGACATATG-1,0.0056860734201074625,-0.065416934068114,S
AGGTCTAAGCGTATGG-1,0.0007306684408925901,-0.14020104837969402,S
AGGTCTAAGGGAGGGT-1,0.12200159670096022,-0.08969167356098423,S
AGGTCTACACCTCAGG-1,-0.06388917257611187,-0.22898474284433343,G1
AGGTCTACAGCTGCCA-1,0.020777821564577303,-0.1829966381362564,S
AGGTCTACATAAGCGG-1,-0.030434698180300035,-0.09543535985822316,G1
AGGTCTACATCGGAGA-1,0.016043064992483536,-0.06301764046330416,S
AGGTCTAGTCCTGGTG-1,-0.14375055103679577,-0.01450541208658146,G1
AGGTCTAGTGAGATTA-1,-0.0603044826357817,-0.22356555566459305,G1
AGGTCTAGTGCCTAAT-1,-0.03370440225869842,-0.11139666307778356,G1
AGGTCTATCATGCCAA-1,0.05595624631421231,-0.16252802916113931,S
AGGTCTATCCCTTTGG-1,0.006849295188837201,-0.1565900039945839,S
AGGTCTATCTGCACCT-1,0.027184396401583155,-0.197627740862349,S
AGGTCTATCTGCGGAC-1,-0.08433409371440442,-0.20522537425033227,G1
AGGTCTATCTGTCGCT-1,-0.14834586623840995,-0.18807142244806765,G1
AGGTGTTAGGTCACTT-1,-0.09830788266524854,-0.11063569169631005,G1
AGGTGTTCAACTCGAT-1,-0.02752559181926101,-0.293709838754264,G1
AGGTGTTCAGAACTTC-1,-0.001548862990370492,-0.04515952904833248,G1
AGGTGTTTCCCAGGAC-1,-0.0013676219720658578,-0.19833625636539295,G1
AGGTTACAGAAGTATC-1,-0.07095609294514948,-0.15267739056180119,G1
AGGTTACAGAGCCTGA-1,0.14020509986719493,-0.05224158559852493,S
AGGTTACAGGTCACAG-1,-0.07880176545789952,-0.1683441474579908,G1
AGGTTACCACATGTTG-1,0.04056460055495548,-0.10514452565083166,S
AGGTTACCAGCACAAG-1,-0.02931684762651582,-0.029903270444519958,G1
AGGTTACGTCATCGCG-1,-0.061732393059187374,-0.18815207732316158,G1
AGGTTACGTCCTTGTC-1,-0.06804925481263324,-0.15324737703032631,G1
AGGTTACTCCCTGTTG-1,-0.10271664072281728,-0.20385392073022943,G1
AGGTTACTCCGTGACG-1,0.05297958120077806,-0.163127242868612,S
AGGTTACTCGACACTA-1,-0.050410354874670105,-0.11018877537275115,G1
AGGTTACTCTCTTGCG-1,-0.013065717582045111,-0.053110243926954515,G1
AGGTTACTCTGGTTGA-1,-0.11043476556739504,0.02240999834458396,G2M
AGGTTGTAGAGAGTTT-1,-0.01870400882339268,-0.15240108687806117,G1
AGGTTGTAGTATAGAC-1,-0.10070039778560719,-0.08046877467205543,G1
AGGTTGTCAAGCCATT-1,0.11419173590544152,-0.1987552265633778,S
AGGTTGTCAGCAGACA-1,-0.06599712349597037,-0.06827197123911322,G1
AGGTTGTGTAGACAGC-1,0.13080939077895404,-0.1854500471198373,S
AGGTTGTGTCCACTTC-1,0.01765446353291411,-0.04435238989587209,S
AGGTTGTGTGCCGTAC-1,-0.05102177057411697,-0.2557664671835251,G1
AGGTTGTTCCGAAGGA-1,0.029164497417877244,-0.14378184249180415,S
AGGTTGTTCGATGCTA-1,-0.0837903670543293,-0.06440090292100542,G1
AGGTTGTTCTACTGCC-1,-0.02705292159714273,-0.15111928610936276,G1
AGGTTGTTCTCAATCT-1,-0.027157613932339952,-0.11872147039829223,G1
AGGTTGTTCTCACCCA-1,-0.1105598374111808,-0.051581726732051414,G1
AGTAACCAGCTGACCC-1,-0.016735272294345044,-0.11212647847380387,G1
AGTAACCCAAAGACTA-1,0.003583190354852217,-0.15629996374199256,S
AGTAACCCAACCCGCA-1,-0.09108633453089654,-0.11705829638072213,G1
AGTAACCCACAAACGG-1,-0.015645595527273293,-0.1913850100268938,G1
AGTAACCCACTGTGTA-1,-0.09366661489620404,-0.12456252031318138,G1
AGTAACCCAGAGTCTT-1,0.005620151879822732,-0.08488448618752248,S
AGTAACCGTGGTGATG-1,-0.12023116100798428,-0.16943066849181806,G1
AGTAACCGTTCAGCGC-1,0.03314072253374567,-0.1366506685766279,S
AGTAACCTCGATTCCC-1,0.12661818196686325,-0.09488180302775451,S
AGTAACCTCTATCACT-1,-0.017297372845436032,0.07152149203835148,G2M
AGTAACCTCTTGGGCG-1,-0.0966744169318593,-0.10512865502076157,G1
AGTACCAAGATTAGAC-1,0.016699110245958326,-0.15996043847263997,S
AGTACCAAGATTCGAA-1,0.0716536076589313,-0.0074506442412389795,S
AGTACCAAGCATACTC-1,-0.01702161359691806,-0.24583828020417914,G1
AGTACCAAGCCTGGAA-1,0.05775583764263442,0.09814968834544552,G2M
AGTACCAAGCGCTGAA-1,-0.10170328203785617,-0.10142563630841578,G1
AGTACCAAGTCTCGTA-1,0.010005827948080526,-0.0896991526460697,S
AGTACCACAAAGCTAA-1,-0.023099264242002482,-0.09822215494286346,G1
AGTACCACAAATAAGC-1,-0.07508841658668564,-0.07907706555590616,G1
AGTACCACAACACGTT-1,-0.0450388666585792,-0.23094752813919867,G1
AGTACCACAACTGCTA-1,0.014801714024953228,-0.1095915596906229,S
AGTACCACAGAGAGGG-1,-0.05296475027809111,-0.033776221459179856,G1
AGTACCACAGGTCTCG-1,0.0437882251739421,-0.15665562227393062,S
AGTACCACATCATCTT-1,0.032623753413950074,-0.12023603905972802,S
AGTACCACATGTCTAG-1,-0.009680833026424085,-0.13597478875399294,G1
AGTACCAGTACTAACC-1,-0.047501671691680125,0.01869981854401348,G2M
AGTACCAGTACTAGCT-1,-0.08703238852096495,-0.10130917107343376,G1
AGTACCAGTCACTCTC-1,-0.1032412126915161,-0.13725698633629918,G1
AGTACCATCAGAGTGG-1,-0.11519091473076543,0.014568256582381645,G2M
AGTACCATCCTTATAC-1,-0.0019860177489917086,-0.06797525217023218,G1
AGTACCATCTTTCCGG-1,0.012501114677106406,-0.10293036550213208,S
AGTACTGAGAACAGGA-1,0.012481073504024054,-0.11446854301387255,S
AGTACTGAGAGCATTA-1,0.05577081242852744,-0.006027197909821647,S
AGTACTGAGCGCCCAT-1,-0.028604067317514803,-0.2651501596769834,G1
AGTACTGAGGGCTGAT-1,-0.012771921694852362,-0.14726471208068326,G1
AGTACTGAGTTGGGAC-1,0.0038196398934109976,-0.10160902568391078,S
AGTACTGCACCACTGG-1,-0.04516004887270875,-0.11386577643553819,G1
AGTACTGCAGGCTACC-1,-0.0978571367229642,-0.17984383081221728,G1
AGTACTGCATCGATCA-1,0.09644191313737482,-0.029932465033193023,S
AGTACTGCATGTTCAG-1,-0.03254627175387112,-0.10898275638199673,G1
AGTACTGGTGGTTCTA-1,-0.01229194857972632,-0.14729248552101165,G1
AGTACTGTCAGTCCGG-1,0.1466407573957535,-0.19703078480108743,S
AGTACTGTCCCATAAG-1,0.028401194457782775,0.0006138875963734025,S
AGTACTGTCCCATTTA-1,0.006080561530002443,-0.18314908099407953,S
AGTACTGTCGCTGCGA-1,-0.02542165538404323,-0.01736465935358117,G1
AGTACTGTCTCCCAAC-1,-0.14642328495799678,-0.253673092126659,G1
AGTAGCTAGATTCGCT-1,-0.06532080024425879,-0.21084874756555558,G1
AGTAGCTAGTAGGAAG-1,-0.037726463170334346,-0.18162206181673715,G1
AGTAGCTAGTCAAGCG-1,-0.12617357210628966,-0.0654509022051396,G1
AGTAGCTCAAGAGTAT-1,0.22073778770540836,-0.13289412035943826,S
AGTAGCTCACAATGCT-1,-0.07523433066071805,-0.10146979812244677,G1
AGTAGCTCACCAAATC-1,-0.0012430109907740905,-0.12098124119926376,G1
AGTAGCTCACCATATG-1,-0.07363334579875497,-0.13772899962660884,G1
AGTAGCTCACCCTCTA-1,0.007729336072047843,-0.10256714792814042,S
AGTAGCTCACGTACAT-1,-0.0038714113206818057,-0.10272979782103425,G1
AGTAGCTCACTTCATT-1,-0.03047797806213126,-0.1151078709084063,G1
AGTAGCTCATACCAGT-1,-0.11874723664216658,-0.1457136585228338,G1
AGTAGCTCATCGGCCA-1,0.033252571583164026,-0.17943791627546837,S
AGTAGCTCATGTACGT-1,-0.07473656803022316,-0.05316856585622093,G1
AGTAGCTGTAGGGAGG-1,-0.1266224069411967,-0.19647943750282632,G1
AGTAGCTGTTTGAAAG-1,-0.10864128518155375,-0.14103607023396703,G1
AGTAGCTTCAGCCTTC-1,0.038570793911332,-0.08710694101234512,S
AGTAGCTTCATTGTGG-1,0.007245749388862577,-0.24761434946590674,S
AGTAGTCAGACCGCCT-1,-0.025181857701371213,-0.04926640450618408,G1
AGTAGTCAGAGAGAAC-1,-0.03014171091626039,-0.21065338085761084,G1
AGTAGTCAGCACTTTG-1,-0.04762954977370343,-0.041726005085060636,G1
AGTAGTCAGCGCATCC-1,-0.025455886278415107,-0.16162861288431318,G1
AGTAGTCCAATTTCTC-1,-0.05955731694396754,-0.12128827444239032,G1
AGTAGTCCACATACGT-1,-0.02100376234864071,-0.13718373501704262,G1
AGTAGTCCATGGGCAA-1,0.0005042668913349813,-0.0837373942755251,S
AGTAGTCCATTAAGCC-1,-0.05372212611033639,-0.1160724741530394,G1
AGTAGTCCATTGAGGG-1,0.15253011327366184,-0.2226154863446331,S
AGTAGTCGTAGGTTTC-1,0.04354801501553873,-0.15462011744397486,S
AGTAGTCGTCCACGCA-1,-0.022606320661473944,-0.15007079719379796,G1
AGTAGTCGTCCGATCG-1,-0.06008526114507784,-0.23273824169401358,G1
AGTAGTCGTCGCTGCA-1,-0.08329356664626336,-0.06682938663683147,G1
AGTAGTCGTGACCGTC-1,0.045249495513824345,-0.30116364123332584,S
AGTAGTCGTTTCGTTT-1,0.2757004274804971,0.016654486239467248,S
AGTAGTCTCAAACGAA-1,0.0230786263581243,-0.012929648454832687,S
AGTAGTCTCACTCTTA-1,-0.03316515597358399,-0.0553555382637409,G1
AGTAGTCTCCCAAGTA-1,0.009503831354598646,-0.0678301300315956,S
AGTAGTCTCCGATAAC-1,0.004748520949004076,-0.15862751394921726,S
AGTAGTCTCCTTGAAG-1,0.07320562763902727,-0.17105727776420254,S
AGTAGTCTCGCTTGCT-1,0.02953525451240857,-0.1912796272255327,S
AGTCAACAGGTACATA-1,0.03415842445203432,-0.16607187708663465,S
AGTCAACAGTATGAGT-1,-0.06024282604993869,-0.06802317286895165,G1
AGTCAACCAAATCCCA-1,0.027914431190900563,-0.10421742296501015,S
AGTCAACGTTCAGGTT-1,0.07031334286410318,-0.08870884130943746,S
AGTCAACTCATCACTT-1,-0.013889887387468602,-0.09448803599105937,G1
AGTCAACTCCTGGGTG-1,-0.000652720680327179,-0.13556889921888166,G1
AGTCAACTCTACTGAG-1,-0.05260708541611775,-0.10686426687221456,G1
AGTCACAAGAGTCCGA-1,0.019925038773249026,-0.1395130945471718,S
AGTCACAAGCTGACAG-1,0.055768853936719265,-0.18762062098321491,S
AGTCACAAGTGCTCGC-1,-0.029560070147855777,-0.16937203682189092,G1
AGTCACACACGGGCTT-1,0.012583800719089377,-0.183078262457339,S
AGTCACACAGAGGACT-1,-0.016391073615550533,-0.09326893763162403,G1
AGTCACACAGATCCTA-1,-0.03200218339749061,-0.10699014186135047,G1
AGTCACACAGCCATTA-1,0.07684140536779277,-0.10134899973080738,S
AGTCACACAGTTGGTT-1,-0.10183021585859098,-0.02415771258661148,G1
AGTCACAGTCACGCTG-1,-0.06014136751218829,-0.09489881199803157,G1
AGTCACAGTTATAGCC-1,-0.13451388720058838,-0.19720817902691024,G1
AGTCACATCAGTGGGA-1,-0.031689135366397114,-0.15696978897364522,G1
AGTCACATCATTCGTT-1,0.021995988983944892,0.022223934859181504,G2M
AGTCACATCGAACACT-1,-0.038854675313662074,-0.1004503875096428,G1
AGTCACATCGCTTTAT-1,0.0022314061801704255,-0.17478123739544604,S
AGTCACATCGGCTATA-1,-0.04186205782492963,-0.17306296850751804,G1
AGTCACATCGTAACCA-1,-0.011300444286201139,-0.14970887320486884,G1
AGTCACATCTACACTT-1,-0.019898083547257917,-0.10266909528477322,G1
AGTCATGAGAAACACT-1,-0.1565074846368572,-0.15632290192886156,G1
AGTCATGAGCTTGTGT-1,0.12920648706579158,-0.09096387616438628,S
AGTCATGCAAATAGCA-1,0.007445347048374906,-0.19313485661980834,S
AGTCATGCAACTGCTA-1,0.08427130969920693,-0.042631935728323855,S
AGTCATGCACGTGTGC-1,-0.12595016806252374,-0.20940959471268678,G1
AGTCATGCATGTCTAG-1,-0.06871410868791816,-0.11159987528962112,G1
AGTCATGCATGTGCTA-1,-0.06748257675738994,-0.005199945822123797,G1
AGTCATGGTACTGTTG-1,-0.04157556496007786,-0.06877755115879164,G1
AGTCATGTCCATCACC-1,0.03900068079389435,-0.050031751906643135,S
AGTCATGTCCATCCGT-1,-0.026029359691073617,0.037916597380282024,G2M
AGTCATGTCCCATTTA-1,-0.05383326977678432,-0.16315415568332853,G1
AGTCTCCCAGAGAGGG-1,-0.07306343415623123,-0.10442244757918162,G1
AGTCTCCCAGCAGTGA-1,-0.09188608728945763,-0.29974003274082095,G1
AGTCTCCGTACAAGTA-1,-0.049091198768699607,-0.17599143723594435,G1
AGTCTCCGTACGGGAT-1,-0.05255706470695837,-0.06913138287333698,G1
AGTCTCCGTCACTCTC-1,-0.01498162713136264,-0.12591833049007206,G1
AGTCTCCGTGGACCTC-1,-0.05270861028560464,-0.14545643366864808,G1
AGTCTCCGTTTGTGGT-1,-0.06323650587620588,-0.191670383995149,G1
AGTCTCCTCATGTCAG-1,0.05951538571583459,-0.21667748808563236,S
AGTGACTAGATGCAGC-1,0.010326497904716181,-0.06512258073341592,S
AGTGACTAGCCGTTAT-1,0.04088077188449035,-0.04833801639994928,S
AGTGACTAGCGACTAG-1,-0.14256640743326893,-0.1540746724630737,G1
AGTGACTAGGTGCGAT-1,-0.060262780715314046,-0.166317244023649,G1
AGTGACTCACGCTATA-1,0.06270063476583193,-0.015783840497240464,S
AGTGACTCATAATCCG-1,-0.15876229135387365,-0.09812087663804281,G1
AGTGACTCATTAAGCC-1,-0.05536917365073579,-0.2042495458613325,G1
AGTGACTGTGGCTACC-1,-0.03336737343760593,-0.34961890690762765,G1
AGTGACTTCATGCCCT-1,0.030845106747625084,0.020449955681091758,S
AGTGACTTCCACAGCG-1,-0.0006829609681902604,-0.01461955937679571,G1
AGTGACTTCCCATACC-1,0.0023944846701506595,-0.10479941717743108,S
AGTGACTTCTCTGAGA-1,-0.08261906991805251,-0.25112769290501347,G1
AGTGACTTCTGAGGCC-1,0.09222376688260026,-0.20873792590155832,S
AGTGATCAGACAACAT-1,-0.023186234395899202,-0.04755733357424963,G1
AGTGATCAGGACGCAT-1,0.03625489787981134,0.006542174816506097,S
AGTGATCAGGTGTGAC-1,0.06272153742699033,-0.28052091008425484,S
AGTGATCCAAAGAGTT-1,-0.0064511347613021575,-0.14799829613233834,G1
AGTGATCCAAGCAATA-1,0.11471620246762759,-0.1890238164459261,S
AGTGATCCACCAGCTG-1,-0.0942143569462518,-0.08482570041296089,G1
AGTGATCCATCGAACT-1,0.04828786462986573,0.08946276242885348,G2M
AGTGATCGTAGCTGCC-1,-0.004334428973721771,-0.08494983787151111,G1
AGTGATCGTCAAATCC-1,-0.10811770839906909,-0.24081970824604065,G1
AGTGATCGTGTACATC-1,-0.06443051759866308,-0.15607733494545528,G1
AGTGATCGTTATCTGG-1,0.0027132096502917036,-0.2626444966882156,S
AGTGATCGTTCCGTTC-1,-0.046326356675767566,-0.18582203516676254,G1
AGTGATCTCAACTTTC-1,-0.08495785565283143,-0.04939668760695348,G1
AGTGATCTCAAGCTTG-1,0.019851057967393726,-0.051324205903086645,S
AGTGCCGAGACATATG-1,-0.04729387820696329,-0.18884784893638923,G1
AGTGCCGAGCGTCTCG-1,-0.037453091864331045,-0.12939187867945273,G1
AGTGCCGAGGTTGACG-1,-0.08465228440315864,0.0009184125859953429,G2M
AGTGCCGCACTGGCGT-1,-0.03723663121593096,-0.29333163094242176,G1
AGTGCCGCATAATCCG-1,-0.017495042616595458,-0.23674445330140567,G1
AGTGCCGCATGAATCC-1,0.004107470515643696,-0.12618999968250388,S
AGTGCCGGTACCACGC-1,0.19840052618889809,-0.20527201994043898,S
AGTGCCGGTCGATTCA-1,0.039719011305461294,-0.09714182321257064,S
AGTGCCGGTTCCGCGA-1,-0.06094826044649465,-0.2856958304073583,G1
AGTGCCGGTTGCGGCT-1,0.05547684249125534,-0.06316768321385402,S
AGTGCCGTCGGTGAAG-1,-0.011343950113035906,-0.10166707304459371,G1
AGTGCCGTCTGACAGT-1,0.10374549468249566,0.008951846164971466,S
AGTGCCGTCTTTCTAG-1,0.016751252810854156,-0.09223478492471951,S
AGTGTTGAGCATAGGC-1,-0.0206511876350714,0.04022654974710074,G2M
AGTGTTGAGGTAGTCG-1,-0.11456492316975928,-0.20940593804840876,G1
AGTGTTGAGGTGCATG-1,-0.011788144442382631,-0.09019807131052865,G1
AGTGTTGCAACAGAGC-1,-0.03317060440713182,-0.14056549853275505,G1
AGTGTTGGTCAACCAT-1,-0.0004909767790657882,-0.15600463777368037,G1
AGTGTTGGTCCTCCAT-1,-0.09627428451336911,-0.14524011903402306,G1
AGTGTTGGTGCGTTTA-1,0.08042123522721645,-0.10003490491942338,S
AGTGTTGGTTGGCCGT-1,-0.06289169655096938,-0.1413256735571405,G1
AGTGTTGTCACTGAAC-1,-0.05511055385686875,-0.051456815754127416,G1
AGTGTTGTCCATATGG-1,0.030198209033465706,-0.16804759434538596,S
AGTGTTGTCCATCCGT-1,0.0018239167265848288,-0.013315268286781812,S
AGTGTTGTCCCTATTA-1,0.03193022641284815,-0.026601373345133683,S
AGTGTTGTCTAATTCC-1,-0.041197071221505066,0.000589369096273773,G2M
AGTTAGCAGAAACCCG-1,-0.05347259158187573,-0.14481916529649616,G1
AGTTAGCAGCAGCGAT-1,0.024953017090373564,-0.20697524010632617,S
AGTTAGCAGCGTCAGA-1,0.03529508538003068,0.07821527565338948,G2M
AGTTAGCAGCGTTACT-1,-0.03224135061341615,-0.05645069178709622,G1
AGTTAGCCAAATGCGG-1,-0.02663934165177978,-0.07627313133267577,G1
AGTTAGCCACATGACT-1,-0.05835627400893936,-0.24846237704888413,G1
AGTTAGCCAGACCGCT-1,-0.10410182366241888,-0.09510220454791285,G1
AGTTAGCCAGCATACT-1,0.0064814284637539354,-0.018971987336412588,S
AGTTAGCGTCCTGTCT-1,0.03428745576537445,-0.10597414909891323,S
AGTTAGCGTGCCGTTG-1,-0.003738406521307802,-0.14506919039481114,G1
AGTTAGCGTGTTCCTC-1,0.02772783778507465,-0.10126148790691714,S
AGTTAGCGTTGGGTAG-1,0.012250300542680004,-0.2070597443430734,S
AGTTAGCTCAAGTGGG-1,0.04480773196859644,-0.07831578426731617,S
AGTTAGCTCATATGGC-1,-0.05563663465836538,-0.13667867929947566,G1
AGTTAGCTCCTTCTTC-1,0.041835352082574384,-0.057599356272136804,S
AGTTAGCTCGCAAGAG-1,0.034357143826328485,-0.18573206236277023,S
AGTTCCCAGAACGCGT-1,0.05658038808791821,-0.1754939831148163,S
AGTTCCCAGACTAAGT-1,-0.05958407192991752,-0.0504430351538967,G1
AGTTCCCAGCAGAAAG-1,0.03432860009832256,-0.10846571960337359,S
AGTTCCCAGCGCCTTG-1,-0.1316711369391999,-0.2904699144141518,G1
AGTTCCCAGGAGTCTG-1,-0.03656935536734765,-0.1661875530721846,G1
AGTTCCCCAAGTACCT-1,-0.023297555523588087,-0.1301785380950204,G1
AGTTCCCCAGAAGTGC-1,-0.04298762969677761,0.00041268801636296093,G2M
AGTTCCCTCTATCCAT-1,0.03141265104393742,-0.07976075241453467,S
AGTTCGAAGGGACACT-1,-0.0035412906516732456,-0.1326656948616465,G1
AGTTCGAAGGGCAATC-1,-0.1493127649335146,0.10301522704424021,G2M
AGTTCGAAGTACAGCG-1,-0.08569162380503315,-0.19908085886095836,G1
AGTTCGAAGTGCACTT-1,-0.10465278101527375,-0.18567276668463695,G1
AGTTCGACAACGGGTA-1,-0.07454366205144408,-0.26381831659922883,G1
AGTTCGACAGAGAAAG-1,-0.02631551352525363,-0.11629338466126343,G1
AGTTCGACAGGCTATT-1,-0.020513105167941803,-0.033020505881348194,G1
AGTTCGACATGAAAGT-1,0.06964534823040225,-0.1944788003029007,S
AGTTCGAGTACGCTAT-1,0.019623288250999738,-0.05208920822435187,S
AGTTCGAGTAGCACGA-1,-0.05348501141141512,-0.011312114277531482,G1
AGTTCGAGTATTTCCT-1,-0.13004009405210776,-0.02382491405732684,G1
AGTTCGAGTCGCTTGG-1,-0.012536403904600313,-0.18454680716546365,G1
AGTTCGAGTGTCTAAC-1,0.1691665383957784,-0.2206285935203285,S
AGTTCGATCAAGCCGC-1,0.08814995324849967,-0.13564658315204248,S
AGTTCGATCCGTGGCA-1,-0.057629903955106476,-0.20320245490684133,G1
AGTTCGATCTCCCATG-1,0.0663845415286844,0.04717804123730984,S
AGTTCGATCTGAGAAA-1,0.031550343571636164,-0.1396140188674217,S
ATACCGAAGCAGCACA-1,-0.05578326349202123,-0.07588711964749706,G1
ATACCGAAGGTGCTGA-1,0.03323963435637978,-0.02428336292721134,S
ATACCGAAGTAATCCC-1,0.014923211650289092,-0.15016934569265294,S
ATACCGAAGTATGCAA-1,0.07534604206733725,-0.05320694107285506,S
ATACCGAAGTCATGCT-1,0.10211288883668473,-0.132816347272635,S
ATACCGACACGACAAG-1,0.015216027741911942,-0.12080729273841906,S
ATACCGACATGAAGGC-1,0.02088604925361448,-0.2695117424639367,S
ATACCGAGTCACTTCC-1,-0.06515683818256818,-0.07495154972930995,G1
ATACCGAGTCCCTAAA-1,0.06688597288782461,-0.1260408521969852,S
ATACCGAGTCCTACAA-1,-0.07903709804308856,-0.18383007663116047,G1
ATACCGAGTGCTAGCC-1,-0.06752357688388189,-0.09094210403258884,G1
ATACCGAGTTGGAGAC-1,0.1939198462606357,-0.17153371461322942,S
ATACCGAGTTGTCTAG-1,-0.07575655956550337,-0.13177036507918294,G1
ATACCGATCACCTACC-1,0.16486344166965922,-0.027976852686517173,S
ATACCGATCAGGCGAA-1,-0.053550288565473725,-0.04593440150676947,G1
ATACCGATCCCATAAG-1,0.032691589230274265,-0.09757858069829023,S
ATACCGATCGTTCTAT-1,0.018772028163448973,-0.23813715257062557,S
ATACCTTAGGCGAAGG-1,-0.0299415015109743,-0.2399744228158763,G1
ATACCTTAGGTAGACC-1,-0.04920149572338334,-0.055205278887817066,G1
ATACCTTAGGTAGGCT-1,0.012399483172441772,-0.12363988960802369,S
ATACCTTAGTGGTCAG-1,0.06396159732640494,-0.1586950254784038,S
ATACCTTCAGAACTCT-1,-0.03852839740721148,-0.1825574222005606,G1
ATACCTTCAGGCGATA-1,0.004872149014563787,-0.01417581726247863,S
ATACCTTCATAGAATG-1,0.0027697245808058213,-0.06525893969819885,S
ATACCTTCATCCTTCG-1,-0.10392411513645844,-0.030888581320466846,G1
ATACCTTCATGGTGGA-1,-0.0720467873700692,-0.1504462704556887,G1
ATACCTTCATTGACAC-1,-0.09826402217459806,-0.13295557603257963,G1
ATACCTTGTATGCTAC-1,0.09385860598848506,-0.034939801801366854,S
ATACCTTGTATGGTAA-1,-0.08243287167348323,-0.038336155653570014,G1
ATACCTTGTGCCCGTA-1,0.054813237295147865,-0.027046996707838722,S
ATACCTTGTGCCTAAT-1,-0.08716705061142005,-0.10281567808832415,G1
ATACCTTTCCGACGGT-1,0.027841964617501824,-0.20633733611497793,S
ATACCTTTCGCCTCTA-1,0.01994819380345325,-0.06067991101077841,S
ATACCTTTCGTCCTCA-1,-0.024592631059038472,-0.0223401366448171,G1
ATACCTTTCTACCAGA-1,0.005840038692555505,-0.08925833662221277,S
ATACCTTTCTACTGCC-1,-0.016612775166301275,0.09365667254884869,G2M
ATACCTTTCTGCGGGT-1,-0.06565572892141652,-0.2657791574008844,G1
ATACTTCAGAATAGTC-1,0.00036852056879566053,-0.2093937882679127,S
ATACTTCAGATACAGT-1,-0.04588068642890841,-0.10010796121924842,G1
ATACTTCAGGCTTCCG-1,-0.033915048282918525,-0.16038689017347857,G1
ATACTTCAGTCAGAGC-1,0.047415570899014436,0.03938981980824541,S
ATACTTCCAAATACAG-1,0.020352278206342056,-0.1740951519151608,S
ATACTTCCAACGTTAC-1,0.10971370675697678,-0.008144848067023147,S
ATACTTCCAGCCTACG-1,0.03900342049022901,-0.048268246816735305,S
ATACTTCGTAGGCAGT-1,0.11262301966304772,-0.19812337337614613,S
ATACTTCGTCCATCTC-1,-0.05950357569207182,-0.21480928850509357,G1
ATACTTCTCCGTAGGC-1,0.029042844398768197,-0.06792645583160178,S
ATACTTCTCTAGGCCG-1,-0.0491493145525439,-0.09941220690908487,G1
ATAGACCAGACGGTTG-1,-0.031404015437541455,-0.11542323031274082,G1
ATAGACCAGCACTGGA-1,-0.034806589841176794,-0.16268160128317544,G1
ATAGACCAGTTAGAAC-1,0.014879109241991706,-0.10812892117827472,S
ATAGACCAGTTGCATC-1,0.07189344139321735,-0.15308076981264898,S
ATAGACCCATGACTCA-1,0.05014699062372774,-0.021275828533975943,S
ATAGACCCATGTCAGT-1,0.014571991313409693,-0.048274067387728936,S
ATAGACCGTATGCGGA-1,0.017698030049326963,-0.1133896342462909,S
ATAGACCGTCCATCTC-1,0.08711249996037235,-0.16677210760543537,S
ATAGACCGTCTTACAG-1,-0.03712861291725478,-0.045070079747337954,G1
ATAGACCGTGTCCATA-1,-0.04936956194608377,-0.179510681311209,G1
ATAGACCGTTAGAGTA-1,-0.01487746745472135,-0.1779502902076637,G1
ATAGACCGTTCCTAAG-1,0.21762581273646442,-0.32356734571526324,S
ATAGACCTCATGAGGG-1,0.041517123095042796,-0.1514074285845207,S
ATAGACCTCCCATAGA-1,-0.03927521115120597,-0.010849237887285423,G1
ATAGACCTCCGGCAGT-1,0.026050527258845407,-0.17322204330772187,S
ATAGACCTCCTCTCTT-1,-0.12879619651496094,-0.21031409605127882,G1
ATAGACCTCCTTTGAT-1,-0.02383440773903006,-0.20843899711736857,G1
ATAGACCTCGCCGATG-1,0.18025632524410934,-0.07246910453960048,S
ATAGACCTCTTCCACG-1,-0.0005570527592917984,0.07387262952622564,G2M
ATAGAGACAAACGGCA-1,-0.015489729655766005,-0.1694391760064493,G1
ATAGAGACAATCCAGT-1,0.015953561735783883,-0.31601709235310216,S
ATAGAGACACAGCTGC-1,-0.024693621006639466,-0.14873765038550937,G1
ATAGAGACATAACAGA-1,0.020113144811033823,-0.15920127809527296,S
ATAGAGATCACCCTGT-1,-0.042990930989959264,0.04285836650491581,G2M
ATAGAGATCGAACTCA-1,0.09626499700325791,-0.04609045327274652,S
ATAGGCTCACATCCCT-1,-0.047632026147755746,-0.0907968058338185,G1
ATAGGCTGTAATACCC-1,0.08236626093303767,-0.024691027345554672,S
ATAGGCTGTCGACTTA-1,0.060797628558014793,0.02379121248236815,S
ATAGGCTGTTGTCCCT-1,-0.01700783211569934,-0.12479348457579717,G1
ATAGGCTTCGCTGATA-1,-0.05704831902628704,-0.24193042084027733,G1
ATAGGCTTCTTGGCTC-1,-0.0635380287882874,-0.10384560550182803,G1
ATATCCTAGAAGTCTA-1,0.008177518873906553,-0.15567054669968095,S
ATATCCTAGGAACGAA-1,-0.1080567292925706,-0.010753105725128942,G1
ATATCCTAGGCCATAG-1,0.008757006407120516,0.03339045634474541,G2M
ATATCCTCAGCGATTT-1,-0.04491989623522141,-0.20066331334373996,G1
ATATCCTCAGCTACCG-1,0.025276411934698706,0.0579468863255887,G2M
ATATCCTCAGGCTACC-1,-0.0400176200992961,-0.10237114650818263,G1
ATATCCTCATGTACGT-1,0.08030152951259853,-0.1686805738047905,S
ATATCCTGTACTGAGG-1,-0.040801423801635484,-0.05303960957338316,G1
ATATCCTGTTTGGCTA-1,-0.03530872433612409,-0.17047918162667897,G1
ATATCCTTCGAACACT-1,0.08198290071156777,-0.1906173746603282,S
ATCACAGAGACGGAAA-1,0.15963880153923737,-0.1419970246543829,S
ATCACAGAGATACATG-1,-0.08268075025269417,-0.23479803666357216,G1
ATCACAGAGCGAAACC-1,-0.03112742105257571,-0.08015009091548891,G1
ATCACAGAGGAACATT-1,-0.020129008329547005,-0.1740949223270536,G1
ATCACAGTCCTGGGAC-1,-0.040012824248462475,-0.22674487646793795,G1
ATCACAGTCGAGAATA-1,0.013670917449730924,-0.1871117910836859,S
ATCACAGTCGTCGCTT-1,-0.01868842990246411,-0.09386595681286553,G1
ATCACGAAGCGACTGA-1,0.0295914027834579,-0.05929644752459695,S
ATCACGAAGGCACGAT-1,0.025286530248597283,-0.0059704553782799485,S
ATCACGAAGGGTTAGC-1,-0.030278044734608878,-0.20004509375589866,G1
ATCACGACAAGCGAGT-1,0.04538890865734507,-0.06037120686926012,S
ATCACGACAATTGAGA-1,-0.02629063951205829,-0.15608315040626064,G1
ATCACGACACGTTCGG-1,0.003050143864188948,-0.17206552465477226,S
ATCACGACAGCCCACA-1,-0.017743572064856494,-0.0023070751477354823,G1
ATCACGACAGTCAGCC-1,-0.055121440829978774,-0.08959020523040129,G1
ATCACGACATCAGTGT-1,-0.028223361529503943,-0.19263261641205637,G1
ATCACGAGTCGCGGTT-1,0.03349090608763822,-0.04930847480505868,S
ATCACTTAGACCTTTG-1,-0.07450350314005766,-0.3030992456366612,G1
ATCACTTAGATCCTAC-1,-0.06031074161631306,-0.1359058081705276,G1
ATCACTTAGATTGTGA-1,0.06813552079605778,-0.20083155317501103,S
ATCACTTAGCTGTGCC-1,0.041770689293285784,-0.04470481441105567,S
ATCACTTAGTTTCTTC-1,-0.0832781423107758,-0.1955816114683099,G1
ATCACTTCACTCCACT-1,0.019299654528356525,-0.09717310996557715,S
ATCACTTCAGGTGTGA-1,-0.027966804437626336,-0.22606895797765714,G1
ATCACTTCATTACGGT-1,-0.07234928821855674,-0.29198573384825866,G1
ATCACTTGTCCAGAAG-1,0.141937220939426,-0.011812497784941478,S
ATCACTTGTTGTGTAC-1,-0.0981952733632731,-0.03318527739290156,G1
ATCACTTTCACGAGGA-1,0.040956656264067304,-0.07657261269966414,S
ATCACTTTCATGGTAC-1,-0.01556966452309777,-0.11180123205369535,G1
ATCACTTTCATTCGGA-1,-0.08507340395351726,-0.25836202779659406,G1
ATCACTTTCCAAAGGG-1,0.15045557642853408,-0.025722371995695603,S
ATCACTTTCCACAGGC-1,0.01365110480831494,-0.1443097760394238,S
ATCACTTTCCCAGCGA-1,-0.044061780488676816,0.04750936958041729,G2M
ATCACTTTCGCCGTGA-1,-0.08288766307569637,-0.05317638189746482,G1
ATCAGGTAGACCACGA-1,-0.017798335177927505,-0.17564098338912024,G1
ATCAGGTAGGGACTGT-1,0.03236170428708829,0.023413482880943193,S
ATCAGGTAGGTTCATC-1,-0.06353286399849228,-0.23882529031166516,G1
ATCAGGTCAAGCGAGT-1,-0.12523316179302407,-0.24015230856440642,G1
ATCAGGTCAAGCGGAT-1,-0.030572094599764288,-0.17844483130509967,G1
ATCAGGTCAGCCTTCT-1,-0.0158361807521063,-0.14269625923577933,G1
ATCAGGTCAGGCACAA-1,-0.07068364001763916,-0.27823981007330684,G1
ATCAGGTCAGTTAAAG-1,-0.019901735591927622,-0.07291438513684503,G1
ATCAGGTCATCACCAA-1,-0.0790025810799675,-0.15197306413557132,G1
ATCAGGTCATGGCCAC-1,-0.08426846113669789,-0.14804152296502163,G1
ATCAGGTGTATAGGGC-1,-0.04897201269848997,-0.019152887051498313,G1
ATCAGGTGTCGGAAAC-1,-0.04686653045736161,-0.08533606057250864,G1
ATCAGGTGTGTTCGAT-1,0.24310130048760376,-0.23791109334799765,S
ATCAGGTGTTAGTTCG-1,-0.00771057203143477,-0.24381291578542302,G1
ATCAGGTTCATTATCC-1,-0.03376293734059743,-0.11780054408240165,G1
ATCAGGTTCCATTTGT-1,-0.058357329755398424,0.044790821609096254,G2M
ATCAGGTTCCCATGGG-1,0.10532378720357916,-0.12947449820553464,S
ATCAGGTTCTCCTGCA-1,-0.05626356485466821,-0.20755767382822726,G1
ATCATTCAGATGTTCC-1,-0.06356132914044627,-0.07511263997444123,G1
ATCATTCAGGATATAC-1,0.011301028807348013,-0.12312517891384933,S
ATCATTCAGTGTTGAA-1,-0.0786072443668111,0.011223277832923984,G2M
ATCATTCCAATGGCCC-1,0.029712262052725424,-0.21161285452191622,S
ATCATTCCACTGTTCC-1,0.051333396086119976,0.0865265806619353,G2M
ATCATTCCAGAGATGC-1,-0.11616727372506241,-0.17811548861135956,G1
ATCATTCGTCGAAGCA-1,0.022263625140985566,-0.016701344601626533,S
ATCATTCGTCGCGTCA-1,-0.09814256344620545,0.05168553492961042,G2M
ATCATTCGTCTGATCA-1,-0.0943726591632032,-0.22930788459928972,G1
ATCATTCGTGGCCTCA-1,-0.005555435061612907,0.10839805052392076,G2M
ATCATTCTCCGATAAC-1,-0.11611533531253532,-0.18719925833075501,G1
ATCATTCTCGACGCTG-1,0.029491212632022812,-0.09791365014862352,S
ATCATTCTCGCACGAC-1,-0.0020670749046853842,-0.11793431749167932,G1
ATCATTCTCGGCTGAC-1,-0.030552859592505255,-0.17221110129221973,G1
ATCATTCTCTGGAGAG-1,-0.05865798763890917,-0.24885221651474201,G1
ATCCACCGTCGAGTGA-1,-0.012575503448199576,-0.10502459634075079,G1
ATCCACCGTGGTACAG-1,-0.08570774658800123,-0.3154117713090152,G1
ATCCACCGTTTCGACA-1,-0.07699113586892159,-0.20287138410390496,G1
ATCCACCTCAGGGATG-1,-0.04771961837791122,-0.09206956965906704,G1
ATCCACCTCCCTTTGG-1,0.027391842174140868,0.08048567532964546,G2M
ATCCACCTCCGTAGGC-1,-0.053250127806237446,-0.03869129615890088,G1
ATCCACCTCGTAACTG-1,-0.026810103403545893,-0.0856029688339256,G1
ATCCACCTCTCCGATC-1,0.04246269207094577,-0.07285336635983036,S
ATCCATTAGAAGAGCA-1,-0.02518212089432037,-0.046594248088816514,G1
ATCCATTAGAATCGCG-1,0.10168828640940947,-0.19350955740683445,S
ATCCATTAGCATGCGA-1,-0.04432386728381699,-0.08769009465490296,G1
ATCCATTAGCCATATC-1,-0.05061992167846535,-0.10546698027689294,G1
ATCCATTAGCGCACAA-1,-0.038654807461044105,-0.1925335296622337,G1
ATCCATTAGGAACGAA-1,-0.020616160048528953,-0.09994766478443382,G1
ATCCATTAGGCCTAAG-1,0.029748057587147048,-0.1584577478695084,S
ATCCATTAGTGGCAGT-1,-0.026946600391822922,-0.1394198266954635,G1
ATCCATTCACAAGTGG-1,0.1688292268847651,-0.2841261611494905,S
ATCCATTCACATGTTG-1,-0.013797079507258836,-0.19272238480851886,G1
ATCCATTCACGCGGTT-1,-0.16352050810155958,-0.07949132155113664,G1
ATCCATTCATACTGTG-1,0.09095100913924281,-0.0018614458925007016,S
ATCCATTCATGGACAG-1,0.03876968504004219,-0.093306750660969,S
ATCCATTTCGCTGATA-1,-0.05158192016705543,-0.1727991792586517,G1
ATCCATTTCTCCACTG-1,-0.04639719357071154,-0.16725773029248497,G1
ATCCATTTCTGAGAGG-1,0.03529624517500457,-0.23591359671662837,S
ATCCCTGAGGAGGCAG-1,0.27730172067267683,-0.12889863638546367,S
ATCCCTGCAAACTAAG-1,-0.1843454396358779,0.015680964051789703,G2M
ATCCCTGCATAGAAAC-1,-0.040399123355476296,-0.0874142201603933,G1
ATCCCTGGTAGCTGCC-1,-0.04588479311191454,0.021741734383636524,G2M
ATCCCTGGTCAACCTA-1,0.070894128384756,-0.011851824661778754,S
ATCCCTGTCAACCTTT-1,-0.021007411305481533,-0.1339305965291152,G1
ATCCCTGTCCACTTCG-1,-0.0576896270912714,-0.2450477527090211,G1
ATCCCTGTCGCTGCGA-1,-0.03646562570724532,-0.11658140261095473,G1
ATCCGTCAGCTCGCAC-1,-0.07101178478336495,-0.06983783022743545,G1
ATCCGTCAGGTACCTT-1,-0.05420257161477304,-0.011836102959572603,G1
ATCCGTCCAATTCACG-1,-0.12947926537932702,-0.12396934557482897,G1
ATCCGTCCAATTCTCT-1,-0.05464066019103131,-0.13016177626143677,G1
ATCCGTCCACTCGATA-1,-0.03928260001842154,-0.10823810391228586,G1
ATCCGTCGTGTCACAT-1,0.16648741080974244,-0.22416966062952629,S
ATCCGTCTCAAGATAG-1,0.014161161944532152,-0.0859618496474952,S
ATCCGTCTCGGTCATA-1,-0.08005567816576209,-0.14059516027919067,G1
ATCCTATAGCATTGTC-1,0.13146057000219774,-0.07971486721864768,S
ATCCTATAGGGAGGGT-1,0.014618957335360894,0.05117317114348574,G2M
ATCCTATCAACCGATT-1,-0.1002841577807933,-0.15029702844001033,G1
ATCCTATCACTCACTC-1,-0.07616161500164154,-0.05901752526055204,G1
ATCCTATCAGACCATT-1,-0.04311255827177257,-0.14885520818539644,G1
ATCCTATCAGGTATGG-1,-0.04430054525218974,-0.10114163072206644,G1
ATCCTATGTACTCGAT-1,-0.0064113828289884545,-0.1588046174935504,G1
ATCCTATGTCGTGATT-1,-0.011493169441077478,-0.11294547357093628,G1
ATCCTATGTGCCTGCA-1,0.0029055326599216613,-0.1606417497429115,S
ATCCTATGTTTCGATG-1,-0.09252183650272205,-0.016160822646245354,G1
ATCCTATTCTGACCCT-1,0.15653252201398077,-0.20900786699311655,S
ATCGATGAGGTCCCTG-1,-0.08832053926885569,-0.1875232828499237,G1
ATCGATGAGTACAGAT-1,0.04907156615902086,-0.02713855396980719,S
ATCGATGAGTTAGTAG-1,-0.012861956704775912,-0.09618457098205119,G1
ATCGATGAGTTGCTCA-1,-0.021613312094144327,-0.02258999007742732,G1
ATCGATGCACCCAATA-1,-0.006273968593883517,-0.21637431353399797,G1
ATCGATGCAGCGACCT-1,0.04205635311651432,-0.12255392554310125,S
ATCGATGCATCGTGCG-1,-0.06771314212287027,-0.05089001498028345,G1
ATCGATGGTAGTCTGT-1,-0.06356657461795695,-0.06160120359566629,G1
ATCGATGGTATCGCAT-1,-0.08528924967131479,-0.17041082092402873,G1
ATCGATGGTCCCTAAA-1,-0.11310702228162589,-0.09480308845118796,G1
ATCGATGGTCCTCATC-1,0.056818155482720234,0.03700776518212043,S
ATCGATGGTGGTCTTA-1,0.15143619879294182,-0.19937369079107786,S
ATCGATGGTTCTCCTG-1,-0.016065099270156924,-0.18239243199542188,G1
ATCGATGTCAGTGCGC-1,-0.06519431582386803,-0.28609791832029474,G1
ATCGATGTCTGCATGA-1,-0.03736297889885465,-0.010113508172453267,G1
ATCGCCTAGCAAATCA-1,-0.06136292342761024,-0.13779998836424456,G1
ATCGCCTAGCGTGAGT-1,-0.06986443029997624,-0.27808779855199184,G1
ATCGCCTAGCTGCCAC-1,0.0038372846203245103,-0.07144453306945342,S
ATCGCCTCACCGTCGA-1,0.09046464641710933,-0.15087546755938672,S
ATCGCCTCACTCCCTA-1,-0.05727711113735551,0.22088642662007985,G2M
ATCGCCTCAGTCCCGA-1,-0.007787736130143941,-0.1733364151965354,G1
ATCGCCTGTACCCACG-1,0.020144308084883045,-0.10708973660050503,S
ATCGCCTGTCCTCATC-1,-0.00694039386687495,0.03802901193383307,G2M
ATCGCCTGTGTCGCTG-1,-0.1036744422861996,-0.19711277813768532,G1
ATCGCCTGTTATTCTC-1,-0.04323630522682542,-0.18317159297127417,G1
ATCGCCTTCCCTCATG-1,0.020476280400355734,-0.1435344641380889,S
ATCGCCTTCGCACGGT-1,0.015129979005836958,-0.11638141382929273,S
ATCGCCTTCTGCTCTG-1,0.09390280028798165,-0.025618035201596223,S
ATCGGATAGATGCAGC-1,0.20611875774948685,-0.18570089460890304,S
ATCGGATAGGCGAAGG-1,-0.10021405271744788,0.06391166280327287,G2M
ATCGGATAGTAAGGGA-1,0.038082808316900474,-0.20844406502588048,S
ATCGGATAGTTGCGCC-1,-0.05390837002567239,-0.014741083548330425,G1
ATCGGATCACAATTCG-1,-0.12578526998453265,-0.0889841360056508,G1
ATCGGATCAGACGGAT-1,0.0005711226210896037,-0.09206104892785777,S
ATCGGATGTCGTCGGT-1,-0.06799156050934047,-0.12771351991229013,G1
ATCGGATGTGTCCAAT-1,-0.041766978919367925,0.016986797885995608,G2M
ATCGGATTCGTTACCC-1,-0.03989829950644941,-0.1627277685839251,G1
ATCGGCGAGACATACA-1,0.03926466697559561,-0.1827720455459777,S
ATCGGCGAGATGGTAT-1,-0.008928823937679076,-0.11286015008112724,G1
ATCGGCGAGGAATTAC-1,-0.13475802512575902,-0.07158948420820771,G1
ATCGGCGCACAACGTT-1,0.04903851387759545,-0.12933276393860355,S
ATCGGCGGTTCTAACG-1,0.005715482564683627,-0.12612258654524788,S
ATCGGCGTCAAGAATG-1,0.04722256171238598,-0.12396229261619002,S
ATCGGCGTCACCTTAT-1,-0.0689340126696259,-0.05831772969034693,G1
ATCGTAGAGATCCGAG-1,-0.12080322819752859,-0.05840266181797055,G1
ATCGTAGAGTTATGGA-1,0.09584549356754052,-0.226246251872341,S
ATCGTAGGTGTCCGGT-1,0.12008758265820951,-0.175756498037538,S
ATCGTAGTCCATCCGT-1,-0.10159152738546667,-0.06245868051594944,G1
ATCGTAGTCTAGTGAC-1,-0.07795311033388008,-0.031192561084629533,G1
ATCGTAGTCTGCCTGT-1,-0.06989012401047523,0.005056095121626469,G2M
ATCGTCCAGACGGTCA-1,-0.10646372916795344,-0.07601134627633538,G1
ATCGTCCAGAGGTTAT-1,-0.09332741828994218,-0.15596421984668435,G1
ATCGTCCAGATGAAGG-1,-0.040773574333949625,-0.24425284273639858,G1
ATCGTCCAGGAGTATT-1,0.05707516179710892,0.04912774003086978,S
ATCGTCCAGGGATCAC-1,-0.0630716833449379,-0.15809003934723237,G1
ATCGTCCCACGTCATA-1,0.12226258296803999,-0.12001283545856373,S
ATCGTCCCAGACAATA-1,0.034553838296244754,-0.1336256022094846,S
ATCGTCCCATCCTATT-1,-0.01885305463485415,-0.04731601443898359,G1
ATCGTCCCATGTTCGA-1,0.027027856154726804,-0.13808594220570103,S
ATCGTCCGTGAGCAGT-1,-0.0811410194433283,-0.02279635830490484,G1
ATCGTCCGTGCTTCAA-1,0.061405771595404945,-0.12781509833663546,S
ATCGTCCTCATAGGCT-1,0.05875161461825673,-0.11690061293330281,S
ATCGTCCTCGGTTGTA-1,-0.1373710864962212,-0.27244538202039914,G1
ATCGTCCTCTCCGAGG-1,0.05900067737173936,-0.09574112877086643,S
ATCGTGAAGAGCTTTC-1,-0.12150666181033815,-0.16577019519268923,G1
ATCGTGAAGGTAGTAT-1,0.10571258216545021,-0.0933415900934132,S
ATCGTGAAGGTTGTTC-1,-0.001363615279747099,-0.08400458864090155,G1
ATCGTGACAAGGACAC-1,0.06787987669918089,-0.12008996318019288,S
ATCGTGACAATGCAAA-1,0.00032406010168756216,-0.17642066075615292,S
ATCGTGACAGTGTGGA-1,-0.0335960807546315,-0.17254214825870803,G1
ATCGTGACATATCTCT-1,-0.09149879445122755,0.010774589256132283,G2M
ATCGTGATCAGTCATG-1,-0.009347668097692052,-0.16529626872779923,G1
ATCGTGATCCTTCTTC-1,0.012199888924091185,-0.196894623568963,S
ATCGTGATCGCTAATG-1,0.03118193209534792,-0.119322508651038,S
ATCTCTAAGCTCCACG-1,-0.02412380296897912,-0.18314603747332453,G1
ATCTCTAAGTGCTAGG-1,-0.0066869983883828255,-0.07160172525633296,G1
ATCTCTACACACCTAA-1,-0.09196173220871745,-0.21903300006110016,G1
ATCTCTACATGCTGCG-1,0.015025401647805248,0.09445910130622753,G2M
ATCTCTACATTCAGCA-1,-0.031425854729332736,-0.21903198326680387,G1
ATCTCTAGTGACATCT-1,-0.05531284505694972,-0.18230164342977492,G1
ATCTCTAGTTCAACGT-1,-0.16540229890450814,-0.07507997372029201,G1
ATCTCTAGTTGATCGT-1,-0.026440325490252048,-0.13461776717951354,G1
ATCTCTATCATTTGTC-1,-0.03272953457255812,0.07313725615963435,G2M
ATCTCTATCCCTCATG-1,-0.03215567307963271,-0.029802822154118364,G1
ATCTCTATCCTCACTG-1,0.05447405355753393,0.03950614430498112,S
ATCTTCAAGGCTCCCA-1,-0.016885974928054992,-0.046089427389972154,G1
ATCTTCAAGTGTTGTC-1,-0.0965693778383348,-0.029737024002803647,G1
ATCTTCACAGTATGAA-1,0.1747892910034718,-0.16451897144342598,S
ATCTTCACATAACGGG-1,-0.07830187646117481,-0.026823839747545597,G1
ATCTTCACATGACGAG-1,0.08298840043566608,0.06042402947027864,S
ATCTTCAGTATTCTCT-1,-0.13655444413847784,-0.09804911078559148,G1
ATCTTCAGTCCCTGAG-1,-0.061251949915080706,-0.2621275825124964,G1
ATGAAAGAGGATCACG-1,0.12956741487366924,0.19972410959898912,G2M
ATGAAAGAGGCGTTGA-1,-0.11117702411720465,-0.15747851124295534,G1
ATGAAAGAGTTGGAAT-1,0.0009829315753707712,-0.20935537178692457,S
ATGAAAGCAAGATTGA-1,-0.031647652762609335,-0.1386725513092782,G1
ATGAAAGCAATAGTGA-1,0.1506952077887821,-0.15577864162941835,S
ATGAAAGCAATGTTGC-1,0.03818337337278832,-0.06462149977686105,S
ATGAAAGGTGTTTACG-1,-0.0838571863606371,-0.0782223583077152,G1
ATGAAAGTCATGCCCT-1,-0.04532142718150378,-0.152903375403725,G1
ATGAAAGTCCCTCATG-1,-0.0033160037759887573,-0.1688408457955939,G1
ATGAAAGTCCTGGTCT-1,0.06404046917228828,-0.03328259974619785,S
ATGACCACAAACAGGC-1,0.009128834800421592,0.009292615722349462,G2M
ATGACCACAGAATTCC-1,-0.15635553062414037,-0.18898913651960192,G1
ATGACCAGTATACCCA-1,-0.014699068968767937,-0.04422405487543135,G1
ATGACCAGTCTAGTGT-1,-0.07370581756164607,-0.20180208019313653,G1
ATGACCAGTTCGCGTG-1,0.012091443050039064,-0.0768347891265127,S
ATGACCAGTTCGGTAT-1,0.10125312157055066,-0.17373567923109945,S
ATGACCATCCATGCAA-1,0.01615510568128886,-0.22719413461432666,S
ATGACCATCCCGAACG-1,0.07948120073990234,-0.08930352746502984,S
ATGACCATCCCTCATG-1,-0.04009652950029122,0.06705714523008882,G2M
ATGACCATCGTTCATT-1,0.037386701248897536,0.005738235074671916,S
ATGAGGGAGAAGATCT-1,0.05069804743377093,-0.23442355612649174,S
ATGAGGGAGATGACAT-1,0.031360218966797526,-0.19420466606884926,S
ATGAGGGCAAATCGGG-1,0.005710318615553933,-0.10500102484009627,S
ATGAGGGCACGGCCAT-1,-0.05487465472783998,-0.1055566956405875,G1
ATGAGGGGTCCTCAGG-1,-0.0924940742379089,-0.11496344738410413,G1
ATGAGGGGTCTGTCAA-1,0.004454023041502608,-0.30514034121230404,S
ATGAGGGGTGTCTAAC-1,-0.023798327671690434,-0.18479447145668274,G1
ATGAGGGTCCATTGTT-1,-0.05702187411655113,-0.05209537492320987,G1
ATGAGTCAGAATTCAG-1,0.05725368292321664,-0.08315442007215063,S
ATGAGTCAGTTCATGC-1,-0.06948543313213826,-0.12941533257919535,G1
ATGAGTCCAGTGTACT-1,0.11525592477954721,-0.03565533918161978,S
ATGAGTCCATCAGTGT-1,-0.07214725665476351,-0.1303633230679188,G1
ATGAGTCCATGGACAG-1,-0.08728683932558345,-0.005002901724017239,G1
ATGAGTCGTTCATCGA-1,-0.016180673712304583,0.006717404736119759,G2M
ATGAGTCTCAAACGTC-1,0.01187317914193764,-0.07188394127806264,S
ATGAGTCTCAATCCGA-1,0.022589384001193702,-0.1646962434908067,S
ATGAGTCTCACCTCAC-1,0.17704387998813936,-0.14515685217859042,S
ATGAGTCTCTCGGCTT-1,0.017819136070067715,-0.04986141841293784,S
ATGATCGAGAGGCCAT-1,-0.01762549264986496,-0.1263115922007257,G1
ATGATCGAGTCACTGT-1,0.14534060236571678,-0.10154919400196089,S
ATGATCGCAACGGTAG-1,0.03694046717419469,-0.07748164298004107,S
ATGATCGCACAGAAGC-1,0.09431291129207442,-0.10031658112550224,S
ATGATCGCAGCATCTA-1,-0.119660022204085,-0.2418066906362651,G1
ATGATCGCATGGGTTT-1,0.07573798755227668,-0.15793117944126392,S
ATGATCGCATTCAGCA-1,-0.055981593541216956,-0.11870092749148298,G1
ATGATCGCATTGAAAG-1,0.02230015629000015,-0.06679630793888958,S
ATGATCGGTCAAAGCG-1,0.008278948651198936,-0.17872303373171572,S
ATGATCGGTGACCGAA-1,-0.16159336360830664,-0.056513082757850996,G1
ATGATCGGTGTTAACC-1,0.044356604154036194,-0.12215178434771343,S
ATGATCGGTTACACAC-1,-0.10196655263543516,-0.0980535369743078,G1
ATGATCGGTTCCTAGA-1,0.08597845909555185,-0.000538574657393931,S
ATGATCGTCGACGAGA-1,-0.03833203215481468,-0.09038899443514231,G1
ATGCATGCAACGGCTC-1,0.03513898919852618,-0.12885602087777548,S
ATGCATGCAAGGACAC-1,0.002419752842270695,-0.07027798488973092,S
ATGCATGCAAGTCGTT-1,-0.1414257148839902,-0.16708286654199514,G1
ATGCATGCACTGGCCA-1,0.04583626864173801,-0.06426618765576197,S
ATGCATGCAGTTTCAG-1,-0.11022834189851222,-0.08312965177206727,G1
ATGCATGGTAGCTGTT-1,-0.038413194894854286,-0.10002266169072921,G1
ATGCATGGTCGTGTTA-1,-0.04445656266980924,-0.27547169770372665,G1
ATGCATGGTGACGCCT-1,0.05298381786359452,-0.11242148359886395,S
ATGCATGTCCGGACGT-1,-0.052272611506629596,-0.20326098930009065,G1
ATGCATGTCGAACACT-1,-0.02408940539651716,0.04137976592841269,G2M
ATGCCTCAGACCCGCT-1,0.1539375387981327,0.10749427278465506,S
ATGCCTCCACAACCGC-1,-0.004072713089873559,-0.13432396735976565,G1
ATGCCTCCATCGAAGG-1,-0.01862218498081797,-0.03679025945749509,G1
ATGCCTCGTAGACGGT-1,0.046027819112162194,-0.14844791762642773,S
ATGCCTCGTATGGTAA-1,-0.02099763656508158,-0.15087239124270865,G1
ATGCCTCGTCCAGAAG-1,0.06437419876952943,-0.14327207880940807,S
ATGCCTCGTGTACATC-1,0.019739466824432284,-0.17306076343632187,S
ATGCCTCGTGTCCAAT-1,0.02401232924434632,-0.20069289832083295,S
ATGCCTCTCTGGTGCG-1,0.004144762143548364,-0.13374413793627526,S
ATGCGATAGCGGTAAC-1,-0.033011965342005456,0.08175680735693291,G2M
ATGCGATCAAGAGGCT-1,-0.06543105372683924,-0.1281577393215184,G1
ATGCGATCAATAGAGT-1,-0.06639582261221921,-0.23258072553451575,G1
ATGCGATCAATGAGCG-1,0.1081678746241827,-0.021091446633417388,S
ATGCGATGTCTTAGTG-1,0.03704664696988752,-0.08890494819569073,S
ATGCGATGTGATACCT-1,-0.020341089111006294,-0.11522034242307844,G1
ATGCGATTCCCAGGAC-1,0.05560097666974306,-0.10017565350261792,S
ATGCGATTCCGTAATG-1,-0.10198552841057257,-0.019889178104695926,G1
ATGGAGGAGATGCAGC-1,0.026804236690442018,0.03693503588440633,G2M
ATGGAGGCAAACGGCA-1,-0.008326690073851672,-0.127607099026956,G1
ATGGAGGCATAACAGA-1,0.11540737748082908,-0.13098754398093665,S
ATGGAGGCATCGAACT-1,-0.01925742289166199,-0.2832447116120667,G1
ATGGAGGCATCGCTGG-1,-0.03500731580304228,-0.16706828359613501,G1
ATGGAGGGTCAAACGG-1,0.12218148319707517,-0.11001356263135986,S
ATGGAGGGTCGAGTTT-1,-0.11023874047733506,-0.13540744080715886,G1
ATGGAGGGTCTGCGCA-1,-0.06509655328788982,-0.16795657035736156,G1
ATGGAGGGTGAATTGA-1,-0.07968716150929406,0.187746292596846,G2M
ATGGAGGTCACCGGTG-1,0.01118185345562267,-0.173982724839984,S
ATGGAGGTCATCGTAG-1,-0.07793415884104055,-0.016858467110173803,G1
ATGGAGGTCTCCCATG-1,-0.016182102261552866,-0.10607600117633587,G1
ATGGATCAGGTCCCGT-1,0.007573647871947864,-0.11754299245914285,S
ATGGATCCACGGTAGA-1,-0.06637315458597076,-0.01370325342012918,G1
ATGGATCCAGAGACTG-1,0.020187653700285024,0.02094120893001833,G2M
ATGGATCCATATGAAG-1,-0.05195623267823091,-0.1383483917779373,G1
ATGGATCGTACCGCGT-1,-0.0748704695932883,-0.17488881037022322,G1
ATGGATCGTAGGTACG-1,0.02010940491682567,-0.19298689021614446,S
ATGGATCGTCCTCAGG-1,0.02012824371199634,0.0009399099993992466,S
ATGGATCGTGCCTGCA-1,-0.0522858713226097,-0.03989055919782042,G1
ATGGATCGTGGTTCTA-1,-0.08325892317916023,-0.031743060224806496,G1
ATGGATCGTTGCCATA-1,-0.03161890818022994,0.07462561213543428,G2M
ATGGATCGTTGCGAAG-1,0.03647981374720399,0.20241389563314477,G2M
ATGGATCTCATGCAGT-1,-0.03874144631192444,-0.1418722884881753,G1
ATGGATCTCCATGCAA-1,-0.034538939505990185,-0.12242099608890283,G1
ATGGATCTCCCTTCCC-1,-0.12894443583726617,-0.12513620978723555,G1
ATGGATCTCCGCGAGT-1,-0.00024882387516461657,-0.0658985488028962,G1
ATGGATCTCTGCGATA-1,0.1772635458351946,-0.06339297406891031,S
ATGGGAGAGATGGTAT-1,-0.023953755782836705,-0.22521732984259904,G1
ATGGGAGAGCGGGTAT-1,-0.018535958314669254,-0.11327751074043191,G1
ATGGGAGAGGTATTGA-1,0.12768512954927574,-0.17670887582261685,S
ATGGGAGCAAATTGCC-1,0.01357323694329965,-0.09483918908474934,S
ATGGGAGCACAAGTGG-1,-0.01694626767972185,-0.143823019340014,G1
ATGGGAGCACCTGATA-1,0.01913736823622003,-0.1891546175483343,S
ATGGGAGCACTCGATA-1,0.08666193403365863,-0.18833081517061329,S
ATGGGAGGTCTGTAGT-1,-0.029350642377190928,-0.16371701370558056,G1
ATGGGAGGTTCGTACA-1,-0.039083073233472515,-0.24018962905982597,G1
ATGGGAGTCCTCGATC-1,-0.10361148903858247,-0.0005154302319830273,G1
ATGGGTTAGACAAGCC-1,-0.0066663334738774616,-0.14735904029645244,G1
ATGGGTTAGACCATTC-1,0.00956775004180671,-0.11680694900871441,S
ATGGGTTAGATCCGAG-1,-0.03854216446778458,-0.1744765808226382,G1
ATGGGTTAGCCACAAG-1,-0.018218124633894106,-0.17366314997977728,G1
ATGGGTTAGCCTGAAG-1,-0.0014759568944465729,-0.1916668957673363,G1
ATGGGTTCACAGACGA-1,-0.07402841750829814,-0.031039546201988677,G1
ATGGGTTGTCCCGTGA-1,0.01657184232537784,-0.14731262522231656,S
ATGGGTTTCGAACCTA-1,0.04827078980945376,0.012719846497119991,S
ATGGGTTTCGACACCG-1,0.2030173434784625,-0.08007300335960649,S
ATGGGTTTCTGAGTCA-1,-0.09590961475811965,-0.0835611223768764,G1
ATGGGTTTCTGCATAG-1,0.04891445943299133,-0.15216311240261565,S
ATGGTTGCAATCGTCA-1,-0.08115631557733627,-0.2075494615226792,G1
ATGGTTGCACATACTG-1,-0.07665543740088732,-0.17579295935550981,G1
ATGGTTGCACCCTTAC-1,-0.020182437403565068,0.0290389080033292,G2M
ATGGTTGGTCAGCTTA-1,-0.024335119326887533,-0.08657890699209922,G1
ATGGTTGGTGATGAAT-1,-0.025507522439383368,0.027301922826237834,G2M
ATGGTTGTCCCATTCG-1,-0.0042869247803893895,-0.1735281464799422,G1
ATGGTTGTCGTGCTCT-1,-0.0413905169074964,-0.1651611098749124,G1
ATGGTTGTCTCTCGAC-1,0.008827151402074351,-0.1759766644141321,S
ATGGTTGTCTGCCCTA-1,0.05882654038056612,0.03731592577938142,S
ATGGTTGTCTTGTTAC-1,-0.042624539147723295,-0.22331469993597303,G1
ATGTCCCAGTCCTGCG-1,-0.024920222666904968,-0.07236714647986978,G1
ATGTCCCCAAACTAAG-1,-0.0036558722194366955,-0.23772606320258238,G1
ATGTCCCCAATCGCGC-1,0.07392138855967798,-0.23570781227405976,S
ATGTCCCCACTCACTC-1,-0.02261396037032337,-0.0758004603927655,G1
ATGTCCCCAGGTCCCA-1,-0.03778626015572478,-0.3465548443693961,G1
ATGTCCCCATCGATAC-1,-0.018182710373582656,-0.0741808163901872,G1
ATGTCCCGTGTACATC-1,-0.026228497522757077,-0.15216037589681025,G1
ATGTCCCTCAGCGCGT-1,0.10430025210180427,0.13776660155690712,G2M
ATGTCCCTCTGGAAGG-1,-0.08291833339626514,-0.0022049314566714995,G1
ATGTCCCTCTGTCAGA-1,0.10537925020296202,0.027200474769952243,S
ATGTCTTAGAGGACTC-1,0.04472265164677469,-0.12139311424879781,S
ATGTCTTAGCACTCGC-1,-0.04716757718097153,-0.12710358865028915,G1
ATGTCTTAGCGAATGC-1,0.0719110505535161,-0.06108723223087659,S
ATGTCTTAGCTGTCCG-1,-0.03439210567930023,-0.08711191228503339,G1
ATGTCTTAGTACAGCG-1,-0.07379336643286494,-0.051438730015585854,G1
ATGTCTTCAAGGCTTT-1,-0.014774794074577324,-0.14094078872672938,G1
ATGTCTTCATCCCACT-1,-0.05228333225431553,-0.17452754954057645,G1
ATGTCTTCATCTGTTT-1,0.027010547629322645,-0.13832166697486975,S
ATGTCTTGTAGTTACC-1,-0.09704306035097565,-0.09697579883932789,G1
ATGTCTTGTATTCCTT-1,-0.05231155662645426,-0.10073277569644423,G1
ATGTCTTGTGGTATGG-1,0.009234317134799108,-0.058284049887786404,S
ATGTCTTGTGTCATGT-1,-0.1460300743200706,-0.2683390278683308,G1
ATGTCTTGTTTCCCAC-1,-0.06642577015450951,-0.17526213011223046,G1
ATGTCTTTCAAGGACG-1,-0.021566892876561772,-0.11313900181791617,G1
ATGTCTTTCGGCCAAC-1,-0.06644659809344361,-0.1171605914132568,G1
ATGTCTTTCTGAACGT-1,0.08025219774493358,-0.1562636216811664,S
ATGTCTTTCTTTGCGC-1,0.0032018504464335906,-0.10832250736014121,S
ATTACCTAGGAGGGTG-1,0.1073412529210046,-0.031081772403218688,S
ATTACCTCAAAGACTA-1,-0.048036860505049905,-0.09350557588439415,G1
ATTACCTGTACGGTTT-1,-0.06469514892642275,-0.13846662818419045,G1
ATTACCTGTATGGGAC-1,0.009501981486465305,-0.11792005127761698,S
ATTACCTGTCCGGATC-1,-0.054770764743138356,-0.07116539627737556,G1
ATTACCTGTGAACTAA-1,-0.029067627636262694,-0.07073708881250806,G1
ATTACCTTCATCTATC-1,-0.07723582548078695,-0.07061116982914561,G1
ATTACCTTCCGCGATG-1,-0.055505576613816665,-0.15882730205195586,G1
ATTACCTTCGCTACGG-1,0.04065624485719682,-0.07199154702795596,S
ATTACTCAGAGAGCGG-1,0.13350759781680938,-0.1927780582994993,S
ATTACTCAGCATTGTC-1,-0.03857839446457201,-0.03228238799411237,G1
ATTACTCAGCCATCCG-1,-0.012130770898971799,-0.16932657503922344,G1
ATTACTCAGGACTTCT-1,-0.09356310941894119,-0.17006372169107253,G1
ATTACTCAGTTTCAGC-1,0.012951077717366755,-0.03665985900549723,S
ATTACTCCAGCCATTA-1,0.03593458811598338,-0.11511430242154708,S
ATTACTCTCACTTTGT-1,-0.02444071227343686,0.042646605430865236,G2M
ATTACTCTCAGGGATG-1,0.19124646303854903,-0.0621794308336544,S
ATTACTCTCCACAAGT-1,0.07690596239490244,-0.07912362296626252,S
ATTATCCAGTAGTCTC-1,-0.12518533633616058,-0.02016603075914708,G1
ATTATCCAGTATGAAC-1,-0.05510897553983901,-0.0007999818594243147,G1
ATTATCCAGTCTCGTA-1,0.008805731456837634,-0.1961884284991987,S
ATTATCCCAACAGCTT-1,-0.1001927913831463,-0.15580905414074142,G1
ATTATCCCAAGGAGTC-1,0.02919272851533944,-0.21098337968620523,S
ATTATCCCAGAACATA-1,-0.08955680880180256,-0.1689896896077599,G1
ATTATCCCAGCAGTCC-1,0.008132454647346299,-0.21656535056420825,S
ATTATCCGTAACAGTA-1,-0.10954145532988491,-0.06456939381732313,G1
ATTATCCGTATACGGG-1,-0.018201733985816926,-0.04001332958946452,G1
ATTATCCGTCACGCTG-1,0.0305281022539729,-0.16784631584875515,S
ATTATCCTCACATCAG-1,-0.026277964605224524,-0.029454773957540425,G1
ATTATCCTCATGAGTC-1,-0.06629309885681545,-0.2611727734263568,G1
ATTATCCTCCACGGGT-1,-0.140792346839417,-0.011328376927286832,G1
ATTATCCTCCGAAATC-1,0.05283529945652993,-0.12202981262689086,S
ATTATCCTCGTAGCCG-1,0.0116984576457842,-0.21498062579707086,S
ATTCACTAGAGCAAGA-1,0.12502871321909192,-0.17291731347778544,S
ATTCACTAGAGGATGA-1,-0.13813447114636312,-0.1278185710840733,G1
ATTCACTAGCCATTCA-1,-0.02652188513754572,-0.1406662063275043,G1
ATTCACTAGCTACTGT-1,0.13015559149253447,-0.14188473450977956,S
ATTCACTCAAGAAACT-1,-0.06779778604232894,-0.2898740060080628,G1
ATTCACTGTCAGACGA-1,-0.0544901398847219,-0.08530684061599553,G1
ATTCACTGTCGGATTT-1,-0.08749241233804114,-0.09679832802726365,G1
ATTCACTTCGCCGAGT-1,0.17928785754396137,-0.02398230938667334,S
ATTCAGGAGACTCCGC-1,0.045600753276482386,0.3361111630393534,G2M
ATTCAGGAGCTCGGCT-1,0.04691168521712308,-0.14395103643017632,S
ATTCAGGAGCTGAGCA-1,-0.033243779709996146,-0.21990163222270265,G1
ATTCAGGCAAAGACGC-1,-0.0609616940862211,-0.1311526676127576,G1
ATTCAGGCAGCACCCA-1,-0.04873262239905668,-0.09954640850885901,G1
ATTCAGGCAGTTACCA-1,-0.05693744172145038,-0.10619174176332097,G1
ATTCAGGCATAGGTTC-1,-0.05303171988567951,-0.021662049487189194,G1
ATTCAGGCATGCCATA-1,0.06269531076693585,-0.10518009740487799,S
ATTCAGGGTCCCACGA-1,-0.04106085111932389,-0.13438852653179162,G1
ATTCAGGTCAAGGACG-1,-0.028130977732675255,-0.13550443058208006,G1
ATTCAGGTCGCTCTCA-1,0.010614129159906449,-0.05291385623003131,S
ATTCATCCACCACTGG-1,0.00476383939297953,-0.031126658598917667,S
ATTCATCCACTGTGAT-1,-0.05190034871562915,0.008763713802380058,G2M
ATTCATCCAGCGACCT-1,0.004428790597663768,-0.048015133833074986,S
ATTCATCCAGCGTGCT-1,0.01672638715581326,-0.1105708571234224,S
ATTCATCCATACTTTC-1,-0.039731796371800965,-0.1308017922835994,G1
ATTCATCGTCGCCACA-1,-0.08680620923041632,-0.09912198929800581,G1
ATTCATCTCAATGTCG-1,-0.007397810327756715,-0.07149360742229899,G1
ATTCATCTCCCTATTA-1,0.041398577078398946,-0.12169522975969368,S
ATTCCATAGAGGGTGG-1,-0.02524764992467804,-0.023016904142105887,G1
ATTCCATAGAGTAACT-1,-0.009926492992539837,-0.13790079248687448,G1
ATTCCATAGCAACAAT-1,0.03368872937724038,-0.12925957332572002,S
ATTCCATAGTGTGTTC-1,0.03355164494165408,-0.10772293886078793,S
ATTCCATAGTTCATGC-1,0.038286573736996454,-0.07877549685179805,S
ATTCCATCACAATGCT-1,-0.08238339537602923,-0.06853154802830913,G1
ATTCCATCACCAGCGT-1,-0.06521009692483484,-0.0854040574031229,G1
ATTCCATCATCGATGT-1,-0.05397686988686068,-0.13731128308513912,G1
ATTCCATGTCTGTGCG-1,-0.04626895852920926,-0.1915070341313072,G1
ATTCCATGTGCGCTCA-1,0.022202591439733466,-0.21056863231391607,S
ATTCCATTCCCGTGAG-1,-0.11326011893650834,-0.034720840355559834,G1
ATTCCCGAGGCTCCCA-1,-0.04184227560913592,-0.12509767304204528,G1
ATTCCCGAGGGTTTCT-1,-0.10209943637898583,-0.20575566843026946,G1
ATTCCCGCAAACGAGC-1,0.006110191963588973,-0.18741965367540903,S
ATTCCCGCAAGGACAC-1,0.09284918090644934,-0.1399368164087535,S
ATTCCCGGTGCCTTCT-1,0.05503130093087499,-0.18569480158331264,S
ATTCCCGTCACGGGAA-1,-0.13900397163695793,-0.20191145463411186,G1
ATTCCCGTCCCAGCGA-1,-0.16085051515385798,-0.0963084604882754,G1
ATTCCTAAGAGTGGCT-1,-0.01962201958985138,-0.19994069720422336,G1
ATTCCTAAGCTCGAAG-1,0.05653854516198975,-0.090788602333774,S
ATTCCTAAGGCACTCC-1,-0.07252664405303189,0.02070743899095462,G2M
ATTCCTACAATCCTAG-1,-0.04199959007652898,-0.09904479744101741,G1
ATTCCTACATAGATCC-1,-0.16370712499751783,-0.07078170832962105,G1
ATTCCTACATGACTAC-1,-0.06954133841854221,-0.05015406930589983,G1
ATTCCTAGTAACGATA-1,-0.012573694627172949,-0.12377360079618191,G1
ATTCCTAGTCCCTGTT-1,-0.0006498824644696755,-0.01924919860290142,G1
ATTCCTATCAGTCCGG-1,-0.035017137232707496,-0.11402180311664983,G1
ATTCCTATCCCATGGG-1,-0.05852451871137926,-0.18421560126712727,G1
ATTCCTATCCGATGTA-1,-0.008681154958995518,-0.2169208459446476,G1
ATTCCTATCTGGACCG-1,0.0477332458880213,-0.05275561750323199,S
ATTCGTTAGAGTCACG-1,0.0067946980748573305,-0.1381169613562928,S
ATTCGTTAGCGCTTCG-1,-0.04092477184477061,-0.04622135084452275,G1
ATTCGTTAGTTCCATG-1,-0.0743006895634058,-0.07152716864185937,G1
ATTCGTTCAAGACCTT-1,-0.032355869131271586,-0.28160085312397537,G1
ATTCGTTGTATCTTCT-1,0.040718739376316815,-0.13163210166209532,S
ATTCGTTGTCGATTCA-1,0.15319418468342205,-0.08921521400740762,S
ATTCGTTGTCTCAAGT-1,0.05497248244772296,-0.11493631315009106,S
ATTCGTTTCAGCGCAC-1,0.0041605401728529445,-0.2355316575685066,S
ATTCTACAGACATCCT-1,0.0053303638651135965,-0.23541994520808618,S
ATTCTACAGCGTACAG-1,-0.08509523488715409,-0.16159412094466966,G1
ATTCTACCACCAGCGT-1,-0.013187699220507887,-0.3034174775327388,G1
ATTCTACCATCGCTCT-1,-0.04446384415818161,-0.17998791649814605,G1
ATTCTACCATGGCGCT-1,0.05405683417748286,-0.04274250302372934,S
ATTCTACGTAGGAAAG-1,0.12414949159668548,-0.0960435601812819,S
ATTCTACGTCCAAGAG-1,0.07679189974404826,-0.11632707330261863,S
ATTCTACGTCCACGCA-1,-0.07036096361893202,-0.16427080450610115,G1
ATTCTACGTTTGGGTT-1,-0.03338497137825436,-0.027382958793204015,G1
ATTCTACTCAACTGAC-1,-0.051449004106385254,-0.1668879814235172,G1
ATTCTACTCACGACTA-1,0.13995966348575284,-0.16468398443218085,S
ATTCTACTCCTACCGT-1,0.03619442765073677,-0.034556514479054334,S
ATTCTACTCGAGCTGC-1,-0.1042163037359971,-0.1318489724250242,G1
ATTCTACTCTGCGATA-1,-0.0621915445242035,0.07049595805509334,G2M
ATTCTACTCTGTAAGC-1,-0.08072658874454036,-0.16546310387318877,G1
ATTCTTGAGCACAAAT-1,-0.07238265227369384,-0.10020414764594454,G1
ATTCTTGAGGGTAATT-1,-0.04565242949839218,-0.18493681015734537,G1
ATTCTTGAGTCTGGAG-1,0.060203364292701456,0.15127835634868197,G2M
ATTCTTGCACGTATAC-1,0.05959596165523068,-0.18699250943586707,S
ATTCTTGCATGGCTGC-1,-0.007803611191640247,-0.15794278750851481,G1
ATTCTTGGTAACGATA-1,-0.01271451779296906,-0.16722504519555684,G1
ATTCTTGGTCCATACA-1,-0.06287857457178811,-0.0011500723335793883,G1
ATTCTTGGTCGATTTG-1,-0.02790097881403486,-0.12067504524466793,G1
ATTCTTGGTGTAGGAC-1,-0.02149566866118313,-0.1488082220685311,G1
ATTCTTGGTGTGTTTG-1,-0.02313943324137413,-0.16281424751725843,G1
ATTCTTGTCGAATGCT-1,0.01674063672601539,-0.12633193873981274,S
ATTGGGTAGGAATTAC-1,0.0011880691716306124,-0.10519203626942863,S
ATTGGGTAGGCTAACG-1,-0.1131572476766532,-0.17214607341439375,G1
ATTGGGTAGGTTGTTC-1,-0.028641670589797885,-0.23593830973679264,G1
ATTGGGTCAGGCGATA-1,-0.07957549129528135,-0.17835819046036222,G1
ATTGGGTCATAATGAG-1,0.01772111536896631,-0.05982859507992466,S
ATTGGGTGTACAACGG-1,-0.0014850031659098262,-0.09801707965959428,G1
ATTGGGTGTATGTCAC-1,-0.04031030724577378,-0.2100834865888664,G1
ATTGGGTTCAATCAGC-1,-0.020876101918132994,-0.16470950965601036,G1
ATTGGGTTCCCTCGTA-1,-0.16130235902137322,-0.1741945719383109,G1
ATTGGGTTCTTCTAAC-1,-0.003697566929581564,-0.12835246279492127,G1
ATTGTTCAGCGGGTTA-1,-0.06008582330775736,-0.1594964244995602,G1
ATTGTTCAGGATGCGT-1,-0.009754990000188868,-0.19105298658166597,G1
ATTGTTCAGGCAGGTT-1,-0.08150933366109181,-0.08967559216477874,G1
ATTGTTCAGTGGAATT-1,-0.041923744755561654,-0.16845193531035776,G1
ATTGTTCAGTTGAATG-1,-0.04956373104085257,0.21790576743923118,G2M
ATTGTTCCACGAAGAC-1,0.01738438504877146,-0.1072578171337256,S
ATTGTTCCAGCAGATG-1,-0.1185731848330357,-0.08407410782489155,G1
ATTGTTCCAGCTTTCC-1,0.20420251895031655,-0.07384390380980821,S
ATTGTTCCATAAGATG-1,0.05642199142543808,-0.00863182996427253,S
ATTGTTCCATTGAGGG-1,-0.066891720549769,-0.12011562115239777,G1
ATTGTTCGTACGACAG-1,-0.05891797302911639,-0.16959389849095113,G1
ATTGTTCGTCACTGAT-1,-0.0493800286834738,-0.19227321783820872,G1
ATTGTTCGTCTAATCG-1,-0.07929095013224763,-0.06376605203409585,G1
ATTGTTCGTCTACGAT-1,-0.091983825543138,-0.26104305481828727,G1
ATTGTTCGTGGATTTC-1,-0.07571314423953651,-0.09548719704183406,G1
ATTGTTCTCAACTGAC-1,-0.0384185422222163,-0.13591121503266568,G1
ATTGTTCTCACCTGTC-1,-0.022687358465695917,-0.19933226743870602,G1
ATTGTTCTCGAGATAA-1,0.07770347579856535,-0.2171628674478228,S
ATTTACCAGCTCGGCT-1,-0.04827136243195129,-0.13634420988844487,G1
ATTTACCCAACTGCCG-1,-0.03680782837145308,-0.07801530599748085,G1
ATTTACCCAAGTGGTG-1,-0.007637197038195265,-0.11060889513421462,G1
ATTTACCCAGAGTTGG-1,-0.09586927329299971,-0.18048304330305368,G1
ATTTACCCATCTTTCA-1,-0.060619987705622325,-0.13852556222079343,G1
ATTTACCCATGGAACG-1,0.0030254605042153437,-0.19933160711333098,S
ATTTACCGTCCACTCT-1,-0.058970908212188644,-0.11560095606826815,G1
ATTTACCGTCTGTAGT-1,-0.023083708956705973,-0.15537578135397484,G1
ATTTACCGTTATCTGG-1,-0.015500344382606723,-0.08039286795250566,G1
ATTTACCTCAACTACG-1,0.10471433922709372,-0.12348408373032271,S
ATTTACCTCAGTCACA-1,-0.14631834299366392,-0.16858319548910705,G1
ATTTACCTCGGCTTCT-1,-0.004008189414548502,-0.12741121349341708,G1
ATTTACCTCGGTATGT-1,-0.011059207739962551,-0.17132296663815996,G1
ATTTACCTCTTCGTAT-1,-0.04885336032150134,0.014355620983673045,G2M
ATTTCACAGTGAGGTC-1,-0.0874977461824229,-0.030794668444818485,G1
ATTTCACCACAAGTTC-1,-0.10009880644198793,-0.0013246781111133643,G1
ATTTCACCACCGTACG-1,-0.09613043724765347,-0.1029689999318166,G1
ATTTCACCAGTTGGTT-1,-0.03983173791259881,-0.1191384187636143,G1
ATTTCACCATCTATCT-1,-0.011372143542219826,-0.1694858576426522,G1
ATTTCACGTACTTCCC-1,-0.07821629985574408,-0.0414905829738651,G1
ATTTCACGTCGGTAAG-1,0.05542653319135049,-0.23712014691727684,S
ATTTCACGTCGTTGCG-1,-0.1012956424608229,-0.19924529384913792,G1
ATTTCACGTGAGATCG-1,-0.017393847514293903,-0.23499795916259708,G1
ATTTCACGTTCTTGCC-1,0.05481458307118364,-0.12122825151955197,S
ATTTCACTCAGGCGAA-1,0.09786980844496929,-0.13899993741680627,S
ATTTCACTCTAACGGT-1,-0.022588699602525908,-0.03104833502665688,G1
ATTTCTGAGAATCCCT-1,0.02661533315215453,-0.15039259563506835,S
ATTTCTGAGAGCAGCT-1,0.1184281583885411,-0.18685447471218763,S
ATTTCTGAGGCATGGT-1,-0.13469528844649245,-0.08525085469193427,G1
ATTTCTGAGTGAACAT-1,-0.04063017808524233,-0.07536341402327718,G1
ATTTCTGCAACATACC-1,-0.0009630255554243794,-0.21867464301685732,G1
ATTTCTGCACATAACC-1,-0.07262329671662998,-0.18699879007361284,G1
ATTTCTGCAGGTTTAC-1,0.029617259065719548,-0.21754319334114208,S
ATTTCTGGTACTGCGC-1,-0.028352271075688495,-0.08890272567994312,G1
ATTTCTGGTTCGGTTA-1,0.22469389165564446,-0.13589103673029718,S
ATTTCTGTCGTCGACG-1,-0.020051087114609595,-0.22412067201798247,G1
ATTTCTGTCTAAACGC-1,-0.01048900438653122,-0.09300554721047868,G1
ATTTCTGTCTATACGG-1,0.15165973745634453,-0.12459403292985011,S
CAAAGAAAGCGGTAGT-1,-0.022110179286612797,-0.11928144577500699,G1
CAAAGAACAAGAGAGA-1,0.07464584128197599,-0.10781206986530156,S
CAAAGAACACATACGT-1,-0.0535166110876274,-0.09592221914424576,G1
CAAAGAACAGCGGTTC-1,-0.069350031450096,-0.15310296036399665,G1
CAAAGAACAGCGTATT-1,0.020692883541547857,-0.17378470819149108,S
CAAAGAACATCCTCAC-1,0.013471084614061879,-0.03798025234860869,S
CAAAGAACATGTGGCC-1,-0.04047040185844236,-0.236171787795886,G1
CAAAGAAGTACGACAG-1,-0.01025166206127548,0.016769978624442794,G2M
CAAAGAAGTAGGGAGG-1,0.030970350151827197,-0.10308501021023464,S
CAAAGAAGTATCTTCT-1,-0.06961627153667421,-0.04791550730089261,G1
CAAAGAAGTGTTCAGT-1,0.06673301371407486,-0.10722585523663042,S
CAAAGAATCCATAAGC-1,0.018354547013113287,-0.12765037130202994,S
CAACAACAGAAGCCAC-1,0.020030201557759586,-0.06273257025995221,S
CAACAACCAACTTGGT-1,-0.06620924157387531,-0.06392612480246268,G1
CAACAACCAGTATACC-1,-0.005440214426448875,-0.13082202296955886,G1
CAACAACCAGTTAGGG-1,0.019246531197892214,-0.20117051608942027,S
CAACAACCATCGATAC-1,0.10116941318239314,0.01616790310335664,S
CAACAACCATTGCCGG-1,-0.16516861791974186,-0.17451732756611174,G1
CAACAACGTAATCAGA-1,-0.07240914571569229,-0.09645611812920535,G1
CAACAACGTCTCTCTG-1,0.021587105157394426,-0.01638692683686538,S
CAACAACTCACGATCA-1,0.03366586405327987,-0.026373484117487522,S
CAACAACTCGCCGATG-1,-0.09208849543903463,-0.13904599168169002,G1
CAACAGTAGTGGAAAG-1,-0.06360544514489047,-0.21041039372028134,G1
CAACAGTAGTTGTCAC-1,-0.030450055068552695,-0.15416621627542626,G1
CAACAGTCAACCGCCA-1,-0.007657422511008705,0.041333201427045885,G2M
CAACAGTCAAGTGGTG-1,-0.021495392793585755,-0.1268991559856759,G1
CAACAGTCACTCTCGT-1,0.012725126376485402,-0.20335612599091868,S
CAACAGTGTACCCAGC-1,-0.0682840080661678,-0.13212016011121697,G1
CAACAGTGTCTTACAG-1,-0.11460057107039634,0.03814407859185559,G2M
CAACAGTGTGCCCGTA-1,0.08098713485859588,0.06927563657959201,S
CAACAGTGTGTGACCC-1,-0.05327576700281597,-0.11868815465086888,G1
CAACAGTTCCCGTGTT-1,-0.022713228053104856,-0.0007735831928984138,G1
CAACAGTTCCGATCGG-1,-0.0635105417120726,-0.14525564222122916,G1
CAACAGTTCCGCGGAT-1,0.1064536879851089,-0.09891735793529133,S
CAACAGTTCGCCAACG-1,-0.019823351687665525,-0.2219558684892854,G1
CAACAGTTCTTCGATT-1,-0.09138878767162034,-0.22241838074116646,G1
CAACCAAAGTAGCTCT-1,-0.06447577978576774,0.08097822699917095,G2M
CAACCAAAGTGACCTT-1,0.1394114387482428,0.09708612037962172,S
CAACCAACAAGACGGT-1,0.022428163252502076,0.20177861500770128,G2M
CAACCAACACCGAATT-1,-0.08108538103586821,-0.03289163645506504,G1
CAACCAACAGTTTGGT-1,-0.037762901555150996,0.0125137822010013,G2M
CAACCAACATACTGAC-1,0.04602133156763105,-0.18767317079672538,S
CAACCAACATCTGTTT-1,-0.05355987826247721,-0.21800178258307054,G1
CAACCAACATGTCAGT-1,-0.07251871699826845,-0.16305608750887746,G1
CAACCAAGTCGCGTCA-1,-0.14012708553239342,-0.25610197094992254,G1
CAACCAAGTGCTGCAC-1,0.027483993914974858,-0.09628937636543164,S
CAACCAAGTGTACGCC-1,-0.0011611048599861062,0.07385912804267925,G2M
CAACCAAGTGTGTTTG-1,-0.13004911125594676,0.10135256104929302,G2M
CAACCAATCAAGAATG-1,0.07539603398370534,-0.23280534911883527,S
CAACCAATCATACGAC-1,0.060240992865780996,-0.23322913466634607,S
CAACCAATCCGGTAAT-1,-0.026124288085188352,-0.17721327860127792,G1
CAACCAATCGCCGAGT-1,-0.08612167880451677,-0.07319846429658872,G1
CAACCAATCGGACAAG-1,-0.01547398657874366,-0.1052473671073062,G1
CAACCTCAGACTAAGT-1,0.06117043040956177,-0.0419017591402035,S
CAACCTCCAAAGTGTA-1,-0.09624355230689069,-0.025034079675623044,G1
CAACCTCCAGCGGTTC-1,0.11982074519800312,-0.15452550340722077,S
CAACCTCGTGCACGCT-1,-0.05545465739496874,-0.23217175711930946,G1
CAACCTCGTGTTGAGG-1,0.09769718297025665,-0.16489275424838692,S
CAACCTCTCGCAGATT-1,0.10032578510836987,-0.036974028018945226,S
CAACGATAGACGGATC-1,-0.019743036516222168,-0.2605873812217273,G1
CAACGATAGTCATAGA-1,-0.030573522696346556,-0.10926209092337863,G1
CAACGATAGTGACACG-1,-0.08481439616021647,-0.19942514049924265,G1
CAACGATCAGTAGATA-1,0.012155030240230957,-0.06128611290067648,S
CAACGATCATCCGATA-1,-0.08407533846023507,-0.187571332235501,G1
CAACGATCATGAAGGC-1,0.0547250418552061,0.05447211598558477,S
CAACGATGTGTCCATA-1,-0.027290649399835887,-0.03498771109787485,G1
CAACGATGTTACCTGA-1,0.0014282461722490147,-0.06801231423494294,S
CAACGATGTTGCGAAG-1,-0.061041204789338555,-0.10189552211250458,G1
CAACGATGTTGGGACA-1,0.0412216431609746,-0.25508538272571296,S
CAACGATTCTACGCAA-1,0.00021745111395446437,-0.09085564219425005,S
CAACGATTCTGTGCGG-1,-0.004199843319155072,-0.08817129444905786,G1
CAACGGCAGGGTAATT-1,-0.02049204316834935,-0.051149913861148866,G1
CAACGGCAGGTTACCT-1,0.07592677540206633,-0.045222476114099935,S
CAACGGCAGTGCGCTC-1,0.038368428150693246,-0.030624918178395688,S
CAACGGCAGTTTCTTC-1,-0.06602781449367556,-0.22108956835459811,G1
CAACGGCCACTTGAGT-1,-0.05893431756992756,-0.15814092518690587,G1
CAACGGCGTCTAGGCC-1,0.1467371415314101,-0.09409475247471655,S
CAACGGCGTGGGTCAA-1,0.04194915364214302,0.004783057597225582,S
CAACGGCTCACCTTAT-1,0.03510238966461138,-0.10693580291600502,S
CAACGGCTCCCTTCCC-1,-0.016817153221336395,0.05196729609464956,G2M
CAACGGCTCGAGTGGA-1,0.045110592621892154,-0.13834271332677184,S
CAACGGCTCTGGACTA-1,0.002700550554434855,-0.04724288058747439,S
CAAGACTAGCACCGTC-1,0.20548193327662512,-0.06955511051092955,S
CAAGACTCATACACCA-1,0.11835509182251813,-0.20119070174912826,S
CAAGACTGTACGGTTT-1,-0.045696721573746046,-0.016931474854887718,G1
CAAGACTGTCCTTTGC-1,0.018854623639897483,-0.028756916996337978,S
CAAGACTGTCTTCGAA-1,-0.010264687363931158,-0.2162846900205273,G1
CAAGACTGTGTAAATG-1,-0.11513767013431139,0.01072554067062026,G2M
CAAGACTGTTAAGACA-1,-0.1028159051561034,-0.1455168582489534,G1
CAAGACTTCTAGACAC-1,0.019020371662981428,-0.08783666707162174,S
CAAGACTTCTTAGTTC-1,-0.012664035639316507,-0.04034935765784681,G1
CAAGACTTCTTCGTGC-1,-0.0009767499037264815,-0.2028834987456148,G1
CAAGAGGAGTATGAAC-1,0.055582055392359414,-0.16389032366754638,S
CAAGAGGAGTGCGCTC-1,-0.012969380361986638,-0.20768170785124085,G1
CAAGAGGCAATTGGTC-1,0.05198031119558727,-0.12210309234348016,S
CAAGAGGCACCCTGTT-1,0.1148781577962471,0.15146857603174757,G2M
CAAGAGGCACTTGAAC-1,0.037425334207011135,0.03829005849306699,G2M
CAAGAGGCATTAGGCT-1,-0.07013617931568061,-0.11961442788822052,G1
CAAGAGGGTTGGACCC-1,0.016564871592218533,-0.25715205812263636,S
CAAGAGGTCGCTGTCT-1,-0.04025322732341757,-0.1273366798831133,G1
CAAGAGGTCTAACGCA-1,0.012559732726217632,-0.20265400177284792,S
CAAGCTAAGACATAGT-1,-0.09711533766148395,-0.057012045433182,G1
CAAGCTAAGATTGTGA-1,0.10840654468350053,-0.1048172567613675,S
CAAGCTAAGGCCTGAA-1,0.06985619197266713,-0.14682999306902939,S
CAAGCTAAGTCGAAAT-1,0.07629316378464063,0.07080395682417812,S
CAAGCTACACATATGC-1,-0.039128033395351314,-0.21688235248624732,G1
CAAGCTACAGAGCTAG-1,0.06704431432505209,-0.0006167346037574406,S
CAAGCTACAGCATGCC-1,0.010982515173731833,0.01748388245895033,G2M
CAAGCTAGTATGTGTC-1,0.031623481982220925,-0.07608023334502045,S
CAAGCTATCGCATAGT-1,0.12006622778371118,-0.0753183609391504,S
CAAGCTATCGGTTCAA-1,0.029887046097620884,-0.1909076362489882,S
CAAGGGAAGGACATCG-1,0.011492779517813245,-0.0691489675970382,S
CAAGGGACAAGACTGG-1,-0.04493659747684531,-0.2030774527278704,G1
CAAGGGACAAGTTGGG-1,-0.022293411210844882,-0.16373164350038139,G1
CAAGGGACAAGTTTGC-1,-0.04768970830989955,-0.1475548955683555,G1
CAAGGGACAATTGCCA-1,-0.026917756465421827,-0.21557675906392684,G1
CAAGGGACAGCGTATT-1,-0.06382600571863983,-0.12367204327866538,G1
CAAGGGACATGAATCC-1,-0.04284067942175762,-0.1747797801761635,G1
CAAGGGAGTCCAGGTC-1,0.09706147593576397,-0.15774018419142,S
CAAGGGATCCTGATAG-1,-0.0328686406468604,-0.0506048344501312,G1
CAAGGGATCGAAGAAT-1,0.01811137143970476,-0.10649248324946475,S
CAAGGGATCGGTCTGG-1,0.00463007707321117,-0.1990372357473253,S
CAAGGGATCGTGACTA-1,-0.03768017128123258,-0.10196640458485762,G1
CAAGGGATCTGGCCGA-1,-0.041800979309742914,-0.2294350931311653,G1
CAATACGAGCACCTGC-1,-0.0885968573012248,-0.16648975978412744,G1
CAATACGAGCATAGGC-1,-0.011702423695162278,-0.10680822515222177,G1
CAATACGAGCCAGAGT-1,-0.015512872043655368,-0.06812394356728851,G1
CAATACGAGCTAAACA-1,0.04445173553652132,-0.042174287709829755,S
CAATACGAGGACACTG-1,-0.016145025795500867,-0.13748119458049787,G1
CAATACGCAATTGCAC-1,0.049300933058917085,-0.07966749958544819,S
CAATACGCACGTCGGT-1,0.06987821517618997,-0.2084448937253,S
CAATACGCAGTCGGAA-1,-0.1198955529438181,0.017262014348056742,G2M
CAATACGGTAGCCCTG-1,-0.019666927711306126,-0.11082203957117887,G1
CAATACGGTCGTACTA-1,-0.07593091150836279,-0.18697511175837206,G1
CAATACGGTCTACTGA-1,0.08582814565760716,-0.17770103355182532,S
CAATACGGTTTGTGGT-1,-0.07131179234749152,-0.13715232184097506,G1
CAATACGTCAGTCACA-1,-0.019900441031817095,-0.07151213912879972,G1
CAATACGTCTACGCAA-1,-0.1720814204517208,-0.06017997177348006,G1
CAATCGAAGTCTTCCC-1,-0.06383392200641902,-0.09452493334791126,G1
CAATCGACACCAGTTA-1,0.028554486874546148,0.01253293318907689,S
CAATCGACATGGCACC-1,0.06302078493255947,-0.09439125977872842,S
CAATCGAGTATTGCCA-1,-0.068261531695473,-0.23842980240659428,G1
CAATCGAGTCAGACGA-1,0.002925452389181349,-0.06873192440193626,S
CAATCGAGTCCCTAAA-1,-0.05768924429749683,-0.10689743114500261,G1
CAATCGAGTCGATTTG-1,0.10878397226429604,-0.09643103379643791,S
CAATCGAGTCTCACAA-1,0.05325295114878337,-0.10075788744445613,S
CAATCGAGTGTACAGG-1,0.0596296787736858,-0.13767897344710445,S
CAATCGATCAAGGAGC-1,0.14134714965465944,0.005408739791043726,S
CAATGACAGATACCAA-1,0.003728311940041251,-0.23145353909576502,S
CAATGACAGGAACTCG-1,-0.022963456777219005,0.05659033355678267,G2M
CAATGACAGGGTAGCT-1,-0.020077275702219566,-0.04892630153707472,G1
CAATGACAGTGTAGTA-1,0.14120151953154586,-0.025756809437761652,S
CAATGACCAAGTATCC-1,0.03534578436070013,-0.131094815354734,S
CAATGACCAATACGCT-1,0.017005047120430827,-0.11371430517930425,S
CAATGACCAATGCAGG-1,-0.1244146456566822,-0.14532287465423888,G1
CAATGACCAGACAAAT-1,-0.06099094546052747,-0.16852518336708372,G1
CAATGACTCCAGCAAT-1,-0.06216835395971776,-0.21866886392660995,G1
CAATGACTCCCGTTGT-1,-0.011209591179471678,-0.19151327288881317,G1
CAATGACTCCTACACC-1,-0.0019604024305449608,-0.16607128249043174,G1
CAATGACTCTACGCGG-1,-0.07645599835231026,-0.13684810039986406,G1
CAATGACTCTCTATAC-1,0.12037893211197292,-0.32898079615523323,S
CAATTTCAGACTTAAG-1,0.006588811316357579,-0.006213086350469799,S
CAATTTCAGCGACAGT-1,-0.08014390553482392,-0.14918035764509283,G1
CAATTTCAGCTAATCC-1,-0.009382868473315653,0.04810973720002232,G2M
CAATTTCCAATACGAA-1,0.06966210547327772,-0.0656097591814887,S
CAATTTCCACTATCGA-1,0.1544290990636802,-0.11937130352485875,S
CAATTTCGTAACTGCT-1,-0.04782227061208605,-0.18067462497612835,G1
CAATTTCGTATTGAGA-1,0.015345964936929857,-0.09939976346754315,S
CAATTTCGTCCATCTC-1,-0.03773126602132432,-0.17347763576470615,G1
CAATTTCTCTACACTT-1,0.019057722396133125,-0.08379710198131196,S
CACAACAAGATTAGAC-1,-0.05412884832737519,-0.042981620383620966,G1
CACAACAAGCAGCACA-1,-0.08851643119427666,-0.12620369365535605,G1
CACAACAAGTTCCGTA-1,-0.008080417682963081,-0.11023320940834097,G1
CACAACACACGGAAGT-1,-0.005159378949006477,-0.09852101463131574,G1
CACAACACACTACGGC-1,0.01486852739810307,-0.047922036889698316,S
CACAACACAGTTGTCA-1,0.03434637942870622,-0.19504799374345066,S
CACAACACATGACCCG-1,0.01685710374469368,-0.05160091790251925,S
CACAACAGTGCAGTGA-1,0.00767611936305318,-0.2189839902930441,S
CACAACATCATTCGGA-1,-0.013815939383732101,-0.12577801234452518,G1
CACAACATCCACGTGG-1,0.18465191330756697,-0.036873775214051,S
CACAACATCGCTCATC-1,-0.07679560074131314,-0.16463269255725696,G1
CACAACATCGTCAAAC-1,-0.010300388905489954,-0.07417465644942825,G1
CACACAAAGCGCCCAT-1,0.029236976908423695,-0.009558366118312511,S
CACACAAAGGTAGCAC-1,-0.08161858675179906,-0.11015654954358811,G1
CACACAACAACAGCCC-1,-0.011189051944449524,-0.06746071791903957,G1
CACACAACAACTAGAA-1,-0.07949853894726316,-0.052040301575566716,G1
CACACAACAAGAGAGA-1,0.007504778166466053,-0.1015641864786399,S
CACACAACACATCCCT-1,-0.0009317090864653932,-0.14750528383011147,G1
CACACAACACGTCTCT-1,-0.10462134730581929,-0.1960220111366666,G1
CACACAACAGACTGCC-1,0.03023755220837604,-0.15099169303166032,S
CACACAACAGCTCATA-1,0.016240489192334784,-0.1825219915010263,S
CACACAACATCCTTGC-1,-0.05392795098292652,-0.06858308550853448,G1
CACACAACATGGCTGC-1,-0.04332983759897774,-0.21388908981675597,G1
CACACAACATTGACTG-1,0.06450261542709995,-0.05614986196294264,S
CACACAAGTCCCTGTT-1,-0.03111373907704512,-0.1690525936780347,G1
CACACAAGTGAGACGT-1,-0.08916453536034186,-0.18752856783323987,G1
CACACAAGTGCCGTAC-1,-0.02742294167058315,-0.11264290484293793,G1
CACACAATCATTGTTC-1,-0.020084720910186316,-0.1459418858052457,G1
CACACAATCCAAGGGA-1,-5.363704171423844e-06,-0.13881876564661738,G1
CACACAATCCCATTTA-1,-0.07136666093174188,-0.13514811651452813,G1
CACACAATCGTCTAAG-1,0.022604362137332468,-0.14219284570300567,S
CACACAATCTGGGAGA-1,-0.09333900825335947,-0.17276989358545067,G1
CACAGATAGTCACTCA-1,-0.025266216441246103,-0.2425314956841349,G1
CACAGATCACAGCTGC-1,-0.014317585112559428,-0.12682330993920804,G1
CACAGATCAGAATTCC-1,-0.05706316731194866,-0.2485926656260442,G1
CACAGATCAGCGTTGC-1,0.10779830813824692,0.09014855904617697,S
CACAGATCATGCTGCG-1,-0.010468201635226992,-0.18367671746831282,G1
CACAGATGTCGCATTA-1,0.07927253529112477,0.031021093295589386,S
CACAGATTCGGTTGTA-1,-0.0036139792739144916,-0.10311392358874416,G1
CACAGATTCGTGGGAA-1,0.00680168280832949,-0.0002764357829384001,S
CACAGATTCGTGTTCC-1,-0.036324565409128706,-0.21935579280018663,G1
CACAGGCAGACCATAA-1,-0.07528821388807322,-0.1630146108906998,G1
CACAGGCAGCGAGAAA-1,-0.048890252633322195,-0.149849326395879,G1
CACAGGCAGGATAATC-1,-0.0581185207922833,-0.19297371085755868,G1
CACAGGCCACTGCGTG-1,-0.005472288593635244,-0.22440377090379796,G1
CACAGGCCAGTCACGC-1,-0.0552468913612118,-0.04709811790979923,G1
CACAGGCGTAACGATA-1,-0.009024783731288455,-0.2155846494026471,G1
CACAGGCGTACTGCCG-1,-0.08358054271590992,-0.0298002740677783,G1
CACAGGCGTGGAGAAA-1,-0.04780665209904861,-0.03676149505678622,G1
CACAGGCGTTGGCTAT-1,-0.049072924739038015,-0.1382897745397144,G1
CACAGGCTCATATGGC-1,-0.14529027366584024,-0.2290046177646467,G1
CACAGGCTCCCTCGTA-1,-0.010441910211600458,-0.04655734856804128,G1
CACAGGCTCGACATCA-1,-0.012306699024864143,0.05938695212107803,G2M
CACATGAAGCGGTAGT-1,-0.07941861654441318,-0.2994389630457627,G1
CACATGAAGCGTGTTT-1,-0.010952230573100075,0.009081663256522321,G2M
CACATGAAGTTGTAAG-1,-0.050846544161367135,-0.13206804298250535,G1
CACATGACAAATCAGA-1,0.12846863536505,-0.05406197251005662,S
CACATGACAAGCTGCC-1,-0.08174944248697635,-0.20529458123844066,G1
CACATGACACGCGGTT-1,0.17633030773996083,0.09484952321702644,S
CACATGACACGGTCTG-1,-0.031087036584185213,-0.2517590113867826,G1
CACATGACACTTGACA-1,-0.0357178640159678,0.06230938921275517,G2M
CACATGAGTGCATGAG-1,0.022919501744039894,-0.08488303639216155,S
CACATGAGTTGTTGCA-1,-0.20861484990067047,-0.06597512991748428,G1
CACATGATCAAGGACG-1,-0.08048963028005768,-0.17730503058305774,G1
CACCAAAAGAACCGCA-1,-0.024812858147274575,-0.15496458584549078,G1
CACCAAAAGAGGTATT-1,-0.06507244917873745,-0.21236781555631734,G1
CACCAAAAGTCATCCA-1,0.03331023247000553,-0.15598358837564003,S
CACCAAAGTACAGTTC-1,0.01713325425830725,-0.1959306790059555,S
CACCAAAGTAGACTGG-1,-0.08253860842232275,-0.09132486572127135,G1
CACCAAAGTCTACGTA-1,-0.025717618021740163,0.0056184202028456975,G2M
CACCAAAGTTTCCCAC-1,-0.07967046109216902,-0.05367619336341145,G1
CACCAAAGTTTGCCGG-1,0.040136668672206444,-0.1228384142919233,S
CACCAAATCGGTCATA-1,-0.0363030385862147,-0.12250187552098218,G1
CACCAAATCTACACTT-1,0.084916584056069,0.039426546381607364,S
CACCGTTAGCCGTCGT-1,0.04154513409982624,-0.14228614059543324,S
CACCGTTAGCGTGAAC-1,-0.05336598899613326,-0.1299259724175148,G1
CACCGTTAGCTGACCC-1,-0.06041569138913455,-0.080756243900719,G1
CACCGTTAGGTTACCT-1,0.029987607693847063,-0.0673881674779141,S
CACCGTTCAAAGGATT-1,0.08216507165134845,-0.1331956810237388,S
CACCGTTCAAGTCCAT-1,0.009785214881241094,-0.19020450373418174,S
CACCGTTCACGACTAT-1,-0.04079256994555808,-0.1185577567456424,G1
CACCGTTTCCGGGACT-1,-0.03301825845032039,-0.21802333079873681,G1
CACCGTTTCCGTAGTA-1,-0.08312409701344461,-0.016008041200998524,G1
CACCGTTTCGCGAAGA-1,0.02125194419790899,-0.06382123644094412,S
CACCGTTTCGCGTGCA-1,0.12842540091148574,-0.008413584943553709,S
CACCGTTTCGTTCTGC-1,-0.04046101259547974,-0.1498174013354176,G1
CACGAATAGAAGCGGG-1,0.06399087476134002,0.08797020341477241,G2M
CACGAATAGCGAACTG-1,0.05774825791203064,-0.1496043427063375,S
CACGAATAGGAATTAC-1,0.1279430265325311,-0.16487876526619832,S
CACGAATAGTAACGTA-1,-0.025398180512972435,-0.18980442018022697,G1
CACGAATCAACAAGTA-1,0.07982065213245898,-0.17588784589679732,S
CACGAATCAATTCTTC-1,-0.004169829768461086,-0.1771292385718669,G1
CACGAATCACACAGAG-1,-0.0011030206980957025,-0.10966090168258075,G1
CACGAATCACCCTATC-1,0.04895264496309129,-0.21987627487355063,S
CACGAATCACTAACCA-1,-0.008744494734881814,-0.16972497095767164,G1
CACGAATCAGCCCAGT-1,-0.012718992622771208,-0.13155090856100193,G1
CACGAATGTACTAGCT-1,-0.08335182152790466,0.009268900453955897,G2M
CACGAATTCAGTCCGG-1,-0.025078323188817364,-0.07203910157419713,G1
CACGAATTCAGTCTTT-1,0.010958016000322701,-0.2876710327272547,S
CACGAATTCATACGGT-1,0.004729651922210865,-0.1679467633734608,S
CACGAATTCCCATTTA-1,0.007211804369240127,-0.03112281656963542,S
CACGGGTAGCACTAAA-1,-0.02631777273278957,-0.1831306766927281,G1
CACGGGTAGCTTTCTT-1,-0.09843900928869712,-0.05459362590851652,G1
CACGGGTAGGTGCAGT-1,0.03283385106563724,-0.2066955399617696,S
CACGGGTCACGACGCT-1,0.015425432329610578,-0.054037025636359315,S
CACGGGTCACTACGGC-1,-0.025322701495803845,-0.15834014399469926,G1
CACGGGTCATCTCGTC-1,-0.1000872154600721,-0.0238827472728248,G1
CACGGGTCATGATCTG-1,0.010011838382641414,-0.13274358421771654,S
CACGGGTGTGGTAATA-1,-0.07736813433851003,-0.1289411658022933,G1
CACGGGTGTTATGTGC-1,-0.10228079788728123,0.061710825206626185,G2M
CACGGGTGTTGACTAC-1,0.08122990998425555,-0.17103762261527494,S
CACGGGTTCAACGCTA-1,-0.03227277923037811,-0.17777969490420004,G1
CACGGGTTCACCTGTC-1,-0.08763637259242524,-0.1262864309987422,G1
CACGGGTTCAGGACAG-1,0.04054859143965478,-0.09051365208422302,S
CACGGGTTCAGTCAGT-1,-0.09900104045255609,-0.1851435345499626,G1
CACGGGTTCCCTCTAG-1,0.01597855006331239,0.0348483286993716,G2M
CACGGGTTCTTGGCTC-1,0.022275194346433103,-0.16294414101194946,S
CACGTGGAGATCCAAA-1,-0.03548883270324846,-0.1307910959271972,G1
CACGTGGAGCGACATG-1,0.004913545611810399,-0.07536171334597092,S
CACGTGGAGCGATTCT-1,-0.05243749991696811,-0.1432518067425757,G1
CACGTGGAGGGATGTC-1,-0.08273728002418668,-0.12447956348138411,G1
CACGTGGCATGCCGGT-1,0.009158314189061878,-0.1167204805287955,S
CACGTGGGTCTGTAGT-1,-0.08016564473892801,-0.08126332731434877,G1
CACGTGGGTGGCCCAT-1,0.005457281486872134,-0.10259481002628906,S
CACGTGGGTGTCGCTG-1,-0.0552835082904346,-0.07843764158317518,G1
CACGTGGGTTAGGAGC-1,0.012682002551259758,-0.055864025630847386,S
CACGTTCAGGCCTTGC-1,-0.04255694680104377,-0.09211140920048355,G1
CACGTTCAGTGCACTT-1,-0.005090270074207093,8.841391360292494e-05,G2M
CACGTTCCAAGTGGCA-1,-0.02822738249696849,-0.21168087347448544,G1
CACGTTCCACCGTGAC-1,0.033276527993865324,-0.10927911823706754,S
CACGTTCCAGGAAGTC-1,-0.08364086995102649,-0.12497332168799358,G1
CACGTTCCATACTGTG-1,-0.00839479099078888,-0.08576126219146701,G1
CACGTTCGTAGCGCTC-1,-0.032119185596721,-0.12580297885998842,G1
CACGTTCGTCACTCAA-1,-0.017126866106297656,-0.17031855890551262,G1
CACGTTCGTGAGATAT-1,-0.04046704656867289,-0.10437961249985445,G1
CACGTTCGTTGGCCGT-1,-0.10364078747398686,-0.073246653704653,G1
CACGTTCTCATCGGGC-1,-0.02021557902186022,-0.15681071157673335,G1
CACGTTCTCATTCCTA-1,-0.035314195063472664,-0.046952881399490276,G1
CACGTTCTCCCAGTGG-1,-0.10434165312871113,-0.015423225165932364,G1
CACGTTCTCGCGATCG-1,-0.10724922120132868,-0.2925936327784072,G1
CACGTTCTCTGAATGC-1,-0.04541206300855036,-0.16656388359728325,G1
CACGTTCTCTGAGCAT-1,-0.02506480208755202,-0.1818398987714468,G1
CACTAAGAGATGTTCC-1,0.050061021039537246,-0.1566245173570687,S
CACTAAGCAGAAGCGT-1,0.07572853582140521,-0.09685629074525204,S
CACTAAGCAGTCTACA-1,-0.0003123478699487148,-0.11453440594972361,G1
CACTAAGCATATTCGG-1,0.04340102054091663,-0.09383497610520453,S
CACTAAGCATCAGCGC-1,-0.019859987467194085,-0.16113628599648827,G1
CACTAAGGTATCGGTT-1,-0.128536132118369,-0.10981412090616915,G1
CACTAAGGTCAGCGTC-1,-0.10797969953866535,0.04614500195220239,G2M
CACTAAGGTCGCTTAA-1,-0.06001087140398606,-0.18198570632448519,G1
CACTAAGGTGTCTTGA-1,0.01515032873546901,-0.010614528572445103,S
CACTAAGTCGCTCCTA-1,-0.015666783012349306,-0.03541503179704408,G1
CACTAAGTCTACTTCA-1,0.017487251975966234,-0.1966505521395739,S
CACTAAGTCTCTCGCA-1,-0.020070297386904745,-0.06828896427958525,G1
CACTGAACAAATGCGG-1,-0.005964818049434828,0.009136397700475973,G2M
CACTGAACACACACTA-1,0.0435632545339627,-0.17588185976902104,S
CACTGAACACAGTCGC-1,0.016674235602263943,-0.0978916694479052,S
CACTGAACACTTTATC-1,-0.011375573618880086,-0.12088163111289896,G1
CACTGAAGTAAGGCCA-1,0.04886962745642548,-0.19794817969392597,S
CACTGAAGTTGTTTGG-1,-0.09395310818138858,0.05013374903351325,G2M
CACTGAATCATCTATC-1,-0.03583998784005632,0.08348270352540543,G2M
CACTGAATCGTTACCC-1,-0.10452224575146207,-0.17852076405831202,G1
CACTGGGAGTACAGAT-1,-0.01217580738357249,-0.14857662813750833,G1
CACTGGGCATTGCCTC-1,-0.03184935132588862,-0.15830011540745265,G1
CACTGGGGTGGTCTTA-1,0.00012516308831928002,0.05749249890681529,G2M
CACTGGGTCACCTCAC-1,-0.16771554855355797,-0.23158216027842474,G1
CACTGGGTCTGCACCT-1,-0.0684140149717507,0.1574024571435791,G2M
CACTGTCCAACAGAGC-1,0.10869406348352167,-0.1222278323548131,S
CACTGTCCACGTAACT-1,0.08390111478352169,-0.013072047262628061,S
CACTGTCCAGCGAACA-1,-0.06251279874331972,-0.10797156673043418,G1
CACTGTCGTAATTAGG-1,-0.03715311983448594,-0.22324067107327744,G1
CACTGTCGTCGTTTCC-1,-0.02652297742061821,-0.17414966456945408,G1
CACTGTCTCAGGACAG-1,-0.08079844699949362,-0.01630617783942795,G1
CACTGTCTCCAAACCA-1,-0.08542749097571262,-0.05739459355927434,G1
CACTTCGAGGACCCAA-1,-0.006853697786078139,0.04056612471890997,G2M
CACTTCGAGTAGCATA-1,-0.012916420023617814,-0.1504257741065228,G1
CACTTCGAGTTCATGC-1,0.011820852277310834,-0.09986339296970115,S
CACTTCGCAATAACGA-1,-0.15969515037366064,-0.040120151533025256,G1
CACTTCGCACGATAGG-1,-0.06146355748273069,-0.06648044643775294,G1
CACTTCGCACGTACTA-1,0.01737677691337583,-0.056821149274382504,S
CACTTCGGTACAGTTC-1,0.018878617815876964,-0.21703757887359498,S
CACTTCGGTGGACTAG-1,0.057615439594884466,-0.26427789804163226,S
CACTTCGGTTCCAGGC-1,-0.008742622298114733,-0.12165001256694832,G1
CACTTCGGTTGCCGCA-1,0.033746896716509406,-0.02858458127428326,S
CACTTCGTCGATTGGT-1,-0.1417126627751779,0.09072392795779738,G2M
CACTTCGTCTGGCCGA-1,-0.0026409632180717235,-0.20491189353929157,G1
CACTTCGTCTTAGCTT-1,-0.05106723199893082,-0.09851176287685837,G1
CAGAGCCAGACTTGTC-1,-0.059003007567004995,-0.22192684350226713,G1
CAGAGCCAGCGCTTCG-1,-0.05374270121913949,0.02846668403804864,G2M
CAGAGCCCACATCATG-1,-0.0667817255233113,-0.08458383849913353,G1
CAGAGCCCACGGTAGA-1,-0.028323900751096143,-0.1459155305503515,G1
CAGAGCCCAGTTCTAG-1,-0.10310926381643426,-0.09071971989255584,G1
CAGAGCCCATACACCA-1,-0.12196444187518918,-0.24394842093262986,G1
CAGAGCCCATGGGCAA-1,0.05128390038869429,-0.22014389972235007,S
CAGAGCCCATTAGGAA-1,0.0479974090297976,0.10283847974827465,G2M
CAGAGCCGTACAGTTC-1,0.0599120747525172,-0.07023254036851362,S
CAGAGCCTCACCTGGG-1,0.03311356338171889,-0.11212864749070772,S
CAGAGCCTCATGGAGG-1,0.07504747029511516,-0.06966439063813745,S
CAGAGCCTCCGGACTG-1,0.042111664682951466,-0.09155209069102788,S
CAGAGCCTCTCACCCA-1,0.001103346973286179,-0.20209474627101462,S
CAGAGCCTCTCTCTTC-1,0.014782250486027715,-0.15903166855045095,S
CAGATACAGAGGCGTT-1,-0.14202029709867292,0.06502174859630117,G2M
CAGATACAGAGTCTGG-1,0.06570143664503758,-0.12408450648003669,S
CAGATACAGCATTTGC-1,0.020310135195184875,-0.1375745140084872,S
CAGATACAGCGTGAAC-1,-0.011779698826375973,-0.15669787196205187,G1
CAGATACAGCTGCGAA-1,-0.0643232326835832,-0.2502273397076314,G1
CAGATACAGGATATGT-1,0.09753523436696071,-0.1465806790442536,S
CAGATACCATGAAAGT-1,-0.04554014921993654,-0.17961437625234836,G1
CAGATACCATGCCGCA-1,-0.0739940336289828,-0.1414624581989398,G1
CAGATACGTAACCCTA-1,-0.005725090901826546,-0.04111157852196021,G1
CAGATACGTAGGAGGG-1,-0.1190552658197519,-0.19377615642695753,G1
CAGATACGTCCGGCAT-1,-0.08146732622340339,-0.0811297588286134,G1
CAGATACGTTAGTCGT-1,-0.008453493041777449,0.09096590622411921,G2M
CAGATACTCAGGTGTT-1,-0.041491170200922134,-0.09061301040642755,G1
CAGATACTCATTGTGG-1,-0.0033733706400927987,-0.03456707412543686,G1
CAGATACTCCTCAGAA-1,0.0020313866036072437,-0.22080096875895291,S
CAGATACTCGATTCCC-1,-0.057217309285805484,-0.08546147899046092,G1
CAGATACTCGCCCAGA-1,0.0010099374029546304,-0.20946606485621397,S
CAGATCAAGATCCCAT-1,-0.05262887420331608,0.002509695143685764,G2M
CAGATCACACCGTGAC-1,-0.08916792385639616,-0.20914084896407042,G1
CAGATCACACGAGGAT-1,-0.08297196077032709,0.03973937492776092,G2M
CAGATCACAGCGACCT-1,0.1540600065837192,-0.014007128650148026,S
CAGATCACATAGGCGA-1,-0.05885460693393518,-0.23469045035569794,G1
CAGATCACATTCAGCA-1,-0.0006211900033475382,-0.0906780147474256,G1
CAGATCAGTCGCACGT-1,0.04385632334255002,-0.21368226239641838,S
CAGATCAGTCGGTGTC-1,-0.0065973573757175386,-0.1350430380107283,G1
CAGATCAGTTTGCAGT-1,-0.038555872988943085,-0.04807968534814136,G1
CAGATCATCACGATCA-1,-0.00789284297806947,-0.1319547810698572,G1
CAGATCATCCGCCTAT-1,0.1336010834673631,-0.1078794541724401,S
CAGATCATCCGTGTAA-1,-0.08121463612788166,-0.12216014504846734,G1
CAGATCATCTCCCAAC-1,-0.04563647027335199,-0.145902827720981,G1
CAGATCATCTGAATCG-1,-0.03560753036300435,0.0519304393196835,G2M
CAGATTGAGACCAGAC-1,0.10803355099856699,-0.08140060892611628,S
CAGATTGAGAGCACTG-1,-0.06644692892762744,0.030075910813692763,G2M
CAGATTGGTACGGCAA-1,-0.05576814638741856,-0.17991240888929194,G1
CAGATTGGTCGCGTTG-1,0.09395584301156362,-0.09698129473858946,S
CAGATTGTCCCTCTCC-1,0.0018642688616891667,-0.17088130580197725,S
CAGATTGTCCTGGTCT-1,0.04474840329852248,-0.11779065109087011,S
CAGATTGTCTCGTCGT-1,0.06383777013630251,-0.15887508028129038,S
CAGATTGTCTTGGCTC-1,-0.02154995421161776,-0.016735872662144602,G1
CAGCAATAGAGGACTC-1,0.017646596553396288,-0.30264200738202385,S
CAGCAATAGCTTCTAG-1,0.05308148676237606,-0.1495161169874848,S
CAGCAATAGGTACTGG-1,0.02095867482594782,-0.15593594980259012,S
CAGCAATAGGTCGTAG-1,0.05435600974149041,-0.09691657025946432,S
CAGCAATAGTAACCGG-1,-0.0890460655855867,0.07726124129342704,G2M
CAGCAATAGTTCCAGT-1,-0.002505154977289481,-0.13523838619216,G1
CAGCAATCAACACACT-1,-0.02470278500359757,0.0022702610187051997,G2M
CAGCAATCACCCAAGC-1,-0.05623902389048674,-0.21791785531487362,G1
CAGCAATCAGTGTGCC-1,0.15874664689337398,-0.052494341601412975,S
CAGCAATCATCATGAC-1,-0.03696774178838619,-0.013655771481839551,G1
CAGCAATGTTTGACAC-1,-0.06635004263987032,-0.1351190043879806,G1
CAGCAATTCACACGAT-1,-0.050049839736523494,-0.06999314792402617,G1
CAGCAATTCCAACCGG-1,0.02083658808813843,-0.17299819592271198,S
CAGCAATTCCTCGCAT-1,0.048805127400565945,-0.14496293335176666,S
CAGCAATTCTTCGTAT-1,0.0019559853318252274,-0.11344892732771611,S
CAGCACGAGAGGATGA-1,0.11888643273233745,-0.09185919592622005,S
CAGCACGAGCCTGAGA-1,0.00726576773464499,-0.16051762227169983,S
CAGCACGAGTCTGCGC-1,-0.005082696777927276,-0.07667816628451507,G1
CAGCACGAGTGGATAT-1,-0.015465497118801075,-0.11833624138754772,G1
CAGCACGCAAACCACT-1,0.01784731806943493,-0.13861980346348907,S
CAGCACGCAAATCAGA-1,-0.023779033785517323,-0.06736519586675205,G1
CAGCACGCAGTCTCTC-1,0.024106885611670736,-0.10626520779371162,S
CAGCACGCATGGGAAC-1,0.0163055887396526,-0.25186293493810225,S
CAGCACGGTACTGCGC-1,-0.029980020267921237,-0.22335155845872331,G1
CAGCACGTCCGCTTAC-1,-0.0011516659977625632,-0.05177860074578183,G1
CAGCACGTCGAATCCA-1,0.058602641686022194,-0.06685142556373375,S
CAGCAGCAGCAGCAGT-1,-0.05075039149970595,-0.2677117637133712,G1
CAGCAGCAGCGGTATG-1,-0.026723350157499215,-0.17997555894771616,G1
CAGCAGCCAAGACCTT-1,-0.004699501278383644,-0.06301693006391029,G1
CAGCAGCCACTGTCGG-1,-0.005760665777736873,-0.004797035643278436,G1
CAGCAGCCAGAACTTC-1,-0.002390130960838399,-0.09214908668499827,G1
CAGCAGCGTCTTGAGT-1,-0.024785850379693553,-0.2085805151750648,G1
CAGCAGCGTGACCGAA-1,0.04954259469086869,-0.06491175290957435,S
CAGCAGCGTTTAGACC-1,-0.026484194613889955,-0.16850580508382743,G1
CAGCAGCGTTTGAAAG-1,-0.06062164148854193,-0.24110403941962805,G1
CAGCAGCTCGCTGATA-1,-0.03463722674653588,-0.14216366341540462,G1
CAGCCAGAGGCAGGGA-1,-0.03503286003675943,-0.09099253186956013,G1
CAGCCAGAGTGCAGGT-1,-0.027945597746578343,-0.06190500252241821,G1
CAGCCAGAGTGGTTGG-1,-0.06793307507520235,-0.10477228008038086,G1
CAGCCAGCAACCCGCA-1,-0.06643028703375028,-0.05322600230804783,G1
CAGCCAGCAACGCATT-1,-0.04186209287421183,-0.06580514424949097,G1
CAGCCAGCAAGCAGGT-1,-0.04171916435882189,-0.20424251865338158,G1
CAGCCAGCACTGGAAG-1,-0.010491556323473261,-0.08195729622128367,G1
CAGCCAGGTACCCGCA-1,-0.04942769202124048,-0.05236033775094284,G1
CAGCCAGGTGACAGCA-1,0.0022799716812871296,-0.1395443964143507,S
CAGCCAGGTGTGCCTG-1,-0.0199702428412718,-0.25649414126918335,G1
CAGCCAGGTTAGGCCC-1,-0.04393412780199124,-0.17470863220705954,G1
CAGCCAGTCAAACGTC-1,0.04113691530430513,-0.2797973728624369,S
CAGCCAGTCATGGCCG-1,0.045045569704462496,0.023566898222570354,S
CAGCCAGTCATTCGTT-1,-0.001975711417034176,-0.21248210103800652,G1
CAGCCAGTCCACCCTA-1,-0.023374172510762403,-0.07837913382282874,G1
CAGCCAGTCCCTTTGG-1,0.020300508832234943,-0.20500777398722442,S
CAGCCAGTCTCTTGCG-1,-0.026277872940358327,0.10148319081058493,G2M
CAGCCAGTCTTCACGC-1,0.17660792825409555,-0.10793625253320455,S
CAGCCAGTCTTGGTCC-1,-0.04992975290946189,-0.051018079959734286,G1
CAGCGTGAGACCAAGC-1,-0.044476196249486566,-0.1966254411572579,G1
CAGCGTGAGAGAATCT-1,-0.03692031073294716,-0.21059904122979722,G1
CAGCGTGCAAGAGATT-1,-0.052624000267596505,-0.12098745778487807,G1
CAGCGTGCACTGTGAT-1,-0.05127170812082277,-0.1269332227310246,G1
CAGCGTGCAGAGAAAG-1,-0.04290056310885487,-0.22170434194442343,G1
CAGCGTGCAGCTACAT-1,-0.024361376832896908,-0.16609469504259256,G1
CAGCGTGCATAGAATG-1,0.0391311400421504,0.021441698469672976,S
CAGCGTGGTAGATTAG-1,0.033707771484114246,-0.20012518640208946,S
CAGCGTGGTGTGTTTG-1,0.09516837144116164,0.13146200002445546,G2M
CAGCGTGGTTACCCAA-1,0.19209237351924108,-0.2867911091802624,S
CAGCGTGGTTGTAAAG-1,-0.045766038610241644,-0.2573950168626331,G1
CAGGCCAAGAGCTTTC-1,-0.014538653949400293,-0.18204816689450576,G1
CAGGCCAAGCACCTGC-1,-0.05141430848569167,-0.171644699645717,G1
CAGGCCAAGCGTCAAG-1,-0.09976964624941087,-0.11750399438213749,G1
CAGGCCAAGCTGTCCG-1,-0.05624524869473474,-0.09388525925893082,G1
CAGGCCAAGGTGCAGT-1,0.012472474466574623,-0.12659929581558044,S
CAGGCCACACGAGGAT-1,0.016257768553114782,-0.11221308935652552,S
CAGGCCACAGCTGTTA-1,-0.04555826669182672,-0.048834437630520366,G1
CAGGCCAGTCATCACA-1,0.12903422087855448,-0.1566819856518602,S
CAGGCCAGTCGGATTT-1,0.06894369095983333,-0.06755873051395139,S
CAGGCCAGTGGTTTAC-1,0.025080521771441766,-0.14927846079187446,S
CAGGCCAGTTACCCAA-1,-0.009102351737408088,-0.16947074678271978,G1
CAGGCCAGTTCTCACC-1,-0.002054965539359521,-0.13807627606824274,G1
CAGGCCATCACCTACC-1,0.178515915533976,-0.21393383257762716,S
CAGGCCATCAGAGTGG-1,-0.07036063485407851,0.013207378397105562,G2M
CAGGCCATCATGAGGG-1,-0.047997704556032916,-0.14982203812381378,G1
CAGGCCATCATTTGCT-1,-0.1620273897819941,-0.14396441926414033,G1
CAGGCCATCCAACCAA-1,-0.024191883257279778,-0.16628991105824353,G1
CAGGGCTAGATTCGAA-1,-0.03438613908867538,-0.31289470641247175,G1
CAGGGCTAGCCATGCC-1,-0.03740824925011402,-0.04762795221440827,G1
CAGGGCTAGGGAGGTG-1,-0.0031348413922360763,-0.14861559205781566,G1
CAGGGCTAGGTAATCA-1,-0.027983891156687535,-0.07244991526672695,G1
CAGGGCTAGGTGAGCT-1,0.015393735621206606,-0.2824548567641627,S
CAGGGCTAGTCGAATA-1,-0.068136421633743,-0.131623001964868,G1
CAGGGCTCAAGACGAC-1,0.0453032775056606,-0.08562599327810883,S
CAGGGCTGTAATCAGA-1,0.03399461269162432,-0.04761717774037272,S
CAGGGCTGTACGTGTT-1,0.09775397929736002,-0.2788849155433416,S
CAGGGCTGTGACACAG-1,0.10694845477497639,-0.056249500812842634,S
CAGGGCTTCTCGGTCT-1,-0.06487500444724947,-0.139613159074088,G1
CAGGTATAGAGCTTTC-1,-0.001190300427040658,-0.09520756878946973,G1
CAGGTATAGATGGCGT-1,-0.10414631795014426,0.02671973219615792,G2M
CAGGTATAGCCTATCA-1,-0.0862842476572408,-0.13411076972357794,G1
CAGGTATAGGGCAGGA-1,0.20473735156403955,-0.16067794517296172,S
CAGGTATAGTAATCCC-1,-0.028316799278294336,-0.053426076448163634,G1
CAGGTATAGTGGTGGT-1,-0.14632027372734593,-0.09371726613156844,G1
CAGGTATCAAGGACAC-1,-0.08942386411000752,0.011997526948268444,G2M
CAGGTATCAATTGAGA-1,-0.030011204041073936,-0.3123613494903142,G1
CAGGTATCACCTGTCT-1,0.07347747530358772,-0.0715906424065729,S
CAGGTATCACGACAGA-1,0.04021161001915974,-0.20327379035493617,S
CAGGTATCACTGAGGA-1,0.06766960312208392,-0.058879407458861055,S
CAGGTATCAGGTTCGC-1,-0.008734660129402494,0.07233321085163125,G2M
CAGGTATCATCATCTT-1,0.14827270124986397,-0.1681269295351726,S
CAGGTATTCAGCGTCG-1,0.06151231096957299,-0.10849299539126561,S
CAGGTATTCGTTCGCT-1,-0.04159640849982249,-0.1276450611173294,G1
CAGGTATTCTAGCAAC-1,-0.0455967921902638,-0.009959764047639652,G1
CAGTGCGAGAGCCGAT-1,-0.0215381597724989,-0.2634153640241311,G1
CAGTGCGAGATGCTAA-1,0.07188533366005095,-0.05225715352900795,S
CAGTGCGAGGCTAAAT-1,0.022541208795174072,-0.0752336909125825,S
CAGTGCGAGGTAATCA-1,-0.08058708306315465,-0.02610366764294647,G1
CAGTGCGCACATAGCT-1,-0.05508482409475568,0.09122381725840278,G2M
CAGTGCGCACTGGAAG-1,-0.13718546892513778,-0.018941381270467683,G1
CAGTGCGCAGCCTACG-1,-0.10201946330987649,-0.06806773286152668,G1
CAGTGCGCAGTTGTTG-1,-0.08527328493344932,-0.2367186543246254,G1
CAGTGCGCAGTTTCGA-1,0.027793544422173133,-0.16314866848969706,S
CAGTGCGGTAAGCGGT-1,-0.08045730410723906,-0.32269306521640173,G1
CAGTGCGGTACGTAGG-1,-0.055079384067862336,-0.161837901297237,G1
CAGTGCGGTCAAGGCA-1,-0.07095975312164066,-0.10953638620326483,G1
CAGTGCGGTGCGCTCA-1,0.009455944771657732,-0.045504673526088696,S
CAGTGCGGTTGACGGA-1,-0.03843433205317043,-0.19628211302683438,G1
CAGTGCGGTTGTCCCT-1,-0.12892248596563627,-0.05568544449306101,G1
CAGTGCGTCGAACTCA-1,0.01734979118092933,-0.035881898961335146,S
CAGTGCGTCTCCCAAC-1,0.009600228084070322,-0.03052080867947704,S
CAGTGCGTCTTCCAGC-1,-0.07923909510726546,-0.05273730055780207,G1
CAGTGCGTCTTTGCGC-1,-0.03661907091495242,0.01220218063268469,G2M
CAGTTAGAGAGGCGTT-1,-0.08167467570743492,0.024983073205544937,G2M
CAGTTAGAGCTGAAGC-1,-0.06980112938869987,-0.07285603038252589,G1
CAGTTAGAGGATTTCC-1,0.03408674391698835,-0.04409342942534061,S
CAGTTAGAGTCGAATA-1,-0.08592566719743716,-0.10518212653245934,G1
CAGTTAGCAAATGCTC-1,-0.025978948929316903,-0.21197500157805277,G1
CAGTTAGCAATACCCA-1,-0.06898321717347655,-0.042692247984361165,G1
CAGTTAGCATCCAACA-1,0.0789691576285837,-0.12223606183858354,S
CAGTTAGGTAATGCTC-1,0.02021327682722035,0.17901856464021587,G2M
CAGTTAGGTCGTTGCG-1,0.00010270975509085734,-0.26739716078335257,S
CAGTTAGGTCTGCATA-1,0.030167088536554032,-0.14394724387151125,S
CAGTTAGGTGCAGATG-1,0.1487042067043972,-0.12683157481144824,S
CAGTTAGTCACAGTGT-1,-0.06130481390025688,-0.1343905651473446,G1
CAGTTAGTCCACTAGA-1,0.06143977787043797,-0.3189364888494821,S
CAGTTAGTCCGGCTTT-1,0.07250753194459347,-0.023646990419330938,S
CAGTTCCAGTAATCCC-1,0.04753240244316059,-0.08448773966139686,S
CAGTTCCCAATAGTCC-1,-0.014823007078208494,-0.1416694494532442,G1
CAGTTCCCAGCGACAA-1,-0.09167495217578472,-0.06908163705507242,G1
CAGTTCCCAGGTTCAT-1,-0.1308303655433405,0.03020344613128706,G2M
CAGTTCCCATGTGGCC-1,0.01853894149681526,-0.08590220547782737,S
CAGTTCCCATTACTCT-1,-0.026209805844038425,-0.12808560184019807,G1
CAGTTCCCATTGAGGG-1,-0.028701325680562162,-0.2598569969469009,G1
CAGTTCCGTCCCACGA-1,-0.03337690598552612,-0.1376807876638049,G1
CAGTTCCGTGATGGCA-1,0.03751644910019186,-0.2831094604595257,S
CAGTTCCGTGCTAGCC-1,-0.02000991885502973,-0.19478609454847576,G1
CATAAGCAGATTAGTG-1,0.07196875156596572,-0.049779290230623385,S
CATAAGCAGCGTCTCG-1,0.04259113495081146,-0.2237512364518263,S
CATAAGCAGCTAGCCC-1,0.0489081502226999,-0.014191205720487154,S
CATAAGCAGCTTACGT-1,-0.0410324381147939,-0.12700459456632296,G1
CATAAGCAGGGTACGT-1,0.0016092109672900534,-0.21991482947527008,S
CATAAGCCATCATCTT-1,0.03422261789134132,-0.0517682583905959,S
CATAAGCCATCCGAGC-1,-0.10244650772475422,-0.17319743901638374,G1
CATAAGCGTCCTGGGT-1,-0.08077787853518081,-0.03806910657067891,G1
CATAAGCGTGCCCGTA-1,0.039637102361677445,-0.09236964474004344,S
CATAAGCTCACCTCGT-1,0.09038722871227037,-0.0661590816633697,S
CATAAGCTCATCGTAG-1,-0.10181418986531493,-0.2356843990643991,G1
CATAAGCTCCAAGCCG-1,-0.046377248492155576,-0.20850461441462703,G1
CATAAGCTCCGTTGAA-1,-0.04778897047985564,-0.22624032333821723,G1
CATAAGCTCGTTGTTT-1,0.08649485362051934,-0.040557801936751514,S
CATAAGCTCTCACGAA-1,0.11109786091607998,-0.26269899153591647,S
CATAAGCTCTGCGTCT-1,-0.06545488554122242,-0.06468695299879199,G1
CATAAGCTCTTCACGC-1,-0.01316253934872974,-0.234818770311903,G1
CATAAGCTCTTCCCGA-1,-0.12395306523437788,-0.19971546331028814,G1
CATACAGAGAAGAACG-1,-0.06359379838805607,-0.07569011633102316,G1
CATACAGAGACTCGAG-1,0.025421690821324838,-0.056539604701426244,S
CATACAGAGCCGATTT-1,-0.004813378320008721,-0.13134174828979372,G1
CATACAGAGCGACCCT-1,0.0731966070401932,-0.07867564418962444,S
CATACAGAGTATTAGG-1,-0.01530374245055538,-0.04417716969726804,G1
CATACAGAGTGTAGTA-1,0.05193445803684521,-0.14959914959821355,S
CATACAGCAATGAGCG-1,-0.08077335287745285,-0.13925355131543357,G1
CATACAGCAATGTGGG-1,-0.06673473654472695,-0.055012761983711134,G1
CATACAGCACAAAGCG-1,-0.028013016075511876,-0.19681404622058485,G1
CATACAGCAGCGGTTC-1,-0.04649522185396854,-0.1504965203515775,G1
CATACAGCATTAGGAA-1,0.05099405934739598,-0.13409912208982055,S
CATACAGGTCTGTGTA-1,-0.03931046704308183,-0.27278865853292766,G1
CATACAGGTCTTGCGG-1,-0.05186892308949617,0.08042425166592432,G2M
CATACAGGTGGACCAA-1,-0.020481294145204637,-0.009620477426941165,G1
CATACAGGTTTACCAG-1,-0.029133839545623652,-0.12710569471366878,G1
CATACAGTCAACGAGG-1,0.005851265391502991,-0.23794863210837933,S
CATACAGTCGAGTCCG-1,-0.0030402152820134254,-0.1404304143518697,G1
CATACAGTCGATTGAC-1,-0.014315076211221245,0.15620969802600504,G2M
CATACCCAGCAGCAGT-1,0.07312922961286672,-0.055788275462829995,S
CATACCCCACCGTCTT-1,0.11520610610492626,-0.03933100676824941,S
CATACCCCACCTCGTT-1,-0.04569397130442682,-0.1021990226841617,G1
CATACCCCAGGTTACT-1,0.10816005591826106,-0.3609022888687754,S
CATACCCCATTGTACG-1,0.03071768753959872,-0.0617901856976705,S
CATACCCGTCGGTAAG-1,-0.08727795691921436,-0.1851009462744176,G1
CATACCCGTGATTCTG-1,-0.014932826858255366,-0.14744343725253772,G1
CATACCCGTGGCTCTG-1,0.01680262141387953,-0.256873032872485,S
CATACCCTCACTCTTA-1,-0.031912055203036416,-0.3191432854505574,G1
CATACCCTCCGTATAG-1,-0.05556657203245802,-0.06584758326426071,G1
CATACCCTCCGTATGA-1,-0.007956356286702437,-0.1114753073767776,G1
CATACCCTCCTAAGTG-1,-0.044006664522454164,0.06923449443738372,G2M
CATACCCTCGAGTACT-1,0.004135882679508263,-0.004527229622151796,S
CATACCCTCTAGAGCT-1,0.007654112390839962,0.026207982631356652,G2M
CATACCCTCTTCTCAA-1,-0.04019726176776828,-0.2391912449907025,G1
CATACTTAGAAATGGG-1,-0.08751638790621452,-0.2454383984360778,G1
CATACTTAGGAATTAC-1,0.16865458132333416,-0.22471071096505546,S
CATACTTAGGTAGACC-1,0.06616757192202716,-0.13698466042641838,S
CATACTTAGGTATTGA-1,0.05234390313690984,-0.023997263428744253,S
CATACTTAGGTCTACT-1,-0.0020066627138595194,-0.11877891582207833,G1
CATACTTCAACGCCCA-1,0.01154000663105001,-0.17154301427362093,S
CATACTTCACGTCTCT-1,-0.1436387316046675,-0.22346349292090836,G1
CATACTTCATGACACT-1,-0.05483076898489303,-0.020759414166293733,G1
CATACTTCATGTCTAG-1,-0.12435092421868627,-0.022264044526971893,G1
CATACTTGTCGAATTC-1,-0.045976724178070694,-0.22156813157459304,G1
CATACTTGTGCCGAAA-1,-0.14638564291810358,-0.057737374899555605,G1
CATACTTGTTGTGGCC-1,-0.0221651273137472,-0.10603669592208664,G1
CATACTTTCCGAAATC-1,-0.024922601879432404,-0.07168920308998095,G1
CATACTTTCGATACAC-1,0.010945741266404851,-0.060198912744470645,S
CATACTTTCTCAACGA-1,-0.029998660181048853,0.029476991125145457,G2M
CATAGACAGCCGATAG-1,-0.10118358664003968,-0.17343083559543981,G1
CATAGACAGGGCCCTT-1,-0.12144804115839741,-0.28018156678540984,G1
CATAGACCATCCTTCG-1,0.07152057384043298,-0.1835654287707955,S
CATAGACGTCTGGTTA-1,-0.04157299708282575,-0.19457026176964656,G1
CATAGACGTTGCCTAA-1,0.03537352751654116,-0.06331142834818243,S
CATAGACTCATCGCTC-1,0.051858537831987184,-0.1914684338333524,S
CATAGACTCCTCAGGG-1,-0.11253899743184831,-0.13037391483191763,G1
CATAGACTCGGTTCAA-1,-0.043641446960504315,-0.048954791918503826,G1
CATAGACTCGTTACCC-1,-0.06058052826021504,-0.11121100298098674,G1
CATCAAGAGAAGCGGG-1,-0.0223597348317095,0.09626529917253324,G2M
CATCAAGAGCACTCAT-1,-0.037023105880246654,-0.20174798492220708,G1
CATCAAGAGTAAGCAT-1,-0.06770600616661882,-0.1304998566779626,G1
CATCAAGCAATGAACA-1,-0.03068193746577741,-0.3440674726835663,G1
CATCAAGCACATTCTT-1,-0.04357748425152719,-0.12341110017161372,G1
CATCAAGCACCAATTG-1,0.15152436868958757,-0.19494473107097104,S
CATCAAGCATTAAAGG-1,0.06941897694480048,-0.13112953335778654,S
CATCAAGGTAAGAACT-1,-0.08335610869531396,-0.15609591400858647,G1
CATCAAGGTAGGACTG-1,-0.05592928701422717,-0.18773141522424425,G1
CATCAAGTCAAAGAAC-1,0.11908746254625946,-0.10332548872785713,S
CATCAAGTCAAATAGG-1,-0.08758163039899042,-0.2595662112393573,G1
CATCAAGTCAGTGGGA-1,-0.04773904356955938,-0.20823366560892775,G1
CATCAAGTCGGCCAAC-1,0.10578831351158385,-0.11374382983287218,S
CATCAAGTCTATGTGG-1,0.0819109999545099,0.007532518279077416,S
CATCCACAGGACAGTC-1,-0.193415013278127,-0.13177629154925677,G1
CATCCACAGGACGCTA-1,-0.09617502976390213,-0.2259447899994647,G1
CATCCACAGTACCCTA-1,0.009530161174002572,-0.28045016415546586,S
CATCCACAGTCGCCAC-1,0.10602249800644858,-0.2714291274232352,S
CATCCACCAACGCCCA-1,0.030928650915022282,-0.16610214919262273,S
CATCCACCACTAGTAC-1,0.03576297942612,-0.09335065064027331,S
CATCCACCAGAGGCTA-1,-0.04157225962523542,-0.16415259777888921,G1
CATCCACCAGTCCCGA-1,-0.10563309082997108,-0.196543237537246,G1
CATCCACGTGGCTAGA-1,-0.047452284698762504,-0.004287778019328781,G1
CATCCACTCACAGAGG-1,-0.035150668401813245,-0.2006159832795791,G1
CATCCACTCCCATGGG-1,-0.013239028231424421,-0.16927646578586897,G1
CATCCACTCCTAGCTC-1,-0.021847686547065148,-0.09507418034215803,G1
CATCCCAAGCATTTCG-1,0.012313044820268793,-0.16315708736669826,S
CATCCCAAGGGACTGT-1,-0.05438802199043391,-0.11183313484239166,G1
CATCCCAAGGTCGACA-1,-0.10470277322264143,-0.15286683153207697,G1
CATCCCAAGTCGGCAA-1,0.09498388301309674,-0.05101254557592794,S
CATCCCACATAATCGC-1,-0.1267266556960413,-0.03539715675805566,G1
CATCCCACATGAATCC-1,0.17192701695007911,-0.1623797285603193,S
CATCCCAGTACAGAAT-1,-0.010937993402713175,0.0012768795076081307,G2M
CATCCCAGTACTCCGG-1,-0.070937908341274,-0.1798140652890109,G1
CATCCCATCAGGGATG-1,0.08957759441646507,-0.09844031598671038,S
CATCCCATCCACAAGT-1,-0.024896579404079966,-0.08890320287498096,G1
CATCCCATCGACGAGA-1,-0.0994829158480724,-0.05847075186374495,G1
CATCCCATCGGTGAAG-1,0.1206014235002375,-0.19618327401294544,S
CATCCGTAGCTGGAGT-1,-0.019802208919524278,-0.03795741213753129,G1
CATCCGTAGGGTATAT-1,-0.08738874918750852,-0.004041941960375245,G1
CATCCGTAGTCTAGCT-1,-0.030510697278376187,-0.09552399372631287,G1
CATCCGTCACAAACGG-1,-0.06664742152400016,0.11752361236152004,G2M
CATCCGTCACGCCACA-1,-0.0495847607718255,-0.2636466648267663,G1
CATCCGTCATATGGCT-1,-0.028178682457048243,-0.025769679455180106,G1
CATCCGTCATCGCCTT-1,-0.16483257589437572,-0.017936381887882324,G1
CATCCGTGTTCGGACC-1,0.040470067855596537,-0.1722768608091797,S
CATCCGTGTTCTGAGT-1,0.20641432301109708,-0.14248201763973434,S
CATCCGTGTTGTTGTG-1,-0.0697210309796068,-0.17135061155808629,G1
CATCCGTTCACAAGAA-1,0.07439712902131512,-0.11105034155888338,S
CATCCGTTCATTCTTG-1,-0.05399680814309332,0.0869813960048762,G2M
CATCCGTTCGGTCGGT-1,-0.06100253371028064,-0.1555610523939969,G1
CATCCGTTCTACTTCA-1,-0.10939768264089378,-0.13919745762798896,G1
CATCCGTTCTAGCAAC-1,0.07053771876561721,0.03073443024489686,S
CATCGCTAGACATAGT-1,-0.05194729600044096,-0.06034092123042839,G1
CATCGCTAGTCTCCTC-1,-0.1875883576075384,-0.015160642787061196,G1
CATCGCTAGTTCCTGA-1,-0.0012440043016577196,-0.21396849057342043,G1
CATCGCTCAAGCTGCC-1,-0.032185448301674524,0.01881596832890614,G2M
CATCGCTCACCAGGTC-1,-0.0724678375331958,-0.1664830211936162,G1
CATCGCTCACCTGTCT-1,-0.07954775062910335,-0.10332610722709049,G1
CATCGCTCATCGTCCT-1,-0.031631293186820175,-0.048988016248487976,G1
CATCGCTGTGGCAGAT-1,0.04604764549522475,-0.2123722372382472,S
CATCGCTTCCAGCAAT-1,-0.013587539863423925,-0.15270938748116375,G1
CATCGCTTCGACACCG-1,-0.026207786533318955,0.027491959041893554,G2M
CATCGCTTCTCCAAGA-1,-0.06997545475359818,-0.13660338067568145,G1
CATCGCTTCTGTAAGC-1,-0.048445922795173235,-0.21597786850897885,G1
CATCGCTTCTTTCCAA-1,0.04876202978146871,-0.08422542391117493,S
CATCGGGAGAGAGTGA-1,0.1287737915199953,-0.09326267984823805,S
CATCGGGCACGGATCC-1,-0.0532489113956795,-0.2436770227799219,G1
CATCGGGCAGCAGATG-1,-0.06234852201408836,-0.1181667709330611,G1
CATCGGGGTAGTGCGA-1,-0.03536855384880039,-0.2408896630278032,G1
CATCGGGGTATACCTG-1,0.09173743335742418,-0.0237900468267902,S
CATCGGGGTCAAAGCG-1,0.11760458710457738,0.11753989784898955,S
CATCGGGGTCTAATCG-1,-0.053839558439272406,-0.12369596441939834,G1
CATCGGGGTGGCTGCT-1,0.02513813301052248,0.027214218180130423,G2M
CATCGGGTCATTCGGA-1,0.005527038708725229,-0.04133871287326463,S
CATCGGGTCGATCCAA-1,-0.0217774769502056,-0.1604016986833807,G1
CATCGGGTCTGACAGT-1,0.037187635843775046,-0.18045401315591042,S
CATCGTCAGCCGAATG-1,-0.0023769184807892474,-0.2541463275259781,G1
CATCGTCAGGTAGTAT-1,-0.05200080454967637,-0.27884201567947814,G1
CATCGTCAGGTGGGTT-1,0.016748075434991655,-0.08310601706820506,S
CATCGTCAGTAGATCA-1,-0.08708167007503648,-0.24154104194469994,G1
CATCGTCCACACACTA-1,0.02492703994628831,-0.23093513287824285,S
CATCGTCCACTAAACC-1,-0.06712353058509934,-0.11809833008201875,G1
CATCGTCGTTCGAGCC-1,-0.008751940039848444,-0.023431125198296904,G1
CATCGTCTCTAGCCTC-1,-0.016631859177114072,-0.06284341470400356,G1
CATCGTCTCTGTAAGC-1,-0.10082130856179955,0.007232595205394432,G2M
CATCGTCTCTTCTTCC-1,-0.061104258059976435,-0.03570593935011851,G1
CATGAGTAGATGTAGT-1,0.007016392932617854,0.010267942422363396,G2M
CATGAGTCACAAATGA-1,0.03568685817288875,-0.30274775725136926,S
CATGAGTCACCCTATC-1,0.018493223669042325,-0.1525720363242285,S
CATGAGTCACTTCATT-1,-0.029550691069878288,-0.1537908262247115,G1
CATGAGTGTGATACTC-1,-0.011721159088483868,-0.18770362951613495,G1
CATGAGTGTGCTTCAA-1,-0.03385522054857293,-0.184542600631614,G1
CATGAGTGTTGTCCCT-1,-0.00029192220559412507,-0.15908077771749435,G1
CATGAGTTCATGCATG-1,-0.12365798650789081,0.03858521867155862,G2M
CATGAGTTCTACGGGC-1,0.04212551448440377,-0.07851834603708241,S
CATGAGTTCTATCGGA-1,-0.02357958597461962,-0.17195769351561535,G1
CATGCAAAGAGAAGGT-1,-0.0016360863947309512,-0.09468034785510404,G1
CATGCAAAGCGTTACT-1,0.15676693937317232,-0.09491774765908711,S
CATGCAAAGTGTTCAC-1,0.022634107968417194,-0.1619622634292916,S
CATGCAACAAACGGCA-1,-0.05349583116362322,-0.16150595095516626,G1
CATGCAACACCGTCGA-1,0.040682631761017385,-0.11486157345105552,S
CATGCAACACCTCAGG-1,-0.03679313363656733,-0.2246569094051084,G1
CATGCAACACGGTAGA-1,0.04715038023773782,-0.04584356639596332,S
CATGCAACAGGGAGAG-1,-0.05270557283203797,-0.09527630305187434,G1
CATGCAACATGTACGT-1,-0.1289069747829421,0.05689774210744791,G2M
CATGCAAGTAGAGGAA-1,-0.10697011962868896,-0.23109903281140295,G1
CATGCAATCACTCGAA-1,-0.002825509749051769,-0.27067939760697746,G1
CATGCAATCTGCGGAC-1,0.011205865107743407,-0.1391051971991243,S
CATGCAATCTTTCCAA-1,-0.08946336166019248,-0.15717922432944934,G1
CATGCCTAGACGAAGA-1,-0.0414185219306219,-0.11613815295565799,G1
CATGCCTAGCACTTTG-1,0.03965723361529505,-0.2938688629685978,S
CATGCCTAGGTGCTTT-1,0.12410678770001354,-0.14652260851294513,S
CATGCCTAGTCACGAG-1,-0.026173059032005175,-0.19603427057814038,G1
CATGCCTAGTGGTTCT-1,-0.03654952402112566,-0.08566054793823874,G1
CATGCCTCAACTCCAA-1,0.009280826529916686,-0.12262373769734597,S
CATGCCTCAGCGACCT-1,0.01806160252601119,0.019446635669490342,G2M
CATGCCTGTAACAGTA-1,-0.10385228066263713,-0.12539047722400914,G1
CATGCCTGTGACTCGC-1,-0.1521172266186202,-0.11979636498816554,G1
CATGCCTGTGGCTTGC-1,0.025165690120635076,-0.10155557348106758,S
CATGCCTGTTTCTATC-1,-0.1742476583278404,-0.19506295932089773,G1
CATGCCTTCGGTGTTA-1,-0.08338555942049608,0.026314247980537775,G2M
CATGCGGAGAATACAC-1,0.000998822852010084,-0.23569553632850893,S
CATGCGGAGAGGTCGT-1,-0.06294642249692789,-0.26665989730461037,G1
CATGCGGAGGACTAAT-1,-0.01944625746305012,-0.037009947981551494,G1
CATGCGGAGGACTATA-1,-0.10411526642013191,-0.11239682166393655,G1
CATGCGGCAACACGTT-1,0.13433144994769647,-0.13373220476450765,S
CATGCGGCACGTGAGA-1,-0.04218285294371593,-0.01038412000534844,G1
CATGCGGCATTAGGCT-1,-0.051347033328549174,-0.2201420422271824,G1
CATGCGGGTCCTGTTC-1,-0.014045026245037007,-0.030840678648893505,G1
CATGCGGGTGACTCGC-1,0.034214481349216896,-0.21671742533866759,S
CATGCTCAGGACAGCT-1,0.03228541952442909,-0.09410177818456678,S
CATGCTCAGGCTAGCA-1,-0.10515952832232184,-0.1761478306021923,G1
CATGCTCCAACAGAGC-1,0.028502408652889805,-0.05338183262143725,S
CATGCTCCAAGGACAC-1,-0.05544664502882979,-0.2433039235749963,G1
CATGCTCCAGCTTCCT-1,-0.02159863527189909,-0.08009899351069288,G1
CATGCTCCATATCTGG-1,0.030049660184612248,-0.13242797161770314,S
CATGCTCGTAAGTTAG-1,-0.03174448578127759,-0.21577220413918843,G1
CATGCTCGTCTCACAA-1,-0.0050520295290207295,-0.07764194645592937,G1
CATGCTCGTCTGCGCA-1,-0.01640568845488624,-0.04621875904693079,G1
CATGGATAGCCGAACA-1,-0.026762450897430068,-0.19495283990769133,G1
CATGGATAGCTTGTTG-1,-0.08164058313486106,-0.11372298599090558,G1
CATGGATAGGCGATAC-1,-0.09319213192456482,-0.2573688945790571,G1
CATGGATAGTCCCAAT-1,0.06436081088140294,-0.23790329575003896,S
CATGGATAGTCTGCAT-1,-0.1082393748849918,-0.04960593413547604,G1
CATGGATCAGACCATT-1,0.05330470936790671,-0.1104464363573675,S
CATGGATCAGCCATTA-1,0.04693161823536335,-0.20652435409865227,S
CATGGATCAGTGGGTA-1,0.03557979490248542,-0.05939496003574185,S
CATGGATCATACTGAC-1,0.03725154723982704,-0.08993401789655647,S
CATGGATGTCAACCTA-1,-0.04091892613213599,-0.22050471023954538,G1
CATGGATGTCGGAACA-1,-0.031626691772202786,-0.16898736078095442,G1
CATGGATGTCGTTGCG-1,-0.008494239093306988,-0.19832787728377463,G1
CATGGATTCATGGATC-1,-0.036663618002934106,-0.28987113686207816,G1
CATGGATTCGTGCAGC-1,0.08556789668645132,-0.1224610831020802,S
CATGGATTCTCAGGCG-1,0.144239392331645,-0.11970101518417753,S
CATGGATTCTGAATGC-1,-0.10024766514072248,-0.13124813774753002,G1
CATGGTAAGAACTCCT-1,-0.025292090636148346,-0.12142134818866301,G1
CATGGTAAGAGGTTTA-1,-0.11697251635227751,-0.15960584520688154,G1
CATGGTAAGTACAACA-1,0.1175251862861329,-0.08969736100075443,S
CATGGTAAGTCATGCT-1,-0.05307628834596331,-0.1817174758393123,G1
CATGGTACATCGGATT-1,0.11016096120552377,-0.05720916137354415,S
CATGGTAGTATACGGG-1,-0.024665161329010865,0.022997484477976643,G2M
CATGGTAGTCTTCATT-1,-0.01328554322020059,-0.10255055849266642,G1
CATGGTAGTTAATGAG-1,-0.010725700725063125,-0.09453423981633854,G1
CATGGTATCAATGTCG-1,-0.03380802798345239,-0.027069463925110893,G1
CATGGTATCGTGCACG-1,0.003480747252372185,-0.14670631756650288,S
CATGGTATCTCGGTAA-1,-0.10422390978589574,-0.1892546972892963,G1
CATGGTATCTGCATGA-1,0.07648160000994358,-0.03015151976074254,S
CATTCATAGACCATAA-1,-0.004203257261505611,-0.11686001523421219,G1
CATTCATAGACGTCCC-1,0.10841230624875797,-0.030151686016638923,S
CATTCATAGCATACTC-1,-0.13621067128906186,-0.06746886660524082,G1
CATTCATAGCTGGCCT-1,-0.12983586330752428,-0.24247771587994038,G1
CATTCATAGTCAGAGC-1,-0.0067468366957129655,-0.24981598565014718,G1
CATTCATCAAGAGGCT-1,-0.0043614001400228974,-0.08701816479138924,G1
CATTCATCACCCATAA-1,-0.09267544973035052,-0.19684765058544784,G1
CATTCATCAGAGGCAT-1,-0.12441967522867464,-0.15478857330137963,G1
CATTCATGTAGACTGG-1,-0.034064487849138625,-0.08419975713346645,G1
CATTCATGTCCACTTC-1,-0.07081526190619819,-0.09825971441032721,G1
CATTCATGTCCCGTGA-1,-0.07363400180879748,-0.16507543482246217,G1
CATTCATGTCCGGTGT-1,-0.036073649020684884,-0.023708736640797423,G1
CATTCATGTCCTTGTC-1,-0.07396469123647592,-0.14507868891975956,G1
CATTCATGTCTCAGGC-1,-0.13653057139015448,-0.1582506641657398,G1
CATTCATGTCTTGCGG-1,0.09170852979227684,-0.11308743910301522,S
CATTCATGTTTGCCGG-1,-0.006892364904308501,-0.15440587543179074,G1
CATTCATTCATTGGTG-1,0.043637111907498194,-0.1870309058090135,S
CATTCATTCCATCAGA-1,0.03271757086868632,-0.25001419520408497,S
CATTCATTCCGCGATG-1,-0.07890357330830672,-0.1786245853725757,G1
CATTCATTCGAGCCTG-1,0.07153577122858507,-0.13287373600162905,S
CATTCATTCTACCCAC-1,-0.009048540031281804,-0.14396758779724472,G1
CATTCATTCTCGCCTA-1,-0.06747641985304287,-0.12290097636243363,G1
CATTCATTCTGGGCAC-1,-0.00974806673229367,-0.16203426911519506,G1
CATTCATTCTTCGTAT-1,-0.13878499725339338,-0.2368905449442903,G1
CATTCCGAGAATTGTG-1,-0.02818045276913106,-0.189228404238876,G1
CATTCCGAGATACGAT-1,0.16788003334748558,-0.2861744774128013,S
CATTCCGAGATGCGAC-1,-0.12261071681792424,-0.17904267094620624,G1
CATTCCGAGCTTGTGT-1,-0.10331930045521048,-0.3578989369232581,G1
CATTCCGAGGAGATAG-1,-0.029195632109101533,-0.11634337653425975,G1
CATTCCGAGGTGATAT-1,0.04942096071606511,-0.23790974237735213,S
CATTCCGAGGTTCCGC-1,0.016659553930025772,-0.0853129755717624,S
CATTCCGCAAGGACAC-1,-0.17468214154869424,-0.1212128476477509,G1
CATTCCGCAATAGTGA-1,0.03951497585392613,-0.10185608984427681,S
CATTCCGCATACCACA-1,0.031537924421095764,-0.06832648905769284,S
CATTCCGGTCGGCTAC-1,-0.08823850435458908,-0.09094537468623032,G1
CATTCCGGTGGCCCAT-1,-0.04394427589484631,-0.10881173913844597,G1
CATTCCGTCCTACAAG-1,0.21886876129166305,-0.10754245426943077,S
CATTCCGTCGACCACG-1,-0.07081447607801183,-0.14974682594043504,G1
CATTCCGTCGCCGAGT-1,-0.047055079267166844,0.03130567052390859,G2M
CATTCCGTCTCATTTG-1,0.13621938561084296,-0.030185474747772334,S
CATTCCGTCTTCGTAT-1,0.011069370576796134,0.014997046186019547,G2M
CATTCTAAGATGGCGT-1,-0.03998082136000536,-0.060150730943429265,G1
CATTCTAAGGTCATAA-1,-0.029979394198501708,-0.1860978702279303,G1
CATTCTAAGTCATTGC-1,-0.05112795142064164,-0.09013072835097186,G1
CATTCTACACCCTCTA-1,0.1293349981365577,-0.08882658287635464,S
CATTCTACAGCGACAA-1,-0.051831774924382124,-0.028785575997333612,G1
CATTCTACATATCTGG-1,-0.011912156304048849,-0.20196160565534865,G1
CATTCTAGTGGCAACA-1,-0.08990901945873653,-0.11990924741523845,G1
CATTCTAGTTTCCCAC-1,0.06942829109753942,-0.11914190126535286,S
CATTCTATCGGCTTGG-1,-0.08492236511021464,-0.12430947005833015,G1
CATTGAGAGGAACTCG-1,-0.13710122307693137,-0.03460820474891463,G1
CATTGAGAGTCTCGTA-1,-0.029427877900129185,-0.15382450835765105,G1
CATTGAGCAAGAAACT-1,-0.03536469141143783,-0.11433466212418608,G1
CATTGAGCACCGCTAG-1,0.000675430901514007,-0.15899235555601432,S
CATTGAGCAGCGGTCT-1,0.08550572640552473,-0.23180653449554522,S
CATTGAGCATAACAGA-1,-0.0134418653143753,-0.20792988547501795,G1
CATTGAGGTACGGTTT-1,-0.08382633604066442,-0.16424748635093556,G1
CATTGAGGTACGTAGG-1,-0.07515837257741537,-0.20590651266474114,G1
CATTGAGGTGCGCTCA-1,0.07001512365403306,-0.004061438793340644,S
CATTGAGGTGGTATGG-1,-0.09338972112117527,-0.09329324747957496,G1
CATTGAGTCTTAGCAG-1,0.0038474978970843843,-0.09104213934653976,S
CATTGCCAGAATCGTA-1,-0.1430648152906554,-0.14675244808471677,G1
CATTGCCAGATGTTGA-1,-0.0646322460055655,-0.1599437981683215,G1
CATTGCCCACAACGCC-1,-0.09257522420630049,-0.13903718011918098,G1
CATTGCCCAGGACGAT-1,-0.08789255562051551,-0.18040764044473573,G1
CATTGCCCAGGTAGTG-1,-0.04615923335635769,-0.13320057282218026,G1
CATTGCCCATATTCGG-1,-0.06707215949241091,-0.07311821706304208,G1
CATTGCCGTACGCTAT-1,0.1125683908301141,-0.1274746236720749,S
CATTGCCGTCAACATC-1,0.089048283422683,-0.14888054543086815,S
CATTGCCGTGAGACCA-1,-0.08864815975034673,-0.2280544821620497,G1
CATTGCCGTGCAGATG-1,-0.06091886143840375,-0.181887677200528,G1
CATTGCCGTGTACGCC-1,-0.049079889943205335,-0.17164952859050758,G1
CATTGCCTCAGTCATG-1,0.0077261372753832935,-0.20620844137911426,S
CATTGCCTCATCACAG-1,-0.03534586808774459,-0.07003985003427315,G1
CATTGCCTCCATTTCA-1,-0.06893720105497236,-0.1559455238984005,G1
CATTGCCTCCGTGGTG-1,-0.06615788842616066,0.0533424181556405,G2M
CATTGTTAGATTGTGA-1,-0.018336591724986417,-0.06073194248141606,G1
CATTGTTAGGAATCGC-1,-0.09951822552636977,0.09321830195813668,G2M
CATTGTTAGGGTTGCA-1,0.04926663426464428,-0.016750113042291015,S
CATTGTTAGTATGAGT-1,-0.042625460743378196,-0.2164685831740263,G1
CATTGTTCAAACACGG-1,-0.10914178754071652,-0.23351545778132415,G1
CATTGTTCAAGACGAC-1,0.19887374931020946,-0.2379376605342167,S
CATTGTTCAATGCTCA-1,-0.12893745936494866,-0.02573336206308019,G1
CATTGTTCACAATTCG-1,0.044270131124413775,0.010665217295346002,S
CATTGTTCACTAGGCC-1,-0.03733665879560322,-0.10357380247905917,G1
CATTGTTCATCTCCCA-1,-0.07554790076121617,-0.2088446034573328,G1
CATTGTTCATGAAGCG-1,-0.035051325123808874,-0.13683992155190028,G1
CATTGTTGTACCTTCC-1,0.03890988805341011,-0.018356691042576645,S
CATTGTTGTGCTAGCC-1,-0.09807062233720648,-0.23316257531337511,G1
CATTGTTGTTAATCGC-1,-0.07312189254357548,-0.1248086563418494,G1
CATTGTTTCGACCATA-1,0.021030724801121226,-0.1529372238924343,S
CATTGTTTCTATTTCG-1,0.07323003328840627,-0.26273230968030103,S
CATTGTTTCTCCGCAT-1,-0.08671565827824584,-0.19839783229857513,G1
CATTTCAAGATCACTC-1,0.05055163361646792,-0.04340442474169748,S
CATTTCAAGCGCGTTC-1,-0.0403675665855347,-0.15329193559138288,G1
CATTTCAAGCTCGAAG-1,0.1959499912822218,0.19764235743224906,G2M
CATTTCACACGTGTGC-1,-0.00035389994180179407,-0.06739487693868784,G1
CATTTCACATCCAATG-1,-0.08176173143137344,-0.22776732984828518,G1
CATTTCAGTCGTTATG-1,-0.03458638540240763,-0.20333970582418825,G1
CATTTCAGTGAGAACC-1,0.034822240752167,-0.12586852283353606,S
CATTTCAGTGAGACGT-1,0.0073946751791659215,-0.32066183302607365,S
CATTTCATCAACACGT-1,-0.09877275613574649,-0.2677879886628196,G1
CATTTCATCCGCCTAT-1,-0.02843140268719263,-0.10672041730361564,G1
CCAAGCGAGGATACCG-1,-0.11132435956249581,0.030740596993691527,G2M
CCAAGCGAGTCGCGAA-1,-0.018630604083529956,-0.07312906950490089,G1
CCAAGCGCACAGCGCT-1,-0.062148074910649165,-0.16494808989683257,G1
CCAAGCGCATGTGGCC-1,0.05834381689912099,-0.08045209017376365,S
CCAAGCGGTACCCGAC-1,-0.10744152998431275,-0.0029495612384782266,G1
CCAAGCGGTCACCGCA-1,0.017354317873322422,-0.11241053957311031,S
CCAAGCGGTGTGAATA-1,-0.06697792236778721,-0.08184420237889839,G1
CCAAGCGGTGTGCTTA-1,-0.1219544960917055,-0.11818243530794376,G1
CCAAGCGTCAGCTGAT-1,-0.021358287438363377,-0.10598813561755832,G1
CCAAGCGTCGTTCCCA-1,0.013629420085798039,-0.10035476327023593,S
CCAAGCGTCTAGTGAC-1,-0.02600116115323059,-0.14957131331255707,G1
CCAAGCGTCTCAACGA-1,-0.09317471291632196,0.010386816586767822,G2M
CCAAGCGTCTTGTGCC-1,-0.060057224451498525,-0.148359624359875,G1
CCAATGAAGAAACCAT-1,-0.023195230663935418,-0.1283833632876078,G1
CCAATGAAGACGCATG-1,0.03759585777562496,-0.2735499010872895,S
CCAATGAAGGTGCCTC-1,-0.09081399131022605,-0.16869468173618174,G1
CCAATGAAGTCTAGAA-1,-0.09031543454189023,-0.04978363805202296,G1
CCAATGACACCACATA-1,-0.09912181905027473,-0.23626549391697999,G1
CCAATGACACGGTAGA-1,-0.04635917796819694,-0.25845131950570843,G1
CCAATGACATGAGGGT-1,-0.03813175829312265,-0.13081154666751693,G1
CCAATGACATTCCTAT-1,-0.023972076146097365,-0.2196920474396676,G1
CCAATGAGTCATCGCG-1,-0.08800522278290646,-0.22571064560178614,G1
CCAATGAGTTTCCCAC-1,0.0021457032809240606,-0.1190409391929631,S
CCAATGATCATCGCTC-1,-0.09323246225086773,-0.12230588420488198,G1
CCAATGATCCTGGGTG-1,0.0717412461903526,-0.11307398565856741,S
CCAATGATCTCTGAGA-1,-0.09235652303900388,-0.16992808657529945,G1
CCAATTTAGTTGAATG-1,-0.075925726413264,-0.17580497795231353,G1
CCAATTTAGTTGTAGA-1,-0.03433972452708606,-0.03273321552591879,G1
CCAATTTCAAATAAGC-1,-0.015939135625839373,-0.20859342577436912,G1
CCAATTTCACAGTATC-1,0.0018682751660084873,0.10343922265877267,G2M
CCAATTTCAGATCACT-1,-0.050856684591233436,-0.05817045599600351,G1
CCAATTTGTACAGAGC-1,-0.029543720951051455,-0.11599415658982731,G1
CCAATTTTCAGGGTAG-1,-0.063622136977528,0.032340361098932846,G2M
CCAATTTTCGAGGCAA-1,0.0486036860809112,-0.130068435377315,S
CCAATTTTCGGTGTTA-1,-0.08338787944694326,-0.023361363588308204,G1
CCAATTTTCTCCCAAC-1,0.1080036606215265,-0.05809506374091,S
CCACAAAAGTCTGTAC-1,0.032055200577776444,-0.06779476871077333,S
CCACAAAAGTTAGTAG-1,0.04363557901873549,-0.13396477251930244,S
CCACAAACAAAGCTAA-1,-0.050719304888078076,0.07205312359783089,G2M
CCACAAACAGCCCACA-1,-0.018671298369468292,-0.20798517479885809,G1
CCACAAACATTAAGCC-1,-0.03626499747273726,-0.01309311245730893,G1
CCACAAAGTAGGGTAC-1,-0.023339685019431677,-0.04302453447944188,G1
CCACAAAGTTGGGTTT-1,-0.04559899046572197,-0.07638297371375519,G1
CCACAAATCAAGCCTA-1,-7.37844943085042e-05,-0.17710231149606315,G1
CCACAAATCCAACTAG-1,-0.031933727428738234,0.009453575765876632,G2M
CCACAAATCCTGGGTG-1,0.008661619236008722,-0.22709995466059885,S
CCACAAATCGACACTA-1,-0.09391106024625928,-0.19922791141897983,G1
CCACAAATCGCTTTAT-1,0.003970115563618898,-0.05325389556314822,S
CCACACTAGCTCCCTT-1,0.04003135940174299,-0.11533865162038438,S
CCACACTAGGAGTATT-1,-0.06989870532928374,-0.10377752632560713,G1
CCACACTAGGCATGGT-1,0.042507750283514834,-0.11545953580326229,S
CCACACTAGGGCGAAG-1,-0.08621564400620402,-0.1404699840042625,G1
CCACACTAGTGGATTA-1,-0.0976061712040921,-0.2807184592503967,G1
CCACACTCACGCTATA-1,0.01591043789439156,-0.16676772129949108,S
CCACACTGTGGTCCGT-1,0.08995883386536363,0.10796610991495759,G2M
CCACACTGTTGTTGTG-1,0.05366666272295423,-0.2087866243143338,S
CCACACTTCGCGTTTC-1,-0.060157436508734896,-0.22329271422493985,G1
CCACCATAGGTGCAGT-1,-0.008973218509550018,-0.07547438251007382,G1
CCACCATAGTTTGAGA-1,0.1674262214175095,-0.08137045312268615,S
CCACCATCAAATGGAT-1,0.11687756702236002,-0.07200353376514956,S
CCACCATCAGGAGGAG-1,0.06406202499815988,-0.2955682985656908,S
CCACCATCATGATGCT-1,-0.012179559499762793,-0.10601493584167782,G1
CCACCATGTCCGGTGT-1,0.013560255484579953,-0.1236813895965736,S
CCACCATGTCGAAACG-1,-0.03465042626093734,-0.051989551846672644,G1
CCACCATGTCTCGCGA-1,-0.0324905116924219,-0.12893539064039916,G1
CCACCATGTGTCCTAA-1,-0.02727626034383729,-0.10532709901082715,G1
CCACCATTCTTCGTGC-1,0.09297322199740621,-0.19274276059386247,S
CCACGAGAGCCTCAGC-1,-0.017907073862218903,0.005056360718250719,G2M
CCACGAGAGTCAGCGA-1,-0.08594875537857227,-0.1843338401535695,G1
CCACGAGAGTGACCTT-1,0.03341555685628028,-0.03008963181894142,S
CCACGAGAGTGCCCGT-1,-0.026129538849191336,-0.17687880318119842,G1
CCACGAGCAATGGCCC-1,-0.08348785897935235,-0.15890358492796808,G1
CCACGAGGTCATCAGT-1,0.09559085341919837,-0.2362499679499646,S
CCACGAGTCGCGTAGC-1,0.023817247461742908,-0.2741727704553899,S
CCACGTTCAAGGTTGG-1,-0.12551688385691995,-0.06880743427458713,G1
CCACGTTCACCTTCGT-1,-0.17107965245767592,-0.11578012329637416,G1
CCACGTTCAGCGTTGC-1,-0.0681459918014416,-0.0661081849707883,G1
CCACGTTCATGTTACG-1,-0.0699684986350842,-0.14000567188415747,G1
CCACGTTGTAGTCACT-1,0.052532562332553934,0.008924565782903682,S
CCACGTTGTATGGGAC-1,-0.06158055006280849,0.026405908944371947,G2M
CCACGTTGTCGCTTAA-1,0.07315200741062156,-0.07464310356074749,S
CCACGTTGTCGGTACC-1,-0.006662609713979029,-0.22115073909729227,G1
CCACGTTGTGAGTTTC-1,0.08219790105943253,0.06588026404998765,S
CCACGTTGTTCGCGTG-1,-0.09328171743714442,0.029713873218787157,G2M
CCACGTTGTTTCGTAG-1,-0.08187551979896135,-0.030828883901638682,G1
CCACGTTTCAATCAGC-1,0.04439882421541419,-0.09299988959955974,S
CCACGTTTCCATCAGA-1,-0.10870154016794248,-0.044133482115364386,G1
CCACGTTTCCCGAATA-1,0.11123204204890369,-0.1796948324709549,S
CCACGTTTCTACGCAA-1,-0.06078755153372262,-0.0868128476813616,G1
CCACTTGAGAACAGGA-1,-0.061438109295040066,-0.1533521824969346,G1
CCACTTGAGGATACAT-1,-0.005711462971383724,-0.20674773980645164,G1
CCACTTGAGGTTCTAC-1,0.05444841031929459,-0.12609365012927737,S
CCACTTGCAAGCTGTT-1,-0.009716511449683218,-0.20467789988384347,G1
CCACTTGCACAGTCCG-1,-0.00621482141054458,-0.05586505955342935,G1
CCACTTGCAGTAGAGC-1,-0.008198023544645827,-0.1361673991728792,G1
CCACTTGCAGTCAGAG-1,-0.03820304135508207,-0.011125899617113882,G1
CCACTTGGTGTCATGT-1,0.08942502398581459,-0.08641690476979014,S
CCACTTGGTTAGAGAT-1,0.013644440982707784,-0.08275004237041839,S
CCACTTGGTTTAGACC-1,-0.06377001898468815,-0.1281640412322954,G1
CCACTTGTCAGAATAG-1,0.13314278312760486,-0.12925521533388062,S
CCACTTGTCCGCGATG-1,0.010506726001999145,-0.25416705461179523,S
CCACTTGTCTCGAGTA-1,-0.06944435634342488,-0.004057362594259595,G1
CCACTTGTCTCTTAAC-1,-0.0642456060248825,-0.1919138718144076,G1
CCATAAGAGACTTCCA-1,0.00246459070349464,-0.07996363953850111,S
CCATAAGCAACATACC-1,0.0852609182598324,-0.19406321399416998,S
CCATAAGCAATACCCA-1,-0.10700246465181346,-0.10219773070539612,G1
CCATAAGCACGCGCTA-1,0.06548360836330025,-0.010181072185104112,S
CCATAAGCATGATGCT-1,-0.006299285847931935,0.0022199472038494372,G2M
CCATAAGCATGCACTA-1,-0.04654659262332411,-0.18136022514250177,G1
CCATAAGGTCAAGGCA-1,-0.07615758989551641,-0.10080492983997441,G1
CCATAAGGTGGAATGC-1,-0.03279312677440932,-0.26782746193739504,G1
CCATAAGGTGGGTTGA-1,-0.019667514495783023,-0.022864748902988563,G1
CCATAAGGTTCCTAAG-1,-0.02521373583184372,-0.060216264363689154,G1
CCATAAGGTTCTCAGA-1,-0.06292315814788318,-0.0797951069616904,G1
CCATAAGGTTGGCCGT-1,-0.014164566429396508,-0.02851098813836339,G1
CCATAAGTCCCGAATA-1,-0.04878685068724159,-0.2791311648117837,G1
CCATAAGTCGCACTCT-1,-0.08640042228601241,-0.050765799254289756,G1
CCATCACAGCAATTAG-1,-0.029693620296600498,-0.07005817981343315,G1
CCATCACAGGGTTGCA-1,0.01278588912479972,-0.23564149706990342,S
CCATCACCACTGTCGG-1,-0.026459361453801622,-0.053037863520268624,G1
CCATCACCATATGGCT-1,-0.052715923218097815,-0.10532713886030812,G1
CCATCACCATTGACAC-1,-0.16532072461023584,-0.09756892309168369,G1
CCATCACGTCGCACGT-1,0.01198198168446915,-0.11849443366489981,S
CCATCACGTTCGAGCC-1,-0.00637064028562051,-0.1887460169501627,G1
CCATCACTCTCGCCTA-1,-0.029949824276660153,-0.02031723683489589,G1
CCCAACTAGAGCCTGA-1,-0.13858780751836663,-0.008944507868069052,G1
CCCAACTAGGCGATAC-1,0.10359824113741833,-0.08255470951955146,S
CCCAACTAGTCGCGAA-1,-0.021719659731925522,-0.1654686111913075,G1
CCCAACTAGTTACGTC-1,0.039067228452098646,-0.08474876401544801,S
CCCAACTCAATTGCCA-1,-0.014659894185611838,-0.007891570192402636,G1
CCCAACTGTAGCTGTT-1,-0.06608493641697044,-0.12088507972426854,G1
CCCAACTGTGAATGAT-1,0.009152948965226004,-0.09332768465531194,S
CCCAACTGTGCCGAAA-1,0.0023431197531199044,-0.07756625627852576,S
CCCAACTGTTCACCGG-1,-0.049437009180975044,-0.14473531291669306,G1
CCCAACTTCATCGACA-1,-0.02633481114592129,-0.23909259069264074,G1
CCCAACTTCTACACTT-1,0.004021545357388301,0.03892709096428143,G2M
CCCATTGAGCGAGGAG-1,-0.05143445155712528,-0.21273646040823174,G1
CCCATTGAGGTCGTCC-1,-0.06736378526643766,-0.13322906230474885,G1
CCCATTGAGTCGTTAC-1,0.03334636270243868,-0.10248312333332892,S
CCCATTGCAAAGCAAT-1,-0.04543432680405546,-0.08998748063604195,G1
CCCATTGGTACCGGAA-1,0.025991756046957748,-0.2729513167069898,S
CCCATTGGTGCTCTTC-1,-0.050633098915232655,-0.009402111925627787,G1
CCCATTGGTTAGGCCC-1,-0.04477720734181512,-0.0733358524233223,G1
CCCATTGTCACCGGTG-1,0.056996605524098354,-0.1260259301310433,S
CCCATTGTCATCACCC-1,-0.0801062810842384,-0.10532450150380662,G1
CCCATTGTCGTACACA-1,-0.05223347659041527,-0.051892585109212436,G1
CCCATTGTCGTACCTC-1,-0.03223734125360128,-0.015103399190742384,G1
CCCATTGTCTCGCTCA-1,-0.025361257969529066,0.008710707717306115,G2M
CCCATTGTCTGGGCAC-1,0.12348352697602177,-0.15678104372137563,S
CCCGAAGAGACCTTTG-1,0.025143857618833865,-0.13647874196925297,S
CCCGAAGCAGCGTTGC-1,-0.0026802597683834306,-0.03174704097822173,G1
CCCGAAGCATCACCAA-1,0.024465341022490206,-0.18104385252266728,S
CCCGAAGCATTGGGAG-1,-0.07486730980673348,-0.07171671006811575,G1
CCCGAAGGTAATACCC-1,0.030676512975027992,-0.20634148761026916,S
CCCGAAGGTAGCTGCC-1,0.028283821702926537,-0.029079810282955754,S
CCCGAAGGTCTGATAC-1,-0.014904019904966925,-0.2106495847201494,G1
CCCGAAGGTTTCCCAC-1,0.02291800387222609,-0.14000560330443249,S
CCCGAAGTCAAGGACG-1,-0.010348300789227272,0.02631845215071732,G2M
CCCGAAGTCACTCGAA-1,-0.00937773300981104,-0.1863193215671846,G1
CCCGGAAAGACGGAAA-1,-0.012689474951520174,0.0894764583658823,G2M
CCCGGAAAGGTGAGAA-1,-0.056594260813670416,-0.08016266003104128,G1
CCCGGAAAGTTGGAGC-1,0.030832571035588147,-0.13465886318021755,S
CCCGGAACAGATTCGT-1,0.03729039587712585,-0.26472620744079156,S
CCCTAACAGCACTAAA-1,0.010176242731353091,-0.11859113160146462,S
CCCTAACAGTTCATGC-1,-0.029052430151110697,-0.11721798764940036,G1
CCCTAACCAACGTATC-1,0.17480240473766512,-0.11933434073429355,S
CCCTAACCACACACGC-1,0.06468060706331386,-0.1678792519441476,S
CCCTAACCACCAGTTA-1,-0.07979156048458608,-0.07390980346577414,G1
CCCTAACCACTGCGAC-1,0.028431280629037464,-0.2580646864249682,S
CCCTAACCATACACCA-1,0.009858568906344567,-0.07138534142609707,S
CCCTAACTCACCGGTG-1,-0.04050302734049083,-0.109462251121062,G1
CCCTAACTCAGCTGAT-1,-0.05047651151027843,-0.13296062764508404,G1
CCCTAACTCCGTATGA-1,-0.02058630504410358,-0.13676565383784095,G1
CCCTAACTCTAGACCA-1,0.3095286999487352,-0.095410714036202,S
CCCTAACTCTGAGGCC-1,-0.019011434678025296,-0.008307156318032138,G1
CCCTCAAAGAAGCGAA-1,-0.0023156544372066046,-0.05719300175983194,G1
CCCTCAAAGAGGATCC-1,0.1712018081138847,0.020803503671993406,S
CCCTCAAAGCGTGTCC-1,-0.06304345004881218,-0.10151096589882413,G1
CCCTCAAAGGGATCAC-1,-0.012573996199732818,-0.24322864684011922,G1
CCCTCAACAGGTGTGA-1,-0.08400656180995075,-0.24305896735063587,G1
CCCTCAAGTGCTGTCG-1,-0.008845096925548745,-0.06809221845334565,G1
CCCTCAAGTGGTAACG-1,0.13790890896891378,0.11448727992689017,S
CCCTCAATCCATGAGT-1,-0.006487679425630388,-0.08653098777483498,G1
CCCTCAATCCGATGTA-1,-0.05698637270186693,-0.119070174172098,G1
CCCTCAATCCTAAGTG-1,-0.0027972793305885424,-0.15678222297637961,G1
CCCTCAATCGTAGTCA-1,0.057765274661860655,-0.09325744693224713,S
CCCTCAATCTAGAGCT-1,-0.04207103713291571,-0.05846706676884317,G1
CCCTCTCAGATAGTGT-1,-0.01845641716976293,-0.17635691829874017,G1
CCCTCTCAGGTTCTAC-1,-0.013407089781964976,-0.07324395399386757,G1
CCCTCTCAGTATGATG-1,-0.08143167880776558,-0.1088478682359223,G1
CCCTCTCCACAAGGTG-1,-0.13120366257916471,-0.12974359289511578,G1
CCCTCTCCACATGACT-1,-0.04208560547698592,-0.14185658919089872,G1
CCCTCTCCATGATCTG-1,0.026622378478204894,-0.11124553532773766,S
CCCTCTCGTGAGATAT-1,-0.031167579058630157,-0.15389763360340347,G1
CCCTCTCTCGACGCGT-1,-0.01812096058704235,-0.16906430744461903,G1
CCCTGATAGCTACTGT-1,-0.06922201837660302,0.10866167035423357,G2M
CCCTGATAGTAGATCA-1,-0.1680566927876439,-0.1607460880018205,G1
CCCTGATCACCAATTG-1,0.04185587337262281,-0.0048682239945214145,S
CCCTGATCACCGAATT-1,-0.016997576514667878,-0.09336577509963179,G1
CCCTGATCATCTAGAC-1,0.12333358672886569,-0.21497477406141943,S
CCCTGATGTGCAAGAC-1,0.04898203060136844,-0.08407506534433334,S
CCCTGATTCCTCTAGC-1,-0.06517321483033245,-0.051312819088676576,G1
CCCTGATTCGACTCCT-1,-0.12269218064552437,-0.18513104236188577,G1
CCCTGATTCGGACTGC-1,-0.06259488031451826,-0.2744131780296173,G1
CCCTGATTCGTAACAC-1,-0.10218412032705282,-0.29736781851456706,G1
CCCTGATTCTACTATC-1,0.0009769943110364276,-0.14770990790206878,S
CCCTGATTCTGGCCTT-1,-0.055598750910991646,-0.26903634866758386,G1
CCCTGATTCTGTGTGA-1,0.1052965875056116,-0.14917340708996552,S
CCCTTAGAGGTAGACC-1,-0.04064758529183582,-0.01832703047797607,G1
CCCTTAGAGTTGCGAG-1,0.04526833961165394,-0.3015766443751897,S
CCCTTAGCAGTCCCGA-1,0.03635499074038834,-0.20613819991079746,S
CCCTTAGCATACAGCT-1,0.19148561224483412,-0.04506120889332882,S
CCCTTAGCATCAACCA-1,-0.02769110814201642,-0.1023735433362798,G1
CCCTTAGGTCGCTTGG-1,-0.02420340978278973,-0.045925438103422755,G1
CCCTTAGGTGACCTGC-1,-0.058631262512748916,-0.15942496090558844,G1
CCCTTAGGTGACGCCT-1,-0.034016690392901006,-0.217196918546341,G1
CCCTTAGGTTCCACAA-1,0.1267770547693151,-0.03445379120608649,S
CCGAACGAGCAGCGAT-1,-0.08979918372221302,-0.17004445048873146,G1
CCGAACGAGCCATTTG-1,0.049398489130696666,-0.011466716397957821,S
CCGAACGAGCTTAAGA-1,0.039212295685033705,-0.09841930171081076,S
CCGAACGAGTGGCCTC-1,0.07640169925422868,-0.04943450899237173,S
CCGAACGCAACCTATG-1,-0.09956933583493882,-0.10346355043399635,G1
CCGAACGCACTTACAG-1,-0.08273373923835459,-0.2609680042550153,G1
CCGAACGGTATGAAAC-1,-0.12631049581311055,-0.20630579038195898,G1
CCGAACGGTCGTCATA-1,-0.05065767185703407,-0.16034253373950952,G1
CCGAACGGTCTAGTGT-1,-0.015435481741276402,-0.1648170631388317,G1
CCGAACGGTGACAGGT-1,0.05383498499294753,-0.0443101982508336,S
CCGAACGGTGGAGGTT-1,-0.024195148563513902,-0.0579481389708858,G1
CCGAACGTCCGGTAGC-1,0.10242388021211335,-0.1838111631087054,S
CCGAACGTCCGTAGTA-1,0.008174489115661876,-0.21534417870011707,S
CCGAACGTCGACTCCT-1,0.01809647087111943,-0.14025150206722675,S
CCGAACGTCTAACGCA-1,-0.014872812528515356,-0.04501685019556306,G1
CCGATCTAGATAGGGA-1,0.007204693762284997,-0.05407720308488764,S
CCGATCTAGCAGGCTA-1,0.029708900134632288,-0.07762130152845631,S
CCGATCTAGTCCCAGC-1,-0.11946670586740482,-0.055316915860476656,G1
CCGATCTAGTGTTGAA-1,-0.02248896910108672,-0.20235273077465765,G1
CCGATCTCAAATGGAT-1,0.026723239254327735,-0.22279168570191257,S
CCGATCTCACACCGAC-1,0.11577763712775313,-0.20460476526663832,S
CCGATCTCAGGCACTC-1,0.0018444019650190602,-0.030083176003276813,S
CCGATCTCAGTAGTTC-1,-0.009887566933187375,-0.14601841816497588,G1
CCGATCTCATAACTCG-1,-0.06931413244915868,-0.09872302410125794,G1
CCGATCTGTAGGCAGT-1,-0.0959299135628261,-0.10036643670461792,G1
CCGATCTGTCCACACG-1,-0.07637796726886648,-0.13199192040327754,G1
CCGATCTTCGGAACTT-1,0.05341722095869145,-0.07356616038462821,S
CCGATGGAGTAAATGC-1,0.07337270352550646,-0.2786954553307935,S
CCGATGGCAAGTCCAT-1,-0.0003653500637564866,0.11175812347110087,G2M
CCGATGGGTACAGTAA-1,-0.06705550933737914,-0.1965290126041832,G1
CCGATGGGTCCACTCT-1,-0.007619730419188481,-0.10187793762184127,G1
CCGATGGGTTGTAAAG-1,0.05797467190990335,-0.19441934386190718,S
CCGATGGTCATGCCCT-1,-0.002163236264000612,-0.07816543150977645,G1
CCGATGGTCATTCTTG-1,0.02952755236798349,-0.22268175090466005,S
CCGATGGTCCTGTAAG-1,-0.020291231248442565,-0.2064331516368872,G1
CCGATGGTCTAAACGC-1,0.01757399148036637,-0.1255277874328561,S
CCGATGGTCTACGGGC-1,-0.005588187031476732,-0.030673855971031616,G1
CCGATGGTCTTGCGCT-1,0.09792758556997455,-0.23103377855390222,S
CCGCAAGCAAACACCT-1,0.17025869556239642,-0.18793490265384225,S
CCGCAAGCAGCGAACA-1,0.08296653724957631,-0.28431651525381085,S
CCGCAAGCATGAGAAT-1,-0.029063607186130686,-0.0019338406809542297,G1
CCGCAAGGTAATTGGA-1,-0.08870341748186245,-0.16637528266205628,G1
CCGCAAGGTAGTTACC-1,-0.08871530699700919,-0.11054516276401388,G1
CCGCAAGGTCCATCTC-1,0.013506531142992884,0.09125905808198492,G2M
CCGCAAGGTTAAACCC-1,0.006835720575983306,-0.10129579378244274,S
CCGCAAGGTTCCTAGA-1,-0.04675951035189524,-0.12972389864575762,G1
CCGCAAGTCGAAGCAG-1,0.05175787635824014,-0.05696876510165494,S
CCGGACACAAATAGCA-1,0.045377192335445515,-0.16303834476883422,S
CCGGACACAATTGAAG-1,-0.014011664275396796,-0.14537640602338597,G1
CCGGACACACAAGTGG-1,-0.03625761061018534,-0.0408850809300732,G1
CCGGACAGTATTTCGG-1,-0.09277538894315185,-0.028690047336757007,G1
CCGGACATCGTACCTC-1,-0.020182843913805093,-0.01839423950732233,G1
CCGGACATCTCGTCGT-1,-0.03096642922354992,-0.11665950013645204,G1
CCGGACATCTCTATGT-1,-0.03844090899923769,-0.10567603541471704,G1
CCGGACATCTGGAAGG-1,0.17523371318548592,-0.2369807123266067,S
CCGGGTAAGCGAGAAA-1,0.02565980051246053,-0.03987207786079733,S
CCGGGTAAGCGCCATC-1,-0.06944212243668535,-0.0707698253275843,G1
CCGGGTACAACGATCT-1,0.01634190584231293,-0.18735287072257256,S
CCGGGTACAAGATTGA-1,0.04873583509903423,-0.10292900475221756,S
CCGGGTACAAGCGATG-1,-0.021717101586992582,-0.0995118386013922,G1
CCGGGTACACTGAGTT-1,-0.0259324665001599,-0.11236050949854387,G1
CCGGGTACAGTGGCTC-1,-0.023786401248097555,-0.13518069329876917,G1
CCGGGTAGTTCAATCG-1,-0.0020602134903666136,-0.05084420672019474,G1
CCGGGTATCCCTTGTG-1,0.15635436502534156,-0.017674732526182235,S
CCGGGTATCCGCACGA-1,0.01749067639430152,0.06980644308503053,G2M
CCGGGTATCCTCATAT-1,-0.04882143588976301,-0.29772116418695715,G1
CCGGGTATCGAGTCCG-1,-0.063886879531792,-0.07419599231763047,G1
CCGGTAGAGCATCCTA-1,0.010817483543102302,-0.12817262351880152,S
CCGGTAGAGCCAAGCA-1,-0.0030819012945043633,-0.10740502842384847,G1
CCGGTAGCAAACGAGC-1,0.0013801390277967118,-0.16913639131889951,S
CCGGTAGCAATTGAAG-1,0.020287989998173328,0.018589391437550673,S
CCGGTAGTCCCGAGGT-1,-0.0366155213667998,-0.24131249855469894,G1
CCGGTAGTCTTTCAGT-1,0.006789320823038958,-0.10150775277225293,S
CCGGTGAAGATTGAGT-1,-0.07314464955102734,-0.10421779039919687,G1
CCGGTGACAAGATCCT-1,-0.03362361624994231,-0.15534122611125023,G1
CCGGTGACAAGTTTGC-1,-0.11089533620500647,-0.14156165487606928,G1
CCGGTGACACTACACA-1,-0.036355368328503945,-0.09195221014114208,G1
CCGGTGACAGTGCGCT-1,0.016334981572085905,0.07541538616912358,G2M
CCGGTGACATACTGAC-1,0.04470393526542543,-0.11402327313637134,S
CCGGTGACATGATGCT-1,0.07538669962266259,-0.020325277408156872,S
CCGGTGAGTAATACCC-1,-0.04363462793512363,-0.08774008736017747,G1
CCGGTGAGTAGTATAG-1,-0.045967419579817814,-0.06570254022534583,G1
CCGGTGATCCAGTACA-1,-0.030332426929235823,-0.2524205087094429,G1
CCGGTGATCCCGATCT-1,-0.055916972752867,-0.1962237114901567,G1
CCGGTGATCCGTGTGG-1,-0.0404244264475454,-0.057932797986026685,G1
CCGTAGGAGGATTTAG-1,0.13774439497802876,-0.20357673305050528,S
CCGTAGGAGTTCACTG-1,-0.03590859857208284,-0.1282079263804019,G1
CCGTAGGCACAAAGTA-1,-0.006372319304669916,-0.09651670548648411,G1
CCGTAGGCACCCTATC-1,-0.05766411596683929,-0.22478961563396657,G1
CCGTAGGCAGACCTAT-1,-0.005698312749077006,-0.11921592415645221,G1
CCGTAGGTCAGGAGAC-1,-0.060628652589808874,-0.25760149140533,G1
CCGTAGGTCGACCTAA-1,0.00661278444336777,-0.09330465758112955,S
CCGTAGGTCTCTCGCA-1,-0.0879702384421342,-0.11913848343163169,G1
CCGTGAGAGAGTGGCT-1,-0.03927597678725514,-0.11918670428316697,G1
CCGTGAGAGCTTAGTC-1,-0.08766147246979089,-0.19476594196350405,G1
CCGTGAGAGGCATCGA-1,-0.09760515065241493,-0.2414879785988848,G1
CCGTGAGAGGTCACAG-1,-0.14028979324041477,-0.1215044021306825,G1
CCGTGAGAGTTGGAAT-1,0.010821031086591215,-0.006230510694158808,S
CCGTGAGCACAGTCCG-1,-0.057561157213111835,0.058141498107254996,G2M
CCGTGAGCACTCCTTG-1,-0.045138174014302646,-0.17009333513208053,G1
CCGTGAGCAGCAGGAT-1,0.02909148604477363,-0.07519453082429972,S
CCGTGAGCATCACAGT-1,-0.11655346061940669,-0.1491028692473761,G1
CCGTGAGCATGCACTA-1,-0.055363475474885904,-0.2822678066129353,G1
CCGTGAGGTCCAGTTA-1,-0.022507617744201625,-0.17457833076287826,G1
CCGTGAGGTGAGAGGG-1,0.07162428243539931,0.17353413250784522,G2M
CCGTGAGGTGATGAAT-1,-0.1377275559804393,-0.14063391596348843,G1
CCGTGAGTCACACCCT-1,-0.01480125550662248,0.05691527025287596,G2M
CCGTGAGTCCATCAGA-1,0.022711054059944558,0.01716451139038766,S
CCGTGAGTCCTACGAA-1,0.0835533923747036,0.06131630652282871,S
CCGTGAGTCTTGCAGA-1,0.10931770315362715,0.16229578045187582,G2M
CCGTTCAAGACGGAAA-1,-0.07404028036465046,-0.008754531160305723,G1
CCGTTCAAGAGCAAGA-1,-0.06675049043723352,-0.24523478894455675,G1
CCGTTCAAGTTATGGA-1,0.06558537557076682,-0.09227340065311246,S
CCGTTCACAAACTCTG-1,-0.046218195593299816,-0.3174473944265124,G1
CCGTTCACAAATGCGG-1,-0.05736549280085884,-0.17059558026275817,G1
CCGTTCACAATAGTAG-1,0.0653706006182398,-0.10737756146165023,S
CCGTTCACACCAACAT-1,0.11776272400143678,-0.12359972689081977,S
CCGTTCACACTCGATA-1,0.07991106169116913,-0.09088601472292757,S
CCGTTCAGTAATACCC-1,-0.07388593171642871,-0.21583556326590048,G1
CCGTTCAGTACAGTCT-1,0.05757605781403047,-0.15746416547974118,S
CCGTTCAGTCTATGAC-1,0.052109277325022574,-0.16091434298055518,S
CCGTTCAGTCTGTAGT-1,-0.03309338281983992,-0.1574070217900994,G1
CCGTTCAGTGTTAACC-1,-0.01749688480557343,-0.15803332130131578,G1
CCGTTCATCCGTCACT-1,-0.12935560071248742,-0.20574966292705626,G1
CCTAACCAGGAGGCAG-1,0.022961363358607795,-0.07956168679586975,S
CCTAACCAGGCATCAG-1,-0.10067760034538095,-0.07295107768667353,G1
CCTAACCCAAATACGA-1,-0.01491473515599423,-0.08452111894493924,G1
CCTAACCCAAGCGATG-1,0.06135150732027253,-0.10260619039886579,S
CCTAACCCAATTGCCA-1,-0.09094216236415509,-0.04273777223783154,G1
CCTAACCGTATTGCCA-1,-0.059474080055955225,-0.08216913399809458,G1
CCTAACCGTTGGCCGT-1,-0.038449722277041076,-0.10201799614652152,G1
CCTAAGACAACCACGC-1,-0.038893334574903904,-0.251236381507125,G1
CCTAAGACACAACGTT-1,-0.09066663138863723,0.15923048416938546,G2M
CCTAAGACACTAAACC-1,-0.023390724113938,0.032146938975748385,G2M
CCTAAGACAGTTGTTG-1,-0.04681848193315713,-0.1017100843005736,G1
CCTAAGACATCTGCGG-1,0.07096597223523027,-0.15135817845451588,S
CCTAAGAGTCGACTTA-1,0.04771719399578306,-0.05489108440665569,S
CCTAAGAGTCGTCATA-1,-0.05668909694475316,-0.13995530686754584,G1
CCTAAGAGTCTGATCA-1,-0.02631289706723916,-0.05864817533582434,G1
CCTAAGAGTGATTCTG-1,0.030235748916341343,-0.14782103595324494,S
CCTAAGAGTTGCAAGG-1,-0.001560222320457716,-0.11523482606150182,G1
CCTACGTCAAACTCGT-1,0.006779672344121357,-0.11625307245024644,S
CCTACGTTCAACGAGG-1,0.13148261212069295,-0.15210178534974977,S
CCTACGTTCTACCAGA-1,0.0028631705584175604,-0.13401219184530194,S
CCTACGTTCTCGGCTT-1,0.09226014577417047,-0.04765053603385849,S
CCTACGTTCTGAATCG-1,0.0561921748665315,-0.23032467430140982,S
CCTATCGAGCGGGTTA-1,-0.05020648852622145,-0.11462620973249965,G1
CCTATCGCAAAGCGTG-1,-0.03319697934763649,-0.09192852793083933,G1
CCTATCGCAACGATCT-1,-0.0217621707928789,-0.11534267726688663,G1
CCTATCGCACCTCAGG-1,0.1136205133744978,-0.1938070912427977,S
CCTATCGGTGAAGCGT-1,0.012746580061506196,-0.19266824516051498,S
CCTATCGGTGTCTTCC-1,-0.02010569876240162,-0.14500016621661288,G1
CCTATCGTCAGCCCAG-1,-0.024287618140550804,-0.16323205529306622,G1
CCTATCGTCCGTGTAA-1,0.0001541681476519008,-0.19622505922323996,S
CCTATCGTCTCTAAGG-1,-0.03060291766277673,-0.1665385462685837,G1
CCTCAACAGACCATAA-1,-0.04246440198445012,-0.1775983610811197,G1
CCTCAACAGCCGATAG-1,0.03766241309681806,-0.21514598233778906,S
CCTCAACAGTCATGGG-1,0.12037809189919924,-0.02485527879974203,S
CCTCAACCACAAATAG-1,-0.07461849943071586,-0.07617442456779533,G1
CCTCAACCAGATTCGT-1,-0.015614613125826737,-0.12467532700293665,G1
CCTCAACCAGGATTCT-1,-0.13451747588818386,-0.10062469403322155,G1
CCTCAACGTATGAAAC-1,0.030164495536338654,0.04426969483221932,G2M
CCTCAACGTTAAGGAT-1,-0.07008502041018252,-0.14011306861569964,G1
CCTCAACTCCCGTGTT-1,-0.012439778045296446,-0.19579559055548293,G1
CCTCAACTCGCCACTT-1,0.017224305212414637,-0.07079233369269144,S
CCTCACAAGAAACTGT-1,0.04239412623368716,-0.2083769588827673,S
CCTCACAAGCATGCGA-1,0.022711418617745782,-0.12583331967886596,S
CCTCACACACGGAAGT-1,0.04932285635258582,-0.23165034629836162,S
CCTCACACAGCGTGAA-1,-0.11630398707152362,-0.14953802378189754,G1
CCTCACAGTCGTTCAA-1,0.05892014844494131,-0.10863222847905696,S
CCTCACAGTGCGTGCT-1,0.18206094798752126,-0.07498699599244696,S
CCTCAGTAGAACTGAT-1,0.07602397614719786,-0.2368678561745571,S
CCTCAGTAGGTTGGAC-1,-0.050580961426662796,-0.1036070880480745,G1
CCTCAGTCAAATTGGA-1,0.01644407608419124,-0.07401222432212956,S
CCTCAGTGTAGAGATT-1,-0.0704088378990575,0.010858348703749798,G2M
CCTCAGTGTCGGATTT-1,0.13459535338851847,-0.01722102571124251,S
CCTCAGTGTGTCCCTT-1,0.07454759710936731,-0.19845071307584086,S
CCTCAGTGTTAAGCAA-1,0.018300372010183974,-0.19851506011679515,S
CCTCAGTTCACCATCC-1,0.10710675058993713,-0.1378011974148087,S
CCTCAGTTCCCTCGAT-1,0.03574397049319766,-0.22817891858325787,S
CCTCAGTTCCTCTCTT-1,-0.12320982228150507,-0.156815475836861,G1
CCTCAGTTCGGACAAG-1,0.0037599388732137973,-0.040478904708407704,S
CCTCATGAGCTGCCTG-1,0.03351365177844001,-0.15499415818860046,S
CCTCATGAGGCTAAAT-1,-0.05830972555521208,-0.2024638902693048,G1
CCTCATGAGTTACGGG-1,0.06925032251495855,-0.1661386440763749,S
CCTCATGCAACGATTC-1,-0.0189219101945233,-0.07937892414251685,G1
CCTCATGCAACGCCCA-1,-0.06815234176784019,-0.04312289511645795,G1
CCTCATGCAAGGTCAG-1,0.05918764379052077,-0.14332459894387736,S
CCTCATGCACCTGAAT-1,-0.08152586140230222,-0.16035656034067347,G1
CCTCATGCACTGCACG-1,0.043140187420446674,-0.06754475656270736,S
CCTCATGCATTGTCGA-1,0.00939740545409834,-0.18573326252460304,S
CCTCATGGTCCGAAAG-1,-0.0729569624232978,-0.24081615142185736,G1
CCTCATGGTCGACGCT-1,-0.04800976967325679,-0.14830235495460875,G1
CCTCATGGTCGGAAAC-1,-0.008462545844564573,0.008954504694630827,G2M
CCTCATGTCGCGTCGA-1,-0.02144232223104442,-0.21698533316622182,G1
CCTCATGTCTCAGAAC-1,0.056014570647752226,-0.145474626637915,S
CCTCATGTCTTCGGAA-1,-0.05277694597453256,-0.16861275546456247,G1
CCTCCAAAGAATTCAG-1,-0.05283677872053755,-0.10170085558357722,G1
CCTCCAAAGAGGCCAT-1,-0.1300495526699692,-0.154079109005331,G1
CCTCCAAAGTCATCCA-1,-0.06733829140798042,-0.08146854383523128,G1
CCTCCAAGTGAACCGA-1,-0.11063338058600819,-0.19596183672254747,G1
CCTCCAAGTGAATTAG-1,-0.03990593811596721,0.07941479633235354,G2M
CCTCCAAGTTAGTTCG-1,0.10784444227324558,-0.10354878219842323,S
CCTCCAAGTTTAGAGA-1,0.01949129627564744,0.022503124351115955,G2M
CCTCCAATCCGGCTTT-1,-0.038805049183760154,-0.07833951245266757,G1
CCTCCAATCGAAGGAC-1,-0.059364797347957854,-0.17977143755515568,G1
CCTCCAATCGTACACA-1,-0.03975363369126178,-0.1930651266988127,G1
CCTCCTCAGATGATTG-1,-0.09144479914053594,-0.36102450842124373,G1
CCTCCTCAGCCGTAAG-1,-0.005236025327137961,-0.038877395099355394,G1
CCTCCTCAGCGCGTTC-1,-0.11445115879346973,-0.13034818362755246,G1
CCTCCTCAGTGCAGCA-1,0.020731777574780397,-0.25936457343157515,S
CCTCCTCCACTACCGG-1,-0.06579843621246267,-0.03855863097800438,G1
CCTCCTCCAGGGTCTC-1,-0.036649874319326925,-0.07762173960641805,G1
CCTCCTCCATCACGGC-1,-0.0323835189732489,0.08406027794100668,G2M
CCTCCTCCATGTTCGA-1,0.02756270711758968,-0.1341645238936034,S
CCTCCTCCATTGCCTC-1,0.08999926984067907,-0.03084873080746725,S
CCTCCTCGTGAGTTGG-1,0.07016218636805566,-0.0852070460967781,S
CCTCCTCGTGTTGAGG-1,0.08009257755857255,-0.17398804237370116,S
CCTCCTCTCAAACTGC-1,-0.03438996120643012,-0.189540073188437,G1
CCTCCTCTCCACCTCA-1,0.03939269379073518,-0.15345819363505753,S
CCTCTAGCAAGGTCTT-1,-0.016693260669496057,-0.10064216981170426,G1
CCTCTAGCACAAATGA-1,-0.004960882415720402,-0.1782039759485466,G1
CCTCTAGCAGCTGTCG-1,-0.04087808915940594,0.019350667732471405,G2M
CCTCTAGCAGGCATGA-1,0.0028739116114072094,-0.02611712122055887,S
CCTCTAGCATAGTCAC-1,0.006904373842447686,-0.19415433642406182,S
CCTCTAGTCCCTCTAG-1,-0.06198248480333479,-0.18533004615060208,G1
CCTCTAGTCGTGGACC-1,-0.08206380894014553,-0.23216702253822297,G1
CCTCTCCAGTGAGGTC-1,-0.04084201832321943,-0.09875019555475287,G1
CCTCTCCCAAATGCTC-1,0.05291389451331718,-0.1336113683543993,S
CCTCTCCCAACCAATC-1,-0.039167723797421505,-0.09287973394309529,G1
CCTCTCCCAAGGTCTT-1,0.06809433982949648,-0.025050519067980226,S
CCTCTCCCACATATGC-1,-0.09899602098471552,-0.053923662019313146,G1
CCTCTCCCACTAACGT-1,0.024834718520368476,-0.1457304109599964,S
CCTCTCCCAGGTCCCA-1,-0.12516530374756568,-0.23555688889825258,G1
CCTCTCCGTAGGTAGC-1,-0.0047869224492888,-0.16655423378080078,G1
CCTCTCCGTGGCTTAT-1,-0.004362266348758637,-0.07887672285625563,G1
CCTCTCCTCAGACCTA-1,0.00670949074788757,0.003898465535391582,S
CCTCTCCTCAGCTTGA-1,-0.003276936290842747,-0.07235480334449862,G1
CCTCTCCTCCCAGGAC-1,-0.08866735094600303,-0.2891091021536333,G1
CCTCTCCTCCGATGTA-1,0.019188309571035733,-0.11916758072698135,S
CCTCTCCTCCGCAGTG-1,-0.02047295401654403,-0.24452877132899226,G1
CCTCTCCTCCTCTTTC-1,-0.038999181079083234,-0.11990245803911043,G1
CCTCTCCTCGTCAAAC-1,0.019864865590074277,0.06277374283025206,G2M
CCTCTCCTCTGGACCG-1,-0.0846581414809433,-0.11860868433239119,G1
CCTGCATAGGTGCAGT-1,-0.05860281809643142,-0.0442117722966231,G1
CCTGCATCAAAGCGTG-1,-0.024495807772689393,0.014592794541145926,G2M
CCTGCATCAGCATGCC-1,0.013107660385494546,-0.0068527686290678624,S
CCTGCATCATGACGTT-1,-0.0776052583655844,-0.17235979500300946,G1
CCTGCATGTTCTAACG-1,-0.0005797040853979252,-0.1571468342751488,G1
CCTGCATTCAGACCCG-1,-0.04422053921929525,-0.11072310401301683,G1
CCTGTTGAGCCTTTGA-1,-0.09884335521937088,-0.1635127233771878,G1
CCTGTTGCATAGGTTC-1,0.007760039566568178,0.07580492285216656,G2M
CCTGTTGGTCGTATTG-1,-0.047470725309514294,0.06742812748543575,G2M
CCTGTTGGTGCGAACA-1,-0.04495623483951705,-0.07233017380183937,G1
CCTGTTGGTGGAGAAA-1,-0.0332306684977991,-0.1740867255934309,G1
CCTGTTGGTGTAAATG-1,0.041220479647672836,-0.1084528249172288,S
CCTGTTGGTTAGAGTA-1,0.011641581859630101,-0.09459837427679096,S
CCTGTTGGTTCTCACC-1,-0.1143771709066248,-0.17026242450301765,G1
CCTGTTGTCGAGCTGC-1,-0.0060988529064721075,-0.20648480467062008,G1
CCTGTTGTCTGGGCCA-1,-0.043548620973654306,-0.16416108471960292,G1
CCTTCAGAGGAGCTGT-1,0.004395802594811038,-0.2316898823308759,S
CCTTCAGAGGCATTTC-1,0.15088007936628778,-0.1493596685244189,S
CCTTCAGAGGCTGAAC-1,-0.06535897877420227,-0.20351662182294822,G1
CCTTCAGCAATCAAGA-1,-0.07504000171018249,-0.1656387322043843,G1
CCTTCAGCACGGCTAC-1,0.06702328326841445,0.09034100074562329,G2M
CCTTCAGCAGTGACCC-1,-0.07797714858012855,-0.0980269220486103,G1
CCTTCAGCATCTCAAG-1,-0.03380944460171814,-0.0969358548448391,G1
CCTTCAGGTAACTAAG-1,-0.04997497379079341,-0.14126143173279826,G1
CCTTCAGGTCGTTGGC-1,-0.10284965291034714,-0.24292090486631657,G1
CCTTCAGTCAAACCTG-1,0.040770855589584376,-0.027480485986814795,S
CCTTCAGTCATAGCAC-1,-0.05165447463849254,-0.07281973949016429,G1
CCTTCAGTCCATAGAC-1,-0.09144120678311246,-0.020873617219148377,G1
CCTTCAGTCCGCAAAT-1,0.005137967555923995,0.0075589099877574895,G2M
CCTTCAGTCCGTAGTA-1,-0.045105206543086696,-0.006279820182245932,G1
CCTTCAGTCTAAGAAG-1,-0.025367273318749384,-0.09929835567687764,G1
CCTTGTGAGGGTCTTT-1,0.08442609683528868,-0.2353270857386529,S
CCTTGTGAGTCATAGA-1,0.010982224351989589,-0.1940127796154919,S
CCTTGTGAGTGTTCCA-1,-0.10799590359134825,-0.1870206296365913,G1
CCTTGTGCAAGTCCAT-1,-0.08386469424667903,-0.052782904876436776,G1
CCTTGTGCAAGTGCAG-1,0.019973120697738156,-0.213067404488487,S
CCTTGTGCACCACATA-1,0.10448261574797035,-0.0400532780449645,S
CCTTGTGCACTCAAGT-1,-0.017486879658176357,-0.22483707842985723,G1
CCTTGTGCAGTGGGTA-1,0.021424747053029436,-0.15011690907730263,S
CCTTGTGGTCCACACG-1,0.03193764124369253,-0.27076448590328545,S
CCTTGTGGTGAGATTA-1,-0.04017968930574939,-0.13700441128734087,G1
CCTTGTGGTTCTGAGT-1,0.06759573459356477,-0.1426546058084175,S
CCTTGTGTCATAGAGA-1,0.0021277368701467236,-0.2090755080331163,S
CCTTGTGTCGCCAGTG-1,-0.025546518225467385,-0.11473618497847349,G1
CCTTGTGTCGTCTCAC-1,-0.05142272584240615,-0.2263327407763674,G1
CCTTGTGTCTGCGATA-1,-0.05518334064296676,-0.17793477241362043,G1
CCTTTGGCACTCTGCT-1,-0.09944485667645464,-0.1780605469967124,G1
CCTTTGGGTAACAGTA-1,0.018409340260806928,-0.11034644698517415,S
CCTTTGGGTCGTGCCA-1,-0.040110001212462,-0.1277127398678551,G1
CCTTTGGGTCTGTCAA-1,0.009611650690398543,-0.22571733665256574,S
CCTTTGGGTGAATGTA-1,0.011397292048847818,-0.06776563334701813,S
CCTTTGGGTGTCTTCC-1,-0.08444923453485165,-0.05437707966750954,G1
CCTTTGGTCCTAACAG-1,-0.10995301685369385,-0.10477797229742808,G1
CCTTTGGTCGATACGT-1,0.004647608730622976,-0.2422778748775984,S
CCTTTGGTCTGAATGC-1,0.03828906225219769,-0.27284696651321116,S
CGAAGGAAGATTGATG-1,-0.018290031275610075,-0.18465754241461302,G1
CGAAGGAAGTATAACG-1,0.015083530785296728,-0.24590798339655986,S
CGAAGGAAGTTGCTGT-1,-0.018446504592564084,-0.18471591201677562,G1
CGAAGGACAAGCAATA-1,0.07910236873048998,-0.09180639869304164,S
CGAAGGACACTAGTAC-1,-0.13006358179182642,-0.17068251911303353,G1
CGAAGGACAGTAGTGG-1,0.0030279839555322763,-0.27332915671844293,S
CGAAGGAGTAATGCTC-1,-0.050027726808131556,-0.14885159316832036,G1
CGAAGGAGTATTGAGA-1,-0.027855200571516747,-0.024339468799209063,G1
CGAAGGAGTTACCCAA-1,-0.16644078797329043,-0.16283858937462953,G1
CGAAGGAGTTCAATCG-1,0.16229743709684896,0.018252061619456583,S
CGAAGGAGTTCCACAA-1,0.11384511121168794,-0.04812426558172256,S
CGAAGGATCAGTGTCA-1,0.1667578494866927,-0.18059125684908245,S
CGAAGGATCCCAGGAC-1,-0.02246192526572499,-0.0700024387955597,G1
CGAAGGATCGTGTTCC-1,-0.017132819731274784,-0.07543141100370149,G1
CGAAGGATCTTTGGAG-1,0.12056206913801018,-0.18998570196927317,S
CGAAGTTAGAAGAACG-1,-0.010346932832557165,-0.20883064072936053,G1
CGAAGTTAGCGTTCCG-1,0.01572384654172937,-0.13224931369392856,S
CGAAGTTAGGTAAAGG-1,-0.054825318530514866,-0.18566016377858896,G1
CGAAGTTAGGTACAGC-1,-0.0704568782914406,-0.0055194206091978,G1
CGAAGTTCACCTTCGT-1,0.05554144155163704,-0.12473374372036898,S
CGAAGTTCACTTGGGC-1,-0.001539287617012719,-0.27877619194393105,G1
CGAAGTTGTCAAAGTA-1,0.0729488317011649,-0.08964207896767146,S
CGAAGTTGTCAAATCC-1,-0.07262977934650172,-0.06171987087235173,G1
CGAAGTTGTGCCTGAC-1,-0.09520392095160896,0.10344735604770028,G2M
CGAAGTTGTTCCTAGA-1,-0.12436203222214032,-0.0618784053575378,G1
CGAAGTTTCAAGCCTA-1,-0.031240414667990213,-0.15132107156330044,G1
CGAAGTTTCCCAGGAC-1,-0.026777601030484488,-0.10618343186482931,G1
CGAAGTTTCGCCTTTG-1,-0.11005102665847782,-0.11304777836609445,G1
CGAAGTTTCTCCATAT-1,-0.03226677459964211,-0.19515133385109543,G1
CGAATTGAGGGAACAA-1,0.0811962943276523,-0.20070182110900275,S
CGAATTGAGTTTGAGA-1,0.1841471488392915,-0.10402627201255768,S
CGAATTGCAACCCTAA-1,-0.005690173135290466,-0.12985213715521637,G1
CGAATTGCAAGGACAC-1,0.04979930255285958,-0.2281800933689279,S
CGAATTGCACGCGCAT-1,0.06263556315447338,-0.0063213645145792086,S
CGAATTGCACTTCATT-1,-0.008184366546578725,-0.11643178455533287,G1
CGAATTGGTGCGTCGT-1,0.08031041521696286,-0.013836266060535285,S
CGAATTGGTTCCACGG-1,0.04702229318568618,-0.13833462899232218,S
CGAATTGGTTCTCCTG-1,-0.047230664013560325,-0.18033307486662575,G1
CGAATTGTCACTGTTT-1,-0.07241121651716981,-0.15441251381600485,G1
CGAATTGTCCGTGTAA-1,-0.15725088042917365,-0.13546979653925392,G1
CGAATTGTCGCGCCAA-1,-0.08617918960024407,-0.006822952361858703,G1
CGAATTGTCGTTCCCA-1,-0.05050563275927475,-0.18447602002641877,G1
CGAATTGTCGTTCTCG-1,-0.06468840138993776,-0.16479504451951787,G1
CGAATTGTCTCGACGG-1,0.010764073869055923,-0.23195449037505106,S
CGACAGCAGAGAAGGT-1,-0.042407286107479736,-0.191726019962866,G1
CGACAGCAGCTGCGAA-1,-0.08656587588219272,-0.09348938036619969,G1
CGACAGCAGGACGCAT-1,-0.036133660828428504,-0.23371294881283258,G1
CGACAGCAGTAATCCC-1,0.007609016542325875,-0.20248636780682688,S
CGACAGCAGTTTGGCT-1,-0.09400074663869157,-0.16168825587214603,G1
CGACAGCCAGGCCCTA-1,0.02593460274420864,-0.01416790259626613,S
CGACAGCGTAGCGCTC-1,-0.044716954489423255,-0.08311647802303668,G1
CGACAGCGTATGTCTG-1,-0.014823968314472191,-0.10125493073641134,G1
CGACAGCGTGACGTCC-1,0.03812323404256418,-0.03834516752880002,S
CGACAGCTCCATCACC-1,0.05223229726613654,0.10711186371560705,G2M
CGACAGCTCGTCAACA-1,0.009019204655098007,-0.272780341643299,S
CGACAGCTCTCAACGA-1,-0.029316369126214215,-0.20893408558754153,G1
CGAGAAGAGGACTAAT-1,-0.039983950122772116,-0.08113541911946826,G1
CGAGAAGAGTAGACCG-1,-0.06094983960418987,-0.23333226393295045,G1
CGAGAAGAGTGTTGTC-1,-0.02582518051808158,-0.21172910419684035,G1
CGAGAAGCAAATACAG-1,-0.13335107496526094,-0.21159394041686644,G1
CGAGAAGCATGACTTG-1,-0.1047978235455782,-0.24969049322601594,G1
CGAGAAGGTTTCGTGA-1,0.06894489540707543,-0.1405527225627749,S
CGAGGAAAGACGATAT-1,0.0664429984610308,0.07535449949130729,G2M
CGAGGAAAGAGCCGTA-1,-0.057133616692458256,-0.08501226782617749,G1
CGAGGAAAGATTCGCT-1,-0.05113565974072437,-0.2362353052718515,G1
CGAGGAAAGCTCAGAG-1,-0.07666453841260401,-0.274115231724893,G1
CGAGGAACATGAGATA-1,-0.10193841307350598,-0.10135805268729015,G1
CGAGGAAGTAACAGGC-1,0.025844181723348514,-0.1862014933434596,S
CGAGGAAGTCTAGGCC-1,-0.08669366847500753,-0.28489189512653534,G1
CGAGGAAGTTCAGTAC-1,0.050866624845725184,-0.0926566474934126,S
CGAGGAATCCGATGTA-1,0.009689173074251378,-0.30643481233487707,S
CGAGGAATCTGCTTTA-1,0.2572458443840573,-0.15004599956423031,S
CGAGGCTAGTGCTAGG-1,-0.03226939944814433,-0.26932031328087674,G1
CGAGGCTCACCCTAAA-1,0.0052762897905369865,-0.12579578836737432,S
CGAGGCTCATGGAAGC-1,-0.11190752091684769,-0.160823401887441,G1
CGAGGCTCATTACTCT-1,0.0006748976124590633,-0.11188552559088949,S
CGAGGCTGTAGGCTGA-1,-0.05198730368904814,-0.12551447018241552,G1
CGAGGCTGTGTGCTTA-1,0.043068160531239574,-0.014301696479587955,S
CGAGGCTGTTAAGACA-1,-0.05916794531793823,-0.009600205243589899,G1
CGAGGCTTCATGAGAA-1,-0.1184186806940409,-0.11886808379639036,G1
CGAGGCTTCTACTATC-1,0.04972262966143348,0.02414595585782564,S
CGAGTGCAGGGAACAA-1,-0.020912737988661168,-0.11106932173017797,G1
CGAGTGCCAACGGCTC-1,-0.05591586310681995,0.014137440947237234,G2M
CGAGTGCCAAGCTACT-1,-0.02886908515737696,-0.12364450182756687,G1
CGAGTGCCAATCGCCG-1,0.06410409370742554,-0.04175755948209575,S
CGAGTGCGTCACGACC-1,-0.15290294289950151,-0.16856515657453788,G1
CGAGTGCTCAAGTAAG-1,-0.06321103311521781,-0.06760732044758422,G1
CGAGTGCTCACTGTTT-1,0.0451608375785576,-0.2610411751262595,S
CGAGTGCTCCGCCTAT-1,-0.04472887337936049,-0.12878111563860284,G1
CGAGTGCTCCTTGGAA-1,0.007445410696448662,0.004549761091302229,S
CGAGTGCTCGGTAGGA-1,0.08149087623703122,-0.11331024643987542,S
CGAGTTACAAGACGAC-1,-0.03371964229445501,-0.13081277154801274,G1
CGAGTTACAGACCAGA-1,0.13841462704279733,-0.1902365934775337,S
CGAGTTACAGATCCAT-1,0.11000246751085191,-0.19140209819676585,S
CGAGTTACATAGTCAC-1,0.009567964670160078,-0.21733925092168915,S
CGAGTTAGTATGAGGC-1,0.09795941086785753,-0.16374452301409434,S
CGAGTTAGTCTACATG-1,0.036218966319254975,-0.05056647508007428,S
CGAGTTAGTGGCTTAT-1,-0.004542112977931723,-0.12447797026784108,G1
CGAGTTAGTTGTGCAT-1,-0.011294359097082707,-0.06185168872744229,G1
CGATCGGCATGGAACG-1,-0.08307988934413418,-0.005122946138175377,G1
CGATCGGGTGGCCCAT-1,0.09661849636797767,-0.240951185199974,S
CGATCGGTCCTCTAGC-1,-0.09672190817571052,-0.08776779158824943,G1
CGATCGGTCGAACACT-1,-0.08299292032190242,-0.12283613824404083,G1
CGATCGGTCGCCTCTA-1,-0.021316723241528,-0.07506049186833447,G1
CGATCGGTCTGTCCCA-1,0.031602971297490456,-0.1250480399641878,S
CGATGCGAGAGACAAG-1,-0.014028060614132365,-0.12242647099810788,G1
CGATGCGAGATGTTGA-1,0.01891783925596502,-0.08538299234160648,S
CGATGCGAGGGAGATA-1,-0.08018842289234895,-0.029675667487288948,G1
CGATGCGAGTTAACGA-1,-0.056747628098157865,-0.04770432216336745,G1
CGATGCGCATCCGAAT-1,0.0006005924067439272,-0.060438932110847055,S
CGATGCGGTATCACCA-1,-0.060624700670076914,-0.24781105727367742,G1
CGATGCGGTCAGTCTA-1,-0.020118168530701475,-0.1473300941761179,G1
CGATGCGGTTGCATCA-1,0.16355482375764113,-0.15754613238318294,S
CGATGCGTCGTGGCTG-1,0.0153206189062568,-0.003689472801788163,S
CGATGCGTCTAAACGC-1,-0.04017921698110538,-0.12589136347739815,G1
CGATGCGTCTAGAGCT-1,-0.023692222371888838,-0.1671288903954329,G1
CGATGGCAGAGCCATG-1,0.09902179787259313,-0.1253166087704555,S
CGATGGCAGCTGGCTC-1,0.007713621965649897,-0.002884116306038298,S
CGATGGCAGGGACCAT-1,0.02827629344691429,-0.029347459271984733,S
CGATGGCAGGTCTTTG-1,0.02686114424404973,-0.07672045377471287,S
CGATGGCCAAACACGG-1,0.002663716442529107,-0.019163189473975384,S
CGATGGCCAACTACGT-1,-0.029305226170477816,-0.025836152983621463,G1
CGATGGCCACACAGCC-1,-0.03770829596985009,-0.21706432304377665,G1
CGATGGCCACTAGAGG-1,-0.013874233210816489,-0.24553020523170097,G1
CGATGGCGTACCCAGC-1,-0.03902052521893057,-0.17537646421561298,G1
CGATGGCGTCGACTTA-1,0.0003505348227132443,-0.2001908314308581,S
CGATGGCGTGAGATCG-1,0.10375010789876254,-0.24431569955823906,S
CGATGGCTCATCCTGC-1,-0.08693312866283881,-0.16034392113064977,G1
CGATGGCTCCACTAGA-1,-0.0392240058636088,-0.23446049002035724,G1
CGATGGCTCCGTGGTG-1,-0.029610676461327146,0.13434210471620217,G2M
CGATGGCTCGGATACT-1,-0.15040355242979853,-0.06402602322329265,G1
CGCAGGTAGGAAGTGA-1,-0.15762168794746478,-0.19705948912795476,G1
CGCAGGTAGTACCATC-1,0.01996718886539589,-0.1623694972310474,S
CGCAGGTAGTGGTTGG-1,0.14706685074318587,-0.030058267747288647,S
CGCAGGTCACAGCTGC-1,-0.10439015515958705,-0.1271581245126605,G1
CGCAGGTCATAATGAG-1,0.06913389807921816,-0.11308381559670139,S
CGCAGGTTCGGAGTAG-1,-0.010156914927562877,-0.09888287874614998,G1
CGCAGGTTCTACACAG-1,-0.03096249335729445,-0.06989589987652906,G1
CGCATAAAGAAGAGCA-1,-0.05727137508306085,-0.21857480463657789,G1
CGCATAAAGCAGGTCA-1,0.01644602639567805,-0.14917397969737803,S
CGCATAAAGTAATACG-1,0.13881550611769783,-0.09760144384695524,S
CGCATAACACTGAATC-1,0.061702157281817716,0.0026267616330964416,S
CGCATAACAGACCTGC-1,0.004112072900259611,-0.08501530397710888,S
CGCATAACATATGCGT-1,-0.005532923916468813,-0.11663741150589474,G1
CGCATAACATTAGGAA-1,0.03673683837839925,-0.02286419024455899,S
CGCATAAGTATCCTTT-1,0.06349103478187718,-0.12541794921316773,S
CGCATAAGTGCCGAAA-1,-0.013509307990273278,-0.16054909429816003,G1
CGCATAAGTTGGGACA-1,-0.04484778843196574,-0.049394001012872724,G1
CGCATAATCACGGGAA-1,-0.10026880886269568,-0.17983331654164314,G1
CGCATAATCGCGTGAC-1,0.038326097897475986,0.11032717155485972,G2M
CGCATGGAGGATACCG-1,0.008978555765093432,-0.1560967417259177,S
CGCATGGAGGATGGCT-1,0.01499279249406632,-0.07765471669983537,S
CGCATGGCACAGCATT-1,-0.05343397036074499,-0.03290916165422825,G1
CGCATGGCAGACCCGT-1,-0.07456159409193824,-0.17428431478383216,G1
CGCATGGCAGGTCAAG-1,-0.01830244243982876,-0.09369441719821536,G1
CGCATGGCATGACGTT-1,-0.03555135315366398,-0.18528876102299632,G1
CGCATGGGTGGAATGC-1,-0.04486216227515316,-0.0022741531178449015,G1
CGCATGGGTGGTCTTA-1,0.17041415953115702,-0.16328036677969912,S
CGCATGGGTTATTCCT-1,-0.03319693123570672,-0.08588836239400999,G1
CGCATGGTCATCACAG-1,-0.05888298508318279,-0.09089417705849157,G1
CGCATGGTCCCATGGG-1,-0.030403267251508104,-0.383955761959072,G1
CGCATGGTCCTGGGAC-1,-0.0013683232972089288,0.030899337151470307,G2M
CGCATGGTCTGATTCT-1,0.027959602359804714,-0.17807542383665603,S
CGCCAGACACCTGCTT-1,0.016176995671672856,-0.12863701249147702,S
CGCCAGACATAAGCAA-1,-0.12169723919434924,-0.12558732615287402,G1
CGCCAGAGTAGATTAG-1,-0.10009167805172542,-0.2278509570968309,G1
CGCCAGAGTATGACAA-1,-0.08961149349048797,-0.07076102969488035,G1
CGCCAGATCACTGTCC-1,-0.03363622076721218,-0.02566290744831229,G1
CGCCAGATCGACCAAT-1,0.171503255123577,-0.19788767160282453,S
CGCCATTAGACTAAGT-1,-0.023988203277892473,-0.09637497206847673,G1
CGCCATTAGAGTATAC-1,-0.008424677520168289,-0.1236758961941467,G1
CGCCATTAGTGCAAAT-1,-0.04737531411477086,-0.08844977928431813,G1
CGCCATTCACAGCCAC-1,-0.023421403455493595,-0.22523124519313387,G1
CGCCATTCACCAGTTA-1,-0.07651669375038944,-0.011469579285210252,G1
CGCCATTCAGCGTACC-1,-0.06883407856548385,-0.23871860880673057,G1
CGCCATTCATCAGTCA-1,0.0968724778549479,-0.05733928481006062,S
CGCCATTGTAGCCAGA-1,-0.02558594294492539,-0.1825407868066835,G1
CGCCATTGTGGAACAC-1,-0.05687141996414524,-0.11567647456332142,G1
CGCCATTGTGGACTGA-1,0.01300264670593304,-0.08085794205660843,S
CGCCATTGTTAAGACA-1,0.08048369353305596,-0.1403391986901721,S
CGCCATTGTTGGAGGT-1,-0.11963144733912451,-0.19345850927290886,G1
CGCGTGAAGCTTGTGT-1,-0.06826211311262442,-0.15031227992167012,G1
CGCGTGAAGTCGTTAC-1,-0.004973986546927711,-0.12081301891241744,G1
CGCGTGAAGTGGATTA-1,-0.10055878174296828,-0.06700317218753815,G1
CGCGTGACAGCAATTC-1,0.14746086103177825,-0.024682247975567007,S
CGCGTGACAGTAGTTC-1,0.05157218532593055,-0.1588872942803736,S
CGCGTGATCCGGTTCT-1,-0.0661257014158056,-0.03995686823479522,G1
CGCGTGATCGCGCCAA-1,0.03853787180371654,-0.022537624447086013,S
CGCGTGATCGTTGTGA-1,0.01885580354617533,-0.12344998429308571,S
CGGAACCAGAGCGACT-1,-0.04405852754992462,-0.035416162180671285,G1
CGGAACCAGGTCGTCC-1,-0.07531808240781229,-0.27140616359387437,G1
CGGAACCCAACGCCCA-1,-0.017437593237945248,-0.10282114489113936,G1
CGGAACCCACGCTGAC-1,-0.07001937295916438,-0.1539104184787605,G1
CGGAACCCAGGTCTCG-1,-0.0309142638960207,-0.021711665819608983,G1
CGGAACCGTACTTCCC-1,-0.021929379488330902,-0.25766106957533536,G1
CGGAACCGTCAGCTTA-1,-0.12474719366631465,-0.20954456858341736,G1
CGGAACCGTCCGCAGT-1,-0.011567110767990385,-0.2518414421521652,G1
CGGAACCGTCGCGTTG-1,-0.026032144169009563,-0.04008521059592984,G1
CGGAACCGTTAAACCC-1,0.10162989391730243,-0.007157228850799002,S
CGGAACCGTTAACAGA-1,-0.041312717686047606,-0.10246808208514652,G1
CGGAACCTCGACGCGT-1,-0.048489003730294855,-0.29636994008775086,G1
CGGAACCTCTTCACAT-1,-0.0020016185595549962,-0.17261245362934619,G1
CGGAATTAGAAGGGAT-1,0.017631953810434586,-0.14679643049285557,S
CGGAATTAGAAGTCTA-1,-0.03834275852849245,-0.08101022007340813,G1
CGGAATTAGGTCGACA-1,0.05171592020114357,-0.08084916731408764,S
CGGAATTAGTCGTCTA-1,-0.027297452614239603,-0.12809564569047904,G1
CGGAATTCAATCTCGA-1,-0.02211943941043054,-0.03386895419760927,G1
CGGAATTCACAATGCT-1,0.01730602284014432,-0.11399672745622141,S
CGGAATTGTAACGATA-1,-0.07712460738311439,-0.0007917766948233873,G1
CGGAATTGTAAGATCA-1,-0.01770682273082702,0.023091757913193678,G2M
CGGAATTGTATGATCC-1,-0.20654368399462275,-0.23965906592918332,G1
CGGAATTGTCCTGTTC-1,0.0038303115268353283,-0.14251033127856155,S
CGGAATTGTGTATCCA-1,-0.016237451577101603,-0.08136184829808593,G1
CGGAATTTCGTAATGC-1,-0.038390590516679646,-0.17525363023791324,G1
CGGAATTTCTTGAACG-1,-0.05675137258369267,-0.2131652213149169,G1
CGGACACAGATAACGT-1,-0.027272906800065222,-0.1612587295358314,G1
CGGACACAGCCTTCTC-1,-0.09354151616729078,-0.20217331797454124,G1
CGGACACAGCGTTAGG-1,-0.0008588254298421139,-0.20188596797805491,G1
CGGACACAGGGAGGAC-1,-0.015134648061688905,-0.1933255899641818,G1
CGGACACAGTCGAAAT-1,-0.06582349104956076,-0.021629228129671663,G1
CGGACACCACCAACAT-1,0.006677000806974642,-0.17084318984000732,S
CGGACACCACGACTAT-1,-0.019424165130961457,-0.15280945919896377,G1
CGGACACCAGAAGTTA-1,0.09873616643115063,0.017966687318290098,S
CGGACACGTACCCGAC-1,0.023472873779037173,-0.23295552753073429,S
CGGACACGTACGAGTG-1,0.02191922704664878,-0.05581581774620675,S
CGGACACGTTGCCATA-1,-0.008978116679067616,-0.17347512940879584,G1
CGGACACTCAAGAATG-1,-0.07812249126032828,-0.22211479337953693,G1
CGGACACTCTATTCGT-1,0.049512779294718756,-0.12349168818979855,S
CGGACACTCTCGACGG-1,-0.00933707254449001,-0.09702724625040474,G1
CGGAGAAAGATGGCGT-1,-0.04609026597201843,0.12888083728353972,G2M
CGGAGAAAGGCGAAGG-1,-0.0013369163273819762,-0.2310818043027782,G1
CGGAGAAAGGTCGAGT-1,-0.047136375107178885,-0.1157765218620786,G1
CGGAGAAAGTCCGCGT-1,0.006009753492516368,-0.06504830036872766,S
CGGAGAACACCCTGTT-1,0.006760209904527581,-0.0780941872294374,S
CGGAGAACACGTCTCT-1,-0.006119449985743153,-0.10913594962185924,G1
CGGAGAACACGTGAGA-1,0.004731341239411879,-0.18520536548070593,S
CGGAGAACAGGAGACT-1,0.023125405833181012,-0.29344824262507857,S
CGGAGAACATTCTCCG-1,0.0010457500740179149,-0.08745856973638982,S
CGGAGAAGTAATGATG-1,-0.02341748841187441,-0.05019878295367908,G1
CGGAGAAGTATATGGA-1,-0.032966718206045464,-0.15668358315995884,G1
CGGAGAAGTCCTTGTC-1,0.06265488667410313,-0.17346892325995036,S
CGGAGAAGTCGCACAC-1,-0.025748632885806033,-0.16561436905733645,G1
CGGAGAAGTCGCATCG-1,0.08956193553531983,-0.16565971781662223,S
CGGAGAAGTTCCATTT-1,0.1675807114106917,0.020309229918965888,S
CGGAGAAGTTCCGGTG-1,-0.026630087574286476,-0.11867095783539855,G1
CGGAGAAGTTGACTAC-1,-0.013675196905651554,-0.21487076906335356,G1
CGGAGAATCTACCCAC-1,-0.10207086196669135,-0.17988120081986794,G1
CGGCAGTAGAATTCAG-1,-0.0704258281355929,-0.13191801125131913,G1
CGGCAGTAGAGCGACT-1,0.011651400540965973,-0.058861815827250696,S
CGGCAGTAGATTGGGC-1,0.035433281886660506,0.0371974540714311,G2M
CGGCAGTAGCATGGGT-1,-0.06134875064896267,-0.049565714407214356,G1
CGGCAGTAGCCATTGT-1,-0.002558037069105845,-0.11851179113503418,G1
CGGCAGTAGCGCCATC-1,0.028628708805882808,-0.15558992164511543,S
CGGCAGTAGCGTTCCG-1,-0.05037757315818303,-0.2605643472729269,G1
CGGCAGTGTAGACGGT-1,-0.0767851196479441,-0.2748887493176224,G1
CGGCAGTGTCACCACG-1,-0.0043155979062064476,-0.17886647791424123,G1
CGGCAGTGTGCCTTTC-1,-0.07500790149853415,-0.17840219320938064,G1
CGGCAGTGTTGTGTTG-1,-0.072516111226405,-0.15262540027228969,G1
CGGCAGTTCATTTGTC-1,0.015680941693684114,-0.08025477658397084,S
CGGCAGTTCGTTGCCT-1,-0.06223150031788638,-0.19419271989689588,G1
CGGCAGTTCTCTGAGA-1,-0.053720009799758606,-0.24648049873412106,G1
CGGCAGTTCTGGACCG-1,0.1616664955360675,-0.13737560589015174,S
CGGGACTAGATCACTC-1,-0.09059446530463333,-0.04308800236827126,G1
CGGGACTAGCGTTAGG-1,0.039271114103519134,-0.10428335572900355,S
CGGGACTAGGGACAGG-1,-0.013365829130019935,-0.15520914399118052,G1
CGGGACTCAAACTAGA-1,-0.07060779227167541,-0.18996894147565752,G1
CGGGACTCAAGTGGCA-1,-0.008792239956695702,-0.14726657393698883,G1
CGGGACTCAAGTGGTG-1,0.05037829415813072,-0.21197491968187632,S
CGGGACTCAAGTTTGC-1,0.07226454037991636,-0.06472127951481732,S
CGGGACTCACGACGTC-1,-0.03712305773536284,-0.08800205696588947,G1
CGGGACTCACTTCTCG-1,-0.0868586714421789,-0.3180652710574693,G1
CGGGACTCAGTGTATC-1,-0.06883307241828568,-0.06172892486085951,G1
CGGGACTCATACAGAA-1,-0.02829930349466353,-0.12412372449488335,G1
CGGGACTCATTGCAAC-1,-0.024053492201267235,-0.22358341973415452,G1
CGGGACTGTCACAGTT-1,0.012796979862278957,-0.046349790099487254,S
CGGGACTGTGAAGCGT-1,-0.004136557442856736,-0.17024180575901732,G1
CGGGACTGTTATCTTC-1,-0.03282319912318421,-0.04380193966036311,G1
CGGGACTGTTTACTTC-1,-0.04351302390094308,-0.22356294527390574,G1
CGGGACTTCTCGGCTT-1,0.05264473762482946,-0.19146953836641822,S
CGGGACTTCTGCTCTG-1,-0.02975738043753995,-0.01742659413600023,G1
CGGGACTTCTGGGCCA-1,-0.10414665204998991,-0.06338405783909284,G1
CGGGCATAGGGCAGGA-1,0.014663511148666042,-0.12784400845261434,S
CGGGCATAGTGCCGAA-1,0.009726397998586767,-0.043773973248007525,S
CGGGCATAGTTTCAGC-1,0.0962868423090405,-0.2958401822695098,S
CGGGCATCAGTGTGCC-1,-0.1100387847751787,0.055698771697549,G2M
CGGGCATCATCCTGTC-1,-0.05350125054571342,-0.1349163422953982,G1
CGGGCATGTATCGTAC-1,0.037457124859778035,-0.12506621838523152,S
CGGGCATGTCTACGTA-1,0.036764008782409596,-0.1498909594657157,S
CGGGCATTCAACCTTT-1,0.03979440434842202,-0.026693121531724928,S
CGGGCATTCACAACCA-1,-0.04263124730226581,-0.1871881320693632,G1
CGGGCATTCCATACTT-1,-0.016776913056402,-0.10905986710850468,G1
CGGGCATTCGCTATTT-1,0.03750982080886617,-0.2628923821989845,S
CGGGTCAAGAGTCTGG-1,0.020069096463990854,-0.11132361824675235,S
CGGGTCAAGGCCACTC-1,0.16171483732317737,-0.17934430716472322,S
CGGGTCACACGGCTAC-1,-0.06421523232988086,-0.12385399848898443,G1
CGGGTCACAGTGTACT-1,0.07192958279680084,-0.1414903567140385,S
CGGGTCAGTACTAACC-1,0.12668888561633496,-0.11478431602718925,S
CGGGTCAGTTGTGTAC-1,-0.0890841497670013,-0.1682659574497381,G1
CGGGTCATCACCCTGT-1,-0.1370955120486002,0.1244506083225082,G2M
CGGGTCATCCGGTAGC-1,0.1032530268539395,-0.246475632786241,S
CGGGTCATCTACTATC-1,-0.006895641721192558,-0.19701776158621773,G1
CGGGTGTAGCGTGAGT-1,-0.027956035157677805,-0.1662121466104882,G1
CGGGTGTAGTCTAGAA-1,-0.022094337916400586,-0.12095549300810021,G1
CGGGTGTCACTGCTTC-1,0.08131011580452513,0.003702473137329687,S
CGGGTGTGTAAGCTCT-1,0.031054661264771632,-0.1535041093589095,S
CGGGTGTGTACTCCCT-1,-0.13479239663759238,-0.10569278384862135,G1
CGGGTGTGTCTTTATC-1,0.07154126087090606,-0.19254661965910744,S
CGGGTGTGTTCGTACA-1,-0.07759692216541808,-0.16182897634098242,G1
CGGGTGTTCGATTGGT-1,-0.0005445510457052494,-0.12110209591949284,G1
CGGGTGTTCGTTTACT-1,0.06364423173461314,-0.10813349830896835,S
CGGTCAGAGTAGTCTC-1,0.06718099773089031,-0.035118139647585256,S
CGGTCAGAGTAGTGCG-1,0.10608715533141189,0.01543881972931821,S
CGGTCAGAGTGGAATT-1,-9.977916303488543e-05,-0.0941472125353442,G1
CGGTCAGCAAACACCT-1,-0.05333561113013768,-0.10049230611748983,G1
CGGTCAGCAATTGAAG-1,-0.06600496795535438,-0.09300669174283557,G1
CGGTCAGCATGGGTTT-1,-0.05060299053101036,-0.2540169697604518,G1
CGGTCAGGTCCAGCCA-1,0.010304817531026245,-0.12055096824280725,S
CGGTCAGGTGTTACAC-1,-0.050015091283240276,-0.15430346344752113,G1
CGGTCAGTCACTTGGA-1,0.03175995871369419,-0.04847989783031453,S
CGGTCAGTCGCTGTTC-1,-0.031231331407247598,0.0942304955203287,G2M
CGGTCAGTCGGTTGTA-1,-0.12470613656857249,-0.2916010941903644,G1
CGGTCAGTCTTCTGTA-1,-0.004721354424988056,-0.12995213526633104,G1
CGTAAGTAGCACGATG-1,-0.020545133001529214,-0.1467675158492831,G1
CGTAAGTAGGCATTTC-1,-0.07100778956936282,-0.29448982965714615,G1
CGTAAGTAGGGACAGG-1,-0.010693475658430318,0.026005103197640933,G2M
CGTAAGTAGGTATAGT-1,-0.03921545673258664,0.13448375310866703,G2M
CGTAAGTAGTCACGCC-1,-0.10310064497484717,-0.05632047833136794,G1
CGTAAGTCACAGCCAC-1,-0.06237986373534382,0.03251538145089178,G2M
CGTAAGTCAGCTAACT-1,0.007425830466693484,-0.0065014319680946064,S
CGTAAGTCATAGATGA-1,0.0599483450689125,-0.15468301706988397,S
CGTAATGAGCCTGTGC-1,0.0021828069554363505,-0.17410486165567482,S
CGTAATGAGCGATTCT-1,0.1418993611186839,-0.030753023806314617,S
CGTAATGAGTCTTCCC-1,-0.14702060903534425,-0.2398036372993878,G1
CGTAATGCAAATGATG-1,-0.03408986879976078,-0.1424905535184072,G1
CGTAATGCAATTGCTG-1,-0.0288854548211514,-0.20446506324833186,G1
CGTAATGCAGACCAGA-1,0.020838144968199412,-0.03304483663612795,S
CGTAATGCATGGCTAT-1,-0.040146510310175465,-0.23653052041399653,G1
CGTAATGGTGAACCGA-1,-0.014749572979721959,-0.22611488449615755,G1
CGTAATGGTTGGGACA-1,0.03396092423662739,-0.10590549613344474,S
CGTAATGTCACCTACC-1,-0.05102420253840073,-0.21131293038291707,G1
CGTAATGTCCGACATA-1,-0.05660496497438061,-0.08152075947239246,G1
CGTAATGTCCGCTTAC-1,-0.134777754605963,-0.07739109686952256,G1
CGTAATGTCCTCCACA-1,-0.010121017090623852,-0.18373076896140814,G1
CGTAATGTCCTCTGCA-1,-0.07812996199542444,-0.1975493505080842,G1
CGTAATGTCGCCTAGG-1,0.10063650265319807,-0.185693826943908,S
CGTAATGTCTGCTCTG-1,0.13896825528675405,-0.11695779224445219,S
CGTAGTAAGATGTTGA-1,-0.0014993115180261807,-0.18981048342690277,G1
CGTAGTAAGCACGATG-1,-0.00690445360866454,-0.05616733491167941,G1
CGTAGTAAGCGAACTG-1,-0.0026258465338018233,0.21363402256061698,G2M
CGTAGTAAGTCTGTAC-1,0.07977759007997651,-0.07426880504291289,S
CGTAGTACAACTGATC-1,-0.031177054231133983,-0.07455578409299846,G1
CGTAGTACAAGTTCCA-1,0.05516136458137505,-0.1326602171726322,S
CGTAGTACACTCGATA-1,0.03995548606398325,-0.027098667735426574,S
CGTAGTACAGAGGACT-1,0.03043048408611737,0.003771806873087591,S
CGTAGTACAGCTACCG-1,0.23286687213250828,-0.1794175962361197,S
CGTAGTACATGGCTAT-1,0.03414444932676486,-0.03876890140847916,S
CGTAGTAGTATCAAGA-1,0.05576899785217582,-0.09496679171700567,S
CGTAGTAGTCAGACGA-1,-0.14602809201479722,-0.04315347454949997,G1
CGTAGTATCACGAGGA-1,-0.023671854955949256,-0.12902669026232316,G1
CGTCAAAAGCATTTGC-1,-0.11415437288564106,-0.017025491698730855,G1
CGTCAAAAGTCTGTAC-1,-0.012564557014176414,-0.14465609810762764,G1
CGTCAAACAAAGACGC-1,0.004548672399357967,0.10921863746133714,G2M
CGTCAAAGTACATTGC-1,-0.06914958185699377,-0.03164218041479555,G1
CGTCAAAGTAGAGATT-1,-0.006626756270641965,-0.15834991780399035,G1
CGTCAAAGTTAAACAG-1,0.05733191292103673,-0.09535247077387266,S
CGTCAAAGTTAGGGTG-1,0.05595043434136182,-0.1752069860042934,S
CGTCAAATCATCGCCT-1,-0.040699368148923276,-0.16923734967100568,G1
CGTCAAATCCTGCCAT-1,-0.1190202855368071,-0.10742055910155845,G1
CGTCCATAGACTTGTC-1,-0.12262579754757996,-0.12108817793063603,G1
CGTCCATAGTGGATTA-1,-0.012321387778091913,-0.05113420564184981,G1
CGTCCATAGTTTAGGA-1,0.09783125300590922,-0.14660869878899724,S
CGTCCATCAGTGCGCT-1,-0.03183816391188382,-0.12891844096162225,G1
CGTCCATGTAAGGCCA-1,0.12307422588841355,-0.18079792747652695,S
CGTCCATGTAGGTACG-1,0.1276542237130508,-0.12950854748968632,S
CGTCCATGTGCAGTGA-1,0.02213973999346769,-0.10670676610986374,S
CGTCCATGTGTTCCAA-1,-0.05338427688060804,-0.2302724567916226,G1
CGTCCATGTTGACTAC-1,-0.062082157589858245,-0.09126835765914859,G1
CGTCCATTCCATCTGC-1,-0.13455804485030515,-0.09461843759160121,G1
CGTCCATTCCTGGGAC-1,-0.024715959233369278,-0.12409171670596733,G1
CGTCCATTCGATTGGT-1,-0.01785025538681445,-0.058976464315406485,G1
CGTGAATAGATTGACA-1,-0.053501482828041125,-0.280840883489208,G1
CGTGAATAGCCTGTGC-1,0.09456683541979494,-0.05906501307472589,S
CGTGAATAGGGTTGCA-1,0.011018427382816498,-0.10479381018567319,S
CGTGAATAGGTTCTTG-1,-0.039513681293815606,-0.20448521134732392,G1
CGTGAATCAACCGGAA-1,0.023297946465350827,-0.12745879483901684,S
CGTGAATCAATCTCTT-1,-0.014618884262134146,-0.050648046335097785,G1
CGTGAATCAGCCGTTG-1,-0.017935853542380364,0.09488840539096743,G2M
CGTGAATCATAAGATG-1,-0.013035374377332265,-0.039615938380632876,G1
CGTGAATGTGTCCATA-1,0.017705573307983946,-0.11627059034200687,S
CGTGAATTCAGACATC-1,-0.05169600923420442,0.1144681990499315,G2M
CGTGAATTCGCCCAGA-1,-0.11730999581854562,-0.11943114637598226,G1
CGTGATAAGCTCGCAC-1,0.008866051934297403,-0.09297256970092227,S
CGTGATAAGTCATAGA-1,-0.09883545053924142,-0.10906372826354027,G1
CGTGATAGTAAGGCTG-1,-0.021348138601842648,-0.11829230780084907,G1
CGTGATAGTTCTTGTT-1,-0.07285714070965837,-0.14536191805711585,G1
CGTGATATCTTACGTT-1,-0.0052830476575068674,-0.06317760448619936,G1
CGTGCTTAGCACGTCC-1,0.04787577954932093,-0.18652438583109024,S
CGTGCTTAGGTTCAGG-1,0.09904396715790276,-0.14077523111175563,S
CGTGCTTCAAATCGTC-1,-0.016059605214342354,-0.058433817820069345,G1
CGTGCTTCAGCCTTCT-1,-0.06307016694615114,0.013535253601250019,G2M
CGTGCTTGTCGAGTTT-1,-0.0004553039171317774,-0.012431943318594707,G1
CGTGCTTGTTCCGCTT-1,-0.02591289904205274,-0.21192803175719485,G1
CGTGTCTAGAGCCCAA-1,-0.06319778946588078,-0.15206468451751967,G1
CGTGTCTAGGGTTAGC-1,0.05227114732609994,-0.028579854366801938,S
CGTGTCTCAAACACGG-1,-0.05322674257920251,-0.06281312410479356,G1
CGTGTCTCATCACGGC-1,-0.07028508336184908,-0.10413429934465845,G1
CGTGTCTCATGAGTAA-1,0.13634207989109887,-0.012144731896431227,S
CGTGTCTGTAGAGGAA-1,0.10994099326857609,-0.0872460302824607,S
CGTGTCTGTAGTCTGT-1,0.07588459957262372,-0.1740280342658013,S
CGTGTCTGTGCCGTTG-1,0.07705814120479118,-0.14302850436663275,S
CGTGTCTTCCACTTCG-1,0.0671681917125812,-0.09369264562745072,S
CGTGTCTTCGGTAACT-1,0.19289775626275157,-0.2829379389718951,S
CGTGTCTTCTACCACC-1,-0.044249481843052246,-0.07761223635412937,G1
CGTTAGAAGACATATG-1,-0.05372999334852052,-0.14259751365344292,G1
CGTTAGAAGCCATCCG-1,-0.06909769755422104,-0.11419184233342361,G1
CGTTAGAAGGCTCCCA-1,-0.0448994460784026,-0.061783505233469815,G1
CGTTAGAAGGGCATGT-1,0.07269108936801716,-0.07790277800440898,S
CGTTAGAAGGGCTGAT-1,0.004075022963668851,-0.00315989778513448,S
CGTTAGAAGGTAATCA-1,-0.0023754304382944125,-0.14406423412423736,G1
CGTTAGAAGTTGGCTT-1,-0.12828236928524633,0.09881561675061817,G2M
CGTTAGACAAGTATAG-1,-0.06517815606778721,-0.26425313947088125,G1
CGTTAGACAATTGAAG-1,-0.037817843374294446,-0.04896971178723131,G1
CGTTAGACATCTATCT-1,-0.027209394558430633,-0.2660718850964802,G1
CGTTAGACATGGGAAC-1,0.03600093427314838,-0.07990666157209775,S
CGTTAGAGTAGATTAG-1,0.02308148643128316,-0.1910703344889236,S
CGTTAGAGTATGCTTG-1,-0.046338426820817374,-0.12067787029655266,G1
CGTTAGAGTCAGACTT-1,-0.049580319649474125,-0.09741566962816947,G1
CGTTAGAGTGGAACCA-1,0.06787131135301572,-0.16358300650935204,S
CGTTAGAGTTGGACCC-1,0.0002264683177934934,-0.24051885421923647,S
CGTTAGATCATGTCAG-1,-0.013718471420157252,-0.12048790276881806,G1
CGTTAGATCATGTCTT-1,-0.044526899110150286,-0.23833931482187992,G1
CGTTAGATCGACCCAG-1,-0.15083871267733084,-0.18515215823398717,G1
CGTTAGATCGAGCCAC-1,-0.017902686784955324,-0.09684184781355618,G1
CGTTAGATCGTAGGAG-1,-0.006684035333707483,-0.13082511484983955,G1
CGTTAGATCTCTAAGG-1,-0.09597406287055499,-0.09144283693039384,G1
CGTTAGATCTGAGGTT-1,0.09138127577625094,-0.1686730843495185,S
CGTTCTGAGCCAAGGT-1,0.013397180357261507,0.019415991085709572,G2M
CGTTCTGAGCCTCCAG-1,-0.04342932391943999,-0.22298559662209327,G1
CGTTCTGAGGTCTGGA-1,-0.13261628491955066,-0.05113516162989967,G1
CGTTCTGCAAGCGGAT-1,-0.05803105896227084,-0.09160870178919372,G1
CGTTCTGCAGCTCCTT-1,-0.024041078418052364,-0.06231410842998575,G1
CGTTCTGCAGTGAGCA-1,-0.038963132763030595,0.0001659197891621944,G2M
CGTTCTGTCCCTCATG-1,-0.03633850833044511,-0.007461971314718707,G1
CGTTCTGTCCGGGACT-1,0.04837450519441017,-0.04154789361851696,S
CGTTCTGTCTGCATGA-1,0.17668768522368694,-0.09700368766670814,S
CGTTGGGAGATCGGTG-1,-0.04695053860741494,-0.10859415497992164,G1
CGTTGGGAGCACTGGA-1,-0.10126159384535166,-0.19518241308385165,G1
CGTTGGGAGGCGCTTC-1,-0.14711891441486352,-0.2119784036650701,G1
CGTTGGGCACTTCCTG-1,0.092305849714797,-0.1798794445463769,S
CGTTGGGGTCTGTGCG-1,-0.02102696065694848,-0.0745773165453153,G1
CGTTGGGTCACCTCAC-1,-0.042611687377814345,-0.11386531119201554,G1
CGTTGGGTCCCAACTC-1,-0.06898877243620172,-0.1889577518573861,G1
CGTTGGGTCCGGTTCT-1,0.06487783655211593,0.0018267188176155913,S
CTAACCCAGTTCCTGA-1,0.014968161934348967,-0.2450613676154428,S
CTAACCCCAAATCGTC-1,-0.08275977640918558,-0.03473397487099533,G1
CTAACCCCAGAACTCT-1,0.06858332922696286,-0.1848454978723083,S
CTAACCCCAGGAACCA-1,-0.010200956355282564,-0.18706927130463802,G1
CTAACCCCAGTCGAGA-1,-0.04368893569852589,-0.057962938575411016,G1
CTAACCCGTCAGGTAG-1,-0.04359782028801257,-0.11040164357657548,G1
CTAACCCTCGCCTATC-1,-0.08679400326939807,-0.14293390454519056,G1
CTAACCCTCGTAGAGG-1,0.04843634051865897,-0.055446088002992416,S
CTAACTTAGAACTTCC-1,0.08572011439328331,-0.07894557205628183,S
CTAACTTAGAATAGTC-1,-0.08719505059055294,-0.08623861276545586,G1
CTAACTTAGCACAAAT-1,0.05383538744536015,-0.14007601883541532,S
CTAACTTAGCGTCTCG-1,-0.04134174788451017,-0.1639349326064033,G1
CTAACTTAGTAGTCCT-1,-0.0003613596512473394,0.001664256278870957,G2M
CTAACTTAGTGGTTCT-1,-0.10649185013824305,-0.05201263202020523,G1
CTAACTTGTATCATGC-1,-0.12454741825456175,-0.1363718701555815,G1
CTAACTTGTCGTTGGC-1,0.04442993911866741,-0.051052155710333225,S
CTAACTTGTGACTGTT-1,-0.04065873600756087,-0.10935895191156872,G1
CTAACTTGTTCCTTGC-1,-0.08620823840651276,-0.10913244661278543,G1
CTAACTTGTTTCGTTT-1,-0.061358547052664414,-0.17763803000765818,G1
CTAACTTGTTTGCCGG-1,-0.04098517666360729,-0.12864281551804588,G1
CTAACTTTCCGGGACT-1,0.01567482394494657,-0.21066600202384278,S
CTAAGTGAGTAAGCAT-1,-0.03336639616403231,-0.04499522963827429,G1
CTAAGTGCAATCGCGC-1,0.08798974006967081,-0.15487048197031467,S
CTAAGTGCATGTCGTA-1,-0.04047567784240852,-0.14083257446494135,G1
CTAAGTGCATTCGGGC-1,-0.04920277631551423,-0.160542664208215,G1
CTACAGAAGACGCCCT-1,-0.0467550502660716,-0.13919770103607593,G1
CTACAGAAGCTGACCC-1,-0.02293760372828596,-0.09190564593939549,G1
CTACAGAAGGTGGCTA-1,-0.07316212992784737,-0.23335230370260995,G1
CTACAGACAACTCCCT-1,-0.009414503748476022,-0.13641736234969498,G1
CTACAGACAGACAATA-1,-0.020856962391067935,-0.27382971448826576,G1
CTACAGACATCGGATT-1,-0.023337675829030846,0.0169544835357216,G2M
CTACAGAGTCCACGCA-1,-0.042123190804295274,-0.1549646329357922,G1
CTACAGAGTTTCACAG-1,-0.08167718562727155,-0.10827261203141791,G1
CTACAGATCAGACCTA-1,-0.017679131437576934,-0.028568717452248926,G1
CTACAGATCAGGTGTT-1,-0.10179778760958802,-0.21001753944310547,G1
CTACATTAGATTCGCT-1,0.001526301502299876,-0.16361945004153838,S
CTACATTCAGCGTACC-1,-0.023326342430239067,-0.05150116266683363,G1
CTACATTGTATCATGC-1,0.02388485083407299,-0.07807439272384531,S
CTACATTGTCGAGCTC-1,0.08513697623806415,-0.12279798925727131,S
CTACATTGTTAGAAAC-1,-0.004674667358463086,-0.1985776286665914,G1
CTACATTGTTGCCAAT-1,-0.05440334593106794,-0.16488647124697103,G1
CTACATTGTTGTACGT-1,-0.12978872774598726,-0.20632039779679864,G1
CTACATTTCGAGTTGT-1,-0.07456622911700655,0.00016171107474360902,G2M
CTACATTTCGTGTTCC-1,-0.0818059228855409,-0.1219540363253375,G1
CTACCCAAGCGAGGAG-1,-0.07765064411434203,-0.1888283881743617,G1
CTACCCAAGGGAACAA-1,0.0023558258939080368,-0.2054548677524989,S
CTACCCAAGGGAGGGT-1,-0.00705926499471099,0.012193259409197965,G2M
CTACCCAAGTATTCCG-1,-0.09557215863648416,-0.15739383627265485,G1
CTACCCACAGCATCTA-1,0.07363273295364936,-0.10530032392150979,S
CTACCCACATGCAGGA-1,0.007065691914330596,-0.020915721175354063,S
CTACCCAGTCTACGTA-1,0.08238815218441986,0.11130859905394264,G2M
CTACCCATCATGAGAA-1,0.05434989241308563,-0.09934320593480317,S
CTACCCATCCACAGCG-1,-0.05130136692686782,-0.2734311071378596,G1
CTACCCATCCTAGCGG-1,0.00391247454558169,-0.19530135096747622,S
CTACCCATCGGAGTAG-1,-0.05945999996067236,-0.15393254058354766,G1
CTACCCATCTACTGAG-1,-0.08735773788010409,-0.2273314420100733,G1
CTACCTGAGCGCCCAT-1,0.014294683575318434,-0.13619552719701866,S
CTACCTGAGGATGTTA-1,0.04883316753764022,-0.18567939876018213,S
CTACCTGCAAACGTGG-1,-0.02347189285180218,-0.13273112524586328,G1
CTACCTGCAATTAGGA-1,0.11124408590699186,-0.1280557067229507,S
CTACCTGGTGCCCAGT-1,0.04335526242586912,-0.08670732752080385,S
CTACCTGGTTCCGCGA-1,-0.0428105439745749,-0.19407007085141575,G1
CTACCTGTCGCGGACT-1,0.010444924255868016,-0.18320765017655827,S
CTACCTGTCTCATAGG-1,-0.014647755073662672,-0.06876651851205356,G1
CTACCTGTCTCCCATG-1,0.07175859157570291,-0.09692101752146509,S
CTACGGGAGCTCATAC-1,-0.09345293945323879,-0.11309520272737711,G1
CTACGGGCAACAAGAT-1,-0.01140940678149921,-0.12204852662728922,G1
CTACGGGCAGCGTACC-1,-0.015025952510001217,-0.06979913205356242,G1
CTACGGGGTACTTCCC-1,0.02953734301636035,-0.21653274102149658,S
CTACGGGGTGATTAGA-1,-0.07790087227262366,-0.03698090213764116,G1
CTACGGGGTTGGGATG-1,0.05870507340718556,-0.147107606800295,S
CTACGGGTCAGCTGTA-1,-0.03437624714011306,-0.13044572978046098,G1
CTACGGGTCGTAGAGG-1,-0.022615712899098916,-0.07748212313798936,G1
CTACGGGTCGTAGCTA-1,-0.05397036940901506,-0.18882914584715832,G1
CTACGGGTCTGAATCG-1,-0.030166459589472006,-0.05761368014643392,G1
CTACTATAGACTGGGT-1,0.06788842148137614,-0.14177066726808416,S
CTACTATAGCCTGAAG-1,-0.04914406039354591,-0.2147182535476422,G1
CTACTATAGGATGCGT-1,-0.010124043195207183,-0.2742719764956493,G1
CTACTATAGGCTTAAA-1,-0.16887629066640691,-0.2515336288229897,G1
CTACTATAGGTAGCAC-1,0.02809377631463894,-0.046809372332555,S
CTACTATAGTCCCGAC-1,-0.15308697466839954,0.08157594314683592,G2M
CTACTATCAATCTCGA-1,-0.11016873821767292,-0.21107809198172545,G1
CTACTATCACTTCAGA-1,-0.02499364578824087,-0.12114905691820166,G1
CTACTATCAGTTACCA-1,-0.04585960664600858,-0.20951433514507528,G1
CTACTATCATATGCGT-1,0.06667211374329418,-0.15008194509442344,S
CTACTATCATGGCACC-1,-0.003485518643074781,-0.21140856297839722,G1
CTACTATGTCACTTCC-1,0.22455614729768797,-0.14658514152030017,S
CTACTATTCACAAGGG-1,-0.0067838382455410184,-0.045312907636553684,G1
CTACTATTCATGGATC-1,-0.013051419754413374,0.06093645607676296,G2M
CTACTATTCCCATTCG-1,-0.030613153540503757,-0.11443447819940938,G1
CTACTATTCTGCACCT-1,0.04594363631386378,0.04096147221864585,S
CTACTATTCTTAATCC-1,-0.03192774813113192,-0.05389164673989322,G1
CTAGACAAGAGCAGTC-1,0.069253137321517,-0.18038671290887173,S
CTAGACAAGCTGGTGA-1,0.009462492844100612,-0.16342843283619518,S
CTAGACAAGGCTAACG-1,-0.027196698990627044,-0.21851287631263777,G1
CTAGACAAGTACAGCG-1,-0.1561364038699649,-0.049595807739841624,G1
CTAGACACAAGTACCT-1,-0.033170761579235764,-0.19273298417121779,G1
CTAGACACACACCGCA-1,-0.026091583612921965,-0.16815892257611864,G1
CTAGACACACCATATG-1,-0.08600750609115654,-0.015596235965493532,G1
CTAGACACACTGCGTG-1,0.08824110336879568,-0.09372995579429763,S
CTAGACAGTCCAACGC-1,0.0615174402574199,0.028308538459827226,S
CTAGACAGTCGCTCGA-1,-0.13519362172715443,-0.21903110749372842,G1
CTAGACAGTGGAACAC-1,-0.09282442817541034,-0.1646429133665322,G1
CTAGACAGTTCACCGG-1,-0.03047322982206152,-0.203142297920628,G1
CTAGACATCATTCATC-1,-0.08439654498775417,-0.12569605434646036,G1
CTAGACATCCAACTGA-1,-0.11641749452752148,-0.22326624038704546,G1
CTAGACATCCAGGACC-1,-0.09258562207379106,0.027078011289223047,G2M
CTAGACATCCATCTAT-1,-0.010090592729362857,-0.07173583690347751,G1
CTAGACATCCTCGCAT-1,-0.05271128379570256,-0.14892308723199754,G1
CTAGGTAAGGGAGGAC-1,0.003920143936387899,-0.27239725461706193,S
CTAGGTAAGGTTGGAC-1,-0.0334113987956825,-0.13501280740213212,G1
CTAGGTAAGTAACCTC-1,0.017618507657726545,-0.17704724540588604,S
CTAGGTAAGTGTTCCA-1,-0.07307048185877812,-0.08304061861018067,G1
CTAGGTACAAACACGG-1,-0.0747529039380469,-0.06948492262468425,G1
CTAGGTACACAAATCC-1,-0.06435863675890946,-0.0331137940156766,G1
CTAGGTACATATGAAG-1,-0.04149826131090567,-0.08286644042390284,G1
CTAGGTACATCGGATT-1,0.06109277009191022,-0.0788675023288769,S
CTAGGTACATGGTGGA-1,0.028576965654070807,-0.052444554418920986,S
CTAGGTACATTCGATG-1,-0.028451409586991716,-0.08003025335575858,G1
CTAGGTAGTACCCGCA-1,-0.0012238229961130664,-0.05514458742917905,G1
CTAGGTAGTATCCTTT-1,0.1691142383354458,-0.18815767989552215,S
CTAGGTAGTCAGTCCG-1,0.012318390611799734,-0.11344790329259935,S
CTAGGTAGTGGATACG-1,-0.04113850574631717,-0.09923458327409468,G1
CTAGGTAGTGGTCTCG-1,-0.01623601119387058,-0.17130305463152937,G1
CTAGGTATCAACCTCC-1,-0.04370749610410285,-0.11309792648268023,G1
CTAGGTATCACAAGAA-1,-0.05736851478294813,-0.07381169807184129,G1
CTAGGTATCACTTCTA-1,-0.01594186633352046,0.02276771614922035,G2M
CTAGGTATCGCGTGAC-1,-0.028777778899642226,-0.14536267148529353,G1
CTATAGGAGAGGCCAT-1,0.03184131579295013,-0.1258081140165802,S
CTATAGGAGCCAGAGT-1,-0.0898018356175091,-0.18202690462882753,G1
CTATAGGAGGGTGAGG-1,0.07249710125881748,-0.07411130414739753,S
CTATAGGAGTGCTAGG-1,0.06681333638684056,-0.15971021913723493,S
CTATAGGAGTTTGGCT-1,-0.01973369895418403,-0.1322987545321637,G1
CTATAGGCAATTGAAG-1,0.14761157022914534,-0.07947214083408322,S
CTATAGGCACTACGGC-1,-0.13410494716261995,-0.27253905042264437,G1
CTATAGGCAGGAACCA-1,0.07124896055986374,-0.31691813687406134,S
CTATAGGCATGAATCC-1,-0.00437474402254695,-0.23814667367528194,G1
CTATAGGGTACGATTC-1,0.04424942234980578,-0.11859381574864741,S
CTATAGGGTCTCTCTG-1,-0.06276964803110424,-0.14913952343334022,G1
CTATAGGGTCTTTCAT-1,-0.10586657241536179,-0.16004388912839385,G1
CTATAGGGTTCCTAAG-1,0.022002201113544728,-0.18879721529366073,S
CTATAGGTCAAACCTG-1,0.04406004234821373,-0.12441318033003422,S
CTATAGGTCAAGTTGC-1,-0.11030401777689353,-0.25264172168421617,G1
CTATAGGTCGTAGCTA-1,0.025501633286978853,-0.20031629231164488,S
CTATAGGTCTCGACCT-1,-0.03691234364957535,-0.2143003131732691,G1
CTATAGGTCTCGAGTA-1,0.03292683571192229,-0.049087117363432686,S
CTATAGGTCTTAAGGC-1,-0.011880533056870923,-0.11050151967570365,G1
CTATCCGAGAAAGCGA-1,-0.04616956949960499,-0.1986299092672288,G1
CTATCCGCAACACTAC-1,-0.05444731806855546,-0.2077072444939275,G1
CTATCCGCAATGGGTG-1,0.07443840360890647,-0.07771238066323535,S
CTATCCGGTACGATGG-1,-0.023236576190756614,-0.2609335063729053,G1
CTATCCGTCGACGCGT-1,-0.023253057032535496,-0.1708142930238343,G1
CTATCCGTCGAGATAA-1,-0.06087110220011033,-0.0712556240414765,G1
CTATCCGTCGATGCTA-1,-0.017258475578874888,-0.13217052582694222,G1
CTATCTAGTACACGTT-1,0.06019942771511366,-0.20024361310043387,S
CTATCTAGTCGAACAG-1,0.04744355325650634,-0.19251304199372954,S
CTATCTAGTCTTGCTC-1,-0.10996134409753988,-0.23631713471622307,G1
CTATCTAGTGAGACGT-1,0.06967005309201113,-0.1481529012489662,S
CTATCTATCTGTGCTC-1,0.13009528470822135,-0.1575217984158093,S
CTCAACCAGACGACTG-1,-0.07450103239199718,-0.21356297614610095,G1
CTCAACCAGACGGTTG-1,-0.12785373489718926,-0.18748774979681437,G1
CTCAACCAGAGTCAGC-1,-0.08718018623524806,-0.17149965614904905,G1
CTCAACCAGTGGGAAA-1,-0.1087669056888721,-0.19516580618718066,G1
CTCAACCCAACAGTGG-1,-0.029427795741249096,-0.12645062287845493,G1
CTCAACCCAAGGCAAC-1,-0.05344308176761314,-0.1817067616222196,G1
CTCAACCCACCCATAA-1,-0.02858429683870395,-0.035911406719655314,G1
CTCAACCCACTAGTAC-1,-0.048136270567456785,-0.14993244322484048,G1
CTCAACCCAGACCAAG-1,-0.10581969060545432,-0.12073083638233553,G1
CTCAACCCAGTCAGTT-1,-0.01312476149286812,-0.2141321837686717,G1
CTCAACCGTGAGACGT-1,0.05990387900814592,-0.08748137765507241,S
CTCAACCGTGGGATTG-1,0.07612456732838085,-0.19392344678351087,S
CTCAACCGTGTAGCAG-1,-0.04511373958829906,-0.20313135782322753,G1
CTCAACCTCTGTCCCA-1,0.04588490741008103,-0.23488843496147954,S
CTCAAGAAGACTCAAA-1,0.008914112292484622,-0.3199176388503623,S
CTCAAGAAGCAAACAT-1,0.0024391693847647944,0.061791412009684854,G2M
CTCAAGAAGCATCAAA-1,-0.016056710124234597,-0.11253411035006894,G1
CTCAAGAAGCGACATG-1,-0.0622306326864861,-0.05207573808440302,G1
CTCAAGAAGGGTCTTT-1,0.11158032359723907,-0.12568729906260426,S
CTCAAGAAGTCACAGG-1,-0.06698038879935397,-0.17886280809996744,G1
CTCAAGATCAAATGCC-1,0.052855960022208326,-0.130931315963788,S
CTCAAGATCGAACTCA-1,0.04012819162824566,-0.10231085081448188,S
CTCAAGATCTACGCAA-1,0.02701346202240229,-0.2657639598508531,S
CTCAAGATCTAGTGTG-1,0.09612653009335603,-0.0529693024383151,S
CTCAATTAGAGCACTG-1,0.047982076779509,-0.17502609454540763,S
CTCAATTCATCACAGT-1,-0.09075189310019427,-0.21378301873795594,G1
CTCAATTCATCATGAC-1,-0.006592360670510444,-0.1804968428587203,G1
CTCAATTGTCCACAGC-1,0.10770786246325614,-0.15495202688373266,S
CTCAATTGTGGTCTCG-1,-0.0019871670679809106,-0.19912338649671255,G1
CTCAATTTCAACCTTT-1,-0.04336184690559214,-0.071321702021373,G1
CTCAATTTCGTCGCTT-1,0.07365826111772339,-0.24400665530622792,S
CTCAATTTCTGGGCCA-1,0.10106343239807647,-0.09045060128329874,S
CTCAATTTCTGGGCGT-1,0.04459840934577819,-0.1089793950599664,S
CTCACTGAGCAGGTCA-1,-0.01532308136082941,-0.06461531067307341,G1
CTCACTGAGCGGTAGT-1,0.007104589956890672,-0.1677892022210026,S
CTCACTGAGGTGCGAT-1,-0.02782331038072844,-0.23100993445716367,G1
CTCACTGAGGTTGTTC-1,0.06574365369942003,-0.143194569371698,S
CTCACTGAGTTACGAA-1,0.11700148673416072,-0.16631951028393963,S
CTCACTGCATGGCACC-1,-0.09291179046740144,-0.15784443652592606,G1
CTCACTGGTATGGAAT-1,0.08515735235165778,-0.114654656435968,S
CTCACTGGTCTGCCTT-1,0.040924957971332276,0.05810385073456614,G2M
CTCACTGGTTATAGAG-1,-0.022636706513791183,-0.012355621009240647,G1
CTCACTGTCCTCAGGG-1,-0.07012792530672776,-0.006096974683919398,G1
CTCACTGTCCTTCGAC-1,-0.022724376343833452,-0.3284552037854278,G1
CTCAGAAAGGTACATA-1,0.01752342542183627,0.016669234509072206,S
CTCAGAACAATAGGAT-1,-0.08282062627953934,-0.03202207100996246,G1
CTCAGAACAATTGAAG-1,0.05793866992744978,-0.06954243481382882,S
CTCAGAACACCCTGTT-1,0.04584650791445999,-0.08567551646195071,S
CTCAGAACACGCTTAA-1,-0.02352754377224403,-0.07782233982959408,G1
CTCAGAACATCAGCAT-1,0.07058501301892267,-0.14927725250700624,S
CTCAGAACATGGGATG-1,0.04865031769585043,-0.07564888208890747,S
CTCAGAAGTGCGGTAA-1,0.13728755678180304,-0.22137375274759938,S
CTCAGAAGTGGAAGTC-1,-0.12611827310133422,-0.1267408934723652,G1
CTCAGAAGTGGTCTAT-1,0.01828999826332489,-0.2031814978750374,S
CTCAGAAGTTTCGGCG-1,-0.10316177021163234,-0.0228016831876387,G1
CTCAGAAGTTTGGCTA-1,0.019380609284533,-0.16820679621782778,S
CTCAGAATCGCACGGT-1,0.035237782293333575,0.02894802209026076,S
CTCAGGGAGAAATTCG-1,0.007366058086933802,-0.024414670063097554,S
CTCAGGGAGCTCCGAC-1,0.12982063795107968,-0.09897663337241841,S
CTCAGGGAGTATGGCG-1,-0.012403496250584567,-0.24159454648119738,G1
CTCAGGGCACATGTTG-1,-0.06098156812854738,-0.22834853675880504,G1
CTCAGGGCAGACACAG-1,-0.059716809025848916,-0.15276971889624555,G1
CTCAGGGCATTGCTGA-1,-0.04923086171918911,-0.1350393359040597,G1
CTCAGGGGTATTCCTT-1,-0.005107080780171164,-0.05796931818768225,G1
CTCAGGGGTTCCCAAA-1,-0.007495770112947053,-0.09678002679524639,G1
CTCAGGGTCAAGCTGT-1,-0.1258820096893371,-0.17804265429678018,G1
CTCAGGGTCAAGTGTC-1,-0.015975405392568864,-0.1737529763527403,G1
CTCAGGGTCACCCTCA-1,-0.0049425665467864865,-0.13128259579680462,G1
CTCAGGGTCAGCGCGT-1,0.0006235217829441697,-0.12953465727244357,S
CTCAGGGTCCCGTGAG-1,0.10440925695370723,0.029371852813833088,S
CTCAGGGTCTAGTCAG-1,-0.04170001867226583,-0.123399617179133,G1
CTCAGTCAGGCACCAA-1,0.053909779126449064,-0.07924349253541307,S
CTCAGTCAGGGTTGCA-1,0.11429356195948887,-0.14682409641948407,S
CTCAGTCAGTAGTGCG-1,-0.040784572404230834,-0.08851310219028224,G1
CTCAGTCCAAAGAACT-1,-0.021443238847373258,-0.1847075528807047,G1
CTCAGTCGTCGGAACA-1,-0.014814055931273051,-0.012137899724557366,G1
CTCAGTCGTGAGAACC-1,-0.000434398927976809,-0.11914589708300383,G1
CTCAGTCTCACACCGG-1,-0.057992507370871804,-0.12936998315408704,G1
CTCAGTCTCAGACTGT-1,0.020607116751727994,-0.040217049923798376,S
CTCAGTCTCCCTTTGG-1,-0.0004544774460046863,-0.16729677416143773,G1
CTCAGTCTCGCGTAGC-1,-0.08893625007353367,-0.25982648411276177,G1
CTCAGTCTCTATCGGA-1,-0.08773946232829483,-0.13605906830891312,G1
CTCAGTCTCTGGTCAA-1,-0.07550407223201905,-0.10337235373159653,G1
CTCATCGAGATTGACA-1,-0.03545416398384893,-0.07668040904126883,G1
CTCATCGAGCAAATCA-1,-0.08042552944328218,-0.09729739400496679,G1
CTCATCGAGCTGTTCA-1,0.03290547644009706,-0.08878867305305316,S
CTCATCGAGTCTTCCC-1,-0.023460641417890782,0.006857760617160924,G2M
CTCATCGCACTACTTT-1,-0.023154258732069055,-0.13583492737937652,G1
CTCATCGCACTATCGA-1,-0.047333767539576466,-0.11546233750142029,G1
CTCATCGGTACACGTT-1,0.037006347764372505,-0.008279912972344983,S
CTCATCGGTAGTATAG-1,0.1988933030590032,-0.2585365673497504,S
CTCATCGGTCATCAGT-1,-0.03465799170022854,-0.13515536467569983,G1
CTCATCGGTGAGGCAT-1,-0.06875090969053893,-0.13105892691882653,G1
CTCATCGGTGCGCTCA-1,0.1716254061399592,-0.14409026808644912,S
CTCATCGGTGGACTGA-1,-0.005661937252501914,-0.2444204679302073,G1
CTCATCGGTTTCACTT-1,-0.06193687996423025,-0.15977232198991692,G1
CTCATCGTCATTACCT-1,0.00026507044611873143,0.014353057167274696,G2M
CTCATCGTCCAGCCTT-1,-0.08292633255425663,-0.16456998621964064,G1
CTCATCGTCGCAGTTA-1,-0.06660536988670962,-0.030988472517121834,G1
CTCATCGTCGCGTTTC-1,0.022922964283319525,-0.15228913674407737,S
CTCATCGTCTCAAAGC-1,-0.06631341272883312,-0.2722385173389658,G1
CTCATCGTCTCCCATG-1,-0.006014378057766667,-0.060894606964147,G1
CTCATCGTCTTGTTAC-1,0.030375894473459786,-0.07873725248594499,S
CTCATGCAGATGCCGA-1,-0.024065045886737524,-0.15815584788537923,G1
CTCATGCAGCTCGTGC-1,-0.07891919206384385,-0.2618989837510257,G1
CTCATGCAGTCCGCGT-1,-0.03572983313566505,0.01705679804356658,G2M
CTCATGCAGTCTCGTA-1,0.04787870831454624,-0.05507908974694578,S
CTCATGCCAAACGTGG-1,-0.04925250140143844,-0.06851973007713766,G1
CTCATGCCATGTGCCG-1,0.05829367424497295,0.042406033448399105,S
CTCATGCCATTCAGGT-1,0.015804757486303167,-0.1589558911169992,S
CTCATGCTCATTACTC-1,0.02838652676969089,-0.01452471048777465,S
CTCATGCTCCATCTCG-1,0.06623830337812503,0.014543737965763026,S
CTCATGCTCGACGACC-1,-0.05222956316346039,-0.1744235135651154,G1
CTCATGCTCGCATGAT-1,-0.0003627915954906302,-0.009647454543472656,G1
CTCATGCTCTGCGGGT-1,-0.056421995079099396,-0.0984363472846837,G1
CTCATTAAGGTACCTT-1,-0.04428177597358429,-0.11334701505993289,G1
CTCATTAAGTAAACGT-1,-0.06698572831822747,-0.12013690253966802,G1
CTCATTACAATATCCG-1,-0.05012935275147101,-0.15194572151573854,G1
CTCATTACACTCCACT-1,0.020263069602879047,-0.08192159644620217,S
CTCATTACATGTTACG-1,0.10683382503061656,-0.08150577826476058,S
CTCATTAGTAGGCAGT-1,-0.08972025015208646,-0.10590024382537133,G1
CTCATTAGTATACCCA-1,0.003666919759645698,-0.11364402590891087,S
CTCATTAGTCACCGAC-1,-0.08815683985044842,-0.05542934179959369,G1
CTCATTAGTTGCTCAA-1,-0.02743026407672916,-0.3272249931635203,G1
CTCATTAGTTGTTGTG-1,-0.041381668030745056,-0.027102164236084747,G1
CTCATTATCACGATAC-1,0.07026726382502407,-0.06192997967439701,S
CTCATTATCAGGGTAG-1,-0.05784729379748371,-0.006079350926369909,G1
CTCATTATCGTTTACT-1,0.14056142063446342,-0.11558676629063722,S
CTCCAACAGAATTGTG-1,0.022771881636497515,-0.08978608294052498,S
CTCCAACAGCTGTTAC-1,-0.03082339064565398,-0.14116984341020672,G1
CTCCAACAGGACACTG-1,-0.0846539247030979,0.062393627719713685,G2M
CTCCAACAGGTGCTAG-1,-0.048592697096283444,-0.10945338690863299,G1
CTCCAACAGTGTGTTC-1,-0.0016389388695676743,-0.18308361147614108,G1
CTCCAACCAAGCCCAC-1,-0.04219070624625365,-0.24746798520196978,G1
CTCCAACCAATTGAAG-1,0.01061059998172409,-0.273055164321245,S
CTCCAACCAGACTGCC-1,-0.02255783727073743,-0.1676435357141534,G1
CTCCAACCAGCAGACA-1,-0.03500636570559565,-0.2448917357156279,G1
CTCCAACGTCCAGGTC-1,-0.06498809338119155,-0.16977059630797686,G1
CTCCAACGTCCTGGGT-1,-0.05056721557672539,0.041501363873088504,G2M
CTCCAACTCCAGCAAT-1,-0.050155377102154064,-0.08940089882286745,G1
CTCCACAAGACTACGG-1,0.1158822882380105,-0.27144745686948385,S
CTCCACACAAGAGTTA-1,0.010313848217845534,-0.08276339657401177,S
CTCCACACACACAGAG-1,0.00038448208949914964,-0.0939474454226622,S
CTCCACACACTAAACC-1,-0.03378072339630467,-0.1325907718283656,G1
CTCCACAGTACCTAAC-1,-0.0914485865646747,-0.041517172298684735,G1
CTCCACAGTGGAAGTC-1,-0.001152298841005539,-0.0565968952715275,G1
CTCCACAGTGGAGAAA-1,-0.0968410693331232,-0.09319095311286285,G1
CTCCACAGTTGCTCCT-1,0.10876162905824022,-0.08172170389254749,S
CTCCACATCCGATCGG-1,-0.09440104830576812,-0.20395237975917618,G1
CTCCACATCTGTGCAA-1,-0.07161613047029741,-0.16085575453915857,G1
CTCCATGCAAACTCTG-1,0.07099253810378958,-0.1419832797627495,S
CTCCATGCAACTAGAA-1,0.025673989360751326,-0.09106592131370944,S
CTCCATGCAACTCCCT-1,0.2555414224620649,-0.2577391185124305,S
CTCCATGCAAGACAAT-1,-0.022290472616300544,-0.12045240412209018,G1
CTCCATGCACGCTGCA-1,0.0896935193029346,-0.0778517409064925,S
CTCCATGGTAAGGCTG-1,-0.058833220017150245,-0.1249751221055212,G1
CTCCATGGTGCGGCTT-1,-0.052478778627053524,-0.14760757773074784,G1
CTCCATGGTGCTGCAC-1,-0.11570382518248468,-0.19000203095992507,G1
CTCCATGGTTCGAACT-1,-0.03937264615099556,-0.11316864685220523,G1
CTCCATGGTTTCGTGA-1,-0.009709894507341,-0.049317412441071795,G1
CTCCCAAAGATGGCAC-1,0.0702835612562373,-0.16398458860520282,S
CTCCCAACAAACTCGT-1,-0.0689656642407625,-0.07278708328993588,G1
CTCCCAACAAGCGGAT-1,-0.046174763648023864,-0.18373991688083532,G1
CTCCCAACAAGTGGTG-1,-0.11487000185415103,-0.22775598656202584,G1
CTCCCAACATCAGCAT-1,-0.06471825995102459,-0.2096135430912518,G1
CTCCCAAGTACAGTCT-1,0.002505025918977777,-0.12583869714493745,S
CTCCCAAGTAGTGCGA-1,0.03859738309219063,-0.09733133284579926,S
CTCCCAAGTCACAATC-1,0.14111693911466122,-0.2228791735561903,S
CTCCCAATCAAGTCTG-1,-0.04336154737002934,-0.149021668073184,G1
CTCCCAATCGCCGTGA-1,0.11041490078855515,-0.025127355558816067,S
CTCCCTCAGCCGATTT-1,0.12757596678160332,-0.14018684583491525,S
CTCCCTCCAAGGGCAT-1,0.08249499888647266,-0.17087021434646044,S
CTCCCTCCACCTATCC-1,-0.06853955148527499,-0.1719785940149215,G1
CTCCCTCCACGGTGTC-1,-0.08711715908990547,-0.034036942264720094,G1
CTCCCTCCACTACACA-1,-0.052978620643513386,-0.1775131904724962,G1
CTCCCTCGTATCCCAA-1,0.03498417111948959,-0.15074514192920047,S
CTCCCTCGTGAGCCAA-1,0.21548123882489206,-0.18821898431042056,S
CTCCCTCGTTTGGCTA-1,0.0072709434854241195,-0.18830239235352972,S
CTCCCTCTCCACGGAC-1,-0.05644243949675992,-0.17300383508202294,G1
CTCCGATCAGTGAGCA-1,-0.11037482549104666,-0.19510836579035493,G1
CTCCGATGTAGCGCTC-1,-0.11880843443484587,-0.04257598825551623,G1
CTCCGATGTATGGAAT-1,-0.03473786600731543,-0.04967728887577988,G1
CTCCGATGTGCCTGCA-1,-0.02589042318869056,-0.25258515787609853,G1
CTCCGATGTGGATCAG-1,0.16737272324725894,-0.003645925425472707,S
CTCCGATGTTCCGCGA-1,-0.05958093521316238,-0.29338696171371703,G1
CTCCGATGTTGGACTT-1,0.05455045885868387,-0.04623808937431631,S
CTCCGATGTTTCGCTC-1,-0.07694561761835739,-0.075346642318874,G1
CTCCGATTCAGGAAGC-1,-0.034879117362819845,-0.0497997036016512,G1
CTCCGATTCGCGTCGA-1,-0.017090873807663276,-0.12929765802732016,G1
CTCCGATTCTGTCGTC-1,-0.05650496814366346,-0.1331121975928688,G1
CTCCTCCAGCTCCCTT-1,-0.11471254912962642,-0.08236795544297659,G1
CTCCTCCAGGGTGAAA-1,0.05461592422480116,-0.21719080091860654,S
CTCCTCCAGGTGCCTC-1,-0.13312105882914563,-0.17357962992866585,G1
CTCCTCCCAATAAGGT-1,-0.013082563741457498,-0.17274883263538865,G1
CTCCTCCCACGTGAGA-1,-0.10467055268266862,-0.009042583333277232,G1
CTCCTCCCAGACTGCC-1,-0.03786966053699847,0.027899265913515325,G2M
CTCCTCCCAGGATTCT-1,0.005218232740106965,-0.08344611747389746,S
CTCCTCCCATACCAGT-1,-0.02211796879557698,-0.06361951903407337,G1
CTCCTCCGTATCGTGT-1,0.017502553703632795,-0.18922391531302774,S
CTCCTCCGTATTTCTC-1,-0.0886012728317801,-0.23953516028508454,G1
CTCCTCCGTCACTACA-1,-0.046768032242123836,-0.01659283339961659,G1
CTCCTCCGTGCTCTCT-1,0.04861492123501307,-0.05136314147599794,S
CTCCTCCGTGTTAACC-1,0.0057027432499438535,-0.18178049431455062,S
CTCCTCCTCATACGAC-1,0.036842125306561974,-0.106906824453339,S
CTCCTCCTCCTCACGT-1,0.06239977916427647,-0.18846723282765604,S
CTCCTCCTCGCAACAT-1,0.02112025654344596,-0.016419088896871492,S
CTCCTCCTCTATGTGG-1,-0.028301761018410032,-0.0861571652202664,G1
CTCCTCCTCTGTTCAT-1,-0.07160984339214038,-0.1243052011285827,G1
CTCCTCCTCTTACCAT-1,-0.10983945653277316,-0.15742341720487574,G1
CTCCTTTAGCCGTTAT-1,-0.010825947653748558,-0.10668083906211157,G1
CTCCTTTAGGCTCCCA-1,0.021910258892404832,-0.154100892273011,S
CTCCTTTAGGTAAGGA-1,-0.08404440446171785,-0.2132101808093583,G1
CTCCTTTAGTACAGAT-1,-0.04273096289806011,-0.1317258437043171,G1
CTCCTTTAGTCATTGC-1,-0.03495568756372913,-0.1701561886497765,G1
CTCCTTTCAAGGAGTC-1,-0.14190565731482774,-0.13732252328541866,G1
CTCCTTTCAGCTCGGT-1,0.00866916770032472,-0.204934638824877,S
CTCCTTTCATGTCGTA-1,0.002091287944678777,-0.1054993609763864,S
CTCCTTTCATTGAAAG-1,0.018990308173526926,-0.09899732355918084,S
CTCCTTTGTCTACGAT-1,-0.00720425139443065,-0.15333183435987335,G1
CTCCTTTTCGAGATGG-1,-0.041112761175559065,-0.1798708620268328,G1
CTCCTTTTCGATGGAG-1,0.15793174852841857,0.1226833748925224,S
CTCCTTTTCTCTCGAC-1,-0.031490474046518224,-0.17034096758033507,G1
CTCCTTTTCTTTGCTA-1,-0.004570522587466708,-0.05086076020124983,G1
CTCGAGGAGACCTCAT-1,-0.05726578638771779,-0.14253129972922265,G1
CTCGAGGAGAGTTCGG-1,-0.06028367571348353,-0.04734703614466945,G1
CTCGAGGAGGTTCATC-1,0.00966685036749898,0.0024467084614752665,S
CTCGAGGAGTCAACAA-1,-0.056817427078450056,-0.06350083379682397,G1
CTCGAGGCAAGGAGTC-1,-0.06892321964087877,-0.019734265827469732,G1
CTCGAGGGTACTGAGG-1,-0.0367445930967476,-0.12036924014456779,G1
CTCGAGGGTAGCTGCC-1,-0.041972527665694315,-0.13935762274594665,G1
CTCGAGGGTCCTATAG-1,-0.05098706381460627,-0.1678785457893726,G1
CTCGAGGGTGCCTTTC-1,0.07364365474970863,-0.12105264734107027,S
CTCGAGGTCATCCTAT-1,0.01843000824697455,-0.0027222368614115977,S
CTCGAGGTCGTAACTG-1,0.03626356811515674,-0.23583664207557703,S
CTCGAGGTCTCCTGCA-1,-0.02271082575461114,-0.17946997736348136,G1
CTCTCAGAGTAGCAAT-1,-0.041397977069608016,-0.12300039132949353,G1
CTCTCAGCAAACTAAG-1,-0.01266465611507761,0.02488825454486865,G2M
CTCTCAGCAGCTGTGC-1,-0.13370941383075052,0.06776864905719654,G2M
CTCTCAGGTAGCGTTT-1,-0.08534548150774213,-0.1462530234450392,G1
CTCTCAGGTATCGTGT-1,0.0377665560571504,-0.09095601106866424,S
CTCTCAGGTATCTCTT-1,0.05664324852283742,-0.06114621099411088,S
CTCTCAGGTCAACCTA-1,0.02584408129616178,-0.00035497654652238975,S
CTCTCAGGTCCTCCAT-1,-0.04035493704230142,-0.13656514098723196,G1
CTCTCAGGTTGAAGTA-1,-0.08471140617253459,-0.1551483199839139,G1
CTCTCAGTCATTACCT-1,0.036049208386690346,-0.15668631493010116,S
CTCTCAGTCCACGGAC-1,0.06611154393080243,-0.1978461106249269,S
CTCTCAGTCTCGCCTA-1,-0.005115905132124954,-0.08850566055771653,G1
CTCTCGAAGAATTGTG-1,-0.07558366087452281,-0.22678762033789543,G1
CTCTCGAAGCATACTC-1,-0.040798538670179796,-0.23343712665197716,G1
CTCTCGAAGGCGCTCT-1,-0.07610541790733022,-0.16368204462083585,G1
CTCTCGAAGGTTTACC-1,-0.06668963917654847,-0.12274544154110198,G1
CTCTCGAAGTAGGTTA-1,0.07298033896884543,0.030176334868152743,S
CTCTCGACAGAGTAAT-1,-0.10612178678669915,-0.2635769714802369,G1
CTCTCGACAGGACTTT-1,-0.03830679644531393,-0.24012110714488535,G1
CTCTCGACATGACAAA-1,-0.07370554269638063,-0.16897866192139993,G1
CTCTCGAGTCACTCAA-1,0.012207004833705237,-0.18142023030452298,S
CTCTCGAGTGATGAAT-1,-0.04201944043472319,-0.13096022261748957,G1
CTCTCGATCAGAGCAG-1,0.03866073095139855,-0.05176336239747226,S
CTCTCGATCCCTTTGG-1,0.11244945891570018,-0.11561119651930926,S
CTCTCGATCGAGAACG-1,0.09897214173740165,-0.034009804468556226,S
CTCTGGTAGAGATCGC-1,-0.018971287438955153,-0.14398696734556396,G1
CTCTGGTAGTCCTACA-1,0.05181554316207304,-0.19168788008122017,S
CTCTGGTCAAGAGTAT-1,-0.05363847740942512,-0.06262113313393786,G1
CTCTGGTCAATACAGA-1,-0.024694390344849937,-0.149011625254928,G1
CTCTGGTCACCTCGTT-1,-0.10154254493045856,-0.19437002348762097,G1
CTCTGGTCATCCTCAC-1,0.03779244622469602,0.03452201178637626,S
CTCTGGTGTGTCATGT-1,-0.001159724455000899,-0.08649574179112784,G1
CTCTGGTGTTCGAGCC-1,-0.08323830999791271,-0.06311027885467507,G1
CTCTGGTGTTCGGTTA-1,0.023951031412479673,-0.09279371915467738,S
CTCTGGTTCAGGAGAC-1,-0.0014805018228130629,-0.04359774685833162,G1
CTCTGGTTCGAGCACC-1,-0.01704219699920906,-0.026787205390609914,G1
CTCTGGTTCGGTGCAC-1,-0.0052440436264349355,-0.09745239744994874,G1
CTCTGGTTCTTCCTAA-1,0.012425167700287482,-0.08583980029176067,S
CTGAATGCAACTCGAT-1,-0.03260346359789723,-0.156088150367579,G1
CTGAATGGTTGTGTTG-1,-0.0114665580957512,-0.16517906512887526,G1
CTGAATGGTTTACTTC-1,-0.02789260905191754,0.08125142242339489,G2M
CTGAATGTCATGCGGC-1,-0.04070340719069482,-0.10384204491574733,G1
CTGAATGTCCCGAGTG-1,0.02616805209331305,-0.01772290225918946,S
CTGAATGTCGACCATA-1,-0.016419770086000207,-0.14654412808159517,G1
CTGAATGTCGCGTAGC-1,0.23661857801340513,-0.1703744272619531,S
CTGAATGTCGCGTCGA-1,0.06828182716985087,-0.1888675110930994,S
CTGAATGTCGGAAGGT-1,-0.02971805202277472,-0.1786031523775056,G1
CTGAATGTCTCTCAAT-1,-0.06770263784653502,-0.21544328464227547,G1
CTGAGCGAGGGCAGTT-1,-0.017888533115279825,-0.16227739028260846,G1
CTGAGCGAGGGCCCTT-1,0.01570423336435567,-0.12607073815917225,S
CTGAGCGCATCCGGCA-1,-0.06078090403642494,-0.06146622186822931,G1
CTGAGCGGTATTGGCT-1,-0.014974744538741369,-0.18648837544977862,G1
CTGAGCGGTCTGTGTA-1,0.13830768883754474,-0.006339251837994164,S
CTGAGCGTCCGTGTCT-1,0.09138344786174732,-0.14689859390891322,S
CTGAGCGTCCTTGGAA-1,-0.10419597718933116,-0.08723914577693265,G1
CTGAGCGTCTCGGCTT-1,0.04836465877111479,-0.22135289331290045,S
CTGAGCGTCTCTCGCA-1,-0.011674579206802427,-0.024704756806749995,G1
CTGAGGCAGGGCCAAT-1,-0.04278635586354512,-0.209708464371832,G1
CTGAGGCAGGTCGTGA-1,-0.0022968901702605238,-0.20686340967891806,G1
CTGAGGCAGTTCCATG-1,-0.04966235230041077,-0.2558810838287163,G1
CTGAGGCCATGGCGCT-1,-0.028895361190359348,-0.1536060195293516,G1
CTGAGGCCATTGGATC-1,-0.023635469112722574,-0.17052247710566953,G1
CTGAGGCGTAATTAGG-1,-0.04129422508337166,-0.06612961027560754,G1
CTGAGGCGTGGTCAAG-1,0.004357291258353324,-0.06726025527145263,S
CTGAGGCTCCTTCAGC-1,-0.01796914681995415,-0.09010123986821517,G1
CTGAGGCTCGCTCTAC-1,-0.13054333158094505,-0.05436907954296982,G1
CTGATCCAGTAAGCAT-1,-0.07048656546994425,-0.14206236004236406,G1
CTGATCCCAAATTAGG-1,0.062005815726615676,-0.10278903589719224,S
CTGATCCGTACCCGAC-1,-0.07172869531400439,-0.08931470369640576,G1
CTGATCCTCAGCGCGT-1,0.03144049449763209,-0.14457385716826052,S
CTGATCCTCAGTGTCA-1,-0.05819253766591931,-0.3208888921727184,G1
CTGATCCTCATCGACA-1,-0.028876502574884277,-0.06633227751166937,G1
CTGATCCTCCAACTAG-1,-0.03512667002250658,-0.027189416588918436,G1
CTGATCCTCCTTCGAC-1,-0.12549693043637616,0.025155626252087337,G2M
CTGCAGGAGAGTCGAC-1,-0.008884199055810893,-0.07170673812667261,G1
CTGCAGGAGCGTTAGG-1,-0.13491057969693265,-0.11614047452915882,G1
CTGCAGGGTATGCGTT-1,-0.08534568045445173,-0.2056059481708827,G1
CTGCAGGTCGAAGAAT-1,-0.012422383869017284,-0.16693625239484658,G1
CTGCAGGTCGCCTTGT-1,-0.00390962546574003,0.04644631596253096,G2M
CTGCAGGTCGGTAACT-1,0.017137805782664106,-0.32820565423423975,S
CTGCAGGTCGGTGTAT-1,0.003041761799256304,-0.13045759239168148,S
CTGCATCAGCCTCAGC-1,-0.004907912183366003,0.011616909041814338,G2M
CTGCATCAGGGCTTCC-1,-0.1447479999343112,-0.19678153944758725,G1
CTGCATCAGGTTGGTG-1,0.15787158585356176,-0.017126637271821676,S
CTGCATCCAACTCCAA-1,0.0220191248728438,-0.1071722475975076,S
CTGCATCCAGCGTTTA-1,0.08774381193127972,-0.1616371917418331,S
CTGCATCCAGGATCTT-1,-0.04771026542522894,-0.19286665722438817,G1
CTGCATCCATCGGATT-1,-0.04604956864675119,-0.17464230086502858,G1
CTGCATCGTCACAGAG-1,0.022883891899680542,-0.01364750259801839,S
CTGCCATAGACTGTTC-1,0.0604045528630584,-0.13075621468109538,S
CTGCCATAGCCTGTCG-1,-0.01906296970047444,0.009859751471529676,G2M
CTGCCATAGGTTCTTG-1,0.10965676687008291,-0.12031957312640462,S
CTGCCATCAAGCGAAC-1,-0.03114388121721806,-0.004351125810411527,G1
CTGCCATCACAAGGTG-1,0.015448149276120926,-0.12660654401004323,S
CTGCCATCACCGTCTT-1,-0.12369183420432206,-0.1500480931434367,G1
CTGCCATGTAATGATG-1,-0.12040783370478986,-0.20329331258903272,G1
CTGCCATGTACTCGCG-1,0.08534574547669022,-0.1484875996280569,S
CTGCCATTCGCATTGA-1,-0.07970935066340806,-0.14549199382073613,G1
CTGCCTAAGCTGCCTG-1,0.005959350329081903,-0.163068566338889,S
CTGCCTAAGTGATTCC-1,-0.03682885897542476,-0.06972201974572584,G1
CTGCCTACACGACGCT-1,-0.013871975102612288,-0.10916122115064297,G1
CTGCCTACATAGAATG-1,-0.07540131711332776,-0.3067639087741387,G1
CTGCCTAGTACATTGC-1,0.11711038349588809,0.07223202316526273,S
CTGCCTAGTATTCCGA-1,0.2660436995008908,-0.16450326502184787,S
CTGCCTAGTCGTGGAA-1,-0.09013267015697579,-0.22559686511322727,G1
CTGCCTAGTTCGTTCC-1,-0.03948050145757631,-0.32526718075596306,G1
CTGCCTAGTTTCGCTC-1,-0.1024582523059458,-0.2054350692852625,G1
CTGCCTATCTCGCGTT-1,0.07991504971101515,0.08090520940028295,G2M
CTGCGAGAGACATACA-1,-0.02675613245598546,-0.2216425847202389,G1
CTGCGAGAGAGCAGAA-1,0.09552263849509418,-0.10628321549784775,S
CTGCGAGAGGCTCCCA-1,0.004986136086361614,-0.09090100310479778,S
CTGCGAGAGTCTCGTA-1,-0.0794803559681353,-0.2037426911078198,G1
CTGCGAGAGTGGATTA-1,-0.0703617516134486,-0.27165001794013643,G1
CTGCGAGCACCCTTGT-1,-0.046311439390873343,0.0017742511333195266,G2M
CTGCGAGGTCGATTTG-1,0.05746182906708536,-0.10478596040387039,S
CTGCGAGGTGCGGATA-1,-0.014135793668558216,-0.07179459641133867,G1
CTGCGAGTCAGCAGAG-1,-0.025273019590983326,-0.12699912311939532,G1
CTGCGAGTCGAAGAAT-1,-0.04994622083409289,-0.22451968140870354,G1
CTGCTCAAGAATCGTA-1,-0.007854472388406253,-0.12810733372302097,G1
CTGCTCAAGAGGCGTT-1,0.0018170788832316265,-0.18325763137974788,S
CTGCTCAAGCGATTCT-1,0.05435578909914579,-0.18488813368342363,S
CTGCTCAAGGTTGTTC-1,-0.09338407681257999,-0.08632505086721992,G1
CTGCTCACAAAGCTAA-1,0.06501958024656856,-0.0636742208860121,S
CTGCTCACAATGTGGG-1,-0.05675408418240163,-0.152403722769753,G1
CTGCTCACACTACCGG-1,-0.03608287726388254,-0.14546451011310021,G1
CTGCTCACATCCTCAC-1,-0.003313370472332211,-0.19222385573349277,G1
CTGCTCACATCTGCGG-1,-0.04325813446296478,-0.014548816594018354,G1
CTGCTCACATGAATCC-1,0.02374962413977527,-0.155571706537248,S
CTGCTCATCCAAACCA-1,-0.07447258572851623,-0.11012790670543543,G1
CTGCTCATCCTTTAGT-1,-0.05414555244666147,-0.18218668550057848,G1
CTGGACGAGACGCATG-1,-0.054537812987141054,-0.11539668962626021,G1
CTGGACGAGATGACCG-1,-0.0891029420669065,-0.31805006942927466,G1
CTGGACGAGCACTAAA-1,0.0246196939548724,-0.1029921805613298,S
CTGGACGAGGCACGAT-1,0.08900196624895151,-0.15794539861496143,S
CTGGACGAGTGAGTTA-1,0.0006241766613216959,-0.03520913895023786,S
CTGGACGCATTCGATG-1,0.052210012809661616,-0.04010344581163894,S
CTGGACGGTACTCGCG-1,-0.13459668972323469,-0.15011680466800048,G1
CTGGACGGTCGTACTA-1,0.03239609982255326,-0.106287803681196,S
CTGGACGGTGACATCT-1,-0.11882018102070124,-0.10610745864625004,G1
CTGGACGTCTCCCATG-1,-0.004491693502354344,-0.15113236815797954,G1
CTGGCAGCAGCATACT-1,-0.04455403596837626,-0.08622250914742202,G1
CTGGCAGCATGGAAGC-1,-0.052954805626272416,-0.1054030094256922,G1
CTGGCAGGTCGCCTAG-1,-0.06681532525577105,-0.29466206245967674,G1
CTGGCAGGTCGTCGGT-1,0.12608801181300178,0.08627203985505899,S
CTGGCAGGTTGACTGT-1,-0.0357770193472948,-0.12330017022762126,G1
CTGGCAGGTTGTGCAT-1,-0.09925651638401173,0.0062442280373832815,G2M
CTGGCAGTCATACAGC-1,-0.058264411327683396,0.019097013435059484,G2M
CTGGCAGTCTGCCCTA-1,0.014436114703893888,-0.14810837741055682,S
CTGGTCTAGATGGCAC-1,0.06990926130654351,-0.09591777737528123,S
CTGGTCTAGGCAGGGA-1,0.10771796541884376,-0.20634780669926855,S
CTGGTCTCACCCTAGG-1,-0.03422365536949373,-0.1900408080004819,G1
CTGGTCTCACGCGTGT-1,-0.09110129612855944,-0.059227238530698056,G1
CTGGTCTGTAGAGCTG-1,0.009112769231203355,-0.09691731225213929,S
CTGGTCTGTCGTATGT-1,-0.0702721367745785,-0.2251558192141271,G1
CTGGTCTTCCAGTGCG-1,0.06563435034661946,-0.13199073435688324,S
CTGGTCTTCCTTATCA-1,0.08275493102375764,-0.187899350724663,S
CTGGTCTTCGGAATTC-1,-0.03689446864499807,-0.19385904914004104,G1
CTGGTCTTCGGACAAG-1,0.04913087584945597,-0.19592154451949872,S
CTGGTCTTCGGCATCG-1,0.0017793497536321423,-0.20052938889261168,S
CTGTACCAGGTAGTAT-1,-0.08466800950287384,-0.13772247611343408,G1
CTGTACCAGGTATCTC-1,-0.008141376047658466,-0.11934999670316623,G1
CTGTACCAGTCCCGAC-1,0.010350195099462445,-0.20400829713680355,S
CTGTACCAGTGTCATC-1,-0.05117258642282835,-0.07766833796486261,G1
CTGTACCCAAATGCGG-1,-0.039278383854908616,-0.061570893737538324,G1
CTGTACCCAGTATGAA-1,-0.04805310597667228,-0.030121535040422448,G1
CTGTACCGTATGGTAA-1,0.027676865846803678,-0.2366685984494343,S
CTGTACCGTGTCTAAC-1,-0.09065603780776571,-0.24386389648816756,G1
CTGTACCGTTGCACGC-1,-0.02097784468163527,-0.1189008687167677,G1
CTGTACCGTTGTCCCT-1,-0.012044373901071825,0.029329670889804205,G2M
CTGTACCTCAAGTGGG-1,-0.018522369766169056,-0.08878830044209596,G1
CTGTACCTCATGAGAA-1,0.002558620490920982,-0.06949616930008834,S
CTGTACCTCCGAGGCT-1,-0.138873488106404,0.00974221574366091,G2M
CTGTACCTCCTGTACC-1,-0.05689635481241845,-0.24469047859190163,G1
CTGTACCTCGTTCAGA-1,-0.023645053927399795,-0.0968049643807189,G1
CTGTAGAAGCGCATCC-1,0.05311329524695024,0.050806197306482004,S
CTGTAGAAGGATATAC-1,0.1649423532854844,-0.019586702999674133,S
CTGTAGAAGGATTACA-1,-0.01992763739945619,-0.14617509452246286,G1
CTGTAGACAAATGATG-1,-0.10331895760921087,-0.16585216500078198,G1
CTGTAGACAGGAAGTC-1,0.021184564135419665,-0.06744921788150102,S
CTGTAGACATGGACAG-1,0.10928661437566917,-0.13451927777241193,S
CTGTAGAGTAACGGTG-1,-0.021216922075691924,-0.1635423040097885,G1
CTGTAGAGTGCTCTTC-1,-0.045358670180146055,-0.10057520279221766,G1
CTGTAGAGTGGCATCC-1,-0.04270807471446636,-0.1387970643916328,G1
CTGTAGAGTTCGGCCA-1,-0.07847277194341246,-0.21552099404314967,G1
CTGTAGATCAGCAATC-1,0.005469789683282544,0.001017738565868398,S
CTGTAGATCGCCATAA-1,0.04598923968180377,-0.03641051407823129,S
CTGTAGATCGGCTGAC-1,0.11703707090589083,-0.20320289891062393,S
CTGTAGATCGTAGCTA-1,-0.005471982559081989,-0.16121550053922468,G1
CTGTAGATCTATCGTT-1,-0.08703623509885072,-0.07567758576659772,G1
CTGTATTAGCGAAACC-1,-0.15215219946490932,-0.057002585126449234,G1
CTGTATTAGGAACTAT-1,-0.038343447389153684,-0.2090105610027962,G1
CTGTATTCAGACCTAT-1,-0.04205817779701776,-0.14355738524660883,G1
CTGTATTCATCCGTTC-1,-0.05988341300801686,-0.09190472390829685,G1
CTGTATTGTACCTAAC-1,0.027741628739946178,-0.15121971216129043,S
CTGTATTGTGGTAACG-1,0.12385369825607478,-0.04785525009173647,S
CTGTATTGTGGTCTGC-1,-0.044701103871891246,-0.2485392166524405,G1
CTGTATTTCACTGGTA-1,-0.00016956493517966686,-0.13384163734843918,G1
CTGTCGTAGTTAGAAC-1,0.018837117428781858,-0.10011871658417609,S
CTGTCGTCAACTCGAT-1,-0.06778447510742353,-0.12595309375241398,G1
CTGTCGTCACCCAAGC-1,0.04599572855199968,-0.32245935542400406,S
CTGTCGTCATCGTTCC-1,-0.0062900280197774605,0.09821223641703625,G2M
CTGTCGTCATTAAAGG-1,0.1677921402884358,-0.09529005025724124,S
CTGTCGTGTACGTGTT-1,0.08836827422485122,-0.15148365378365258,S
CTGTCGTGTCAGCGTC-1,-0.010188228809858951,0.06452232400656033,G2M
CTGTCGTGTGGTCTTA-1,-0.08347104062656607,-0.08637132214032572,G1
CTGTCGTTCGAGTGGA-1,-0.035593038778155395,0.03384859943561341,G2M
CTGTCGTTCGGAAACG-1,-0.10223006346933017,-0.084273711627942,G1
CTGTCGTTCGGACCAC-1,-0.07415028176076555,-0.003079928832132095,G1
CTGTCGTTCTTCGCTG-1,-0.027867814077440156,-0.19362623415700222,G1
CTGTGAAAGGATTTAG-1,-0.03512583359272731,-0.23963675623720904,G1
CTGTGAACACAGTGAG-1,-0.0477674403427798,-0.24238906207046457,G1
CTGTGAACACCTCTGT-1,0.01186470057831246,-0.1653512061311186,S
CTGTGAAGTAGATTAG-1,-0.11302684835814303,-0.09031806149343818,G1
CTGTGAAGTGACAGGT-1,-0.03143427793837206,-0.2366632603168313,G1
CTGTGAAGTGGTTCTA-1,0.09847719097113605,-0.17731059101717225,S
CTGTGAATCATGCCGG-1,0.0765182568061081,-0.044933182198675925,S
CTGTGAATCCTGTTAT-1,-0.051890135923868486,-0.044711108531708565,G1
CTGTGAATCGCCATAA-1,-0.02626686261576161,-0.2084524933242711,G1
CTGTGAATCGCTCATC-1,-0.07771051546629065,-0.24746065799101308,G1
CTGTGAATCTTCCCGA-1,-0.04334135639683223,0.020714253135682315,G2M
CTGTGGGAGAGTTGTA-1,-0.00456068062616477,-0.22729078503612815,G1
CTGTGGGAGGTTCCGC-1,-0.06735395500978536,-0.18576738821189498,G1
CTGTGGGAGGTTGACG-1,-0.017797457135209027,-0.1529459508621855,G1
CTGTGGGAGTTCATCG-1,0.03392349383425858,-0.17037010812086084,S
CTGTGGGCAGGAACCA-1,0.10700583310123035,-0.1716576408562141,S
CTGTGGGCAGTCGTTA-1,-0.11072091493958153,-0.26972124282066956,G1
CTGTGGGGTCGGTGTC-1,0.17402651829310345,0.030806982966464613,S
CTTACCGAGCATCAGG-1,0.028056208301804275,-0.19289198920986156,S
CTTACCGAGTACTGGG-1,0.021926447198777343,-0.07609716418101853,S
CTTACCGCAAGAGTTA-1,0.07527942560390011,-0.037059592777886285,S
CTTACCGCAATCGCGC-1,-0.047399472867176884,-0.22008731817006089,G1
CTTACCGCACAGCGCT-1,-0.021187878766081858,0.01647427200536572,G2M
CTTACCGCACTTTAGG-1,-0.08528600711154743,-0.2433006066966227,G1
CTTACCGCAGGTGTGA-1,-0.11996317322645683,-0.28437698812289824,G1
CTTACCGGTGTGTGGA-1,-0.08755691218373429,-0.001356235737388023,G1
CTTACCGGTTCAAAGA-1,0.14950872019984324,-0.24011281770379223,S
CTTACCGTCACTCTTA-1,-0.17319918766646003,-0.1625966629758861,G1
CTTACCGTCGCAGTTA-1,-0.08351089887072466,-0.04622850906971043,G1
CTTACCGTCTCAACGA-1,0.005132942122592132,-0.14159124932448836,S
CTTACCGTCTCGTCAC-1,0.11257822328542988,-0.022931052446927114,S
CTTAGGAAGCAAGGAA-1,0.1746664001045029,-0.13479922270663736,S
CTTAGGAAGCATGTTC-1,-0.11269981205829935,-0.10479487992950959,G1
CTTAGGAAGCCAACCC-1,-0.07699593188142159,-0.12840642635782304,G1
CTTAGGACACCTGATA-1,-0.07007836285723285,-0.13827120183518873,G1
CTTAGGACACGCGCAT-1,-0.02535833668945947,-0.23136582806608377,G1
CTTAGGACATAGCTGT-1,-0.059998337631946286,-0.22630190257138252,G1
CTTAGGAGTGCTCTTC-1,0.004775043814292834,0.046902353755715276,G2M
CTTAGGAGTGGCTAGA-1,0.018427957249634697,0.07345740971953008,G2M
CTTAGGATCAAATGAG-1,-0.05805570164697049,-0.10208424787281833,G1
CTTAGGATCAAATGCC-1,-0.01653108350220034,-0.11605513871330941,G1
CTTAGGATCAAGTCGT-1,-0.049923259949105264,-0.010946903006042091,G1
CTTAGGATCAATCCGA-1,-0.0778868765995509,-0.14676034337549243,G1
CTTAGGATCACCCTGT-1,0.2359021979103248,-0.2713061112931251,S
CTTAGGATCACTTTGT-1,0.02974575293517745,-0.07643411091809549,S
CTTAGGATCGCCATAA-1,-0.13620162690909587,-0.07612632857463797,G1
CTTAGGATCTGAGCAT-1,-0.01878018129254916,-0.20573383212982155,G1
CTTCAATAGCTGGTGA-1,-0.0706174871003587,-0.2186190230455276,G1
CTTCAATAGGTTCACT-1,-0.042893558749078076,-0.30723411054432936,G1
CTTCAATAGTAAACGT-1,-0.06314211229081057,-0.0030632964178110567,G1
CTTCAATCAAACTAAG-1,0.04651555945861835,0.0813690717405946,G2M
CTTCAATCAAGACGAC-1,-0.12826300551067524,-0.20069028952811985,G1
CTTCAATCACACAGAG-1,0.06008302691500539,-0.26650737708652705,S
CTTCAATCACCCTTAC-1,-0.0683146626565928,-0.21048762404516888,G1
CTTCAATGTAGTGTGG-1,0.10502988018688197,-0.02280645766814282,S
CTTCAATGTCAAGCCC-1,-0.15198931835347432,-0.06301643282761299,G1
CTTCAATTCGCTTACC-1,0.02158500847312128,-0.14852963764285954,S
CTTCCGAAGAATTCAG-1,-0.008812631137600613,-0.0792460334308693,G1
CTTCCGACAATCAAGA-1,0.07143571057196108,-0.11904500302438986,S
CTTCCGAGTATACCCA-1,-0.10647525341396669,-0.15218804233112848,G1
CTTCCGAGTTCCTTGC-1,-0.024191853251990247,0.06724506692641835,G2M
CTTCCGAGTTCGTACA-1,-0.06679173041204206,-0.13369183213009217,G1
CTTCCGATCCAGTTCC-1,-0.11217781099001484,-0.14602772386770727,G1
CTTCCGATCTCTCGCA-1,-0.02496647368673305,-0.03898523561828782,G1
CTTCCTTAGTGCAGCA-1,-0.03839244460430691,0.028807344001031077,G2M
CTTCCTTCAAACTGCT-1,0.01563597980197451,0.021317637480845197,G2M
CTTCCTTCAAGTGGAC-1,-0.07103322239874255,-0.11593201114114626,G1
CTTCCTTCACTGAGTT-1,-0.05737574864438999,-0.22106701820912453,G1
CTTCCTTCAGGCTATT-1,0.04025368600341478,-0.1769465325508852,S
CTTCCTTTCAAATAGG-1,0.02668721376557509,-0.181199492444092,S
CTTCCTTTCACCTGGG-1,0.04611043301858381,-0.029372139317286106,S
CTTCCTTTCCTCACTG-1,-0.032743715547693786,-0.07509414279084092,G1
CTTCCTTTCCTCAGAA-1,-0.0016612063510673125,-0.007866416447631974,G1
CTTCCTTTCGACACTA-1,0.11822782868726395,-0.056648140322479,S
CTTCCTTTCGAGTCCG-1,-0.07444506861467859,-0.21545718804961791,G1
CTTCCTTTCGTGCAGC-1,-0.04242519583800647,-0.09836676431489128,G1
CTTCCTTTCTCGCCTA-1,-0.016150611095848866,-0.0030125943951043177,G1
CTTCCTTTCTTCCAGC-1,0.048338104477871846,-0.14201359299992694,S
CTTCCTTTCTTCGACC-1,-0.015891690731753838,-0.20227619332138477,G1
CTTCGGTAGAGCTTTC-1,-0.06158558463029368,-0.034591093907783976,G1
CTTCGGTAGCAGTAAT-1,0.05597512022333173,-0.17661816200803787,S
CTTCGGTCACGAGAAC-1,0.031660866374323526,-0.2172637576113747,S
CTTCGGTCAGACCTGC-1,0.04055442307114332,0.20252582227191468,G2M
CTTCGGTCATTAGGAA-1,0.015947709378659025,0.011863861701867706,S
CTTCGGTGTGACCTGC-1,-0.09243882669137832,-0.13912709296585063,G1
CTTCGGTTCAAGATAG-1,-0.06671896401208097,-0.16579363016642523,G1
CTTCGGTTCCGATTAG-1,-0.17372839789355582,-0.2178457305174733,G1
CTTCGGTTCCGTATAG-1,-0.0674606224560998,-0.1546110008514997,G1
CTTCGGTTCTGGGAGA-1,0.05857975395509446,-0.19709259663936846,S
CTTCTAAAGTGCGACA-1,0.20972825100628217,-0.1342917571108509,S
CTTCTAACACAGTACT-1,-0.11213940779223258,-0.22220363739787627,G1
CTTCTAACAGTTAAAG-1,-0.07203807199745632,-0.1975095037403366,G1
CTTCTAACATCAGTGT-1,-0.11094461775907799,-0.1387561595485894,G1
CTTCTAAGTATGCTTG-1,0.07513396222354324,0.011769828944865113,S
CTTCTAAGTGATACCT-1,-0.1188559404873421,-0.11354468225144848,G1
CTTCTAAGTTCTCCCA-1,-0.0025806662630775967,-0.11478634448894802,G1
CTTCTAATCGGTATGT-1,-0.10277469830674646,-0.06864807313738597,G1
CTTCTAATCTGTAAGC-1,0.16768064344550337,-0.1227566323539922,S
CTTCTCTAGACTACGG-1,-0.01505809790741705,-0.06394161895980463,G1
CTTCTCTAGCGAGTCA-1,0.014015183268594078,-0.12078568704561926,S
CTTCTCTAGCTTTGTG-1,-0.09544467437388604,-0.2112321521725143,G1
CTTCTCTCAACACGTT-1,0.16129194513273937,-0.08528526531799613,S
CTTCTCTGTGAGATTA-1,-0.047698068566030705,-0.11788697827245806,G1
CTTCTCTGTTCGTTCC-1,0.022581487695385316,-0.1473204349548916,S
CTTCTCTTCGCGATCG-1,-0.0386578432494466,-0.024283912264124963,G1
CTTCTCTTCGTAGGAG-1,0.006860501453147871,-0.1965596155740532,S
CTTGAGAAGGACAGTC-1,0.1507752707605936,-0.16343307896275286,S
CTTGAGAAGGCCACTC-1,-0.0419102220052987,0.05812159813536738,G2M
CTTGAGACAAATAGCA-1,-0.1078004607267718,-0.05950866585229925,G1
CTTGAGACAGCTCTGG-1,-0.03673771066579279,-0.1475100413154945,G1
CTTGAGACATCCGTGG-1,-0.07565822131919875,-0.05516853963053503,G1
CTTGAGAGTCGTTGCG-1,0.04578176480928858,-0.06287391415510898,S
CTTGAGATCCAAACCA-1,0.11535908015198765,-0.14100443678714691,S
CTTGAGATCGTTGTGA-1,-0.04805513261088101,-0.03319632625241925,G1
CTTGAGATCTACGGGC-1,-0.001185709003408697,0.1154887259808608,G2M
CTTGATTAGAGCTGAC-1,0.13089629169111855,-0.07611129912816061,S
CTTGATTAGCATTGAA-1,-0.02421740162436803,-0.2280023000157639,G1
CTTGATTAGCCATCCG-1,-0.18180896033264093,0.007999880315995633,G2M
CTTGATTAGCTACTAC-1,-0.01101115045343748,-0.18603532653412297,G1
CTTGATTAGTAATCCC-1,-0.023149272616013128,-0.22216148891478607,G1
CTTGATTAGTACTGTC-1,-0.019357103373507545,-0.10919223809569745,G1
CTTGATTCAGTCGTTA-1,-0.09160739234022441,0.02466738285410064,G2M
CTTGATTGTCGTTCAA-1,-0.017928192154062494,-0.14498678333271214,G1
CTTGATTTCACCGGGT-1,0.005414219046390167,-0.24483892023891096,S
CTTGATTTCCAGCTCT-1,-0.038223799518784685,-0.029186063946950724,G1
CTTGATTTCTCCCTAG-1,-0.05644440553839042,-0.23435386271338007,G1
CTTTCAAAGCGTATAA-1,0.05233125836469871,-0.1333994975278205,S
CTTTCAAAGGCGAAGG-1,0.06666740152250522,-0.08589405387865234,S
CTTTCAAAGGGTACAC-1,-0.013829926795650205,-0.14353931435591066,G1
CTTTCAAAGTGGACGT-1,0.08553136272444078,-0.1832557625323053,S
CTTTCAACATAACCCA-1,0.09756061431525087,-0.035622035968306376,S
CTTTCAAGTGTTTCTT-1,0.024659508064095392,0.044138293515730176,G2M
CTTTCAATCAGGACAG-1,-0.03930863251709277,-0.0948977019053473,G1
CTTTCAATCCGTGTGG-1,-0.04004394760686997,-0.13897378495482215,G1
CTTTCAATCGTGTTCC-1,0.024515431135048282,-0.26564539471135024,S
CTTTCGGAGACCTCAT-1,0.12004999123607574,-0.2093327063209814,S
CTTTCGGAGCTGGAGT-1,0.005477046145691444,0.007396368382582286,G2M
CTTTCGGAGGAAGTGA-1,0.019556016036186286,-0.15256365037215347,S
CTTTCGGGTCACGCTG-1,-0.041641632824649055,-0.14341133869655798,G1
CTTTCGGGTGTGTGGA-1,-0.0525134297571454,0.07440041263123498,G2M
CTTTCGGTCACTTTGT-1,-0.010449185200982314,0.07638947846737898,G2M
CTTTCGGTCGATACAC-1,-0.10598088655451551,-0.12511992120369106,G1
CTTTCGGTCGCATGAT-1,0.0020485638073697854,-0.09218269424580966,S
CTTTCGGTCTTGGTCC-1,0.00044434881778787627,-0.025379689230446256,S
GAAACCTAGCTTAAGA-1,-0.028387701340976512,-0.187069378818338,G1
GAAACCTCAAGAAATC-1,0.037188423094626055,-0.006181468134341006,S
GAAACCTCACAATGAA-1,0.03167248705436271,0.0047751450283541885,S
GAAACCTCACCTGCGA-1,-0.042322762904344835,0.0014056525227827965,G2M
GAAACCTCATTAAGCC-1,0.015112290499654013,-0.10724967895087548,S
GAAACCTGTATGTGTC-1,0.10951928457341067,-0.15584347812486865,S
GAAACCTGTTCTTGCC-1,-0.014260851641364258,-0.14928591244506997,G1
GAAACCTTCGAGCACC-1,-0.06985035413318763,-0.0916689933880857,G1
GAAACCTTCTCTTAAC-1,0.045698328699733726,-0.019234182006799716,S
GAAATGAAGAGCCTGA-1,0.009007381827353944,-0.15518412121370992,S
GAAATGAAGCACCAGA-1,-0.0808695973656467,-0.06771234601848947,G1
GAAATGAAGTAGACAT-1,-0.015906026567163445,0.05970096393381663,G2M
GAAATGACACATCATG-1,0.011689741675005527,-0.07100059140811132,S
GAAATGACACGACAGA-1,0.1285982120115941,-0.06305967467459539,S
GAAATGACAGGACGAT-1,-0.09499744118447473,-0.11612123132465696,G1
GAAATGAGTCAGGAGT-1,0.009166659604214755,-0.20856363226164637,S
GAAATGAGTCGCTCGA-1,-0.033069829023217645,0.01983512456419617,G2M
GAAATGAGTGACGTCC-1,0.12794054126682514,-0.08745644922466039,S
GAAATGAGTGAGTAGC-1,-0.10230940694469176,-0.16689194761206366,G1
GAAATGAGTGGGATTG-1,-0.09167594349817121,-0.08558807771208776,G1
GAAATGAGTTTCGTAG-1,-0.12536462683281202,-0.2008969144301992,G1
GAAATGATCATACGAC-1,0.020025147509469543,-0.2471749557888752,S
GAAATGATCCAAACCA-1,-0.06424071917201507,-0.0786143885129384,G1
GAAATGATCTACACTT-1,-0.09582276556304631,-0.1490369615682481,G1
GAACACTAGCAACAAT-1,0.010382347674867787,-0.18946579317330559,S
GAACACTAGGAGGGTG-1,0.04344645706910011,-0.14961125376154066,S
GAACACTAGGCCGCTT-1,-0.021602080642203703,-0.24917024709936475,G1
GAACACTCAGTTGCGC-1,-0.028412427283887987,-0.10177403977127292,G1
GAACACTCATCCAACA-1,-0.029634529809678845,-0.1694526964825846,G1
GAACACTCATTCTGTT-1,-0.0643419531712599,-0.127255563534717,G1
GAACACTTCGGTATGT-1,-0.08645153228741531,-0.007954725460888601,G1
GAACGTTAGAGCATTA-1,-0.01959441330081052,-0.16592483479892636,G1
GAACGTTAGGACAGCT-1,-0.053813149225484413,-0.22381986836065595,G1
GAACGTTAGTCGAAGC-1,-0.1000437294373751,-0.011458294824375104,G1
GAACGTTCAAGTTCGT-1,0.015296190041578395,-0.27376544165323713,S
GAACGTTCACACGGAA-1,-0.04322210425355233,-0.06070350366794519,G1
GAACGTTCACTGAGTT-1,-0.02189946269499568,-0.051176330654694346,G1
GAACGTTCAGCTCCTT-1,-0.047335610650053095,-0.2320624482785031,G1
GAACGTTGTAGTCGTT-1,-0.06060408933182665,-0.2400592973207176,G1
GAACGTTGTCACCACG-1,0.011942760115047968,-0.01542224763852229,S
GAACGTTTCAAGTGTC-1,-0.0009111264601732727,-0.15721078932970897,G1
GAACGTTTCCGCACTT-1,0.031526916101162816,-0.23176452051693744,S
GAACGTTTCCGTTTCG-1,-0.09047334281008329,-0.1314282704183664,G1
GAACTGTAGCCGAATG-1,0.05976111652418026,-0.1739380227275808,S
GAACTGTAGGGCAGAG-1,-0.02728570793604812,-0.14067349275682836,G1
GAACTGTAGTAGACCG-1,-0.08129026336083395,-0.2441468526049779,G1
GAACTGTAGTCTCCTC-1,0.011877749742933319,-0.11979970392191186,S
GAACTGTCAGCTTTGA-1,0.0947764775601469,-0.04505740651378079,S
GAACTGTGTAACACCT-1,-0.046676811085598235,-0.15078118373733757,G1
GAACTGTGTTCTGAGT-1,-0.01747839118439895,-0.08625733376531408,G1
GAACTGTGTTGGAGAC-1,-0.06101853972158583,-0.1771126317459396,G1
GAACTGTTCATCTACT-1,-0.05331632484228682,-0.2093563521773717,G1
GAACTGTTCGTAGTCA-1,-0.005417289253575708,-0.30490253801971534,G1
GAAGAATAGAGTTGAT-1,0.05705869458381019,-0.19453972057978855,S
GAAGAATAGGAGACCT-1,0.03656285720133201,0.012110194747435021,S
GAAGAATCACTTGACA-1,-0.03939951409328066,-0.06319631143720125,G1
GAAGAATGTAGTCGTT-1,-0.022822845394447122,-0.09200270277929534,G1
GAAGAATGTATGTCAC-1,-0.03804215823056434,0.04165373497188385,G2M
GAAGAATGTGAGCTCC-1,-0.1063656640085836,-0.16601237560274412,G1
GAAGAATTCAACTTTC-1,-0.11874179459444278,-0.16351364830461462,G1
GAAGAATTCAAGAATG-1,-0.10874199770955967,-0.03138926950828608,G1
GAAGAATTCATTCCTA-1,0.03895335517730142,-0.2303475994548019,S
GAAGAATTCGAACGGA-1,-0.0050715421175412945,-0.17321694142561317,G1
GAAGAATTCGGCTGGT-1,0.02220993623668005,-0.12266570745701211,S
GAAGAATTCGTAGTCA-1,0.050080859967914865,-0.13077117221873488,S
GAAGAATTCTAAGCCA-1,0.02551921861764561,-0.2627579224597989,S
GAAGAATTCTAGTACG-1,-0.15154345905389102,-0.13649802550595722,G1
GAAGAATTCTTGGATG-1,-0.047769706291805825,-0.04350967882290968,G1
GAAGCCCAGCATGGGT-1,0.006012549658935273,-0.24524343408055232,S
GAAGCCCAGGGTGGGA-1,0.038218155194022774,-0.015912951284206223,S
GAAGCCCAGGTTCCGC-1,-0.025144260588579048,-0.18648298213712985,G1
GAAGCCCAGTACGTCT-1,0.08040811402403403,-0.010501081694286263,S
GAAGCCCAGTCGAGGT-1,0.051739595700254826,-0.13143921211374104,S
GAAGCCCGTGACCGAA-1,-0.02565085951817697,-0.2273934366332961,G1
GAAGCCCGTGACTAAA-1,0.16138120934945455,-0.3053897528799601,S
GAAGCCCGTGTCATTG-1,-0.0605832920448478,0.031050877403568322,G2M
GAAGCCCTCAAACCTG-1,0.04501557130191308,-0.06405201187627829,S
GAAGCGAAGCCTCATA-1,0.029272119213465397,-0.12091536619537852,S
GAAGCGAAGGCAGTCA-1,-0.05282242849681562,-0.09585527661038429,G1
GAAGCGACAATACGCT-1,-0.037127129514586577,0.011220183189479593,G2M
GAAGCGACAATCTGCA-1,0.09422115553699573,-0.008849078814549272,S
GAAGCGACACTCTCGT-1,0.011177505501635376,0.028835967147481156,G2M
GAAGCGACAGCTGTAT-1,-0.014566106412832291,-0.03524802758265777,G1
GAAGCGACAGGTGACA-1,0.07479466874675611,-0.20631160036637375,S
GAAGCGACATGACGAG-1,-0.011208941054087262,-0.15261995605750528,G1
GAAGCGAGTCCTACGG-1,0.08403617169573385,-0.060096561782839786,S
GAAGCGAGTCGACTTA-1,0.047141658851133694,-0.07885815174970415,S
GAAGCGAGTCGGATTT-1,-0.021205739835012893,-0.11259373839018494,G1
GAAGCGATCGGTCGAC-1,-0.07650681208381216,-0.13183648723640712,G1
GAAGGACCACTTGTGA-1,-0.08530120278603542,0.1030365163880902,G2M
GAAGGACTCCGTGTAA-1,-0.07728123043551655,-0.014192394879602,G1
GAAGGACTCGAAACAA-1,-0.04102093373758503,-0.17500984234906666,G1
GAAGGACTCGGAACTT-1,-0.11035763863579828,-0.2784879882130964,G1
GAAGGACTCTCTGCTG-1,-0.10593914463777288,-0.17657024275748248,G1
GAAGGACTCTGAGGCC-1,0.13663720419135278,-0.21920805305501062,S
GAAGGGTAGTGAATAC-1,-0.05740457334865251,-0.17235256040797267,G1
GAAGGGTCAACACGAG-1,-0.0424762397825057,-0.33616955004445337,G1
GAAGGGTCAGAGTGAC-1,0.21467606650640764,-0.18519661405862076,S
GAAGGGTCAGGTGACA-1,-0.025611005994678165,-0.17077649095559344,G1
GAAGGGTGTCGAGCAA-1,-0.08168044590567974,-0.044862732977070885,G1
GAAGGGTGTCTGATAC-1,-0.04433738330875642,-0.18584992550888918,G1
GAAGGGTGTTAGAAGT-1,-0.006082998279612617,-0.13522218201827213,G1
GAAGGGTTCAGCCTCT-1,-0.022193656330107947,-0.14997566907543555,G1
GAAGGGTTCTTGGCTC-1,-0.09645707127291756,-0.26265533452359163,G1
GAAGTAAAGAATCGAT-1,-0.047864655185224037,-0.16440984537091574,G1
GAAGTAACACCCTTGT-1,-0.009128287979886351,-0.006462967031868827,G1
GAAGTAACACTGTCCT-1,-0.11126962032755666,0.017363388398163315,G2M
GAAGTAACAGTTAGAA-1,0.10148363743376981,-0.1163172069772811,S
GAAGTAAGTACAGGTG-1,-0.03712077600769309,-0.06575941978317296,G1
GAAGTAAGTCAAAGCG-1,-0.014667773969110953,-0.06326965224301156,G1
GAAGTAAGTCGCACAC-1,0.09871011417684167,-0.07649897418793594,S
GAAGTAAGTGCATCTA-1,-0.15962677756612026,-0.14977077213274237,G1
GAAGTAATCATCGGGC-1,-0.04722430619017315,-0.11151238520483775,G1
GAAGTAATCCATGAGT-1,-0.10210452052956531,0.03135550830891601,G2M
GAAGTAATCCCTCTCC-1,-0.024838254003541615,-0.3177254110262098,G1
GAAGTAATCCTGATAG-1,0.18875049604951594,-0.07981174303803562,S
GAAGTAATCGTCGCTT-1,0.018042955046894626,-0.014815451768307175,S
GAAGTAATCGTGGGTC-1,0.08501086895312299,-0.05510338379825619,S
GAAGTAATCTCGAGTA-1,-0.018520368529756637,-0.05915316300632428,G1
GAATAGAAGACCGCCT-1,-0.06624621769357375,-0.18130054560100978,G1
GAATAGAAGATTGGGC-1,-0.02924031347722056,-0.06886662583471564,G1
GAATAGAAGCATCCCG-1,0.0398346659503252,-0.07790271859638992,S
GAATAGAAGCCGTCGT-1,-0.008517407186158843,-0.1147938972473011,G1
GAATAGAAGTAAATGC-1,-0.03098381812950346,-0.0598666284798956,G1
GAATAGAGTACGTGAG-1,-0.05657528799702871,-0.10535418943371494,G1
GAATAGAGTTCAATCG-1,-0.07785758830063177,0.06255291385200207,G2M
GAATAGATCATTGCGA-1,-0.05835337093250986,-0.1907608798155559,G1
GAATAGATCCGCAACG-1,0.004106147906407398,-0.07082834191007978,S
GAATAGATCGGCCAAC-1,0.012531521093393616,-0.050993701798387414,S
GAATCACAGCCTGGAA-1,-0.14076492973243343,-0.13328780789691824,G1
GAATCACAGGCTAGCA-1,0.034598978182694584,-0.0844469726103349,S
GAATCACAGGTCATTC-1,-0.034183159092599724,-0.16439511236529333,G1
GAATCACAGTATGGCG-1,0.10724306681897794,-0.0033809714198888563,S
GAATCACAGTATTAGG-1,0.024234846046573832,-0.07040078853921244,S
GAATCACCAACGGCCT-1,0.007731708413752009,-0.06229116736343421,S
GAATCACCACCCATAA-1,-0.04223106989200798,-0.09618088145942924,G1
GAATCACCAGGCGATA-1,-0.10993594479777788,0.030566293133403144,G2M
GAATCACGTCTTACAG-1,0.045069916183927805,0.009303929479377748,S
GAATCACGTGGATTTC-1,-0.015671354745010024,-0.10157899871714848,G1
GAATCACGTGTTCATG-1,0.00619839296485597,-0.04177226878443463,S
GAATCACTCTAGTCAG-1,0.05889938720957649,-0.08733825644643128,S
GAATCGTAGTCCCGAC-1,-0.10223622092334317,-0.13407237732872135,G1
GAATCGTAGTGATAAC-1,-0.032984890515188936,-0.21827497401235907,G1
GAATCGTCAACAGATA-1,0.15454008093436422,-0.054106150303829426,S
GAATCGTCAATTGCCA-1,-0.008452958944390354,-0.16624261108094024,G1
GAATCGTCACAAATAG-1,0.0025088921878348436,-0.16816959261588366,S
GAATCGTGTAATCAGA-1,-0.02565296878009843,-0.049657970499909554,G1
GAATCGTGTCGCAACC-1,-0.09626266915215548,-0.15658240030080398,G1
GAATCGTGTCTTTATC-1,0.06963834820328574,-0.05525232877383929,S
GAATCGTTCAAGGCTT-1,0.11346748584818112,-0.27908635134055526,S
GAATCGTTCCTAGCGG-1,0.11750038911299204,-0.11799260749475327,S
GAATCGTTCGGAGTGA-1,0.09747808211504344,-0.15411079282162876,S
GAATCGTTCTGGGCCA-1,-0.025015864106979036,-0.0848226127273623,G1
GACACGCAGGCTGAAC-1,-0.06931261099021269,-0.11963077764421387,G1
GACACGCAGTAGACAT-1,-0.05331192544604124,-0.25809636546398895,G1
GACACGCCAAACCGGA-1,-0.0009863884886585628,-0.055874535806612724,G1
GACACGCCACCAAATC-1,0.01402388392956172,-0.029864380380581423,S
GACACGCCACCCAATA-1,-0.005617845336355842,-0.1593559533896,G1
GACACGCCAGGATCTT-1,-0.037809968473121514,-0.10368495741282174,G1
GACACGCCATAGCTGT-1,0.032215996855087636,0.0064501659603777295,S
GACACGCTCCCTCTCC-1,0.008805190019794545,0.0002544012837562004,S
GACACGCTCGTGGCTG-1,0.09286077811252275,-0.0517347605240534,S
GACAGCCAGACCGTTT-1,0.07474080145971096,-0.1329245311729137,S
GACAGCCAGACGCTCC-1,-0.023043800951620036,-0.11113261952630832,G1
GACAGCCAGACTCTTG-1,0.04645950650609665,-0.1624065782217648,S
GACAGCCAGCTTCTAG-1,-0.050349302678778296,-0.08740900750205405,G1
GACAGCCAGGTGCTTT-1,-0.10423052265424398,-0.13446592211384178,G1
GACAGCCAGTCTGCGC-1,0.0008037960521597443,0.023072343325961586,G2M
GACAGCCCACAATGAA-1,-0.008250230355781096,-0.07239378569144561,G1
GACAGCCGTAGACAGC-1,-0.05432411917886931,-0.18785652067229625,G1
GACAGCCGTCGCAGTC-1,-0.0701442957465011,-0.14804852277437375,G1
GACAGCCGTTCCGTTC-1,-0.08277095711403354,0.08990023249453594,G2M
GACAGCCTCGCGTGAC-1,-0.0700331282504213,-0.1296278111769413,G1
GACAGCCTCTGTACAG-1,-0.02408001603655463,-0.08512061417051836,G1
GACATCAAGAATCGAT-1,0.12265346116353704,-0.18583497651042413,S
GACATCAAGCTGTGCC-1,0.19133035278410843,-0.136759812609702,S
GACATCAAGGCTCCCA-1,0.026763236078950703,-0.1339565221869627,S
GACATCACAAGGTACG-1,0.07622183552074724,-0.10333100039046816,S
GACATCACACTGAGTT-1,0.09154187601684821,-0.2631402051557227,S
GACATCACAGGGCTTC-1,-0.07896241899991904,-0.06386770904215028,G1
GACATCAGTACCATAC-1,0.08541145967977759,0.045826787600549646,S
GACATCAGTTAGAGAT-1,0.0020663417150888486,-0.04377176474782507,S
GACATCAGTTTGGAAA-1,-0.04382586283267503,-0.07633424199320554,G1
GACATCAGTTTGGGAG-1,-0.0013590394407591022,-0.23752134501660443,G1
GACATCATCAACCCGG-1,-0.02973156308455477,-0.10215549037208199,G1
GACATCATCACAAGAA-1,-0.07962591390718743,-0.11501647435936127,G1
GACATCATCGCTTAAG-1,-0.012087704772495267,-0.053198295067128754,G1
GACATCATCGGCATTA-1,-0.09790061737833572,-0.2646188688189144,G1
GACATCATCTCTGACC-1,-0.059457103011400614,-0.08541345765265954,G1
GACCAATAGACCGCCT-1,-0.041689782681372356,-0.17041835940048772,G1
GACCAATAGCAACTCT-1,-0.002674389595617832,-0.039906741482791275,G1
GACCAATAGGAGAGGC-1,0.05342157010901033,-0.01178957417958687,S
GACCAATAGTGCCTCG-1,0.016024968763562353,-0.2540497900193621,S
GACCAATCAAATCAGA-1,-0.06311360176908953,-0.1454744659416371,G1
GACCAATGTACTGAGG-1,-0.06304666805144876,-0.007148517894080719,G1
GACCAATGTTGTTGCA-1,-0.05672837789425439,-0.3442417879543891,G1
GACCAATTCTACCAGA-1,-0.055624993107190046,-0.17634676275672267,G1
GACCCAGAGGCACAAC-1,-0.1329676230789248,-0.10176150614406371,G1
GACCCAGAGTAAACAC-1,0.06368199859715751,-0.13645378078037035,S
GACCCAGAGTGCTACT-1,-0.06874380923623569,-0.13371863658218502,G1
GACCCAGCAATCTCTT-1,-0.10495173482143832,0.038759155730191786,G2M
GACCCAGCACCTGCTT-1,-0.007401139573064264,-0.19229210396206486,G1
GACCCAGCAGAGGCTA-1,-0.03754686264596874,-0.08666563101472152,G1
GACCCAGCAGTAGAAT-1,-0.038380412677201325,-0.1781514885725479,G1
GACCCAGCATCTGTTT-1,-0.015864463873825924,-0.15863647178878412,G1
GACCCAGCATCTTAGG-1,-0.0374413562717929,-0.08399924025463093,G1
GACCCAGGTACCGTCG-1,-0.08926306105887283,-0.23695139463566267,G1
GACCCAGGTATACAGA-1,-0.03697096771267783,-0.16507961412416858,G1
GACCCAGGTTGAGTCT-1,-0.028092051883489122,-0.09646602410427707,G1
GACCCAGTCACCCATC-1,-0.08161672501734968,-0.16394640015180034,G1
GACCCAGTCGCATTAG-1,0.08277754660541595,-0.2317546099893039,S
GACCCAGTCGCCAGTG-1,-0.02799644445803212,-0.1908784543983332,G1
GACCCAGTCGCTTGAA-1,-0.06698485030784229,0.14040786543816786,G2M
GACCCAGTCTGCAGCG-1,-0.09868504912242515,-0.061584056250813035,G1
GACCCTTAGATACCAA-1,-0.0799040764726977,-0.010799006567846436,G1
GACCCTTAGCTCCGAC-1,0.1087772233051465,-0.17117954900530946,S
GACCCTTAGGGAGAAT-1,-0.07132967954171776,-0.1020238246574493,G1
GACCCTTCAAACGGCA-1,-0.07659171319839547,0.013960779442510118,G2M
GACCCTTCACCATTCC-1,-0.11594978558949537,-0.23848535537952764,G1
GACCCTTCACCCTGTT-1,0.11182785595162209,-0.0324620554547172,S
GACCCTTCAGCAGTTT-1,-0.05376854270892284,-0.21011202888781064,G1
GACCCTTTCACCGACG-1,-0.07296218502500851,-0.08546172356373744,G1
GACCCTTTCATCGCCT-1,0.08937930976320307,-0.022772586474883783,S
GACCGTGAGAGGGTAA-1,-0.0925615262742932,-0.2269421310075914,G1
GACCGTGAGCCTTTCC-1,0.013426814331342823,-0.18327190897937612,S
GACCGTGAGCGGATCA-1,0.059156828067164324,-0.048641014641766456,S
GACCGTGAGCTGAAAT-1,-0.009440281945851614,-0.21818571936459363,G1
GACCGTGCAACCGGAA-1,-0.05134944164103411,-0.018098289663259493,G1
GACCGTGGTAGGCTGA-1,-0.004269833728667849,-0.06507108275311463,G1
GACCGTGGTGCTCTTC-1,-0.08396004239151444,-0.025642745208913353,G1
GACCGTGGTGGCCTCA-1,-0.034380143883092296,-0.21820646241766833,G1
GACCGTGGTTATGGTC-1,0.07416193605125565,-0.1184639144971234,S
GACCGTGTCCCTCATG-1,0.02991743009077419,-0.18734153548028215,S
GACCGTGTCGCCGAGT-1,0.07058876985577273,-0.052655829375911234,S
GACCTTCAGGTAGATT-1,-0.03726119348774798,-0.03374912740755903,G1
GACCTTCCAAGACCGA-1,-0.01881886169976016,-0.09617166101527835,G1
GACCTTCGTAACCCTA-1,-0.13179633937712842,-0.05936783845235766,G1
GACCTTCGTAGCGATG-1,-0.06710861669520013,-0.17635318827746022,G1
GACCTTCGTCTAATCG-1,0.022564422154626534,-0.07916697367523551,S
GACCTTCGTGCGTTTA-1,-0.020206450365183815,-0.16785193146291538,G1
GACCTTCGTTCCTTGC-1,-0.03299033362991116,-0.1701937563567945,G1
GACCTTCTCAGCTGAT-1,-0.036541684912900496,0.053175815332392184,G2M
GACCTTCTCTTCGTAT-1,0.010250579639855317,-0.2012862741542479,S
GACGCTGAGCGACCCT-1,-0.04934337153164303,-0.11449906744997002,G1
GACGCTGAGGACAGTC-1,-0.020653702194734613,-0.13782387306783722,G1
GACGCTGAGTGCAACG-1,-0.1219483049140751,-0.11273734796303758,G1
GACGCTGAGTTCCAGT-1,-0.013319601470991094,-0.22085069043698785,G1
GACGCTGCACACGGAA-1,-0.017652956931113017,-0.30834009109176674,G1
GACGCTGCAGTCCGTG-1,0.029685500988117675,-0.20162011531174465,S
GACGCTGGTGTTATCG-1,-0.0686524646312236,-0.1279828394168629,G1
GACGCTGTCAGCCTTC-1,-0.04534649629374765,-0.25785947592978004,G1
GACGCTGTCAGTGATC-1,0.050125989038880436,-0.09795236022407505,S
GACGCTGTCCTCTGCA-1,0.07750900644073477,0.05048971868769392,S
GACGCTGTCCTGCCAT-1,0.10487536817473198,-0.17976382625435283,S
GACGCTGTCGATCCCT-1,-0.00475573631580628,-0.006945437315365843,G1
GACGTTAAGGTCATTC-1,-0.07413359343628956,-0.15777364713556863,G1
GACGTTACACGGTGAA-1,0.0769275992803225,-0.027091435037984113,S
GACGTTACACGTCTCT-1,0.0576028350776146,-0.07319046989812311,S
GACGTTACAGGTCCGT-1,-0.06161853823052987,-0.19410837142933945,G1
GACGTTACAGTCTTCC-1,0.10646414014018696,-0.11901967932840751,S
GACGTTAGTAGCTTGT-1,-0.03381983684321693,-0.15472804100762766,G1
GACTATGAGAATACAC-1,0.24122136598711258,-0.1712138365374232,S
GACTATGAGACAGTCG-1,0.019389608446398365,-0.07003105113903857,S
GACTATGAGATGAATC-1,0.031732418481557,-0.13491421076430518,S
GACTATGAGCCGAACA-1,-0.06392234377936379,-0.1725966358156517,G1
GACTATGCAACTCGTA-1,-0.0018038047759390552,-0.06372437330547626,G1
GACTATGCAATGTCTG-1,-0.02997870760117044,-0.2137736310724659,G1
GACTATGCACATATGC-1,0.12671399752168305,-0.14746967483993773,S
GACTATGGTCCGAAAG-1,0.005932557513187109,-0.19087509803251965,S
GACTATGTCTGAACGT-1,-0.03709519711269321,-0.1884349939816617,G1
GACTCAAAGAAGTCCG-1,0.04172874202784288,-0.1262499598349191,S
GACTCAAAGAGTGACC-1,0.00947886153787647,-0.21735488967904829,S
GACTCAAAGATGCGAC-1,0.023586198196302144,-0.2395523993220288,S
GACTCAAAGCGCCTTG-1,0.07283427418936633,-0.19113290761208868,S
GACTCAAAGGGCAAGG-1,-0.032993589365492626,-0.11775469365909846,G1
GACTCAAAGTAACCTC-1,0.020737065360395934,-0.12981011862404684,S
GACTCAACAAGTGCTT-1,-0.0008260069180754392,-0.1503875331863015,G1
GACTCAAGTAACGGTG-1,0.004423527482345452,-0.06727033510944364,S
GACTCAAGTACGGGAT-1,-0.10216957298345186,0.017159793404928736,G2M
GACTCAAGTATTTCCT-1,-0.0006801054863579403,-0.16446815185309843,G1
GACTCAATCCACTTTA-1,-0.08564474854261622,-0.17999244380866566,G1
GACTCTCAGAACGTGC-1,-0.0925821232888977,0.0431367206558505,G2M
GACTCTCAGAAGCGCT-1,-0.04162904605835327,-0.13094959613916635,G1
GACTCTCCAGAATTCC-1,0.012416116514164743,0.05729260438898398,G2M
GACTCTCCAGGCTCTG-1,-0.05679959551364261,-0.2811098948677397,G1
GACTCTCCAGTATGAA-1,-0.03388419679894755,-0.3392778898295431,G1
GACTCTCCATGACAAA-1,0.1365477183299611,-0.06633931009613758,S
GACTCTCTCACAGAGG-1,0.15005220005994518,-0.20769978443472203,S
GACTCTCTCTAGTCAG-1,-0.03887616117030257,-0.0631476596320058,G1
GACTGATAGCTGACAG-1,-0.009015079380452318,-0.004209080754149053,G1
GACTGATCAACATCGT-1,0.036966047491859055,-0.010608331828343476,S
GACTGATCATATACCG-1,-0.05990812904077614,-0.12230964989760629,G1
GACTGATGTCATAAAG-1,0.021143131858391784,-0.035018816264420216,S
GACTGATTCCTTGGAA-1,0.11874834573854776,-0.11391592852209104,S
GACTGATTCTATCGCC-1,0.08327495935742141,-0.1326929951018725,S
GACTGATTCTCAACGA-1,0.03542018658244031,-0.13521132400014926,S
GACTTCCAGACCAGCA-1,-0.050946699716185984,-0.18334547020574915,G1
GACTTCCAGCTACGTT-1,-0.0903350069146569,-0.21485970970048474,G1
GACTTCCCACCAATTG-1,0.009101583918862066,-0.051421275942918954,S
GACTTCCCACGCGTCA-1,-0.050622090821632715,0.030485826278280947,G2M
GACTTCCTCATTGTGG-1,-0.10627150047451916,-0.17622917780792016,G1
GACTTCCTCTCCCATG-1,-0.03758029322684206,-0.09834938844308558,G1
GACTTCCTCTGCTTTA-1,-0.05504478071020069,-0.15686169154707308,G1
GAGAAATAGAATTCAG-1,0.0023057053557277163,-0.20369023875408843,S
GAGAAATAGAGCTGCA-1,-0.037707657904781366,-0.15289817180057275,G1
GAGAAATAGTGAGGCT-1,-0.0676682362324123,-0.08890693194746374,G1
GAGAAATCAGTTCTAG-1,0.0025646723444213704,-0.15851340624215499,S
GAGAAATGTACGGGAT-1,-0.07669591796380432,-0.18885235876906628,G1
GAGAAATGTAGTCTGT-1,-0.042115599773208,-0.08796263550895567,G1
GAGAAATGTTGCGTAT-1,0.04577947182963532,-0.05033498340275305,S
GAGAAATTCAACTACG-1,0.08778432201448694,-0.11019453367268861,S
GAGAAATTCGAGAACG-1,0.01115193423729105,-0.2713341328022985,S
GAGAAATTCGTTACCC-1,0.14013656904688515,-0.15299489880861566,S
GAGAAATTCTCGCTTG-1,-0.0545945686389705,-0.08730425017441779,G1
GAGAAATTCTTCTGTA-1,0.08180033905635742,-0.061745703822728815,S
GAGACCCCAAAGGATT-1,0.056889205793519415,-0.1321656687677935,S
GAGACCCCAAGTAGTA-1,-0.09479472376701581,-0.05774812748467406,G1
GAGACCCCAATGCAGG-1,-0.0293695315799547,0.0052233320410018935,G2M
GAGACCCGTTACTCAG-1,0.168140540241265,-0.04020726146641074,S
GAGACCCGTTGTATGC-1,-0.018457987823803812,0.016029260899807385,G2M
GAGACCCTCGCGTAGC-1,0.00941707873905101,-0.13034784522322992,S
GAGACCCTCTTCACGC-1,-0.007898253177506365,-0.18404271093151503,G1
GAGACTTAGAATCGCG-1,0.04488095884305218,0.012227578401428185,S
GAGACTTAGTTTCGAC-1,0.09176308820331325,-0.05904217561016667,S
GAGACTTCAATAACGA-1,-0.07494214298267804,-0.23821429434943378,G1
GAGACTTCATGCAGCC-1,0.022113727185767817,-0.0791628117847894,S
GAGACTTTCGGTGAAG-1,0.02748002303177055,-0.1526950963819828,S
GAGACTTTCGTGCTCT-1,0.07231609574000253,-0.03542796779747953,S
GAGACTTTCGTGTTCC-1,0.04964067225005375,-0.03756265989982094,S
GAGACTTTCTGAGAAA-1,-0.0815239870417046,-0.2514525195406354,G1
GAGAGGTAGCCGTTGC-1,0.04651811534022121,-0.05639161062035025,S
GAGAGGTCAAATGATG-1,-0.039088555972636885,-0.08361994490484403,G1
GAGAGGTCAAATGGAT-1,-0.027896449680478663,-0.1022481791495761,G1
GAGAGGTGTAGGCTGA-1,0.08728982436689336,-0.156434702810393,S
GAGAGGTGTCCTTTGC-1,0.17391467567800906,-0.09269387240167909,S
GAGAGGTTCAACGCTA-1,0.07460331360171352,-0.11849556923362026,S
GAGAGGTTCGTCGGGT-1,-0.09274757132375278,-0.17569291663428288,G1
GAGATGGAGAATTCAG-1,0.02063489831951304,-0.25460765131785806,S
GAGATGGAGGGATCAC-1,-0.00826828112410194,-0.042262261747749996,G1
GAGATGGAGGTAAGAG-1,-0.047533905488300165,-0.12260778961546509,G1
GAGATGGCAAATTAGG-1,-0.07916387398038716,-0.22123466165479447,G1
GAGATGGCAACTCCAA-1,-0.038595686920332994,-0.18847503665105578,G1
GAGATGGCAAGTGCAG-1,-0.026275835458332064,-0.16468460579445124,G1
GAGATGGCACAACGCC-1,-0.01585149586575324,-0.19834931607150103,G1
GAGATGGCACCGCTGA-1,0.03612170572521084,-0.11216210730549031,S
GAGATGGCACGAGGAT-1,-0.0216450507064872,-0.09831167455472173,G1
GAGATGGCATATTCGG-1,-0.08836499165264222,-0.23129873178546742,G1
GAGATGGGTAGTCACT-1,0.0035128309255447188,-0.11005605915655436,S
GAGATGGTCAGTCAGT-1,0.013932673572353726,-0.09795825976162581,S
GAGATGGTCGCTGACG-1,-0.025576391401199605,-0.16653816248845285,G1
GAGATGGTCGTTGCCT-1,0.10740236179714707,-0.06436695797125086,S
GAGCCTGAGAATCGAT-1,-0.07373085802659848,-0.054011715623030865,G1
GAGCCTGAGGACAGTC-1,0.11558598254414759,-0.09553481795394014,S
GAGCCTGCATTAAAGG-1,-0.19275314324782028,-0.09711140196232637,G1
GAGCCTGGTAGTGCGA-1,-0.07240428645928454,-0.23948985077603946,G1
GAGCCTGTCAAGGAGC-1,0.013678798720561214,-0.07959843635675601,S
GAGCCTGTCACTGATG-1,-0.0809152353302029,-0.13906820162512015,G1
GAGCCTGTCAGGAAGC-1,0.005943887452317276,0.04223930418544419,G2M
GAGCCTGTCGGAATTC-1,-0.05502716750824127,-0.053158253196721794,G1
GAGCTGCCAATGGCAG-1,-0.06331574308822255,0.05383850071556007,G2M
GAGCTGCCACTATCCC-1,0.09578862132188126,-0.06644380272601014,S
GAGCTGCCATCAGTGT-1,0.01880313892804153,-0.013104959005559857,S
GAGCTGCCATCCTTGC-1,-0.1497479592118306,-0.12404923597741335,G1
GAGCTGCGTTTAGAGA-1,-0.044580608901758634,-0.08845605720883687,G1
GAGCTGCTCAGCTCTC-1,-0.025516622578101333,-0.011238441143029548,G1
GAGCTGCTCATCTGTT-1,-0.06340798608975673,-0.16616284201619694,G1
GAGGCAAAGCTGGCTC-1,0.005014344890023059,-0.2265107702801523,S
GAGGCAAAGGACAGTC-1,0.04030477246618536,-0.11364068079966017,S
GAGGCAAAGTAGACCG-1,0.012220265716683748,-0.11493291928598248,S
GAGGCAACAAGAATGT-1,-0.053951912178954176,-0.07071090124502877,G1
GAGGCAACACGTCATA-1,0.0004472811881746086,-0.16462374704789184,S
GAGGCAACAGGTCTCG-1,-0.1655946148493151,-0.16143406711895503,G1
GAGGCAACATGGCCAC-1,-0.02917600991074093,0.0117198501386368,G2M
GAGGCAAGTACCTGTA-1,-0.07884184143440698,-0.161344864338768,G1
GAGGCAAGTATTGACC-1,0.014179530581389044,-0.03249691566082574,S
GAGGCAATCAAGTAAG-1,-0.08803271349661601,-0.19526403387607455,G1
GAGGCAATCGACCAAT-1,0.20530255796976415,-0.20676000941420386,S
GAGGCAATCTCATTTG-1,-0.0910445148041008,-0.10786504733665048,G1
GAGGCCTAGATGCTAA-1,-0.13179608902049383,-0.2518609246366541,G1
GAGGCCTAGCCGATTT-1,-0.11639768301777054,-0.21618962087739924,G1
GAGGCCTAGGGCCCTT-1,0.045286604555662135,0.06969016429701447,G2M
GAGGCCTCAAGATGTA-1,-0.11740523267221017,-0.18579444419511018,G1
GAGGCCTCACATCCCT-1,-0.06678781527142308,-0.05779764898731388,G1
GAGGCCTCAGCAATTC-1,-0.059908596208260945,-0.19113690489454932,G1
GAGGCCTGTAGCGCTC-1,0.19673453308881722,-0.18244851421823408,S
GAGGCCTGTCTGTCCT-1,-0.13417677067545722,-0.11497388899679006,G1
GAGGCCTGTTGAAGTA-1,0.011336569135142083,-0.1458747335372737,S
GAGGGATAGACAACTA-1,0.03799600382259527,0.12550715931740306,G2M
GAGGGATAGGCGATAC-1,0.006519001617581011,-0.23792006915228978,S
GAGGGATAGTCACGCC-1,0.03565766179750207,-0.012895791909670218,S
GAGGGATCACCTGTCT-1,-0.060784879219956345,-0.15626511473834892,G1
GAGGGATCAGGCATTT-1,-0.008269210059412835,-0.18737429394669636,G1
GAGGGATCATCCTGTC-1,-0.029488579182866514,-0.22158914701568222,G1
GAGGGATCATTAAAGG-1,0.004114239941763409,-0.24027578039180794,S
GAGGGATGTCCCTGAG-1,0.03800333426356284,0.037379063170531246,S
GAGGGATGTGAGATCG-1,-0.012684951686455337,-0.17041107446926443,G1
GAGGGATTCAAGCTTG-1,0.036109055165341464,-0.31981640065302885,S
GAGGGATTCGACGACC-1,-0.0739196095499412,-0.19911403268830033,G1
GAGGGATTCGAGTGGA-1,-0.11057542826309202,0.0322804003805684,G2M
GAGGGATTCTGTACAG-1,-0.02473777524519455,-0.13302587461182758,G1
GAGGGTAAGCCAGAGT-1,-0.0027257619816377088,-0.23146545359953224,G1
GAGGGTAAGGGACCAT-1,-0.007324960540250669,-0.04437689336502715,G1
GAGGGTACAAGTTTGC-1,-0.05312725955673542,-0.07591308050239032,G1
GAGGGTACATTCTCCG-1,-0.08215412609032396,-0.17783736426908567,G1
GAGGGTAGTGTCCGGT-1,-0.005460473331880156,0.04442443196481771,G2M
GAGGGTAGTTATTCCT-1,0.09605080718621017,-0.17864258192418359,S
GAGGGTAGTTTAAGGA-1,0.023934296899904395,-0.0979563014775662,S
GAGGGTATCCATTCAT-1,-0.004851220939442513,-0.011258107910561088,G1
GAGTCATAGCCGATAG-1,0.04136276537733424,-0.09109508505815184,S
GAGTCATCAAATGGCG-1,-0.08792803962372514,-0.2940089503067499,G1
GAGTCATCACCAAAGG-1,-0.057073286919178734,-0.27639799208094495,G1
GAGTCATCACCATATG-1,-0.06140876766236536,-0.1602264406827001,G1
GAGTCATCACCCAATA-1,-0.08671482605179381,-0.26452364771842973,G1
GAGTCATCACGACGAA-1,-0.0028921615042707405,-0.18233328004757504,G1
GAGTCATCAGGTGACA-1,-0.029778392708538326,-0.17404465642645467,G1
GAGTCATGTGGATCGA-1,-0.05899648896635251,-0.15173952956478706,G1
GAGTCATTCTATCACT-1,-0.051928839627212176,-0.12496894104154113,G1
GAGTCATTCTGCGATA-1,-0.0802485314574514,-0.1639814394059214,G1
GAGTCATTCTGGAGAG-1,0.028868734826221598,-0.1738511349958334,S
GAGTCTAAGCAACTCT-1,-0.025481799079261014,-0.03194495307592515,G1
GAGTCTAAGCATGATA-1,-0.012517704465892898,-0.2142123584275579,G1
GAGTCTAAGGACGCAT-1,0.021780082641235793,-0.1935785974649011,S
GAGTCTAAGTGCAAAT-1,0.08649279234119456,-0.17114030793635618,S
GAGTCTACAAATCCCA-1,-0.02408351834577621,0.040634427494996295,G2M
GAGTCTACACCGAATT-1,0.04186255669520156,-0.1594162710221546,S
GAGTCTAGTAAGATCA-1,0.10646116631852734,-0.012217553776774026,S
GAGTCTATCAACGCTA-1,-0.06356492717236145,-0.2692677554442043,G1
GAGTCTATCCGTGGCA-1,-0.06962565561014444,-0.3226439814484089,G1
GAGTGAGAGCCAAGTG-1,0.009376889951708212,-0.1390096735571853,S
GAGTGAGAGGCCTGAA-1,0.0009633161346669361,-0.2593064237672539,S
GAGTGAGCAATTAGGA-1,0.027488050740053782,-0.14353177556318597,S
GAGTGAGCAATTTCCT-1,-0.03672900447583316,-0.0260491116061512,G1
GAGTGAGCAGCGAACA-1,-0.052650853271903386,-0.009823760865148412,G1
GAGTGAGCATAGCTGT-1,0.13978783848620518,-0.2827559725591112,S
GAGTGAGGTACGGCAA-1,-0.10950337730796134,-0.08690024498376947,G1
GAGTGAGGTTGCCAAT-1,0.12079286381115584,-0.21847683034310963,S
GAGTGAGTCATTCGTT-1,-0.05950179490400423,-0.17556204411408094,G1
GAGTGAGTCCCACAGG-1,-0.034505585328671984,-0.14876849521542884,G1
GAGTGAGTCGCCGATG-1,-0.0320021509348713,-0.1355327335843916,G1
GAGTGTTAGATTCGCT-1,0.004147060167194294,-0.08561992457168793,S
GAGTGTTAGTCTGGTT-1,0.03395893370253261,-0.018435516212272574,S
GAGTGTTAGTTACGGG-1,0.10239088322060713,-0.1591516800230373,S
GAGTGTTCAATTTCTC-1,0.009732923243729541,-0.14894564376936786,S
GAGTGTTCACTAACCA-1,0.07906156186004926,-0.021245493108261237,S
GAGTGTTCATCTGCGG-1,0.06810843869425187,-0.021960666250275818,S
GAGTGTTGTCCTGGTG-1,-0.02818143851402566,-0.038408850195345734,G1
GAGTGTTGTGAGACGT-1,0.030776857550237624,-0.11588576293879266,S
GAGTGTTTCAGTGTCA-1,-0.013683688192424825,-0.1326740459246187,G1
GAGTGTTTCATTGTTC-1,-0.10605098736603383,-0.22457678132883396,G1
GAGTGTTTCATTTGCT-1,0.010010829454780656,-0.1230952206100398,S
GAGTGTTTCCCAAGTA-1,0.1260326578091266,-0.07860595124258857,S
GAGTGTTTCCTCGCAT-1,-0.024377222503436158,-0.11386294567422489,G1
GAGTGTTTCCTTATGT-1,-0.056980184450398985,-0.05789238242270084,G1
GAGTGTTTCGAGAAAT-1,0.037272408029379867,-0.21092265343833783,S
GAGTGTTTCGCCAGAC-1,-0.04378498457033858,-0.20677684966504095,G1
GAGTGTTTCGCGGACT-1,-0.015741428542067726,-0.03156997988007765,G1
GAGTGTTTCGTCACCT-1,-0.057626895569164005,-0.07973176955743971,G1
GAGTTACAGTGTTCCA-1,0.04056060438712139,-0.13511019903426708,S
GAGTTACAGTTCGCAT-1,0.023048825059287126,-0.21889608205503955,S
GAGTTACCACGCGCTA-1,0.08643638695585387,-0.3659344132125961,S
GAGTTACCAGCACACC-1,-0.07368991194519431,-0.2994248999575218,G1
GAGTTACCAGTCTCTC-1,-0.08153782494450762,-0.18399577613292445,G1
GAGTTACGTATACGGG-1,0.011951193848571934,-0.17897529205719895,S
GAGTTACGTGACTGTT-1,0.09017797549285073,-0.2619019449553037,S
GAGTTACTCTCCACTG-1,0.018298609943089128,-0.1571685844348013,S
GAGTTACTCTTTGCGC-1,-0.05269311892321493,-0.261297253933342,G1
GAGTTGTAGACTCAAA-1,-0.10011692834353825,0.04942050191645464,G2M
GAGTTGTAGATTGGGC-1,-0.005634006951600656,-0.09454560172898441,G1
GAGTTGTAGCGCCATC-1,0.015808792324747523,-0.12634075789269916,S
GAGTTGTAGGAGACCT-1,-0.08741431426002855,-0.2240854547478738,G1
GAGTTGTAGGCAGTCA-1,-0.03441303401308776,-0.08246639368161351,G1
GAGTTGTCACCCTAAA-1,-0.06501920809044498,-0.17711935640411353,G1
GAGTTGTCACTAGAGG-1,-0.017662867988647413,-0.18122185457791667,G1
GAGTTGTCAGACAAAT-1,0.2590804108220984,-0.1910206894429054,S
GAGTTGTCAGCCCACA-1,0.0562230562587922,-0.07481909644644719,S
GAGTTGTGTGCCGTTG-1,0.0256133783848822,-0.20582288220360156,S
GAGTTGTGTTGGGCCT-1,0.020990194735943157,-0.12653430881926037,S
GAGTTGTTCATACGGT-1,-0.11092456648184365,-0.006945852156119703,G1
GAGTTGTTCCCGTGTT-1,0.04108683018723974,-0.15365203713654135,S
GAGTTTGAGAGGTATT-1,0.06614789870174106,-0.16770494704767278,S
GAGTTTGCACGCTGCA-1,0.09380088340973353,-0.15803056066776494,S
GAGTTTGCAGCCGGTT-1,0.06881142615621266,-0.2266938346177129,S
GAGTTTGGTAGCTTGT-1,-0.04539701008552069,-0.08350773472553163,G1
GAGTTTGGTCGCACGT-1,-0.04961835969595313,-0.1765498230112035,G1
GAGTTTGTCATCGCAA-1,-0.003491035057356706,-0.11171331848911026,G1
GAGTTTGTCATCTATC-1,0.006662924397686454,-0.06341339036955743,S
GATAGAAAGAGTTGCG-1,-0.09020147682871626,-0.101224811003919,G1
GATAGAAAGTAACGTA-1,-0.008312631690370442,-0.23294278044913103,G1
GATAGAAGTATCGCTA-1,-0.017498081234160523,-0.08618824851454027,G1
GATAGAAGTCCACTCT-1,-0.051949369437081394,-0.2819891779932905,G1
GATAGAAGTGGTCCCA-1,0.027279402460251234,-0.06545189353172248,S
GATAGAAGTGTGTGTT-1,-0.008704162145248884,-0.02091100022698475,G1
GATAGAATCCGACAGC-1,-0.19078422474703824,-0.20911606465095423,G1
GATAGAATCCTTGGAA-1,-0.08413685602911428,-0.25732313262692835,G1
GATAGCTAGACCAAGC-1,-0.12924253858283957,-0.16445377599470395,G1
GATAGCTAGGGATCAC-1,-0.009124383218252263,-0.17340958756588043,G1
GATAGCTAGTGAGTGC-1,-0.01587787497725185,-0.224965621669662,G1
GATAGCTAGTTACGGG-1,0.1494885896575579,-0.15320123218028156,S
GATAGCTCACCAATTG-1,0.004450066223277732,-0.054709704117482605,S
GATAGCTCACCGTCGA-1,-0.061948956818436984,-0.15099576796567848,G1
GATAGCTGTATCCTCC-1,0.08256675029608185,-0.20059244788315359,S
GATAGCTGTCTAACGT-1,-0.0047891137730905475,-0.2772496956537005,G1
GATAGCTGTTAACCTG-1,0.09871291000376103,-0.20332131438985798,S
GATAGCTGTTATTCCT-1,-0.05302744159375722,-0.10011353691734537,G1
GATAGCTGTTGAGGAC-1,-0.005605057925852974,-0.02966979756219712,G1
GATAGCTTCACCATAG-1,0.053075067764411454,-0.05459773666378903,S
GATAGCTTCGGTATGT-1,-0.0925877506710176,-0.10645004999406021,G1
GATCACAAGAAGCCTG-1,-0.040580216335830255,-0.16158595612891657,G1
GATCACAAGACCAGCA-1,0.0573969451827861,-0.02421041976728694,S
GATCACAAGAGGGTAA-1,-0.02918582440491624,-0.05024924349918436,G1
GATCACAAGCATTGTC-1,-0.02873553158130393,-0.0023700547389355897,G1
GATCACAAGCGAGAAA-1,0.07754680644489736,-0.08310165443225326,S
GATCACACAAACTCTG-1,-0.09797334240785721,0.023624553663441406,G2M
GATCACACACCCTTAC-1,-0.04765360806658936,-0.11753578672751458,G1
GATCACACAGAGATGC-1,-0.10647908421320879,-0.18398137855206864,G1
GATCACACATACCGTA-1,0.13366741216455363,-0.11230209581892697,S
GATCACAGTCGAGCAA-1,-0.05789515878178941,-0.1349991552762286,G1
GATCACAGTGATCGTT-1,0.011385663511820188,-0.19545434029917585,S
GATCACATCCCTCAAC-1,0.02772621125911534,-0.11474745327646557,S
GATCACATCTAAACGC-1,-0.05691113720284291,-0.12950914691310295,G1
GATCACATCTCCGTGT-1,0.026442745313386917,-0.2244041463611467,S
GATCAGTAGAATCCCT-1,-0.05018393589747128,-0.061455141015936965,G1
GATCAGTAGGTCATAA-1,0.011524120915735847,-0.04458828517387886,S
GATCAGTAGGTGCAGT-1,-0.0006589647875470117,-0.07520129794530822,G1
GATCAGTAGTTACGGG-1,-0.036506956506254684,-0.06892673103657843,G1
GATCAGTCAATGTCTG-1,0.055774430296913646,-0.10622406431985826,S
GATCAGTCACAAGCCC-1,-0.0024181071265060305,-0.16268449557644635,G1
GATCAGTCACTGGATT-1,0.09498891979541202,-0.051811206276912436,S
GATCAGTCAGCACCCA-1,0.03435759946699679,-0.046105958382869794,S
GATCAGTCATGAATCC-1,-0.055563689115832426,-0.1300854961652338,G1
GATCAGTCATGGCCAC-1,-0.027729686214376825,-0.15048936672056554,G1
GATCAGTCATGTGCTA-1,-0.03353717569910586,-0.2073599899079195,G1
GATCAGTGTATCTTCT-1,0.12928344277647158,-0.14800789020282587,S
GATCAGTGTATGAGCG-1,0.021306088290216796,-0.10873661574250737,S
GATCAGTGTTCCACGG-1,-0.06874948471411876,-0.13145976231130757,G1
GATCAGTTCAAGCCGC-1,-0.09262353844545052,-0.09281892378493817,G1
GATCAGTTCACTGGGC-1,-0.06188638549159575,-0.19799432778985582,G1
GATCAGTTCCGTGTAA-1,0.010197380811167889,-0.150188617927019,S
GATCAGTTCCTGGCTT-1,-0.020789812363742888,-0.19138941098093465,G1
GATCAGTTCGAGCTGC-1,0.037041789378644,-0.06660516795586394,S
GATCATGAGAGGATCC-1,-0.03320792277466411,-0.05908930672654278,G1
GATCATGAGATGTTCC-1,-0.031051798216950366,-0.1950192625839337,G1
GATCATGAGCACACCC-1,0.09757502581055011,-0.2940310901390631,S
GATCATGAGTCATGAA-1,-0.05202398945583703,-0.24046925742870923,G1
GATCATGCATGTCAGT-1,-0.10604272608209153,-0.0945285911607332,G1
GATCATGGTACCTAAC-1,-0.025561191183884946,-0.12125899601000978,G1
GATCATGGTGGCATCC-1,-0.015146595016918507,-0.14973972682364628,G1
GATCATGGTGGTATGG-1,0.09910876202866531,-0.11757751662459892,S
GATCATGTCAATGTCG-1,-0.0833983589559813,-0.12858184959069785,G1
GATCATGTCGGACTGC-1,0.42996064649266474,-0.1419684711529739,S
GATCATGTCTCATGGA-1,-0.03252192624440442,-0.04624048443798362,G1
GATCCCTAGGACACTG-1,-0.002374823688013339,-0.26086053133672527,G1
GATCCCTCAAACGGCA-1,0.06034721925373915,-0.1641312901582096,S
GATCCCTCAGCCTACG-1,-0.06446314445487616,-0.20954919917966358,G1
GATCCCTCATCTCAAG-1,-0.08045739321777567,-0.17054209090701536,G1
GATCCCTCATGGCACC-1,0.014438784026831242,-0.1491040476617791,S
GATCCCTGTGTAAATG-1,0.04698086571015131,-0.006654804464039266,S
GATCCCTTCGACTCCT-1,-0.08299251406224539,-0.06600096126988714,G1
GATCCCTTCGTTGTGA-1,-0.053630159865564964,-0.09372245205713137,G1
GATCGTAAGCACACAG-1,0.10331955714916907,0.010194293224182971,S
GATCGTACAAAGCTAA-1,0.010725510346674322,-0.14154677338369034,S
GATCGTACACACACTA-1,0.09379291949502389,-0.11147706894355813,S
GATCGTACACCCGTAG-1,0.08531270658124518,-0.013666092730449886,S
GATCGTAGTCCGACGT-1,-0.055183616478230835,0.023950022052150133,G2M
GATCGTAGTGGATGAC-1,0.002133336962973187,-0.10888492089588925,S
GATCGTATCCATATGG-1,-0.08422185868638271,-0.0832952104024205,G1
GATCGTATCCCGATCT-1,-0.09891209371637749,-0.1302283723345226,G1
GATCGTATCGACATAC-1,0.05607392932311578,-0.0702738965393879,S
GATCGTATCTACCCAC-1,0.001281716391615284,-0.15349688348614837,S
GATGACTAGCCAGACA-1,-0.034790941484516225,-0.18930304443072807,G1
GATGACTCAATCAGCT-1,0.0137070889879371,-0.19681034516258683,S
GATGACTCACATGTTG-1,-0.026633235559191865,-0.07934234952651154,G1
GATGACTCAGATTCGT-1,0.012824412327573476,-0.14539747341528136,S
GATGACTCATGTGGTT-1,-0.021791967435722787,-0.06523681181740085,G1
GATGACTGTAGCTGCC-1,-0.09943838662423127,-0.09536869037819862,G1
GATGACTGTATGTCTG-1,0.018842540044200606,-0.11026975893948088,S
GATGACTGTCAAGCGA-1,-0.05158517544997093,-0.015745353988363298,G1
GATGACTGTGCCTTTC-1,-0.07363074170822237,-0.18807307152412453,G1
GATGACTGTTAAGCAA-1,-0.0814014283187508,-0.15397493234156037,G1
GATGACTTCGTTTACT-1,-0.07333651208616271,0.031406893665329116,G2M
GATGAGGAGAAGGCTC-1,0.01822446069697964,-0.07443590390397786,S
GATGAGGAGATTGATG-1,-0.0404285955661271,-0.05908057008571871,G1
GATGAGGAGCGCCATC-1,0.045069293865169446,-0.09052751525923652,S
GATGAGGAGCTTGTTG-1,-0.07116791481782003,-0.2144429429882061,G1
GATGAGGAGGCCTTGC-1,0.003684150361830285,-0.08332238606724313,S
GATGAGGAGTACGAGC-1,-0.07520233052059028,-0.08351359391423446,G1
GATGAGGAGTTTCAGC-1,0.011272888566419892,0.018793193867807756,G2M
GATGAGGCAACGTATC-1,0.018903474643930718,-0.11645985696664202,S
GATGAGGCACAAATGA-1,0.02984252183693925,-0.04922267887252035,S
GATGAGGCACAAGCAG-1,-0.0380402483680185,-0.11845928564866148,G1
GATGAGGCACGTCGTG-1,0.047291756981725996,-0.08570636525351444,S
GATGAGGCAGGAATAT-1,0.06090360452467186,-0.13869471131601532,S
GATGAGGCATGAAAGT-1,-0.03621742256650812,-0.14988073005068375,G1
GATGAGGCATTGTACG-1,-0.1397446155271242,-0.17147155866119732,G1
GATGAGGGTCTCAAGT-1,-0.08281125195455491,-0.16887260663924053,G1
GATGAGGGTTAAACAG-1,-0.025960623279563944,0.008601446382940303,G2M
GATGAGGTCAAACGAA-1,0.05182749454696284,-0.1316533283353957,S
GATGAGGTCCTACCAC-1,0.0049677108662539715,-0.1621915070107942,S
GATGATCAGACATAGT-1,-0.060521571034932165,-0.048513472166579585,G1
GATGATCAGGTCGAGT-1,0.10809543849257292,-0.08863939754649941,S
GATGATCCAAATTAGG-1,0.153388506730801,-0.16605024238061625,S
GATGATCCACGCAGTC-1,-0.015371322704585855,-0.1847628173027806,G1
GATGATCCACGGTGTC-1,0.08865733997861447,-0.08981207938363478,S
GATGATCGTATCCCAA-1,-0.03265695892281867,-0.1850733095441089,G1
GATGATCGTCACGCTG-1,0.018946610691138593,-0.16337673986143073,S
GATGATCGTCAGGAGT-1,-0.039928744496347035,-0.024244778142922474,G1
GATGATCTCATACAGC-1,-0.10295696236639118,-0.3770086726130617,G1
GATGATCTCGACACCG-1,-0.044188115367619185,-0.10356552650422762,G1
GATGCTAAGAATAACC-1,0.04240908778285013,-0.07674879854074534,S
GATGCTAAGGACTATA-1,0.05574427856992137,-0.02244407414511962,S
GATGCTACACCCTTGT-1,-0.04244946148425638,0.0782539306819598,G2M
GATGCTAGTTCATCGA-1,-0.0838984279197767,-0.1522412294200688,G1
GATGCTAGTTTCGATG-1,-0.0264919843168539,-0.25284397401294184,G1
GATGCTATCAGTGGGA-1,-0.003024860592424239,-0.23493490328477565,G1
GATGCTATCCTCAGAA-1,-0.011827499127942842,-0.16465961499310963,G1
GATGCTATCGGTATGT-1,-0.05824781088507908,-0.18269834494629458,G1
GATGCTATCTCTAGGA-1,-0.041049894403315745,-0.07318159936037974,G1
GATGCTATCTTAGTTC-1,-0.06245084655040817,-0.19368344759155848,G1
GATGGAGCAAGTGCTT-1,-0.002847302610244129,-0.10701427213695353,G1
GATGGAGCACCCTGAG-1,-0.08819355271253115,-0.17141967670101835,G1
GATGGAGCATGACTCA-1,0.007266016733281588,-0.17256912787207415,S
GATGGAGGTGGTCTGC-1,-0.0017853951081420183,-0.1098555555442336,G1
GATGGAGTCCGTGTCT-1,-0.042682283163443524,-0.11926317813373855,G1
GATGGAGTCGAAGAAT-1,-0.01684688930393538,-0.015066537189069168,G1
GATGGAGTCGACCATA-1,0.0955193728978605,-0.08400541868861178,S
GATGGAGTCTCCCATG-1,-0.005549287469252262,-0.22475592819109202,G1
GATGTTGAGTATCTGC-1,-0.08117203619889135,-0.17697550114273158,G1
GATGTTGAGTCATAGA-1,-0.038022099953173516,-0.1930738225080675,G1
GATGTTGCAAGAGGCT-1,-0.048771825700171134,-0.09933309621802422,G1
GATGTTGCACGAGGAT-1,0.015102744937586232,-0.10032537296301758,S
GATGTTGGTACCGCGT-1,-0.10318303683242619,-0.22825921874137628,G1
GATGTTGGTACTCAAC-1,-0.06966114307301571,-0.08245605014459256,G1
GATGTTGGTATACCTG-1,-0.04092315134896912,-0.006805982142455369,G1
GATGTTGGTGGCACTC-1,0.07845220871709202,-0.12882623027802642,S
GATGTTGGTGTATCCA-1,-0.08785073856121589,-0.13581258032643312,G1
GATGTTGGTTGGAGAC-1,-0.13692617098909382,-0.1175170490820921,G1
GATGTTGTCATATGGC-1,-0.048885484605281304,-0.28141251620404406,G1
GATGTTGTCCTTTGAT-1,-0.07300367417628673,-0.08208011633322831,G1
GATGTTGTCGAACACT-1,-0.08516399794129154,-0.06802732685275475,G1
GATGTTGTCGCGTGCA-1,-0.04164023751401891,-0.12475754041054038,G1
GATTCGAAGGGTAATT-1,-0.09661135022674106,-0.07014178139451865,G1
GATTCGACATGTTACG-1,0.006145423379167236,-0.0401386592366223,S
GATTCGAGTCCCTGAG-1,0.06098696727000047,-0.14754480930517663,S
GATTCGAGTTCCGTTC-1,-0.03913615891182515,-0.013305440878773611,G1
GATTCGAGTTTGACAC-1,-0.025846011318511497,-0.2128934832764311,G1
GATTCGATCTGACAGT-1,-0.033282736211137476,-0.0729441559283725,G1
GATTCTTAGACTCTTG-1,-0.053848398489036664,-0.14939249344408723,G1
GATTCTTAGGGCATGT-1,-0.039772481054753284,-0.15672243457289697,G1
GATTCTTCAACACGAG-1,-0.011636662479476811,-0.017947419261960695,G1
GATTCTTGTCAGTCTA-1,0.09161252081973925,-0.11118630525809611,S
GATTCTTGTCGGAACA-1,-0.11909895541281845,-0.09538428454209102,G1
GATTCTTGTCGGCACT-1,0.12849296043987984,-0.16794553627494352,S
GATTCTTGTTGATGTC-1,-0.01656750022371528,-0.2054141876245738,G1
GATTCTTTCAGCACCG-1,-0.13143109829271288,-0.1822485560644104,G1
GATTCTTTCATTACGG-1,-0.013475244711656675,-0.09099787549519939,G1
GATTCTTTCCGTAGGC-1,0.04986352615912254,-0.1774184433711009,S
GATTCTTTCGGTATGT-1,-0.036666075462014,-0.17118905766740652,G1
GATTCTTTCGTCTCAC-1,-0.04239903542885526,-0.10032558121567275,G1
GATTCTTTCTTCCCAG-1,0.04265331745372014,-0.037490054428459874,S
GATTGGTAGAGAGTTT-1,0.15109729803624816,-0.1773005704873269,S
GATTGGTAGATCCTAC-1,-0.018199735497733793,-0.16481712176450924,G1
GATTGGTAGCGCCTCA-1,0.047410128398624685,-0.049876768686021755,S
GATTGGTAGGAGCAAA-1,-0.02596286622345695,-0.18462626521616043,G1
GATTGGTAGTGCCCGT-1,-0.08284598385319558,-0.23053126849242295,G1
GATTGGTCACCAATTG-1,-0.03944014670347573,-0.06764964911890814,G1
GATTGGTCACTCATAG-1,0.2214456765055487,0.0507890491127051,S
GATTGGTCACTGCGTG-1,-0.07201811227192173,-0.10191351183943115,G1
GATTGGTCAGAGACTG-1,0.13244838199611197,-0.07373284673531832,S
GATTGGTGTCTCTCAC-1,-0.061177700742950425,-0.04927749118442393,G1
GATTGGTGTTTAAGGA-1,-0.005577287416051846,-0.12648872693884639,G1
GATTGGTTCGTCAAAC-1,-0.03305115153881155,-0.12779905707288552,G1
GATTTCTAGGAAGTGA-1,-0.08639528725900725,-0.04518740038122465,G1
GATTTCTAGTATCTGC-1,0.05554234856497986,-0.06450653355817354,S
GATTTCTAGTTCCGGC-1,-0.13821986521422697,-0.2056111756604197,G1
GATTTCTCAAATCAAG-1,0.1756842714168776,-0.08588591473035945,S
GATTTCTCAGGATTCT-1,-0.054029222359450124,-0.1640872867100775,G1
GATTTCTCAGGCATGA-1,0.04311767068164413,-0.17613674971660886,S
GATTTCTCAGTCGTTA-1,0.02346407107421844,-0.06999654584965243,S
GATTTCTCATATCTGG-1,-0.07546858625647901,-0.11639999748659968,G1
GATTTCTCATCTTAGG-1,-0.10429655970519353,-0.23211430465444965,G1
GATTTCTCATGTGCTA-1,-0.044072630601840634,-0.2141885823695635,G1
GATTTCTGTCTGTGTA-1,0.0545392006994489,0.08762684334151094,G2M
GATTTCTGTTGGCTAT-1,-0.0798511383472964,-0.36582648851704497,G1
GATTTCTTCATCAGTG-1,-0.07592848677056852,-0.21095492244609465,G1
GATTTCTTCCTTCTGG-1,-0.12805761558545034,-0.16696321101815614,G1
GATTTCTTCTGGCCAG-1,-0.08965443222381714,-0.16470974585656803,G1
GCAACATAGCCTCAAT-1,-0.09053786203958147,0.00902882141323147,G2M
GCAACATAGCTTCATG-1,0.004807242076631524,-0.0862872722276109,S
GCAACATCAAAGCACG-1,0.07957282451050696,-0.0341088546314286,S
GCAACATCAACGTTAC-1,0.06346553911275576,-0.28063026651472966,S
GCAACATCAAGTGCAG-1,-0.025313567892134736,-0.15449227048812547,G1
GCAACATCACATTACG-1,-0.06108683153424446,-0.022268661357336378,G1
GCAACATCAGCACAAG-1,0.0033278582256867084,-0.1647803722369141,S
GCAACATCATTCATCT-1,-0.051452117090508454,-0.2193006066538769,G1
GCAACATGTCCAGCAC-1,-0.02132482184054113,-0.03389630269332622,G1
GCAACATGTCCAGCCA-1,0.02582106400575651,-0.15565139787552873,S
GCAACATGTCGAATGG-1,-0.05165310729615491,-0.14054610158982106,G1
GCAACATTCAGCGTCG-1,-0.13587595458892804,-0.1420041796669767,G1
GCAACATTCCATGAGT-1,-0.08427404074638756,-0.06718747537122308,G1
GCAACATTCCCTAGGG-1,-0.017482947801248372,-0.002513700732282964,G1
GCAACCGCACCCAAGC-1,0.100572196209056,-0.13920815683078266,S
GCAACCGCACCCTGAG-1,-0.12216923011029235,-0.01648507943761862,G1
GCAACCGCAGCAGTCC-1,0.08602696348675765,-0.033114754231699794,S
GCAACCGCATTACTCT-1,-0.03704289171736844,-0.024322489424745408,G1
GCAACCGGTATGTCCA-1,0.0017999487405670478,-0.093251804418855,S
GCAACCGGTTCAGTAC-1,0.04455668776667254,-0.029574866077885897,S
GCAACCGTCCCTTCCC-1,-0.018026967029063173,0.060097524795317825,G2M
GCACATAAGATACATG-1,-0.0716404631111163,-0.23210211754627558,G1
GCACATAAGCGATCGA-1,0.0008525795442915762,-0.11208643392346107,S
GCACATAAGGAGTATT-1,-0.015859986392694314,-0.20682223849020004,G1
GCACATAAGGATAATC-1,-0.10660877074442593,-0.15981753155899386,G1
GCACATAAGTGAGTGC-1,0.028553429155756593,-0.15873685736286072,S
GCACATAAGTGTAGAT-1,-0.018505875910242553,-0.16633915547881978,G1
GCACATACACTCACTC-1,-0.05241330061862137,-0.20471536615279257,G1
GCACATAGTACGGTTT-1,-0.012245671563936189,-0.21729981809583498,G1
GCACATAGTGTCCGGT-1,0.09902999633296045,-0.13676558177919299,S
GCACATATCCTAGCTC-1,-0.03329696673703414,-0.0614809515280933,G1
GCACATATCGCAATGT-1,-0.06277786592377654,-0.09256043170394099,G1
GCACATATCGTTCATT-1,0.07017509365421687,-0.13813349376406342,S
GCACATATCTTCGCTG-1,0.0690733804818795,-0.13761788076378417,S
GCACGGTAGCGAGAAA-1,-0.04842489109186987,-0.21843968353583088,G1
GCACGGTAGCGGGTAT-1,0.11074099336060955,-0.03978190311281876,S
GCACGGTAGGCTAACG-1,-0.00464016169582554,-0.19100200233341622,G1
GCACGGTCACTACAGT-1,-0.10430796525571334,-0.15511784803128068,G1
GCACGGTCATACCAGT-1,0.15241015196441693,-0.17581114849629692,S
GCACGGTGTATACCCA-1,0.26012930863852196,-0.1782816643427186,S
GCACGGTGTATAGGAT-1,-0.18976936377676984,-0.06721363157845911,G1
GCACGGTGTCTTGCTC-1,-0.09940503506590925,-0.1131141919205676,G1
GCACGGTGTGAGTGAC-1,-0.01939477456185823,-0.1884228704678661,G1
GCACGGTGTTAGGAGC-1,-0.02567881248471182,-0.053502159311075104,G1
GCACGGTGTTCGGTCG-1,-0.02656705383295349,-0.11331974761146862,G1
GCACGGTTCCTTATCA-1,-0.04450293177079828,-0.03304437485488265,G1
GCACGGTTCGAGTGGA-1,-0.022731297316065324,-0.046396633147727295,G1
GCACGGTTCTCCGATC-1,0.11771434684171189,-0.09741563340742149,S
GCACGTGAGGATGCGT-1,0.07059706169467045,-0.1050551571307608,S
GCACGTGAGTATTCCG-1,0.0558872863988622,-0.10902380201322309,S
GCACGTGCAAGTTCCA-1,-0.08895837866740275,-0.09242641120790662,G1
GCACGTGCACGACTAT-1,-0.09043639161934841,-0.13278953924174586,G1
GCACGTGCAGCTCGGT-1,-0.005448623538175379,-0.04871186753495177,G1
GCACGTGGTGCAGATG-1,-0.0994991789090024,0.0006790978430020189,G2M
GCACGTGGTTGTTGCA-1,0.015543884676724518,-0.11083804586259816,S
GCACGTGTCAGCAATC-1,-0.058520090878008524,0.10898977197134374,G2M
GCACGTGTCGCAATGT-1,-0.10377271284276968,-0.1355446283381968,G1
GCACGTGTCTCTGGTC-1,0.059905075695399324,-0.2312584318006174,S
GCACGTGTCTGTGTGA-1,-0.019161369460855948,-0.1717821193157949,G1
GCACTAAAGAGGATGA-1,0.06226965905985876,-0.057375972416156495,S
GCACTAAAGGCGTTAG-1,-0.1307779355355309,-0.007978249538330373,G1
GCACTAAAGTCAACAA-1,-0.03612656764911465,-0.10363910347730448,G1
GCACTAACAGCCTACG-1,-0.07831859632677152,-0.22326361388345192,G1
GCACTAAGTCGAATGG-1,-0.07211772284920265,0.050948219325283484,G2M
GCACTAAGTGCCGAAA-1,0.06328385892759214,-0.21388617711349092,S
GCACTAAGTTACGGAG-1,0.10670436429890318,-0.11986268885633808,S
GCACTAAGTTAGGAGC-1,0.08062897335734742,-0.012052349846750854,S
GCACTAAGTTGCGGCT-1,-0.11092118878510687,-0.2670313211751014,G1
GCACTAATCCCACAGG-1,-0.033672195945371575,-0.23707867109808625,G1
GCACTAATCCCAGGAC-1,-0.04987854273953857,-0.031502353030421454,G1
GCACTAATCGTGCAGC-1,-0.10156334037444015,-0.18543272015269963,G1
GCACTAATCGTTCCTG-1,-0.0919194305542918,-0.22703736469212268,G1
GCACTAATCTCGCTTG-1,-0.04867720408427534,-0.19772436183814723,G1
GCACTAATCTGTCTCG-1,-0.015920233231094927,-0.1822246780856257,G1
GCAGCCAAGAGAGGTA-1,-0.052110778284665205,-0.2072132462166667,G1
GCAGCCAAGTTCGGTT-1,-0.023113627205039067,-0.156913393635284,G1
GCAGCCACAATAGTAG-1,-0.016399830989102138,0.07334809057511932,G2M
GCAGCCAGTCAAGTTC-1,-0.05615517756853061,-0.03553621406868779,G1
GCAGCCAGTCAGTTTG-1,-0.009367176256552423,0.27383081364481426,G2M
GCAGCCAGTCGCCTAG-1,0.13997905760511298,-0.0337710038404625,S
GCAGCCATCAGGTGTT-1,-0.04336294177532746,-0.0800007366754159,G1
GCAGCCATCTGGACTA-1,-0.022522496972818107,-0.11074508834246821,G1
GCAGCTGAGAGTATAC-1,0.05245228078772818,-0.23484150652981733,S
GCAGCTGAGGCACGAT-1,-0.0012181930596635304,-0.03440446710319389,G1
GCAGCTGAGTAAGACT-1,-0.08565186538989555,-0.23534090411213004,G1
GCAGCTGCAATGTTGC-1,-0.05650449336168972,-0.12115841355635981,G1
GCAGCTGCACACTTAG-1,-0.037140928536612994,-0.17548759954090076,G1
GCAGCTGCAGGACTTT-1,-0.1428377752556964,-0.14689678077417442,G1
GCAGCTGCATACATCG-1,0.09025370703298408,-0.030021526459247827,S
GCAGCTGCATTCCTCG-1,0.020436748334387744,0.01931276498353479,S
GCAGCTGGTATCATGC-1,-0.05148000260980834,-0.0650921229461579,G1
GCAGCTGGTTGGGAAC-1,-0.03767662700340557,-0.018348877215192794,G1
GCAGCTGTCACCTACC-1,-0.06869080012310469,-0.2141898556720059,G1
GCAGGCTAGCGTGTCC-1,-0.08602273233676655,-0.16454018739698284,G1
GCAGGCTAGTTGCGCC-1,-0.014791061371167868,-0.10020575399283788,G1
GCAGGCTCAACTAGAA-1,0.016573945928974182,-0.17733847144686532,S
GCAGGCTCAATGCAGG-1,-0.09397386244893019,-0.09487040619271475,G1
GCAGGCTCACGAGGAT-1,0.045222395531711146,-0.14685893435382746,S
GCAGGCTCATGTACGT-1,-0.04435259909454842,-0.1938293233914106,G1
GCAGGCTGTCTGCATA-1,0.06668886403451316,0.046951795476165376,S
GCAGGCTGTGCGACAA-1,0.02276283148503988,-0.14070520375533258,S
GCAGGCTGTGTAGGAC-1,-0.09573679432985821,-0.2870843286524103,G1
GCAGGCTGTTAGAGTA-1,0.2886762957103478,-0.22335771059271256,S
GCAGGCTTCATTCACT-1,-0.003120369918691135,0.009760135992001984,G2M
GCAGGCTTCTATCGCC-1,0.03632230589442659,-0.14751001165309882,S
GCAGTTAAGAGCATTA-1,0.06577687016927253,-0.14259919780170377,S
GCAGTTAAGGTTAAAC-1,-0.05475136207162401,-0.18284336589654565,G1
GCAGTTAAGTCCCTAA-1,0.06423552744859262,-0.10673219274201579,S
GCAGTTACAATGTGGG-1,-0.014076336085672325,-0.07647103077975026,G1
GCAGTTACACGTCTCT-1,0.0007962793714639815,-0.1450611932997642,S
GCAGTTACACTAGGTT-1,-0.03705291662040333,0.05761392430357132,G2M
GCAGTTACACTCCCTA-1,-0.015676951539841222,-0.11251048609962105,G1
GCAGTTACATGTGGTT-1,0.09225237239951606,-0.12936818886212703,S
GCAGTTAGTGTCCTAA-1,-0.03728664156227213,-0.06479610931629254,G1
GCAGTTATCAAGAATG-1,0.06681858695684384,-0.1689058506442817,S
GCAGTTATCGAGATGG-1,0.1022456275169471,-0.03495064608689913,S
GCATCGGAGACTTAAG-1,0.020211040301484573,-0.22568773035250486,S
GCATCGGAGCACGATG-1,0.0712662674039371,-0.20821449920705962,S
GCATCGGAGTACTCGT-1,-0.02832322456508307,-0.28478310339683,G1
GCATCGGAGTGACCTT-1,-0.07446107876464447,0.06621607176438954,G2M
GCATCGGCAGCAATTC-1,-0.09403558827650549,-0.09694356240694035,G1
GCATCGGCAGTTGCGC-1,-0.11526907454918789,-0.27269163881263625,G1
GCATCGGCATCAGTCA-1,-0.042845424735664994,-0.12260290673904617,G1
GCATCGGCATCCGAAT-1,-0.04937765690760215,-0.07906266727593658,G1
GCATCGGGTACCATAC-1,-0.03434723858878558,-0.05062308281583611,G1
GCATCGGGTGTCCAAT-1,-0.02846669136502067,-0.1581549695988236,G1
GCATCGGGTTGGACTT-1,0.103435395867431,-0.10917300348030679,S
GCATCGGTCATCGTAG-1,-0.021466904549498844,-0.2843987602879867,G1
GCATCGGTCGTAATGC-1,-0.06548450344566054,-0.02834811395481318,G1
GCATCGGTCTGGAGAG-1,0.032373487797556444,0.007124682877497512,S
GCATCTCAGAGAGCGG-1,0.1575657430366187,-0.10344711808271279,S
GCATCTCAGTCGAGGT-1,0.1602632292038595,-0.11797932333569461,S
GCATCTCAGTGTCATC-1,0.009795561581306289,-0.03327355844161006,S
GCATCTCAGTTATGGA-1,0.03494182358413089,-0.06490568793175983,S
GCATCTCCAAGCCATT-1,-0.10168695983934575,-0.12960578982775495,G1
GCATCTCCACATAGCT-1,-0.1001086417102996,0.08550899210589252,G2M
GCATCTCCAGAGGACT-1,-0.038766916373083216,-0.09740357153215057,G1
GCATCTCCAGGAATAT-1,-0.06849699621663619,-0.19210259432883628,G1
GCATCTCCATCCGAAT-1,-0.07615074706475375,0.09591862000703807,G2M
GCATCTCCATGACAAA-1,-0.041971935643225045,-0.027970034829828627,G1
GCATCTCGTTCTCCAC-1,-0.1247430121640844,-0.03123526491368206,G1
GCATCTCTCATGAGTC-1,0.07570896335163868,-0.026912671781078534,S
GCATCTCTCATGGATC-1,0.056437190511087726,-0.09832764577393699,S
GCATCTCTCATTGCTT-1,-0.020241940091385108,-0.053994721783571786,G1
GCATCTCTCGAGTACT-1,-0.045941382134153885,-0.1611760673305225,G1
GCATGATAGAGTGGCT-1,-0.006798005155697173,-0.22248489148908965,G1
GCATGATAGCAACTCT-1,-0.03687684263905722,-0.08426069239968498,G1
GCATGATCAAGTGGAC-1,-0.07024788600164011,-0.2888969821429566,G1
GCATGATCAGAGAATT-1,0.002076635372398161,-0.1543818743091212,S
GCATGATCAGGAACCA-1,-0.025688327427157653,-0.11627114482239981,G1
GCATGATCATGACAGG-1,-0.015031113064135848,-0.13215044448498586,G1
GCATGATGTAGCTGAG-1,0.014716793914564319,-0.18542253092005992,S
GCATGATGTATGCGTT-1,0.008643384911622476,-0.10990651497394699,S
GCATGATGTCAAGGCA-1,-0.08534296164541993,-0.13738471023149157,G1
GCATGATGTCTGTAGT-1,-0.07326180712786434,0.006994516145868213,G2M
GCATGATGTGTGTTTG-1,-0.1040950693359437,-0.1533906342998102,G1
GCATGATTCAAACGTC-1,-0.022245246642476346,0.12171042398061221,G2M
GCATGATTCGCTGTTC-1,0.062421914079302976,-0.20933388707408612,S
GCATTAGAGATTGGGC-1,-0.05816912337126012,0.00014873783818075692,G2M
GCATTAGAGCAAATCA-1,0.14477396993274022,-0.19491619701158117,S
GCATTAGCACAGCGCT-1,0.09093035217872586,-0.12700613023615015,S
GCATTAGCAGTAGTTC-1,-0.0041106762316314716,-0.1118530303199769,G1
GCATTAGCATGCCATA-1,-0.05551417886842802,-0.14987204119927483,G1
GCATTAGGTAGATCGG-1,-0.0550041840707865,-0.09802625351281063,G1
GCATTAGGTGGAATGC-1,-0.15915675788130007,-0.13985398297052454,G1
GCATTAGGTGGGCTCT-1,-0.06122892439585409,-0.1572802202755625,G1
GCATTAGGTTCGTGCG-1,-0.1101084442535078,-0.16775879622641793,G1
GCATTAGTCAGCTCTC-1,-0.13772462454771786,-0.21813840859264189,G1
GCATTAGTCATTTCGT-1,0.013068604006832296,-0.07954095179924817,S
GCATTAGTCCGTGGGT-1,-0.1608402420766853,-0.12338314296425523,G1
GCATTAGTCGTAGTGT-1,0.016859147984376655,0.1319045444238376,G2M
GCATTAGTCGTCTACC-1,-0.10911087135784,0.01017006880126814,G2M
GCATTAGTCTCACTCG-1,-0.06879915399279102,-0.060166339522380374,G1
GCCAACGAGACCAACG-1,0.04029245594149511,-0.06648395891815284,S
GCCAACGAGATGCTAA-1,-0.0478672829760553,-0.06052330073618184,G1
GCCAACGAGTTCCATG-1,-0.062412769627816334,-0.2281138008110618,G1
GCCAACGCACATGAAA-1,0.09835946790129108,-0.08311000604452906,S
GCCAACGCAGAGGCTA-1,-0.04853957399215214,-0.1074114687092016,G1
GCCAACGCATTCTGTT-1,-0.029605497347886284,-0.1973326195137975,G1
GCCAACGGTAGATTAG-1,0.128560838289476,-0.06592203675946334,S
GCCAACGGTCGAAGCA-1,-0.053307304938618405,-0.0893835652474407,G1
GCCAACGGTGTGTGGA-1,-0.01261589040625316,-0.14564519180458446,G1
GCCAACGGTTGCTAGT-1,-0.03420149261550787,-0.20235432801642728,G1
GCCAACGTCCTACCAC-1,0.05693431205335159,-0.13442847926520168,S
GCCAGCAAGCTGAGCA-1,-0.05169465492218106,-0.12890729507511006,G1
GCCAGCAAGTACTGTC-1,-0.059408805149059996,-0.16314431274500887,G1
GCCAGCAAGTGATTCC-1,0.07551424095351073,-0.030578778272083496,S
GCCAGCACACGAAGAC-1,-0.07530438845279913,-0.18785481366967552,G1
GCCAGCAGTCCGGTCA-1,-0.06938057266385314,-0.17549263675499208,G1
GCCAGCATCGCTGACG-1,0.09690726992583404,-0.04886849681878286,S
GCCAGCATCTATTCGT-1,-0.014099648611313409,-0.136393041615545,G1
GCCAGCATCTCTGGTC-1,0.060096840600177115,-0.0637213992424997,S
GCCAGCATCTGAGATC-1,-0.06353794753473935,-0.15908222832016505,G1
GCCAGGTAGACTTGTC-1,-0.0662223972443407,-0.2990922559823018,G1
GCCAGGTCATGTTCGA-1,0.02242188517916513,-0.08987164580187171,S
GCCAGGTGTAGGCTGA-1,-0.15917298762277876,-0.16943621615878474,G1
GCCAGGTGTCAAGCCC-1,0.03520896156606529,-0.20212004597657734,S
GCCAGGTTCACCTGTC-1,-0.027586253235056535,-0.06985166102682633,G1
GCCAGGTTCCAAGCAT-1,-0.13218694694302058,-0.21072269649964037,G1
GCCAGGTTCCTGGGTG-1,-0.05953182053118061,-0.177303889180067,G1
GCCAGGTTCGAAACAA-1,-0.021874678503669198,-0.20684294365797035,G1
GCCAGGTTCGACACTA-1,-0.01612833960502169,-0.10123246333603791,G1
GCCAGGTTCTGAGAAA-1,-0.06150737422644498,-0.2581686982976521,G1
GCCAGTGAGCGCCTTG-1,-0.06290276074282072,-0.17274134506938815,G1
GCCAGTGAGGACTGGT-1,-0.08770753658705846,-0.09936164477570064,G1
GCCAGTGCACGTGAGA-1,0.038545737037236905,0.007647504405859817,S
GCCAGTGCAGCCGGTT-1,-0.036107621604433815,-0.2565194120405939,G1
GCCAGTGCATAAGCGG-1,0.2210304983905183,-0.028447792521029636,S
GCCAGTGCATCACCAA-1,0.006857915986588137,-0.13873573271130007,S
GCCAGTGGTCGCCACA-1,0.0719177877433495,-0.10998808273340194,S
GCCAGTGGTGCATTAC-1,0.019871400373536463,-0.06197950162646709,S
GCCAGTGGTGTTAGCT-1,-0.036178661487748176,-0.01731406143223363,G1
GCCAGTGTCTATTGTC-1,0.23732281470420924,-0.04810034267655977,S
GCCAGTGTCTCTCCGA-1,-0.004776564707406394,-0.13405580683589957,G1
GCCATGGAGAGAGTTT-1,0.00843800410438425,-0.10993707838563331,S
GCCATGGCAAGACCGA-1,-0.025332337655739445,-0.18902672653167613,G1
GCCATGGCAATGTGGG-1,-0.013214772285160326,-0.1062700031311079,G1
GCCATGGCACCCAAGC-1,-0.0004600712338403423,-0.10085266156160227,G1
GCCATGGCATAGGCGA-1,-0.0390876577539479,-0.1621479932418732,G1
GCCATGGGTATCGAGG-1,-0.05124702519734853,-0.13150730602128644,G1
GCCATGGTCATAGACC-1,-0.08327567321171292,-0.10841631696670856,G1
GCCATGGTCGTGCATA-1,-0.05228719773100704,-0.10704688792175182,G1
GCCATTCAGAATCGTA-1,-0.02719032943025701,-0.12607817599654936,G1
GCCATTCAGAGGCCAT-1,0.007174456659250594,-0.18106659855314178,S
GCCATTCAGGATTTGA-1,0.0798119262191948,-0.16387195824191036,S
GCCATTCCAACCAGAG-1,-0.013792787748522828,-0.07665609113686478,G1
GCCATTCCACTAAACC-1,0.014245202444038207,-0.07842279450550044,S
GCCATTCCAGATTTCG-1,0.006420378272525895,-0.043329794820158585,S
GCCATTCCATTCCTAT-1,-0.09460635432611547,-0.08327438392177744,G1
GCCATTCCATTGACTG-1,-0.015241378234578495,-0.1374897302594239,G1
GCCATTCGTATAGGAT-1,0.014976336597417705,-0.20733618037569526,S
GCCATTCGTATTGAGA-1,-0.05936343757160917,-0.07345620970750733,G1
GCCATTCGTCCAGCGT-1,-0.054710200682867416,-0.13517795460407211,G1
GCCATTCGTTAAGAAC-1,0.01669259748146401,-0.22182236335656785,S
GCCATTCGTTGTTTGG-1,0.056573258274991156,-0.013094882912820849,S
GCCATTCTCACTGCTC-1,-0.08207058331325809,-0.15312327540967607,G1
GCCATTCTCGGCTCTT-1,0.052234556748505384,-0.09996713235449718,S
GCCCAGAAGACAGTCG-1,-0.007751214131449247,-0.1436512039416543,G1
GCCCAGAAGAGGTTAT-1,0.1312502540684959,-0.02151407651268883,S
GCCCAGAAGATTACCC-1,-0.07528545456543395,-0.020512378844367907,G1
GCCCAGAAGCCGGATA-1,-0.016993263254296564,-0.13677898274017658,G1
GCCCAGAAGTCTGCGC-1,0.06129162293800958,-0.020341110302732696,S
GCCCAGACAAGGCAAC-1,-0.020381192667806858,-0.1773636191576189,G1
GCCCAGACAGAGTGAC-1,0.07520579802302926,-0.03644996030376477,S
GCCCAGAGTACCGTGC-1,0.03195033661749641,-0.0723435440850479,S
GCCCAGAGTTGCTCGG-1,0.049562966730468117,-0.15200356748173882,S
GCCCAGATCAGGTAAA-1,-0.037008564970969715,-0.09851714027634759,G1
GCCCAGATCTAGTCAG-1,-0.027419612716275243,-0.1563524178601538,G1
GCCCGAAAGAGCTGCA-1,-0.004964127028651455,-0.09771132664346488,G1
GCCCGAAAGCTGCGAA-1,-0.008620923527405788,0.005333654813067579,G2M
GCCCGAACAGGTTCCG-1,-0.05009649314409759,-0.14777958680024839,G1
GCCCGAAGTCAGCGTC-1,-0.05686576682856287,-0.11069147442796762,G1
GCCGATGAGACTACGG-1,0.09472185183120879,-0.12797521629770942,S
GCCGATGAGCCATCCG-1,-0.031233621590071647,-0.13434103395698638,G1
GCCGATGAGCTGTGCC-1,0.0852913230917886,-0.08689157417615229,S
GCCGATGAGCTTGTTG-1,0.09029059313681398,-0.24534323328133475,S
GCCGATGAGGTGGGTT-1,-0.029176826924381782,-0.23322895342944178,G1
GCCGATGAGTGGCCTC-1,-0.02223307901256888,-0.21235808351074717,G1
GCCGATGCAATGTGGG-1,-0.026227370271235728,0.05491501653346109,G2M
GCCGATGCAGCGACAA-1,0.19384341910218428,-0.05819806026746177,S
GCCGATGGTGATAGAT-1,-0.06206833459270017,-0.19902076053371368,G1
GCCGATGTCAACTTTC-1,0.024231851499277812,-0.18283887194373694,S
GCCGATGTCGCTTGAA-1,0.11510977337919459,-0.23032884997438322,S
GCCGATGTCGTGGCTG-1,0.05006848094298255,-0.1454768805638425,S
GCCGATGTCTCGGTCT-1,0.12806601931368472,-0.06067371406693001,S
GCCGTGAAGATAGCAT-1,-0.0380127467256583,-0.008545910155444647,G1
GCCGTGAGTTATTCCT-1,0.06270816874483576,-0.2557135174603319,S
GCCGTGATCAGCCCAG-1,0.0217858935632545,0.13370374968832044,G2M
GCCGTGATCCACTGGG-1,0.00672690050881064,-0.12585305810555183,S
GCCTGTTAGACTACGG-1,-0.07038309442763119,-0.07110437613542453,G1
GCCTGTTAGCATTTCG-1,0.01925786663368101,-0.2252345871730185,S
GCCTGTTAGCCATTCA-1,0.09071511046288006,-0.0626982296617794,S
GCCTGTTAGGAGGGTG-1,-0.0026923714293726198,-0.18074502607540702,G1
GCCTGTTAGTGATTCC-1,-0.03953904842195788,-0.0869890951609675,G1
GCCTGTTCAAAGCTAA-1,-0.13397456811708022,-0.1532822672483873,G1
GCCTGTTCACAGCATT-1,0.15143496414641056,-0.10604225071335482,S
GCCTGTTCACTGCACG-1,-0.039399285254448024,-0.08721435387343912,G1
GCCTGTTCAGTGTATC-1,-0.1105980094259672,-0.25128568542727087,G1
GCCTGTTGTTTGGCTA-1,-0.09024228166215992,-0.051893553681308935,G1
GCCTGTTTCAAGAGGC-1,-0.023239783345575638,-0.09946670968007434,G1
GCCTGTTTCTCAGGCG-1,-0.04271265970377436,-0.07125952148384235,G1
GCGAGAAAGAGCAGTC-1,0.16247269585905155,-0.1604831668857155,S
GCGAGAAAGTATAGAC-1,-0.06743351419666543,-0.06750775620310351,G1
GCGAGAACAACCCTAA-1,-0.011861421142432271,-0.1186283280957528,G1
GCGAGAACACCTCTGT-1,-0.07075932509484034,-0.17194252399671425,G1
GCGAGAACACTTACAG-1,0.06631882696993086,-0.0859795793873527,S
GCGAGAACAGCTGTTA-1,-0.10121212576055233,-0.2331424613627582,G1
GCGAGAACATATGCGT-1,-0.10062769529238613,0.0377451165744106,G2M
GCGAGAACATCGATGT-1,0.07422631624762344,-0.07064694485882339,S
GCGAGAAGTCCGACGT-1,-0.03228877481419856,-0.20246544762830226,G1
GCGAGAATCGGACTTA-1,-0.0502169575592748,-0.13585740143797564,G1
GCGAGAATCTTCTAAC-1,0.011432245850831302,-0.1788532903493923,S
GCGATCGAGCAGTAAT-1,-0.12130498361702913,-0.07705725120107787,G1
GCGATCGAGGCTTAGG-1,-0.13104028878928214,-0.18774144287839115,G1
GCGATCGCAATACGAA-1,-0.03537481244133239,-0.17144857441605182,G1
GCGATCGCATACAGGG-1,0.015596517317238295,-0.15240040019027368,S
GCGATCGCATGTACGT-1,-0.02647529067355231,-0.08885904695347974,G1
GCGATCGGTAGCTGTT-1,0.025752982618124032,-0.014860289192502651,S
GCGATCGGTCTCCTGT-1,-0.08051554094690672,-0.11442867232644902,G1
GCGATCGTCCTACCGT-1,-0.148522039321278,-0.2231728218014295,G1
GCGATCGTCCTCAGAA-1,-0.10992403604432588,-0.05371708116139701,G1
GCGATCGTCGACACTA-1,-0.010579928464823751,-0.06141617291759294,G1
GCGATCGTCTTGGATG-1,-0.09694618019037626,-0.20336438337265494,G1
GCGGAAAAGACCTCAT-1,-0.06237511846993643,-0.24588941426250777,G1
GCGGAAAAGTCAGAGC-1,0.005697342103827052,-0.08477785353731909,S
GCGGAAACAGTCGCAC-1,-0.006412917803248069,-0.03366901290574226,G1
GCGGAAAGTACGCTTA-1,-0.00437193742864328,-0.0478184241776467,G1
GCGGAAAGTCCATAGT-1,0.13469650018489054,-0.16731870306115987,S
GCGGAAAGTCTACGTA-1,-0.09503907722587185,-0.27001451452659836,G1
GCGGAAAGTGATATAG-1,-0.006415315300248858,-0.13857272519677966,G1
GCGGAAAGTTAAACCC-1,-0.08904918914269444,0.046963743196156205,G2M
GCGGAAAGTTAAGTCC-1,-0.057186038697779495,-0.02484464093585287,G1
GCGGAAAGTTAATGAG-1,-0.02898970868465528,-0.11850310737716796,G1
GCGGAAATCAAGCGTT-1,-0.11300749071072963,-0.18897244910833638,G1
GCGGAAATCAAGGCTT-1,-0.0733377903017971,-0.06823507970820891,G1
GCGGAAATCCCACAGG-1,-0.06273686135145773,-0.17000502540306472,G1
GCGGAAATCCGCATAA-1,-0.01073589625084903,-0.1276192594106766,G1
GCGGAAATCCTTCAGC-1,0.09000425737939954,-0.15807240520285068,S
GCGGAAATCGATTTCT-1,-0.037595295532112216,-0.13075744904956288,G1
GCGGAAATCGGCTTGG-1,-0.04525922472895744,-0.14631050076172664,G1
GCGGAAATCGTGTGAT-1,0.027296652074408068,-0.10644834605422338,S
GCGGAAATCTAGCATG-1,-0.0085105728348005,-0.12816431090708286,G1
GCGGATCAGCAAGCCA-1,0.017118766391786222,-0.21226366462658913,S
GCGGATCAGTGTAGTA-1,-0.0907181934902136,-0.11486255996707032,G1
GCGGATCCAACTCATG-1,0.027643232536226192,-0.055057958352855596,S
GCGGATCCAAGAGCTG-1,-0.11902935343923876,-0.3168684765640607,G1
GCGGATCCAGAACGCA-1,-0.012357508876371659,0.02945477006247843,G2M
GCGGATCCAGCTGTGC-1,-0.049240823410649615,-0.14388262224532794,G1
GCGTGCAAGAAACTAC-1,-0.04562303904245543,0.012748215898587711,G2M
GCGTGCAAGGGTTAGC-1,-0.08575321494830496,-0.17818674988681976,G1
GCGTGCAAGTCTTGGT-1,0.1825468614063105,-0.13940396121719556,S
GCGTGCAAGTGCTCAT-1,-0.11045532001522829,-0.19025428722968113,G1
GCGTGCAGTACGAGCA-1,0.09342678609274402,-0.02691597883856922,S
GCGTGCAGTCGATTTG-1,-0.10184415370358146,-0.273702239169608,G1
GCGTGCAGTCTTCCGT-1,0.18354099416966602,0.008440599096465773,S
GCGTGCAGTGTCGCTG-1,-0.02626494985938671,-0.13903868419572712,G1
GCGTGCATCACGACTA-1,0.01040088418614632,-0.09154043403537465,S
GCGTGCATCGCATTGA-1,0.012762111905170181,-0.1747950422610477,S
GCGTGCATCTCGCTCA-1,-0.09047882178241984,-0.1857828433686797,G1
GCGTTTCAGATACGAT-1,0.10885876510446624,-0.021528022099891242,S
GCGTTTCAGGTATCTC-1,-0.054497479864008935,-0.08885804921835458,G1
GCGTTTCCAAAGCTCT-1,-0.06665206854471767,-0.06980855873625522,G1
GCGTTTCCAAGGCTTT-1,0.028145934949177887,-0.058801607822382695,S
GCGTTTCCACCCTCTA-1,0.014876742995111991,-0.12475846996543405,S
GCGTTTCCACCCTGAG-1,-0.07856786457445417,-0.08320104170109416,G1
GCGTTTCCACGCGTGT-1,0.0978444663589571,-0.1756218402244599,S
GCGTTTCCAGTGGGTA-1,-0.04229188964390568,-0.11139894791452393,G1
GCGTTTCCATAGCACT-1,0.030006667875027926,-0.07539943024718193,S
GCGTTTCCATTGCTTT-1,-0.06163801227777338,-0.15663101773290908,G1
GCGTTTCGTACTCCCT-1,-0.0009747956799120994,0.06059044736130742,G2M
GCGTTTCGTAGGCAGT-1,-0.030706645560714896,-0.16187589006628858,G1
GCGTTTCGTCAAGGCA-1,-0.13053135442642627,-0.1738188067298676,G1
GCGTTTCTCGACTCCT-1,0.02668051660434989,-0.12513905374848133,S
GCTACAAAGAGCCGTA-1,-0.12514075398873042,-0.18697453563874553,G1
GCTACAAAGATGACAT-1,-0.02407354226600336,-0.09312072997131235,G1
GCTACAAAGGACCCAA-1,-0.11004429139247485,-0.2133279775313528,G1
GCTACAACAAAGTATG-1,-0.032212757383149104,-0.28334112223786856,G1
GCTACAACACGACAAG-1,-0.04952938240481913,-0.16317806547178668,G1
GCTACAACATGTACGT-1,-0.04134179544677405,-0.151052470273214,G1
GCTACAAGTCTCGGAC-1,-0.021898615579065417,-0.18128685345916964,G1
GCTACAAGTGTGGTCC-1,0.0025492983841936545,-0.13453138332564363,S
GCTACAATCAATGCAC-1,-0.08125855882777472,-0.23206458841535288,G1
GCTACAATCACCCTCA-1,0.04605316789116459,-0.16141071628854664,S
GCTACAATCCAATCCC-1,-0.04350691614319091,0.03161091152247952,G2M
GCTACAATCTACACTT-1,-0.12132054924897712,-0.27560865133129486,G1
GCTACCTAGCAGGGAG-1,0.004312351902944156,-0.1817028543173569,S
GCTACCTAGGCCCACT-1,-0.044102121404130945,-0.22143672444880205,G1
GCTACCTGTAAGGCCA-1,0.01869634150191679,-0.1258687877976289,S
GCTACCTGTGGCTGAA-1,-0.03827230513865543,-0.11591685167616606,G1
GCTACCTGTTCTCTCG-1,0.1118466395538733,-0.21445805576237842,S
GCTACCTTCCGCGATG-1,-0.08094256356914953,0.07452957781590491,G2M
GCTACCTTCTCCCATG-1,-0.04545443244971037,-0.13480465407104608,G1
GCTCAAAAGGAGGTTC-1,-0.07601619100322726,-0.12883771012449552,G1
GCTCAAACAAATCCCA-1,0.05473307648281256,-0.180243573956059,S
GCTCAAACAAATGCGG-1,-0.05478051778790338,-0.0739488535934591,G1
GCTCAAACACAGAGCA-1,0.002129460864797178,-0.19732139526412998,S
GCTCAAACAGACTCTA-1,-0.09345893140932665,-0.1832228334280499,G1
GCTCAAACAGGCCTGT-1,-0.08258946252193244,-0.11617837982486673,G1
GCTCAAACAGTTTCGA-1,-0.0016075755173437511,0.057587943540583164,G2M
GCTCAAAGTATCAGGG-1,-0.025407422513983313,-0.0635119251025307,G1
GCTCAAAGTCGTTATG-1,-0.0687756937363656,-0.036283286437247875,G1
GCTCAAAGTCTGTCCT-1,0.01635697386498719,-0.15645215155647926,S
GCTCAAAGTCTTACAG-1,-0.11518562516681904,-0.1251973495275662,G1
GCTCAAAGTTCGAACT-1,-0.048299504386543624,-0.15420188489001135,G1
GCTCAAATCATGGGAG-1,-0.1312598315273505,0.006751386256179104,G2M
GCTCAAATCCCTCGAT-1,-0.07579476321841022,-0.2022427279636293,G1
GCTCAAATCGATCCAA-1,0.12087941125583629,-0.2024420959656157,S
GCTCAAATCGGCTATA-1,-0.03735233807905203,-0.26600239908709994,G1
GCTCAAATCTCCAAGA-1,0.0393043679506504,0.0015179613437092954,S
GCTCAAATCTGTCTCG-1,-0.06015099581513533,-0.14684650774095123,G1
GCTGAATAGGATTCAA-1,-0.044970977864165707,-0.036104130627999,G1
GCTGAATAGGTCGAGT-1,-0.027887523042174067,0.007783837902929414,G2M
GCTGAATAGTGTTCAC-1,-0.024832009152656237,0.030182489898470166,G2M
GCTGAATCAATCAAGA-1,-0.08414457936800845,-0.2045263880623693,G1
GCTGAATCATCACAGT-1,-0.06431453179628255,-0.07631996216307163,G1
GCTGAATCATTCACAG-1,0.035890698945708066,-0.12974305312940165,S
GCTGAATGTTCTTAGG-1,-0.03577683412606514,-0.035780064028843706,G1
GCTGAATGTTGCCGAC-1,-0.014306662637501244,0.02070928435150593,G2M
GCTGAATTCACCGGGT-1,0.08291062882684358,-0.15764988525088608,S
GCTGAATTCAGGAACG-1,0.03948010007216213,-0.1974478719904159,S
GCTGCAGAGAGTTCGG-1,0.020477690228631384,0.003434467234110561,S
GCTGCAGAGATGTTGA-1,0.016337974664384025,-0.10884155414059227,S
GCTGCAGAGCCGTTGC-1,-0.11447586477057703,-0.1615921521739045,G1
GCTGCAGAGTATTAGG-1,-0.06281785084975022,-0.04533814817129672,G1
GCTGCAGCACAATGAA-1,0.07711558794827866,-0.1463620109265809,S
GCTGCAGCATAGAATG-1,-0.042727885965550993,-0.17983732389467022,G1
GCTGCAGGTCGCATGC-1,0.098783554353986,-0.06371694771923445,S
GCTGCAGGTCGTGCCA-1,-0.08620360818293749,-0.06724018569791018,G1
GCTGCAGGTGGTAACG-1,-0.02612927749923949,-0.0172356040629269,G1
GCTGCAGGTGTTTGCA-1,-0.002623680300630149,-0.10369779455525074,G1
GCTGCAGGTTCGCGTG-1,-0.05974602066254664,-0.11222228156979935,G1
GCTGGGTAGACTCAAA-1,-0.11770831579468116,-0.08813485466212354,G1
GCTGGGTAGAGCATAT-1,-0.02442840753422948,-0.15208938307268854,G1
GCTGGGTAGAGGCTGT-1,-0.031130711384773357,-0.16895630659561112,G1
GCTGGGTAGAGTACCG-1,-0.06710017688301839,-0.24091507693442132,G1
GCTGGGTAGCCAAGGT-1,-0.006067333416809428,-0.24867259388064183,G1
GCTGGGTAGTTCAACC-1,-0.04120083541417774,-0.08645277186608413,G1
GCTGGGTCAAACACCT-1,-0.041880965166666895,-0.11123690231387429,G1
GCTGGGTCAGCCGTCA-1,-0.02303578601498485,-0.23901158542009515,G1
GCTGGGTGTTCAAGTC-1,-0.03024608830908393,-0.16980162985698177,G1
GCTGGGTTCTGACAGT-1,-0.032476212539125415,-0.07762691258173193,G1
GCTTCACAGTCGTTAC-1,-0.11824334669228148,-0.1577843872531594,G1
GCTTCACCAACTCCAA-1,-0.09332114047527151,0.044154208006862206,G2M
GCTTCACCACCGTGAC-1,0.13781423442342855,-0.012881973727617124,S
GCTTCACGTCACCGAC-1,0.004364518135805351,-0.019811811985294636,S
GCTTCACGTGACTAAA-1,0.037257454369538645,-0.027072067957192636,S
GCTTCACTCAATCGGT-1,0.03927306085834442,-0.21730621002582376,S
GCTTCACTCCCTCGTA-1,-0.001965439455359874,0.07814483272380768,G2M
GCTTCACTCCCTCTAG-1,0.009667388522713538,0.25250878170169827,G2M
GCTTCACTCCGTGTAA-1,-0.06596885358239812,-0.21272854630796842,G1
GCTTGGGAGATTGATG-1,0.08237422235808434,-0.10435443310426917,S
GCTTGGGAGTAAGCAT-1,0.01061393558052226,-0.21007994699284227,S
GCTTGGGGTACTGGGA-1,-0.009229716512347275,-0.12147377254455521,G1
GCTTGGGGTCCGCAGT-1,-0.008889038766747154,-0.17960076481236542,G1
GCTTGGGTCAACGCTA-1,-0.0023840301870760583,-0.1779322752127705,G1
GCTTGGGTCCCAGTGG-1,-0.0688534822554967,-0.25298162271766195,G1
GCTTTCGAGAAGGATG-1,-0.038833350929452504,-0.14210426030679923,G1
GCTTTCGAGCAGCACA-1,0.10324093148892657,-0.021116549775672566,S
GCTTTCGAGTGAGGCT-1,0.05065936996888898,-0.10122015409103569,S
GCTTTCGGTCCAGAAG-1,-0.10974210540552784,-0.008619906646678943,G1
GCTTTCGGTTAAGAAC-1,-0.05905323238003313,-0.09868987629093301,G1
GCTTTCGTCAACGCTA-1,0.122296048986195,-0.2196839189278903,S
GCTTTCGTCGACATCA-1,-0.0848297736124391,-0.14883062428487462,G1
GGAACCCAGTAATTGG-1,0.0572143900588995,-0.19182970446723652,S
GGAACCCAGTCTGTAC-1,-0.06904326306050379,-0.1589008477979541,G1
GGAACCCCAGCTGTCG-1,-0.040111198514047874,-0.14965939220088695,G1
GGAACCCCATCAGCTA-1,0.06245232450491772,-0.10447264254470817,S
GGAACCCGTCCTGTCT-1,-0.09722281052995613,-0.21596059690498803,G1
GGAACCCGTGAATGAT-1,-0.002516206591492487,-0.06284185138589404,G1
GGAACCCTCACAACCA-1,-0.02788736113324375,-0.18464270628971968,G1
GGAACCCTCGATACAC-1,-0.03837449174117652,-0.11326650198007857,G1
GGAACCCTCGCTGTTC-1,0.04948802105085437,-0.04201214456617319,S
GGAAGTGAGCCAAGTG-1,0.17935493446572648,-0.17001531189573668,S
GGAAGTGAGCTCCACG-1,-0.008128479641648007,-0.017115342041306436,G1
GGAAGTGAGGCAGCTA-1,-0.10864671403729675,-0.12788501383486622,G1
GGAAGTGAGGGAGAAT-1,0.1788994995664525,-0.0514410735112949,S
GGAAGTGAGTTGGCGA-1,-0.09441870004900466,-0.18568027648078855,G1
GGAAGTGCAAATCGTC-1,0.09943851385571223,-0.240983940025171,S
GGAAGTGCACCTGCTT-1,-0.0167330227544617,-0.12243230258846505,G1
GGAAGTGCAGGGAGAG-1,-0.0636482653120593,-0.1941942293832504,G1
GGAAGTGGTACGCTTA-1,0.04920302689848183,-0.17558924033617557,S
GGAAGTGGTGGAATGC-1,-0.13734502429942674,-0.20683824915940274,G1
GGAAGTGTCAAGAAAC-1,0.019302923811584827,-0.13591692098230346,S
GGAAGTGTCAAGTTGC-1,-0.018761566114385453,-0.13207122671301,G1
GGAAGTGTCATCGTAG-1,-0.1981628413571423,-0.059801850335471085,G1
GGAAGTGTCATGGATC-1,0.02937629069175618,-0.17501029986904748,S
GGAAGTGTCGTAGAGG-1,-0.024215934857175436,-0.11270831268906062,G1
GGAAGTGTCGTGAGAG-1,-0.030184275327135912,-0.24827988531873604,G1
GGAAGTGTCTACCACC-1,-0.003976523099433471,-0.28234721622503994,G1
GGAAGTGTCTGTCTCG-1,-0.08141642383403086,-0.0658099966312361,G1
GGAAGTGTCTTACCAT-1,-0.0900561595786461,-0.03580425273037752,G1
GGAAGTGTCTTCTAAC-1,-0.09434047147384916,-0.03228635669613905,G1
GGAATCTAGAGGTATT-1,0.014783792654443517,-0.01752644125520092,S
GGAATCTAGCCACCGT-1,-0.05038883283708245,-0.009838960695622068,G1
GGAATCTAGTTCCATG-1,0.025624938181343537,-0.02863385520744499,S
GGAATCTCACGTCGTG-1,0.03956311487899855,-0.1612992658627264,S
GGAATCTCAGCGGATA-1,0.09293957297285177,-0.1172652887835704,S
GGAATCTCATGCCGAC-1,-0.031572347342854024,-0.14357761508364447,G1
GGAATCTTCACCCATC-1,-0.04020148491527109,-0.16526711777547298,G1
GGAATCTTCAGAGCAG-1,0.0063183622280891805,-0.17285715815612857,S
GGAATCTTCATTCATC-1,-0.056977901122231556,-0.11964879223961356,G1
GGAATGGAGAAGCTGC-1,-0.04979027851053047,-0.15871210723973364,G1
GGAATGGCACACGGTC-1,-0.024303326426957206,0.031196644008518515,G2M
GGAATGGCACCAGGTC-1,-0.15297075512869346,-0.1662101229260064,G1
GGAATGGCACTAACGT-1,0.023786325539708025,-0.1170887737015498,S
GGAATGGCAGCGAACA-1,-0.0009823652901972402,-0.18547959098238653,G1
GGAATGGCATAGGTTC-1,0.04522630236267566,-0.13565004872524208,S
GGAATGGGTACGGCAA-1,0.038054700829591226,-0.041399811249367924,S
GGAATGGGTACTAACC-1,0.008738051325286239,-0.16930172654081121,S
GGAATGGGTCCTGGTG-1,-0.02626009448297334,-0.12408187648087465,G1
GGAATGGGTGACACGA-1,-0.01562391583258238,-0.15739580306259782,G1
GGAATGGGTTGACGGA-1,-0.04361030819528597,-0.1303110246357207,G1
GGAATGGTCCTAAGTG-1,0.027631282380001232,-0.03195052301465684,S
GGAATGGTCCTATGGA-1,-0.006773913850526059,-0.1639896975450308,G1
GGAATGGTCGCTTGAA-1,-0.055253602684416425,-0.15298745143333023,G1
GGAATGGTCTTGATTC-1,-0.1471606893923912,-0.2598227416489225,G1
GGACGTCAGAGGTGCT-1,-0.1370237883971172,-0.17775061845741968,G1
GGACGTCCAACTAGAA-1,0.05629707232409603,-0.11016425346031083,S
GGACGTCCAGAAATTG-1,-0.010214945480864823,-0.2575069293193821,G1
GGACGTCCAGCCGTTG-1,-0.14130350401869535,-0.11561194180780598,G1
GGACGTCCAGGCGATA-1,-0.0047753309985403836,-0.06835601336170394,G1
GGACGTCGTCCACGCA-1,-0.01112189942746139,-0.22214955567643616,G1
GGACGTCGTGGTACAG-1,0.06300727172061599,0.006466944123259932,S
GGACGTCGTTAGGAGC-1,0.01734544856193418,-0.17217824566148518,S
GGACGTCGTTCATCTT-1,0.13761087616023832,0.006766112254018963,S
GGACGTCTCATACAGC-1,-0.023904715079413608,0.015816140648848176,G2M
GGACGTCTCTTAATCC-1,0.01895491247252179,-0.05516542018519982,S
GGAGAACAGAGAAGGT-1,-0.02736327532783528,-0.2656856503690625,G1
GGAGAACAGTCAGAGC-1,0.053802185654819534,-0.03724815379704999,S
GGAGAACAGTTGCTCA-1,-0.09495076697043098,-0.11213908817124202,G1
GGAGAACCATGACACT-1,-0.09909264475852247,-0.08866550518197885,G1
GGAGAACGTCCTTTGC-1,-0.051488440853825757,-0.05444101827625225,G1
GGAGAACTCTGCCCTA-1,0.05780428483625705,-0.15504051748345035,S
GGAGATGAGAGCATAT-1,-0.04876022542243558,-0.08079151620106328,G1
GGAGATGAGCGTCAAG-1,0.014624943487623832,-0.1558135434327921,S
GGAGATGAGGCCTGCT-1,-0.1028372706520862,-0.15315490065023296,G1
GGAGATGAGGTCGAGT-1,-0.03759241673798064,-0.09264701400622871,G1
GGAGATGAGTGCCTCG-1,0.013358720188229062,-0.08399951750315018,S
GGAGATGCAGGACTAG-1,-0.10486399804532714,-0.21076030450556954,G1
GGAGATGGTAATGATG-1,0.17728642118247373,0.002662083187665587,S
GGAGATGGTGGAGAAA-1,0.0022920135993780844,-0.17082279517859383,S
GGAGATGTCGACGCTG-1,-0.028523802812330856,-0.07193147355253882,G1
GGAGATGTCGCCACTT-1,-0.013971080730963537,-0.22618865532347646,G1
GGAGCAAAGAAGCTGC-1,0.13824094578929236,-0.143653508020667,S
GGAGCAAAGAGGTCGT-1,-0.05469856975317661,-0.12955926524245137,G1
GGAGCAAAGATGCTAA-1,-0.09010733256529035,-0.1731103777546284,G1
GGAGCAAAGCTTCTAG-1,0.026778386551504607,-0.1847221981392348,S
GGAGCAAAGGATTTCC-1,-0.07760512811094117,-0.08287110354558169,G1
GGAGCAAAGGCTGTAG-1,0.08081342246813628,-0.17405359316360738,S
GGAGCAAAGGGCCAAT-1,-0.024089897832465068,-0.17129940515813513,G1
GGAGCAAAGTGCCCGT-1,0.06852384466194972,-0.16022916572803436,S
GGAGCAACACGACGTC-1,-0.03652942652345881,-0.09206001239192219,G1
GGAGCAAGTACAGGTG-1,-0.09828384044200578,-0.1089464431346423,G1
GGAGGATAGCATCCTA-1,-0.0903872623065547,-0.12884220119762158,G1
GGAGGATCAAATGGTA-1,0.03384888552015253,-0.02276898820324541,S
GGAGGATCACTTGGGC-1,-0.041234201473978604,-0.13956092004990894,G1
GGAGGATCAGGGATAC-1,-0.06820405986135547,-0.046953914756123094,G1
GGAGGATCATTCCTCG-1,0.06748085378123803,-0.18823037500324707,S
GGAGGATGTCCCTCAT-1,-0.037118040353019244,-0.09137278968252144,G1
GGAGGATGTGGACCAA-1,0.024506253218610496,-0.11627493145524401,S
GGAGGATGTTAAACAG-1,0.051818455776821926,-0.2416356768217006,S
GGAGGATGTTGAGGAC-1,-0.11705559998051357,-0.16875252385705664,G1
GGAGGATTCATTGAGC-1,-0.005558060071781612,-0.1474251894361364,G1
GGAGGATTCTACTGAG-1,-0.038773012232186044,-0.10075720098138369,G1
GGAGGATTCTGTTCAT-1,-0.06667493446684392,-0.2261246110986282,G1
GGAGGTAAGCATTTGC-1,-0.05986543256459337,-0.2489151825398072,G1
GGAGGTACAAACACCT-1,-0.04730600600226226,-0.14064245393950237,G1
GGAGGTAGTAGCTTTG-1,0.09519811829074482,-0.1165057441932878,S
GGAGGTATCAAACCTG-1,0.0163869933811725,-0.044405100272495945,S
GGAGGTATCACACGAT-1,0.11408089174222319,-0.11474922827621648,S
GGAGGTATCATCACTT-1,-0.07013338924408624,-0.2337088024194068,G1
GGAGGTATCCCATACC-1,0.009651961794562819,-0.16131616700303775,S
GGAGGTATCGTAGGGA-1,-0.05510813717006269,-0.24438566133946146,G1
GGAGGTATCTGAGCAT-1,-0.06849983719698965,-0.13368887780875494,G1
GGAGGTATCTGTCGCT-1,-0.029340691937713992,-0.20333595383076336,G1
GGATCTAAGCGCCCAT-1,-0.02819253885449091,0.007978109649007803,G2M
GGATCTAAGGACACTG-1,-0.07141930595590429,-0.1717647174436178,G1
GGATCTACACGGCCAT-1,-0.009485337927423898,-0.19209589374014835,G1
GGATCTACAGACAATA-1,0.02123413667289986,-0.14087077995507893,S
GGATCTACATCGCTGG-1,0.012330075247078909,-0.11363249685815371,S
GGATCTAGTCCCGGTA-1,0.08566746115646617,-0.01784701694660773,S
GGATCTAGTTAAGACA-1,0.14643570787536497,-0.07355663952133251,S
GGATCTAGTTACCTGA-1,-0.035005527966318395,-0.190509914126338,G1
GGATCTAGTTCTTGCC-1,-0.021645770089770477,-0.179724121772889,G1
GGATCTATCAGAGTTC-1,0.07393975532120428,-0.09271039114344141,S
GGATGTTAGACGCAGT-1,0.05876573825030945,-0.24656854135176634,S
GGATGTTAGTAAGACT-1,-0.0593781640254486,-0.050216805339202863,G1
GGATGTTAGTCTGTAC-1,-0.007378918586829986,-0.27293380705478365,G1
GGATGTTAGTGCTCGC-1,0.014558460916324567,-0.13138617864671384,S
GGATGTTCAACACAGG-1,-0.009891460911670591,-0.01691796171944626,G1
GGATGTTCAACGACTT-1,-0.03882519282102631,-0.03867596106657156,G1
GGATGTTCAAGCGATG-1,-0.015741242431672686,-0.20056209203333147,G1
GGATGTTCAGTAACGG-1,-0.14190896630333144,-0.10705086532940866,G1
GGATGTTCATATGAAG-1,-0.02189942882587842,-0.1547264513895265,G1
GGATGTTGTCAGTTTG-1,0.040347263739167555,-0.16058351516124392,S
GGATGTTGTCCATACA-1,-0.09055760109043814,-0.08997178242072701,G1
GGATGTTGTTTCCCAC-1,0.03821713575784405,-0.15505229306333781,S
GGATGTTTCGTTGCCT-1,-0.11122402408910623,0.03078092593350068,G2M
GGATGTTTCTGTGCTC-1,-0.061088953648647165,-0.15862782552089014,G1
GGCACGTAGACGAAGA-1,0.02773193444476213,-0.04667217533019091,S
GGCACGTAGAGCCATG-1,-0.0069192846283513965,-0.21804716906120503,G1
GGCACGTAGCAACTCT-1,-0.08787302355119003,-0.13179889113205637,G1
GGCACGTCAACCGGAA-1,0.014283192034424186,-0.11666899097114974,S
GGCACGTCATCGCCTT-1,-0.07460249188357948,-0.11259470576380079,G1
GGCACGTCATTGACCA-1,0.04182223482405295,-0.1646894288134209,S
GGCACGTGTACAGGTG-1,-0.026106844471314727,-0.2410628920548739,G1
GGCACGTGTGGGCTCT-1,0.03122713092537832,-0.11675396577800029,S
GGCACGTGTTCCACGG-1,-0.05476521518723815,-0.20893277932688176,G1
GGCACGTTCACCTCAC-1,-0.07223734609777421,-0.06133167507274234,G1
GGCAGTCAGGAAGAAC-1,-0.018343849189727257,-0.26966289540704425,G1
GGCAGTCAGGGCAGTT-1,-0.021421472014476195,-0.30759998832085955,G1
GGCAGTCCAATGAGCG-1,-0.03519329403576604,-0.07569774800599671,G1
GGCAGTCCACTTGAGT-1,0.04788329778201439,-0.12459533797538372,S
GGCAGTCCAGTTCCAA-1,-0.04665975692615615,-0.17157084202842574,G1
GGCAGTCGTAGCGTTT-1,0.04937333808590566,-0.05974650543209162,S
GGCAGTCGTCCTTGTC-1,-0.09738314009244853,-0.23216298716238842,G1
GGCAGTCGTGACCGTC-1,0.006088867514712881,-0.01595905037559464,S
GGCAGTCTCAAACCCA-1,-0.03764350837407693,-0.04536606158417544,G1
GGCAGTCTCACTACGA-1,-0.011933623358883427,-0.14782347163208917,G1
GGCAGTCTCGCTAAAC-1,-0.049043395686470204,-0.20564515065541783,G1
GGCAGTCTCTTCGATT-1,-0.06114192273316987,-0.25418208109952345,G1
GGCGTCAAGCACACCC-1,0.014948008241430777,-0.05219958171545197,S
GGCGTCAAGCACTGGA-1,-0.022099951233541026,-0.0794965762894625,G1
GGCGTCAAGGAATGTT-1,-0.0469426712075644,-0.08509754841204448,G1
GGCGTCACAAGCGCAA-1,-0.014663087905950445,-0.2032833443928416,G1
GGCGTCACAATAGTAG-1,-0.03761677162410032,-0.1758894292894574,G1
GGCGTCACATGATAGA-1,-0.0627674719362803,-0.0669023716104134,G1
GGCGTCACATGGTGGA-1,-0.13974125504786228,-0.1474782988235825,G1
GGCGTCAGTACGTACT-1,0.01703336574409864,-0.17027980373722734,S
GGCGTCAGTCACTCAA-1,0.0939669547010123,-0.04172005852379068,S
GGCGTCAGTCATATGC-1,-0.1096781386872232,-0.1283485223570628,G1
GGCGTCAGTCCGAAAG-1,-0.06930621831154307,-0.09811915769222976,G1
GGCGTCATCAAGAGTA-1,-0.14375258806615593,0.09970614025954971,G2M
GGCGTCATCAAGGCTT-1,0.11601179549732266,-0.04025006536859588,S
GGCGTCATCCCTCATG-1,0.025478538978685905,-0.07315592688988828,S
GGCGTCATCGCGCCAA-1,0.13920952995393698,-0.19943940052115497,S
GGCTGTGAGAGTTGAT-1,-0.026293680797119412,-0.07523122349064715,G1
GGCTGTGAGCTGGCTC-1,-0.14687757192861278,-0.11813615721015663,G1
GGCTGTGAGGCATTTC-1,-0.045492520090786526,-0.2910506946073076,G1
GGCTGTGAGGGCGAAG-1,-0.019468993324532835,-0.19217479118488456,G1
GGCTGTGCAAAGACTA-1,-0.11920316808371578,-0.1569876687233283,G1
GGCTGTGCAACGATTC-1,0.0007005901104598089,-0.15404435343323986,S
GGCTGTGCAAGAAATC-1,0.09980754221876675,-0.08341258859666856,S
GGCTGTGCACACAGAG-1,-0.1045648639325924,-0.11763999713184414,G1
GGCTGTGCACTCCCTA-1,-0.08865701612842047,-0.17005141151391867,G1
GGCTGTGGTCGCGGTT-1,-0.06244825351785949,-0.0580921396146265,G1
GGCTGTGGTGAACCGA-1,-0.033842887792573106,-0.2163701772111386,G1
GGCTTGGAGATGTTGA-1,-0.0060675143215453975,0.06999597813603586,G2M
GGCTTGGAGCATGTTC-1,0.03734335472816358,-0.04260008826948336,S
GGCTTGGAGCTAATGA-1,0.040386398849381555,0.033325438071409974,S
GGCTTGGAGGCAGGGA-1,0.05097115577315803,-0.28707930313182795,S
GGCTTGGCACCGTCGA-1,-0.031096253963398685,0.03997543463065201,G2M
GGCTTGGCAGTTCCAA-1,0.08116803063823774,-0.10268907172638325,S
GGCTTGGCATCGAAGG-1,0.07839402972167336,-0.08207182026720067,S
GGCTTGGGTGAGATCG-1,0.0793207377217714,-0.2343883069634818,S
GGCTTGGGTGATCGTT-1,-0.007121448047285539,-0.15166255766228554,G1
GGCTTGGGTGGCACTC-1,-0.08832993317164489,0.0866317140461606,G2M
GGCTTGGTCAAAGGAT-1,0.053435377553857744,-0.2769858393731466,S
GGCTTGGTCCCGAAAT-1,-0.04304445984449837,-0.06962849705875063,G1
GGCTTGGTCTAGTGAC-1,-0.026347537656679743,-0.12520901071081286,G1
GGCTTTCAGATGACCG-1,-0.032817602037353344,-0.15140194919765887,G1
GGCTTTCCAGGCTCTG-1,-0.0014717911708599374,-0.08409846309858754,G1
GGCTTTCCAGTTCTAG-1,0.08420636451099711,-0.10377362741843166,S
GGCTTTCTCTCGTCGT-1,0.03484574375319671,-0.10830068063089282,S
GGGAAGTAGACATACA-1,0.2306256934429346,-0.22613524946188432,S
GGGAAGTAGTAACGAT-1,0.0021059292326425227,-0.049800382091498285,S
GGGAAGTAGTAATCCC-1,0.035501000219989476,-0.03078429950666639,S
GGGAAGTAGTGGAAGA-1,-0.020702443491928013,-0.2095472706994868,G1
GGGAAGTCAATACGAA-1,-0.05130891665218201,-0.1736228543310968,G1
GGGAAGTCACCAAAGG-1,0.04477897878556297,-0.05449937685905115,S
GGGAAGTCAGAGAAAG-1,-0.06487104358736384,-0.25682653325552784,G1
GGGAAGTGTCAAGCCC-1,-0.09119579825679636,-0.1328016650526293,G1
GGGAAGTGTCATCGCG-1,-0.0718205800142282,-0.0948442547627556,G1
GGGAAGTTCACCACAA-1,0.0939126915898782,-0.029811048824788466,S
GGGAAGTTCAGCCCAG-1,0.0010582928023779026,-0.05742123285407802,S
GGGAAGTTCATTGTTC-1,-0.09220102591245838,-0.0944222860452989,G1
GGGAAGTTCCGCTAGG-1,-0.05437967893561091,-0.059684200984980174,G1
GGGAAGTTCGTCCTCA-1,-0.033932184795240405,-0.1429573057617221,G1
GGGACAAAGAGTCTTC-1,-0.003271774475709921,-0.18829653214944744,G1
GGGACAAAGCATTTGC-1,-0.05608821475093223,-0.07643177724326938,G1
GGGACAAAGCTGGCTC-1,0.010980811678384772,-0.2809085860179223,S
GGGACAAAGGTTCCAT-1,-0.021597177622693198,-0.152875719963802,G1
GGGACAACACCACATA-1,-0.10258101700809902,-0.121477914543552,G1
GGGACAACATGGGATG-1,-0.018864023831510868,-0.26434919020293707,G1
GGGACAACATGTTCAG-1,-0.030457047335680554,-0.07665008448510763,G1
GGGACAAGTACAGTAA-1,-0.03233396465557542,-0.14459478002672094,G1
GGGACAAGTGCGTCGT-1,-0.04590081451386396,-0.054810199148628724,G1
GGGACAAGTTAGGAGC-1,-0.007873894055726166,-0.053245251538244054,G1
GGGACAATCAAGCTTG-1,0.009785186799782075,-0.15987935656391628,S
GGGACAATCATGGATC-1,-0.03371324712612234,0.051302576656813315,G2M
GGGACCTCAATGGCAG-1,0.008780668746584341,-0.020977468195807647,S
GGGACCTCATTCAGCA-1,-0.031409147085718236,0.04097428936975206,G2M
GGGACCTGTAAGACCG-1,0.05192103697476713,-0.1547697357326346,S
GGGACCTGTAAGGTCG-1,-0.02285966550603999,-0.04209139874199824,G1
GGGACCTGTAGTCGTT-1,0.030154252933288106,-0.1401312593378154,S
GGGACCTGTATCCCTC-1,-0.0012824500338778355,-0.10793207186656184,G1
GGGACCTGTCCAACGC-1,0.02181599792198269,-0.2731278513641941,S
GGGACCTGTGGTTCTA-1,-0.11059223289039827,-0.05925641530861736,G1
GGGACCTGTGTGCTTA-1,-0.07809597576702881,-0.2631229215835711,G1
GGGACCTTCACGGGCT-1,-0.009885498395039827,0.045109246760175525,G2M
GGGACCTTCGTGGGTC-1,-0.09245652722554365,-0.07559044655366468,G1
GGGACCTTCTCACCCA-1,0.004705628419940822,-0.1873751371943391,S
GGGACTCAGCAATTCC-1,-0.06548260050243793,-0.19848646595027253,G1
GGGACTCAGTCATTGC-1,-0.041703116039411736,-0.16308355453765794,G1
GGGACTCGTCCACATA-1,-0.025071102357689834,-0.09486758904747311,G1
GGGACTCGTCTCTCTG-1,0.01650556141678422,0.0004479140253929592,S
GGGACTCTCCGAGTGC-1,-0.09489600401902643,-0.16472895074298083,G1
GGGACTCTCGTTATCT-1,0.15444122016598893,0.19179820130524833,G2M
GGGAGATAGCAGTAAT-1,0.009849514131227033,-0.005086424604874684,S
GGGAGATAGGTCTTTG-1,-0.0785368938291573,-0.12579632644356364,G1
GGGAGATCAAATGAGT-1,0.19130463495297806,-0.16905166721921597,S
GGGAGATCAACAGTGG-1,-0.008384301717098419,-0.21282792117586394,G1
GGGAGATCAACATCGT-1,-0.007268845540152835,-0.1402698394867008,G1
GGGAGATCACTTGACA-1,0.18697327518411005,-0.06882783407948007,S
GGGAGATCATTAGGAA-1,-0.004768398596491807,-0.17798464118434582,G1
GGGAGATGTCCGAAGA-1,-0.034780369728612814,-0.2719591877829304,G1
GGGAGATGTTTAGACC-1,-0.001660941379787395,-0.1262366213447385,G1
GGGAGATTCACCGACG-1,0.0542785907918199,-0.107403397058672,S
GGGAGATTCAGACCCG-1,-0.007020098844542244,-0.24531303807785385,G1
GGGAGATTCCGATCTC-1,-0.08706562764028444,-0.19483500132210257,G1
GGGAGTAAGGAAGAAC-1,-0.02021402796179067,-0.1181078591848688,G1
GGGAGTAAGGATCATA-1,-0.032064922873586366,-0.14355424742457057,G1
GGGAGTACAAATCGTC-1,0.04573170515468611,-0.14468828135743717,S
GGGAGTACAACATCGT-1,0.03634577358750779,-0.007651313310469032,S
GGGAGTAGTCAACATC-1,0.018749687608722587,0.06707312393980808,G2M
GGGAGTAGTGGCTGAA-1,-0.09742580245701438,-0.13130449816349732,G1
GGGAGTAGTTACCTGA-1,-0.09884928317171876,-0.1650537824222089,G1
GGGAGTATCATTTGGG-1,0.0853795102544091,-0.03612093149543094,S
GGGAGTATCCCGTTCA-1,0.02629165552090873,-0.12076511222926309,S
GGGAGTATCCGGACTG-1,-0.0010123729723997554,-0.10640608917521838,G1
GGGAGTATCGCGCTGA-1,-0.09612761164177758,-0.12053689295336772,G1
GGGATCCAGACCACGA-1,-0.02724651520791821,-0.0549005645881922,G1
GGGATCCAGCAGAAAG-1,0.03136663288843616,-0.05970763004954083,S
GGGATCCAGGCCCGTT-1,-0.016019736801365314,-0.0027678987071165784,G1
GGGATCCAGGTTGTTC-1,0.12374358576278849,-0.15169869196982355,S
GGGATCCAGTGTAGTA-1,-0.039413756533993205,0.14950091472675875,G2M
GGGATCCCACATGACT-1,0.04821615625586034,-0.20848975002140405,S
GGGATCCCACGACGTC-1,0.131725338584757,-0.20245265844174412,S
GGGATCCCAGAGTGAC-1,-0.062481839039840004,-0.04705560720258395,G1
GGGATCCCAGCCCACA-1,-0.01648093672555828,-0.1020434396572758,G1
GGGATCCGTCTGTCAA-1,-0.04215870583129294,-0.11444772560506206,G1
GGGATCCTCCACACAA-1,0.0815722178933097,-0.1338960037589658,S
GGGATCCTCTAAGCCA-1,-0.00011145878665458353,0.048634795892228855,G2M
GGGATCCTCTGTCAGA-1,0.058315160263279875,-0.06385682352555516,S
GGGATGAAGATCCCAT-1,-0.0967621284233407,-0.15871593538661521,G1
GGGATGAAGTCAGAGC-1,0.18612028610641612,-0.11843790397186627,S
GGGATGACAATAGTGA-1,-0.0363237918352578,-0.09216775082360865,G1
GGGATGACACGGCTAC-1,-0.05529346716889921,-0.08379931560832826,G1
GGGATGACAGCCGTTG-1,0.1391773709442078,-0.15918364951050984,S
GGGATGACAGCTGAAG-1,0.037299607242348154,-0.06668675598961626,S
GGGATGAGTGGCTTGC-1,0.03569077651450314,-0.18869384663887312,S
GGGATGATCAACGTGT-1,-0.02570720233860896,-0.16911406819395486,G1
GGGATGATCCCTCAAC-1,0.004003410748856573,-0.12323692133615882,S
GGGATGATCTGTAACG-1,-0.026078243707392035,-0.14584969195031544,G1
GGGCCATAGACAGTCG-1,0.06760013059481523,-0.14405827156658013,S
GGGCCATAGACTAAGT-1,-0.03996276212036359,-0.0379854428517018,G1
GGGCCATAGGGACCAT-1,-0.00190042901857862,-0.06316270842062888,G1
GGGCCATCAAGCGAAC-1,0.04072109690937592,-0.10264665376825238,S
GGGCCATCAAGGCAAC-1,0.23895384637165112,-0.20805379933370274,S
GGGCCATCAAGTATCC-1,-0.1307097781323428,-0.06379852769653371,G1
GGGCCATCACCGTGAC-1,-0.0033869291833035775,-0.028330118268774573,G1
GGGCCATCATACTGTG-1,-0.017038554654525195,-0.08848086552485684,G1
GGGCCATGTATGTGTC-1,0.10954037622262658,-0.230912617621872,S
GGGCCATGTTAAGACA-1,-0.03365052792299694,0.12210817596540485,G2M
GGGCCATTCTATTTCG-1,-0.055533700962934696,-0.12971467778546758,G1
GGGCCATTCTGGTGCG-1,-0.00979257573166431,-0.14203091657136951,G1
GGGCGTTAGAGTAACT-1,-0.026320326092396207,-0.013930794355987597,G1
GGGCGTTAGCGAACTG-1,0.009329345519601295,-0.09117895420003819,S
GGGCGTTCAAGTCGTT-1,-0.08162261855091446,-0.21434466484660677,G1
GGGCGTTCACAGAGAC-1,-0.012231120873840207,-0.11795397150870851,G1
GGGCGTTCACGTACTA-1,-0.013450453261507511,0.03279838194477658,G2M
GGGCGTTCATGACTCA-1,-0.032478908181357735,-0.0767577956014231,G1
GGGCGTTCATGACTGT-1,-0.05155014589109802,0.02763755949082075,G2M
GGGCGTTGTACACGTT-1,0.005071007195655397,-0.18738920619175534,S
GGGCGTTGTAGTATAG-1,-0.016034165902138797,0.044252914055983444,G2M
GGGCGTTGTGGCTTAT-1,-0.026649007526005353,-0.0858991572089251,G1
GGGCGTTTCAAACCCA-1,-0.02121789692426912,-0.18649810205224926,G1
GGGCGTTTCGATCCAA-1,0.15156137381224372,-0.13150995016917816,S
GGGCTACAGCGTGTTT-1,-0.06288398428622577,-0.2901906747941004,G1
GGGCTACAGGAGGGTG-1,-0.10021028179945168,-0.17189011505461463,G1
GGGCTACAGGTGCTTT-1,-0.023808194658955784,-0.1184034098017171,G1
GGGCTACAGTGCACCC-1,-0.11006677639615708,-0.18892764474223156,G1
GGGCTACCAACCGCTG-1,0.012638634480390598,-0.11062969782834631,S
GGGCTACCACAAAGCG-1,0.008557894765398866,-0.04259440221129496,S
GGGCTACCAGAGGCTA-1,-0.008329846125911977,-0.031439084622034874,G1
GGGCTACCAGGGTTGA-1,0.06201254502712733,-0.08894199992350604,S
GGGCTACCATGGGAAC-1,0.02055777311774709,-0.07278017381606139,S
GGGCTACGTACTAACC-1,-0.016090973093226324,-0.027326493377017036,G1
GGGCTACGTGTGTGGA-1,-0.12370099445061888,-0.22268210791872356,G1
GGGCTACTCATACAGC-1,0.02008674613789707,-0.09667824549476323,S
GGGCTACTCCCATAGA-1,0.09252294978626385,0.037136333323689374,S
GGGCTCAAGCACCGAA-1,-0.061837356913155006,-0.08622058668461685,G1
GGGCTCAAGCGTACAG-1,-0.13083309308235955,-0.0587153697004284,G1
GGGCTCAAGTTGTCGT-1,0.09241265891023792,-0.09735541305154483,S
GGGCTCACATCCTAAG-1,-0.05388682711694853,-0.22361143754801271,G1
GGGCTCACATCGTGGC-1,-0.05903822200760811,-0.046588284948564485,G1
GGGCTCACATGAATAG-1,-0.05351903013476339,-0.09474456507730222,G1
GGGCTCAGTACTCGCG-1,0.012340074768484144,-0.09589963743878227,S
GGGCTCAGTGACTAAA-1,-0.047270092774679084,-0.1082225086664318,G1
GGGCTCATCAGCGCAC-1,0.030535943560861534,-0.14849857399035155,S
GGGCTCATCCCTTCCC-1,0.005405189232569552,-0.153074532470016,S
GGGCTCATCTCTGCTG-1,-0.03387318178602444,-0.13850238633526604,G1
GGGTAGACAAGGCGTA-1,-0.07705250879484521,-0.19654748413696896,G1
GGGTAGACATGGGCAA-1,-0.08095487458101441,-0.2683555163651028,G1
GGGTAGAGTCCACACG-1,-0.13818191815827893,0.028360767080528648,G2M
GGGTAGAGTGTATCCA-1,0.03866702106888448,-0.07867676397002715,S
GGGTAGAGTTACGTAC-1,-0.005933370372000701,-0.12743517360141615,G1
GGGTAGATCATGCGGC-1,-0.08722016298090035,-0.01937591515847803,G1
GGGTAGATCGCAGATT-1,-0.03688361075567892,-0.11565272367342025,G1
GGGTAGATCGGCAGTC-1,-0.012129149029005692,-0.1328039730599952,G1
GGGTATTAGACATCCT-1,-0.06323614314523529,-0.16879205867028335,G1
GGGTATTCACTCTAGA-1,-0.05550151223891553,-0.14814347706310804,G1
GGGTATTGTATCGCAT-1,-0.10212122096285697,-0.09637624375629944,G1
GGGTATTGTCCACATA-1,-0.05426761622783771,-0.2351288679534836,G1
GGGTATTGTCCAGCGT-1,-0.09458708850523473,-0.11249743910656274,G1
GGGTATTGTCCCAAAT-1,-0.03906449907008225,-0.18822278068091985,G1
GGGTATTGTCCTATAG-1,-0.0691911809252782,-0.04511541239371747,G1
GGGTATTGTGTGAGCA-1,-0.020464392388706787,-0.107616976627333,G1
GGGTATTGTTCCGGTG-1,-0.0918553316736801,-0.1938931604622109,G1
GGGTATTTCCCTCATG-1,0.01912140936684603,0.0006116440572780379,S
GGGTATTTCCTAGAGT-1,-0.03543449600155513,-0.15639499931101747,G1
GGGTATTTCGCGGTAC-1,0.00473523495922884,-0.11204424204538468,S
GGGTATTTCTTCCAGC-1,-0.04143985184382337,0.015558442744370127,G2M
GGGTATTTCTTCGACC-1,0.0840405147997283,-0.0733862682921329,S
GGGTCACAGACTCGAG-1,-0.09619430955276248,0.01151947486361693,G2M
GGGTCACAGACTTCGT-1,0.03531067047661696,-0.15643846287691648,S
GGGTCACAGATGAATC-1,0.019029556838241923,-0.07809470816901826,S
GGGTCACAGCAAGTGC-1,-0.11458720044824466,-0.1645250627878143,G1
GGGTCACAGCAGTACG-1,-0.09852475194171889,-0.13091164027423402,G1
GGGTCACAGCTACTAC-1,0.015793195749844724,0.023641110440318247,G2M
GGGTCACAGGCTAACG-1,-0.027263647031913585,-0.13089545362812538,G1
GGGTCACAGGCTCTAT-1,-0.01242736979107345,0.09829467297507527,G2M
GGGTCACCACACGTGC-1,0.031535710043661014,-0.050211166454543765,S
GGGTCACCATGAGAAT-1,0.15353866645630337,-0.13709855963114204,S
GGGTCACGTACGATCT-1,-0.07877580363979186,-0.16107784455207014,G1
GGGTCACGTCACTAGT-1,-0.054136314778310934,-0.15885633642707242,G1
GGGTCACGTCGGTACC-1,-0.11433784740651909,-0.019881857152471483,G1
GGGTCACTCCGTTGGG-1,-0.06027714220718616,0.017456179962017038,G2M
GGGTCACTCTAGTGTG-1,-0.01114012764085659,-0.13158696693147556,G1
GGGTCACTCTCTCCGA-1,0.014789849099270613,-0.23156035593746033,S
GGGTCTGAGCGACAGT-1,0.011585562113393233,-0.2619655890873681,S
GGGTCTGCACATGGTT-1,-0.03647389633550735,-0.008167666971778176,G1
GGGTCTGGTCCAATCA-1,0.042459046428266756,-0.23173337575891734,S
GGGTCTGTCCCTCGTA-1,-0.04963295093198994,-0.09850583660653134,G1
GGGTCTGTCTCTCTAA-1,0.013257205067227884,-0.14097373372749872,S
GGGTGAAAGGATATAC-1,0.0808283230367216,-0.074061695904722,S
GGGTGAAAGGGCCAAT-1,-0.09192455890447337,-0.013277860809965902,G1
GGGTGAACAGTAGTTC-1,-0.01103394955882786,-0.19349847062872116,G1
GGGTGAACATACCAGT-1,0.17794262195905491,-0.09221721058785048,S
GGGTGAAGTCAACGCC-1,0.019846339215280923,-0.08263904793318702,S
GGGTGAAGTCTGTAGT-1,-0.08779414328248575,0.07445220590384727,G2M
GGGTGAAGTGTAAATG-1,-0.08341342144966363,0.013270904828384611,G2M
GGGTGAAGTGTTTACG-1,-0.004147079389332897,-0.06445379834636777,G1
GGGTGAATCCGATTAG-1,-0.045025902740667256,-0.10324292158536613,G1
GGGTGAATCGTGTTCC-1,0.08331170523178932,-0.19636283166276247,S
GGGTGAATCTGTTCAT-1,-0.005353706234377809,-0.1711482856226752,G1
GGGTGTCAGAGCTGCA-1,-0.05347909619838198,-0.17263741029063537,G1
GGGTGTCAGATAGGGA-1,-0.12927566364649218,-0.2138490790236176,G1
GGGTGTCAGGGCGAGA-1,0.0018167471760490717,-0.22389716937925516,S
GGGTGTCCACAGAAGC-1,-0.06993235425683841,-0.19419869934980094,G1
GGGTGTCCACATGTTG-1,0.04182064208637759,-0.13555390549378538,S
GGGTGTCGTAGGACTG-1,-0.08505173998897003,-0.04396946721129147,G1
GGGTGTCGTCTACGTA-1,0.012127311043354905,0.028980532175725604,G2M
GGGTGTCTCAGCGGAA-1,0.027957147196388088,-0.055723156250792605,S
GGGTGTCTCCGGACGT-1,-0.046371605493058465,-0.04448932912502712,G1
GGGTTATAGGTGCATG-1,-0.014598082464661932,-0.05540359916804863,G1
GGGTTATCAATTCACG-1,-0.05382549430046629,-0.1920702507655969,G1
GGGTTATCACAGCATT-1,-0.026464164919124122,-0.2492097273317861,G1
GGGTTATCATCTGTTT-1,0.011209112323503911,-0.09193458586758013,S
GGGTTATCATGGGTCC-1,-0.001511961237230075,-0.07523958111197171,G1
GGGTTATGTACAGTTC-1,-0.08086879165248934,-0.009942408982789364,G1
GGGTTATGTTCTCCTG-1,-0.07094946379699169,-0.2061158538066513,G1
GGGTTATTCCGGACTG-1,0.024393696054059,-0.032456114286610105,S
GGGTTATTCGTAGCCG-1,-0.09684374462155187,-0.12389864350710197,G1
GGGTTATTCTTTCGAT-1,-0.006886194015815222,-0.12184921462930401,G1
GGGTTTAAGAGGTGCT-1,-0.004525537900790355,0.06449441998177985,G2M
GGGTTTACACGTCTCT-1,-0.032185492565943274,-0.14404604856224662,G1
GGGTTTACAGCCCACA-1,-0.029769003930575022,0.0904456232108975,G2M
GGGTTTACAGTCCCGA-1,-0.03799291508843672,0.02254574561816941,G2M
GGGTTTAGTACCGGCT-1,-0.09981381432661235,0.015010391733919493,G2M
GGGTTTAGTAGGTTTC-1,-0.045070803085966615,0.036537983046606215,G2M
GGGTTTAGTGATCGTT-1,0.020257093506268087,-0.18606506060553557,S
GGGTTTATCTATCGCC-1,-0.01632357962672748,-0.18291144077821103,G1
GGGTTTATCTTCTGTA-1,-0.007013502886502654,0.05206238085131698,G2M
GGTAACTAGGATAATC-1,0.030632411763062223,-0.15791227996766513,S
GGTAACTAGTACCGGA-1,-0.025816206495346217,-0.1728852274796855,G1
GGTAACTCAAGTTGGG-1,-0.029054083125698127,-0.17367334958260355,G1
GGTAACTCAATACGAA-1,0.046289987354850126,0.09098086306264497,G2M
GGTAACTCAATTCTCT-1,-0.07091604951209451,-0.17699889899685917,G1
GGTAACTCAGGCCCTA-1,0.07664047093706483,0.0989227490007889,G2M
GGTAACTCATCCAACA-1,-0.012229724366878414,-0.18530650323038153,G1
GGTAACTCATTGAGCT-1,-0.0012924319013088992,-0.10983253271467008,G1
GGTAACTGTCAAGTTC-1,0.1690734184023574,-0.30165288916615074,S
GGTAACTGTCGTTCAA-1,0.024240175412795384,-0.1671322423127194,S
GGTAACTGTTTACACG-1,-0.04342194843820485,-0.12343344296329256,G1
GGTAACTGTTTACGTG-1,-0.06956979930866902,-0.33135722119740824,G1
GGTAACTTCGACCAAT-1,-0.1515311450350305,-0.1595965018352382,G1
GGTAACTTCTCCTACG-1,-0.06988950589504406,-0.1700635685685264,G1
GGTAATCAGATCCGAG-1,-0.07023393716333237,-0.2613506979465676,G1
GGTAATCAGATTGATG-1,-0.04784740301673762,-0.262713646673589,G1
GGTAATCAGGATACGC-1,-0.08333929739118412,-0.07572228023868688,G1
GGTAATCAGGGACAGG-1,-0.02357947452178233,-0.10432046586610405,G1
GGTAATCAGTACGTCT-1,-0.008455957096847766,-0.20543718676749925,G1
GGTAATCAGTCATGGG-1,0.01152199319150804,-0.18630480477079708,S
GGTAATCCACAGCATT-1,0.060131117246148946,-0.13092151815159314,S
GGTAATCCAGCTTCGG-1,-0.05206610173420578,-0.19583322833200395,G1
GGTAATCCATCGAGCC-1,0.025601553778807407,-0.13618980556725935,S
GGTAATCGTAGAGCTG-1,-0.002442198124510908,-0.13366722582464075,G1
GGTAATCGTCCACACG-1,-0.031394247147632004,-0.18045979796390915,G1
GGTAATCGTGCTGATT-1,-0.031143166586927784,-0.17364494153013565,G1
GGTAATCGTTGACGGA-1,-0.010297355719917078,-0.08127496704146309,G1
GGTAATCGTTTAGTCG-1,0.02816620749925597,-0.0024191228996313097,S
GGTAATCGTTTCTATC-1,0.019242625724925744,-0.2983371615087343,S
GGTAATCTCAACTACG-1,-0.005367051927565869,-0.2069678123228699,G1
GGTAATCTCACACCCT-1,-0.11839963050384539,-0.008331731845835133,G1
GGTAATCTCATCGCCT-1,0.024831304190018555,-0.07992546759749841,S
GGTAATCTCCGCACGA-1,-0.07669704553865858,-0.12095951822181777,G1
GGTAATCTCTTCTCAA-1,-0.002917719334134705,-0.05515033885449849,G1
GGTAGAGAGGCCTGAA-1,-0.05711189544949463,0.12091754355171008,G2M
GGTAGAGAGGCGTTGA-1,-0.08178616626154317,-0.07881912645720118,G1
GGTAGAGCAACATCGT-1,-0.0824632017832152,-0.07508523398494515,G1
GGTAGAGCACCATATG-1,-0.010346200580625908,-0.08145998152340234,G1
GGTAGAGCAGGCATGA-1,-0.034175053962262836,0.0119805287643171,G2M
GGTAGAGTCAAGAATG-1,0.023915119833894105,0.00047566151528655176,S
GGTAGAGTCGTCTAAG-1,-0.07837530525700243,-0.13182326206922834,G1
GGTAGAGTCTCCCATG-1,0.04564883591230384,-0.10733100150452254,S
GGTCACGAGAAGCCTG-1,-0.09664140391920978,-0.1346414227069767,G1
GGTCACGAGCCGATCC-1,0.08537079248913304,0.0072032028008349736,S
GGTCACGAGGACGCAT-1,0.013348596361505205,-0.18478855169477135,S
GGTCACGAGGATTTGA-1,0.040735395189673645,-0.07850472860053495,S
GGTCACGAGGGACAGG-1,-0.03994257670849166,-0.1514320519683211,G1
GGTCACGAGTCACTCA-1,0.08831134562227422,0.1512877619913814,G2M
GGTCACGAGTCAGCGA-1,0.08360903440349182,-0.1223050687553317,S
GGTCACGCAAGCGAGT-1,0.15552855530797832,-0.05383329315076352,S
GGTCACGCACGGGTAA-1,0.013186390870250808,-0.08494782528962064,S
GGTCACGCAGGCTACC-1,-0.02223876436827088,-0.060429944321748585,G1
GGTCACGCATAATCGC-1,-0.030498487259530582,-0.24569614383035085,G1
GGTCACGTCCCTCTTT-1,0.12160899481797893,-0.2063790627578544,S
GGTCACGTCTATTCGT-1,-0.05207548192768163,-0.037036726633019657,G1
GGTCACGTCTCGGTAA-1,-0.03496340920512575,-0.10580031134771684,G1
GGTCTGGAGAACTGAT-1,-0.036825545929093595,-0.06234567211524583,G1
GGTCTGGCACTACGGC-1,-0.11242073515595702,-0.07575278636466365,G1
GGTCTGGCAGACACCC-1,0.13294951116835985,-0.0416683963183519,S
GGTCTGGCAGCTACAT-1,0.2609123573909633,-0.044824398042702385,S
GGTCTGGGTACCCACG-1,-0.08995479841258697,-0.037336412507411154,G1
GGTCTGGGTATCAGGG-1,0.028407977932715378,-0.04122866188997315,S
GGTCTGGGTCAATCTG-1,-0.09178770547404996,-0.11226177726594994,G1
GGTCTGGTCATACGGT-1,-0.07116145954190845,0.031058308948922142,G2M
GGTCTGGTCGTTCTCG-1,-0.05283651421809027,0.008080307022016675,G2M
GGTCTGGTCTCAACGA-1,-0.0152908012791102,-0.20281414869720382,G1
GGTGAAGAGACTGGGT-1,0.02433348875926733,0.011959747176761015,S
GGTGAAGAGGAGAATG-1,0.04176307208840346,-0.19418042451764878,S
GGTGAAGCAGCAGTAG-1,0.01741438461531919,0.016777919590646895,S
GGTGAAGCATCCTTCG-1,-0.09545915216858841,-0.07909922552935217,G1
GGTGAAGGTATCATGC-1,-0.06135963655507426,-0.216500838931914,G1
GGTGAAGGTTCGAAGG-1,0.07425948266554905,-0.1549304686474367,S
GGTGAAGGTTGTGTAC-1,-0.045799045204733824,-0.12032546920167803,G1
GGTGAAGTCTTCCTAA-1,0.17750426365852368,-0.08778124440016583,S
GGTGATTAGAAACTAC-1,-0.04277237559728325,-0.22759458254800716,G1
GGTGATTAGCAGGGAG-1,0.16155659088114455,-0.17869342090659357,S
GGTGATTAGGCTCAAG-1,0.10723046964136401,-0.23726892600316601,S
GGTGATTAGGTAAGAG-1,0.06284222604117362,-0.13713641963426948,S
GGTGATTAGTGGTGGT-1,-0.09648244756754654,-0.0651220540011786,G1
GGTGATTCAAAGGTTA-1,-0.05059689035541387,-0.0345368248738086,G1
GGTGATTCAAGCCCAC-1,0.05045361833119194,-0.23744360682722673,S
GGTGATTCACTGGATT-1,-0.06335217419804987,-0.004449079663126854,G1
GGTGATTCATCGATAC-1,-0.06905688578528751,-0.11184608565737936,G1
GGTGATTCATTGACTG-1,0.04030706360284131,0.007728643142540126,S
GGTGATTGTTAGCGGA-1,0.04387500089162272,-0.08661338430029172,S
GGTGATTTCGCGTTTC-1,-0.06848085752569122,-0.14576968173295918,G1
GGTGATTTCGTGTGAT-1,-0.12607064859584416,-0.14550372231864495,G1
GGTGATTTCTCCGCAT-1,-0.07123396050175695,-0.16553322164831713,G1
GGTGGCTAGAATAACC-1,-0.11441855927505007,-0.05130660485008687,G1
GGTGGCTAGATAGGGA-1,-0.011176676282178999,-0.10065583265735117,G1
GGTGGCTAGCGTTACT-1,-0.07157105854841511,-0.1945959563288019,G1
GGTGGCTAGCTATCCA-1,0.13669082623042256,-0.05788971160861506,S
GGTGGCTGTCCGGTCA-1,-0.027805849953546014,-0.08573524181203573,G1
GGTGGCTGTCTTCTAT-1,-0.0380044700995717,-0.13741544506752204,G1
GGTGGCTGTGCTTATG-1,-0.019928413656989885,-0.061321465948653286,G1
GGTGGCTGTGGCTAGA-1,0.0016987569362607036,-0.12017857028221518,S
GGTGTCGAGAGTGGCT-1,0.009917322431924669,-0.05687636071362723,S
GGTGTCGAGTAGACAT-1,-0.11707315058523105,-0.05404653070301452,G1
GGTGTCGCAGTGACCC-1,0.08799262455446077,0.023235977545978503,S
GGTGTCGCATACCAGT-1,-0.05931333198757366,-0.07051497324865522,G1
GGTGTCGCATAGACTC-1,0.03793618805156551,-0.043614453811489706,S
GGTGTCGGTCAAGTTC-1,0.03475811330509698,-0.08512164589588583,S
GGTGTCGGTGGGAGAG-1,-0.04067798236380343,-0.05926822453751307,G1
GGTGTCGGTGTTTCTT-1,0.031780888858145784,-0.10858705318319695,S
GGTGTCGTCGATTTCT-1,-0.10914041166239136,0.0814159237441483,G2M
GGTGTCGTCTGCCTCA-1,0.009082511677365457,-0.09914907256330097,S
GGTGTTAAGATGACAT-1,0.08554136483250896,-0.17177589221018397,S
GGTGTTAAGGCTCACC-1,-0.09515810255114943,-0.0699724176713904,G1
GGTGTTACAAAGGCTG-1,0.011273254870218519,-0.1594861809108302,S
GGTGTTACACCTCTGT-1,0.07830508007549902,-0.04112013038037482,S
GGTGTTACACTTGTCC-1,-0.003087779356591769,-0.04612423105109864,G1
GGTGTTAGTAAGCAAT-1,-0.022562107253005226,-0.2091216340029298,G1
GGTGTTAGTAGTATAG-1,-0.005942845124171869,-0.06738319568089057,G1
GGTGTTAGTAGTCTTG-1,0.019983244702295067,-0.1603516776640013,S
GGTGTTAGTTTGGAAA-1,-0.060536221667215645,0.2109523356921087,G2M
GGTGTTATCGGACTTA-1,0.0929310048783572,-0.10977816126053758,S
GGTGTTATCTCCAATT-1,-0.05512535393360074,-0.037070538201867315,G1
GGTTAACCAATAGTCC-1,-0.0611474691042414,-0.12705711802990508,G1
GGTTAACCACAATGCT-1,0.11029550191682275,-0.1145396512333689,S
GGTTAACCAGAATGTA-1,0.02322427031988422,-0.1652388833445636,S
GGTTAACCAGACAATA-1,0.08032507212190382,-0.037678434510339476,S
GGTTAACCAGAGTCAG-1,0.016169969583927746,-0.1641640309345503,S
GGTTAACGTAACATAG-1,-0.04553067964109114,-0.19478201815797072,G1
GGTTAACGTACTTGTG-1,-0.004273896470738114,-0.13314847203941277,G1
GGTTAACGTCCGAAAG-1,0.03446490429938093,-0.22274716790584312,S
GGTTAACTCCCGAGAC-1,0.0038414917466840226,-0.005471358339953769,S
GGTTAACTCCGTTTCG-1,0.05375109571622072,-0.15913847300784642,S
GGTTAACTCGGACAAG-1,-0.06594879685700511,-0.04268802142589767,G1
GGTTAACTCTTCCGTG-1,-0.045847215560760546,-0.2249204911087561,G1
GGTTCTCAGACAACAT-1,0.0016647416725740216,-0.14066408551615472,S
GGTTCTCAGATACATG-1,-0.025871771005080868,0.007757074515443746,G2M
GGTTCTCAGCACGATG-1,0.0010593811407894616,-0.04549425127219414,S
GGTTCTCAGGCTATCT-1,0.018020935076700384,0.009659809813460263,S
GGTTCTCCAGCTGTTA-1,-0.007561410175809358,-0.26476473716155374,G1
GGTTCTCGTCCCGTGA-1,-0.015400829511852787,-0.16845968884750767,G1
GGTTCTCTCAACTGGT-1,-0.07019117855874035,-0.08561902800830273,G1
GGTTCTCTCACGGTCG-1,0.003993805612708956,-0.06085706044693237,S
GGTTCTCTCCCGTGAG-1,-0.1264831355468024,-0.1578500933212124,G1
GGTTGTAAGGGCAGTT-1,0.1617007758033674,-0.13293648773169922,S
GGTTGTACACCTCTAC-1,0.0910141437927619,-0.031089394906486267,S
GGTTGTACACTTGTCC-1,-0.07873459202127528,-0.2023734407696416,G1
GGTTGTACATAGGAGC-1,0.040299775906477986,-0.22799582550713055,S
GGTTGTAGTCTATGAC-1,0.12139654226839552,-0.02669864619452167,S
GGTTGTAGTGTCATCA-1,0.09875603562348412,-0.20869112300241938,S
GGTTGTATCACTCCGT-1,-0.04917842896305019,-0.24027489033683838,G1
GGTTGTATCATACAGC-1,0.04269455371020081,-0.2336073840255169,S
GGTTGTATCTCACGAA-1,-0.0783944005844654,-0.1436337018465344,G1
GGTTGTATCTGGTTGA-1,-0.008807104182667391,-0.07527177616348629,G1
GTAACACAGAAGGATG-1,0.08196205586232502,-0.15807658264025393,S
GTAACACAGACGAGCT-1,0.005870387005927513,0.00951859903288127,G2M
GTAACACAGACGCATG-1,0.04792180472114521,-0.2728712056508048,S
GTAACACAGAGGTGCT-1,-0.11183468994731421,-0.22048083252708967,G1
GTAACACAGCAAATGT-1,-0.029521150183327793,-0.212326110494415,G1
GTAACACAGGTAAAGG-1,0.043188869192060275,-0.07200900131701521,S
GTAACACAGTTGTCAC-1,-0.0312729554368289,-0.1516560343821487,G1
GTAACACCAATTCACG-1,-0.07230891338548551,-0.14832110276214822,G1
GTAACACCAGGGAATC-1,0.05750147740355033,-0.2181837190837753,S
GTAACACCATTGCTGA-1,0.038544527901668346,-0.12664863191992493,S
GTAACACGTAAGCGGT-1,0.08353400553033286,-0.18352539012962804,S
GTAACACGTCCCGGTA-1,0.0377878530550666,-0.18178776915856193,S
GTAACACGTGAACGGT-1,-0.02127250842656131,-0.14231587986026187,G1
GTAACACTCACCCTGT-1,-0.03773337654424397,-0.2969937392937195,G1
GTAACACTCGAATGCT-1,-0.06463459404880506,-0.0558207526899509,G1
GTAACACTCGACGCGT-1,0.056746383104974985,-0.1360694343424142,S
GTAACACTCTGGGCAC-1,-0.05601274268542017,-0.17506943976134437,G1
GTAACCACAAAGTGTA-1,-0.006786724395495214,-0.1476461330399037,G1
GTAACCACAGGACATG-1,0.024180936079590987,-0.18748806796013073,S
GTAACCACATGAGGGT-1,-0.1382569599970856,-0.16154881747796437,G1
GTAACCACATGGGTTT-1,-0.05242954486157886,0.007691567511694475,G2M
GTAACCATCAACTGAC-1,-0.026963474422527917,-0.1386849082105311,G1
GTAACCATCAGCTCTC-1,-0.05296339552956836,-0.09161823000982888,G1
GTAACCATCATGGATC-1,-0.012353504075550192,-0.13892402823371297,G1
GTAACCATCCACGGGT-1,0.019153220826082507,-0.14709278667178893,S
GTAAGTCAGAGGCCAT-1,0.17933220962989427,0.21989379489178196,G2M
GTAAGTCAGTTATGGA-1,-0.02251040606979854,-0.21804091702053874,G1
GTAAGTCCAAGGTTGG-1,0.06466770022981855,-0.18301966928860208,S
GTAAGTCCATACAGAA-1,0.014167995131892153,-0.11441813626683123,S
GTAAGTCCATCGAACT-1,7.635502289005114e-05,-0.07514361983317847,S
GTAAGTCGTCCGGATC-1,-0.00406279713384633,0.026788355332775182,G2M
GTAAGTCGTTTGCCGG-1,-0.005553243705477939,-0.17740248090745248,G1
GTAAGTCTCCTTGACC-1,0.0074137849596077054,-0.16148850210920662,S
GTAAGTCTCGACCAAT-1,-0.09798645591571753,-0.11375006396291126,G1
GTAAGTCTCGGAATTC-1,-0.005975885959614097,-0.071272518873119,G1
GTAAGTCTCTGAGATC-1,0.08212300533474598,-0.16160919999492865,S
GTAATCGAGACCTGGA-1,-0.010792863168370082,-0.18520327072798726,G1
GTAATCGAGAGAGGTA-1,-0.04740324748733432,-0.26205417511610607,G1
GTAATCGAGGCAGGGA-1,0.05509557096773687,-0.22142803139438816,S
GTAATCGAGTGATGGC-1,0.010729180223151336,-0.11586939871780383,S
GTAATCGCACATGTTG-1,-0.037014020550173776,-0.20799890474277474,G1
GTAATCGCATGGGCAA-1,-0.030702372264285294,-0.19818102706923296,G1
GTAATCGGTCTCACAA-1,-0.005035367087340259,-0.06325147665171382,G1
GTAATCGGTGAATTAG-1,-0.07599859390324426,-0.1854631698002766,G1
GTAATCGGTTAGCGGA-1,0.060252722088661614,0.031842934842479464,S
GTAATCGTCAGTCCGG-1,-0.0386726519106661,0.00319398224136358,G2M
GTAATGCAGGAATCGC-1,0.11050281056391387,-0.08895503616352979,S
GTAATGCCAATTGCTG-1,0.01053109404776631,-0.1768823424110202,S
GTAATGCCACAAATGA-1,0.0054438896864179576,-0.2054203627127963,S
GTAATGCCAGACCAAG-1,-0.07368811977581008,0.09112324965259616,G2M
GTAATGCCAGAGAGGG-1,-0.08785773750516734,0.0359513656618608,G2M
GTAATGCCAGCTTTGA-1,-0.048557160357484086,-0.18165836084877962,G1
GTAATGCCAGTTGGTT-1,-0.03476208784196261,-0.1615114406955691,G1
GTAATGCGTAACACCT-1,-0.02363928932281345,-0.11117146508833065,G1
GTAATGCGTCGTCTCT-1,0.009096196320392158,-0.18481302530178403,S
GTAATGCGTGCTCTTC-1,-0.18616529596455572,-0.06860701678641618,G1
GTAATGCGTGGGCTTC-1,-0.004286016667714887,-0.13995366574806878,G1
GTAATGCTCAATCCAG-1,0.037632944507495325,-0.014599901797615722,S
GTAATGCTCGAGCCAC-1,-0.02163472015689838,-0.05333633952846334,G1
GTAATGCTCTTCGATT-1,-0.030721288950342263,-0.03238039834187301,G1
GTACAACAGTGACCTT-1,0.012058566532357096,-0.08828146085269234,S
GTACAACCAGTGTATC-1,-0.04826328470407443,-0.1822179961066787,G1
GTACAACCATGACGAG-1,0.06903297819784832,-0.1645764707489038,S
GTACAACCATTGGATC-1,0.03535186621948999,-0.14077630375192018,S
GTACAACGTAGACACG-1,-0.04456178323390214,-0.07445852978676915,G1
GTACAACGTAGTCTGT-1,0.30149876092742983,-0.19828569987069367,S
GTACAACGTCCTTAAG-1,-0.004483639490942826,-0.13706319210152432,G1
GTACAACGTGCGTGCT-1,0.13946401221884297,-0.07432422714841963,S
GTACAACGTTGCACGC-1,-0.06638237990300605,-0.08660475727050873,G1
GTACAACTCACCGCTT-1,0.013962175335627991,-0.1266256333429486,S
GTACAACTCGTCGCTT-1,-0.048653232412262964,-0.14637528181912488,G1
GTACAACTCTAGTGAC-1,0.2029701168663916,-0.10955936495537405,S
GTACAACTCTCACCCA-1,-0.10535978601737078,-0.031933828479089765,G1
GTACAGTAGACAAGCC-1,-0.009699988429132611,-0.0810459774754333,G1
GTACAGTAGAGTAACT-1,-0.06788380708494435,-0.093473393766483,G1
GTACAGTAGATTGGGC-1,-0.07751043880531083,-0.0101158104537451,G1
GTACAGTAGCCTGTGC-1,-0.2120141066828147,-0.1504022938734974,G1
GTACAGTAGGTTGACG-1,-0.09419458370294503,-0.08487436744884758,G1
GTACAGTCACTAGTAC-1,-0.00526778395378491,-0.14809232516073445,G1
GTACAGTCAGAACCGA-1,-0.1070939627914348,-0.09222519293492754,G1
GTACAGTCAGTCAACT-1,-0.005163582534871203,-0.20849753279232633,G1
GTACAGTCATGTTCGA-1,0.009691063407492373,-0.03315101003521176,S
GTACAGTGTTCCTACC-1,0.03131332726290459,-0.17312214307252544,S
GTACAGTTCAGAATAG-1,-0.016456059155701502,-0.04085652781151217,G1
GTACAGTTCCCATAGA-1,0.04904123297762675,-0.18495030554861525,S
GTACAGTTCCGTCCTA-1,0.1328103906410787,-0.07877692948558213,S
GTAGAAAAGCCATGCC-1,0.020694198891961335,-0.17738298747018222,S
GTAGAAAAGTGATAAC-1,-0.09685441046731794,-0.23694382524006802,G1
GTAGAAAAGTTGGACG-1,0.019120998346112555,-0.0911912581434282,S
GTAGAAACATATACCG-1,-0.11530076580943321,-0.19201607999038767,G1
GTAGAAACATCATCCC-1,-0.02674279193612311,-0.14948701251789687,G1
GTAGAAAGTCTTCGAA-1,0.09466049230743218,-0.1484609409994303,S
GTAGAAAGTGCTCTCT-1,-0.031246899140859152,-0.14271555124507584,G1
GTAGAAAGTGGGTATG-1,-0.15906479750502006,-0.229593655331216,G1
GTAGAAAGTTCAATCG-1,0.06774304918388635,-0.11486703402842968,S
GTAGAAATCCTAGCCT-1,0.022695599104834985,-0.15559953194502818,S
GTAGAAATCTCCCATG-1,-0.0401499868174347,-0.04380005733001344,G1
GTAGAGGAGAGGATCC-1,0.03419683025264611,-0.18859352448855793,S
GTAGAGGAGCGCTGCT-1,0.06317521284583227,-0.10709116369131616,S
GTAGAGGAGCTACTGT-1,-0.047568147181989706,-0.25103261953391204,G1
GTAGAGGAGTCATGAA-1,-0.012572882027025667,-0.046953064767026764,G1
GTAGAGGCAAATAAGC-1,-0.11435022782178272,-0.258343234163816,G1
GTAGAGGCACTACACA-1,-0.07194024718756903,-0.21916785335136285,G1
GTAGAGGCAGACCGCT-1,0.048270514653188656,-0.038664694233389085,S
GTAGAGGCAGGTCCGT-1,-0.146392747123068,-0.19160484856077586,G1
GTAGAGGGTCAGACTT-1,0.007131554688867836,-0.0812573328637903,S
GTAGAGGGTCCCTCAT-1,-0.02843144795379321,-0.12768788925545627,G1
GTAGAGGGTCGGCTAC-1,0.06891788084950429,-0.12487324768975122,S
GTAGAGGGTGGCTGCT-1,-0.05775910951252561,-0.14848338559538055,G1
GTAGAGGTCATTTACC-1,0.0030845729292716395,-0.13789634582411403,S
GTAGAGGTCGACCAAT-1,-0.04143815809696216,-0.18162898853541629,G1
GTAGATCAGGTCATCT-1,-0.05064215436934916,-0.11249792022995375,G1
GTAGATCAGGTGCCTC-1,0.04499028764214891,-0.0331849392881991,S
GTAGATCCAAACGTGG-1,0.02497906055002863,-0.014154923850021484,S
GTAGATCCAGCGTAGA-1,-0.03721496623288523,-0.0009096823537135257,G1
GTAGATCCAGGACGAT-1,0.12018363789967951,-0.1849998138013859,S
GTAGATCGTCCAACGC-1,0.035977586245559134,-0.05242310947233578,S
GTAGATCGTCGGCACT-1,-0.009104084930878387,-0.1537665000308164,G1
GTAGATCGTGTTTGCA-1,-0.05679288874943139,-0.18758932780502058,G1
GTAGATCTCACTCGAA-1,-0.08250907644359251,-0.17683144528565406,G1
GTAGATCTCCTCTAGC-1,0.06022202987845826,0.14807653897361217,G2M
GTAGATCTCGTTGTTT-1,0.06702686388885504,-0.11434326257100297,S
GTAGATCTCTAGTTCT-1,-0.07496949521292301,-0.17405113775976946,G1
GTAGATCTCTCATTAC-1,-0.021621830783377594,-0.11231858384962318,G1
GTAGATCTCTTTCAGT-1,-0.011278426999669633,-0.17439092945682605,G1
GTAGCTAAGGAAAGTG-1,-0.06488426256640356,-0.09222372950684943,G1
GTAGCTAAGGCATCTT-1,-0.05992496142620857,-0.11313791381389571,G1
GTAGCTAAGTTCATCG-1,-0.04710974594621192,-0.015280313042224603,G1
GTAGCTACAAGCGAGT-1,-0.09886443257727429,-0.2306019189589006,G1
GTAGCTACAGTTTCAG-1,-0.03535267506897616,-0.22376019151574533,G1
GTAGCTAGTAGACGGT-1,0.003824718191665688,-0.13871542142751822,S
GTAGCTAGTATCGCAT-1,0.03628713015676699,-0.25417366070777586,S
GTAGCTATCGCCATAA-1,-0.08060607899809596,-0.10872633544198523,G1
GTAGCTATCTAAACGC-1,0.10946449255438195,-0.08012005557600771,S
GTAGCTATCTTCCCAG-1,-0.01568181818440484,-0.1947877398501509,G1
GTAGGAGAGACCATAA-1,0.15278605150644264,-0.021606990887516053,S
GTAGGAGAGACGCATG-1,0.1711815162608349,-0.08652826805608121,S
GTAGGAGAGATGAACT-1,0.042144691097748044,-0.08551509087420256,S
GTAGGAGAGATGATTG-1,-0.10977154922755333,-0.15762094568890386,G1
GTAGGAGAGCGACCCT-1,0.057225629949827744,-0.020676252527473155,S
GTAGGAGAGCGGGTAT-1,0.11825750346595237,-0.17234880248872692,S
GTAGGAGAGTTACGTC-1,0.03046962284999266,-0.0880649620681892,S
GTAGGAGAGTTTCGAC-1,-0.04434140214222415,-0.04167253726867809,G1
GTAGGAGCAACGACTT-1,-0.025223811821470765,-0.0700165447960654,G1
GTAGGAGCATGAGGGT-1,-0.0554801761177231,-0.2721853058809193,G1
GTAGGAGCATGATGCT-1,0.03837142486431938,-0.16311470815944107,S
GTAGGAGCATGGATCT-1,0.018392865610852405,0.029519460717816914,G2M
GTAGGAGCATTGAAAG-1,0.03528542484079733,-0.0841324518428217,S
GTAGGAGGTCGTATTG-1,0.1704412092026769,-0.009020868895005751,S
GTAGGAGTCCTCTGCA-1,-0.09370980946665974,-0.0757697462971082,G1
GTAGGAGTCCTTGGAA-1,0.011961730280360239,-0.15680500840690484,S
GTAGGTTAGCAACTCT-1,0.1151748939431484,-0.032510851826638765,S
GTAGGTTCAAGGTCTT-1,-0.05749944651751454,-0.19000066504156282,G1
GTAGGTTCACGTAGAG-1,0.1062434118536823,-0.07235757699488071,S
GTAGGTTCAGAGCTAG-1,0.03496955317615841,-0.1013950655060989,S
GTAGGTTCAGGTGGAT-1,0.036495891473737885,-0.19520860182484315,S
GTAGGTTCATCAGCAT-1,-0.05228331017068111,-0.09884897216442123,G1
GTAGGTTGTCCGTTTC-1,-0.1304163962082125,-0.2638446493160289,G1
GTAGGTTTCCTTATGT-1,0.15627940777041155,-0.18506102313682093,S
GTAGGTTTCTGCTTAT-1,-0.053977993242221134,0.008540822971369266,G2M
GTAGTACAGCGTACAG-1,-0.04742090747555883,-0.12029878439790154,G1
GTAGTACAGCGTTCAT-1,0.057097076845789685,-0.12296146879005909,S
GTAGTACAGCTGAAAT-1,-0.016904119834738385,-0.18757919862957695,G1
GTAGTACCAACAAGAT-1,-0.04358258857807723,-0.22046381589985306,G1
GTAGTACCACGACGTC-1,-0.057482734864572504,0.06420718735316744,G2M
GTAGTACGTACGATTC-1,-0.08601873518276723,-0.08937696501486003,G1
GTAGTACGTCAAAGCG-1,-0.008411252351762877,0.004213692540907532,G2M
GTAGTACTCAATCCGA-1,0.03472875364661526,-0.0682034167820944,S
GTAGTACTCACAAGAA-1,0.008334757455077002,-0.03628948844134783,S
GTAGTACTCACTTATC-1,-0.13061610591872796,-0.30550993990499054,G1
GTATTGGAGAGTTGCG-1,0.004470471695495137,-0.0732421441549505,S
GTATTGGAGGGTTGCA-1,-0.00824068670137712,-0.218411855173463,G1
GTATTGGAGTAGGGTC-1,0.21190311014898539,0.04401154243725314,S
GTATTGGCAAGAGTGC-1,-0.00838465353558493,-0.19541578727462366,G1
GTATTGGCAGCTGTGC-1,-0.08393809686871151,-0.12744626863572933,G1
GTATTGGCAGGAATAT-1,0.16124996094268368,-0.12287258751894686,S
GTATTGGCATCTTCGC-1,-0.13906249629137207,-0.15633572189306819,G1
GTATTGGGTCCGGCAT-1,0.072693791913406,-0.2506988271312731,S
GTATTGGGTCGTGATT-1,-0.09250348185001142,-0.1379421883907108,G1
GTATTGGGTGACGCCT-1,-0.07008033171185923,-0.07839347755528406,G1
GTATTGGTCCACGAAT-1,-0.0023707210305013438,-0.07729786113543058,G1
GTATTGGTCCGGTAAT-1,-0.07138602656547693,-0.1404388975972682,G1
GTATTTCAGAATGTTG-1,0.09293045805782196,-0.1670667305483387,S
GTATTTCAGCTTGTTG-1,-0.06893565128823426,-0.23477249154829327,G1
GTATTTCCACCATAAC-1,-0.0440033582499465,-0.20229657469963797,G1
GTATTTCCATGATGCT-1,0.05252580790907896,-0.086871497911093,S
GTATTTCCATGGGCAA-1,-0.01442461271934814,-0.06455100041881628,G1
GTATTTCCATTGCTTT-1,-0.0739734517948562,-0.1362702043586691,G1
GTATTTCGTAGCGCCT-1,-0.014153415665171531,-0.17549967839464728,G1
GTATTTCGTAGTCCTA-1,-0.04826698421400816,-0.1926171071072509,G1
GTATTTCGTATCGTGT-1,0.038728445566399594,-0.15364302156599607,S
GTATTTCGTTTCTATC-1,0.01681349344901134,-0.05203324585376412,S
GTATTTCGTTTGTGGT-1,7.85654556638149e-05,-0.0774237214431788,S
GTATTTCTCAAGTCGT-1,-0.015879816914417533,-0.06591225549295954,G1
GTATTTCTCCAATCTT-1,-0.05999613282516425,-0.09185891654706857,G1
GTATTTCTCGAACTCA-1,-0.05959011065610381,-0.24847825643452107,G1
GTATTTCTCGTCACCT-1,-0.05389624635286744,-0.11173489288824917,G1
GTATTTCTCTCTTAAC-1,-0.08421963557896078,-0.033997261370020904,G1
GTATTTCTCTGAGCAT-1,-0.05649233336243775,-0.09851171873282177,G1
GTCAAACAGAAGTGTT-1,0.01334080976253671,-0.18842281047725234,S
GTCAAACAGATGATTG-1,-0.10643024737115486,-0.16748975427830737,G1
GTCAAACAGCTGACAG-1,0.15777945658436154,-0.07804877200441335,S
GTCAAACCAACAAGAT-1,-0.005178237435148447,-0.10392564822797148,G1
GTCAAACCACGGGTAA-1,0.09326920739773664,-0.018128797686830567,S
GTCAAACCAGCACGAA-1,0.02342556442608712,-0.14839797522404857,S
GTCAAACGTCAAGCCC-1,-0.02435368647395464,-0.19535705876080325,G1
GTCAAACTCAGTAGGG-1,0.05501971969744496,-0.043570127838903405,S
GTCAAACTCCCATACC-1,0.038015748531777055,-0.17647672669960326,S
GTCAAACTCCGGCTTT-1,0.09512210115069497,-0.13573560614348934,S
GTCAAACTCCTTATGT-1,-0.01792257473059472,-0.14252728660850755,G1
GTCAAGTAGAGGCCAT-1,-0.06083530152469624,-0.21982458816167977,G1
GTCAAGTAGAGTTGCG-1,-0.028196174538517804,-0.13109499434448707,G1
GTCAAGTAGATTCGCT-1,0.03105084849133649,-0.0565436065281259,S
GTCAAGTAGCTGTACT-1,-0.049350932573607426,-0.13016291661575696,G1
GTCAAGTCAAGTCGTT-1,-0.03635048501613128,-0.1763893479445155,G1
GTCAAGTCACAAAGTA-1,0.010220497397094963,-0.2134308024421364,S
GTCAAGTCACAAGCTT-1,-0.047587812965620035,-0.14055631624023757,G1
GTCAAGTGTACCTAGT-1,-0.08960159670809939,-0.09405381249288688,G1
GTCAAGTGTACTCCCT-1,0.010209527650772432,-0.14187594665055409,S
GTCAAGTGTCTTCAAG-1,0.09673099150111969,-0.1540936706115777,S
GTCAAGTTCAGTAGGG-1,-0.01715005013945964,-0.16816322130142625,G1
GTCAAGTTCCATAGAC-1,-0.09328351031786097,-0.00016978622084168338,G1
GTCAAGTTCGCGTAGC-1,-0.1192710599982914,-0.14083797843075127,G1
GTCAAGTTCTCAATCT-1,-0.0923071612175495,0.00038589138768535536,G2M
GTCACGGAGAGTTGCG-1,-0.07263723860328125,-0.18530666427621625,G1
GTCACGGAGGCCCACT-1,-0.140590656553459,-0.12208007249347264,G1
GTCACGGCAACAGAGC-1,0.13366963216798017,-0.1738344070859099,S
GTCACGGCACAAAGCG-1,-0.05378069236152322,-0.1415153562543013,G1
GTCACGGGTAGCGAGT-1,-0.12213668274546324,-0.08372516597790214,G1
GTCACGGGTTGCCATA-1,0.0036426860910157566,-0.16273682420369817,S
GTCACGGTCAACTGGT-1,-0.045682898932254135,-0.06690968833466454,G1
GTCACTCAGAGAGCGG-1,-0.011490278538130227,-0.21266487739065884,G1
GTCACTCAGCCATATC-1,-0.006341487414670333,-0.029880762345741774,G1
GTCACTCAGCGTCTCG-1,0.00037957227999857457,-0.12804669007044375,S
GTCACTCCAACTGCCG-1,-0.10549122034053698,-0.15059463160474898,G1
GTCACTCGTATCGCAT-1,-0.07914124423674945,-0.059199942401926386,G1
GTCACTCGTCCCGGTA-1,0.00037570736913955516,-0.21473439328655064,S
GTCACTCGTGTGTCCG-1,-0.018662594733838245,-0.1754831980042651,G1
GTCACTCGTTCCAGGC-1,-0.07515560360329016,-0.12535113671445466,G1
GTCACTCTCCTACCAC-1,0.1286868742148547,-0.09947026545558707,S
GTCACTCTCCTTCTGG-1,-0.09245205616256932,-0.1824065251330678,G1
GTCACTCTCCTTGGAA-1,0.01190056887879451,-0.04817819065175691,S
GTCACTCTCGTGGCTG-1,0.001661204960736018,-0.1003389491185655,S
GTCAGCGAGACCAGCA-1,0.0679624616996447,-0.060702687602508965,S
GTCAGCGAGCGTGTTT-1,0.05737403074456404,-0.059664780571800635,S
GTCAGCGAGCTGACAG-1,0.00989939853941868,-0.062811495419553,S
GTCAGCGAGTGATAGT-1,-0.04814353176669209,-0.263550923065514,G1
GTCAGCGCACGAAAGC-1,-0.018625004281703106,-0.12909692457304728,G1
GTCAGCGCAGTTACCA-1,-0.0555898163833653,-0.20348014634792397,G1
GTCAGCGGTGGGTTGA-1,0.09456596998705813,-0.06555627635080719,S
GTCAGCGTCGCACGAC-1,0.033651767807520605,-0.12507296100396936,S
GTCATCCAGACGAAGA-1,0.0443647686321198,-0.1644265340805353,S
GTCATCCCAACCGTGC-1,-0.010080528185719084,-0.24581085696987842,G1
GTCATCCCAAGTGATA-1,0.16742669067049132,-0.15128218659290465,S
GTCATCCCACTCCACT-1,-0.0029342995846018405,-0.2074866150627025,G1
GTCATCCCACTGGACC-1,0.03404209740415176,-0.24665430853741502,S
GTCATCCCATATGAAG-1,-0.025999752602119786,-0.08676060810787892,G1
GTCATCCCATGTGCTA-1,0.022741207468267716,-0.03597619634951921,S
GTCATCCCATTGTACG-1,-0.05663892520681424,-0.15551840376163567,G1
GTCATCCGTACAGTCT-1,-0.04543253146600912,-0.22319564563327157,G1
GTCATCCGTACGATTC-1,-0.07078143453123734,-0.14930140751791793,G1
GTCATCCGTGAGGAAA-1,-0.06258443792409268,-0.10187710169824682,G1
GTCATCCTCAAGAGTA-1,-0.050093080365745335,-0.17694333347317026,G1
GTCATCCTCAAGGCTT-1,-0.08366871896604638,-0.19164439587482135,G1
GTCATCCTCAGGAAAT-1,0.04716838088946512,0.023117802628439987,S
GTCATCCTCATCCTAT-1,-0.006543301925113709,-0.33297939176361196,G1
GTCATCCTCCAGTGCG-1,-0.12246654167652049,-0.19609418821778443,G1
GTCATCCTCCTCACGT-1,-0.043619638644001146,-0.08843888627721908,G1
GTCATGAAGATTGGGC-1,-0.030963402892633662,-0.1778989681376861,G1
GTCATGAAGCATGGGT-1,0.024233883322978933,-0.03161476640213745,S
GTCATGAAGGGAGGAC-1,-0.05921813307702045,-0.1416203141276965,G1
GTCATGAAGGGTTGCA-1,-0.05924333532157,0.13353736302437036,G2M
GTCATGAAGGTATTGA-1,0.0969316134953036,-0.21871170238498666,S
GTCATGACAGGGAATC-1,-0.010596461185360284,-0.09140484922249692,G1
GTCATGACATTCAGGT-1,-0.07566806895499245,-0.152982874785358,G1
GTCATGAGTACACGTT-1,-0.08728658334295708,-0.3274133327467419,G1
GTCATGAGTAGGTACG-1,-0.012225135109576624,-0.08008432577232816,G1
GTCATGAGTCGCTTGG-1,-0.07313413272937705,-0.03203827097252257,G1
GTCATGAGTGTTAAAG-1,0.052957799995735355,-0.13807516177671486,S
GTCATGATCCGTTGAA-1,0.11344319941162812,-0.0629465034802727,S
GTCATTTAGGAACGAA-1,-0.03168169292292633,-0.02127840758106564,G1
GTCATTTCAACCTATG-1,0.08882228413153836,-0.10619264784796897,S
GTCATTTCAGCTGTAT-1,-0.03887032575581961,-0.048954937933394005,G1
GTCATTTCATGACGAG-1,0.0024946384143054723,0.013932474026591701,G2M
GTCATTTCATGAGTAA-1,-0.023770637995104704,-0.15046159755814714,G1
GTCATTTGTCCCTAAA-1,0.030706227846991285,-0.18973434823033714,S
GTCATTTGTCTCAGAT-1,-0.08571145620208692,-0.1587072300893888,G1
GTCATTTGTTCATCGA-1,-0.02056429632589285,-0.25627247817338267,G1
GTCATTTTCAGCGTCG-1,0.06946931460099726,-0.01856971481584513,S
GTCATTTTCATCCTAT-1,0.16143253986386885,-0.020957858089777126,S
GTCATTTTCCATGATG-1,0.0033319830638329773,-0.041015254136826995,S
GTCATTTTCGAAGCCC-1,0.0015467925607256516,-0.0554824372214113,S
GTCATTTTCTGTCGCT-1,-0.00675581703960576,-0.051330435671987806,G1
GTCCACTAGCCTAACT-1,0.016428540780865697,-0.08238962946581796,S
GTCCACTAGCGTTAGG-1,0.08145235290492425,-0.06366494927339644,S
GTCCACTAGTCATACC-1,-0.004594783836389782,-0.08903306171360709,G1
GTCCACTGTTCCTAGA-1,-0.061354065691538506,-0.1337832573927356,G1
GTCCACTGTTCGGCCA-1,-0.13195400210634645,-0.13724141063233763,G1
GTCCACTTCGGATTAC-1,-0.05059935473381699,-0.08342676294386137,G1
GTCCACTTCTGTACAG-1,-0.035647615489831724,-0.1762664154333978,G1
GTCCCATAGACCAAAT-1,-0.06699224266705278,-0.14365782183517872,G1
GTCCCATAGCACAAAT-1,-0.01571722381172891,-0.09213318517740632,G1
GTCCCATAGGAATGTT-1,-0.04787776351975853,-0.10585607330571017,G1
GTCCCATAGGACTAAT-1,-0.05152555455165675,-0.23825700706721764,G1
GTCCCATCACGCTGTG-1,0.09320991127111514,-0.17998052521425098,S
GTCCCATCATTGACTG-1,-0.08751827789995598,-0.1590847600772065,G1
GTCCCATGTACAAGCG-1,0.03950819697032021,-0.17763267145094772,S
GTCCCATGTAGTATAG-1,-0.018776198494528884,0.16557435485185742,G2M
GTCCCATGTCTGTGCG-1,0.05893073879248428,-0.27915262032830224,S
GTCCCATGTTCGAAGG-1,-0.031360873069176176,-0.06671930698987821,G1
GTCCCATTCATTGCTT-1,0.046627109263473465,-0.2458896972204556,S
GTCCCATTCCCATAAG-1,0.23019278676077976,-0.08686694779615028,S
GTCCCATTCGACCCAG-1,0.017249761855259615,-0.07826485511588427,S
GTCCCATTCTGACGCG-1,-0.029704483278412214,-0.17389675406243815,G1
GTCCTCAAGGATTCAA-1,-0.061567746485662544,-0.1650651124253079,G1
GTCCTCACACGGCCAT-1,-0.048585334322029716,-0.14085491745636702,G1
GTCCTCACAGACGATG-1,0.0645797450585261,-0.021043707521159083,S
GTCCTCAGTACTCGCG-1,-0.019881141681318604,-0.15370458500668216,G1
GTCCTCAGTATCGCTA-1,-0.05675308880218777,-0.12241416424994023,G1
GTCCTCAGTCGTGGAA-1,-0.11199942545354252,-0.14631038103018246,G1
GTCCTCATCCATAGAC-1,-0.00884247115554787,-0.013572406667260867,G1
GTCCTCATCTGGCTGG-1,0.022997882932305924,-0.16566465014701276,S
GTCGAATCAGAAGTTA-1,-0.052205574710472546,-0.07655751670422062,G1
GTCGAATCAGCTACTA-1,-0.0928868176598503,-0.17500211557798423,G1
GTCGAATCATCTCGTC-1,0.025141516203917913,-0.04240302576138266,S
GTCGAATCATGGAAGC-1,-0.012322848078627213,0.008940786685583735,G2M
GTCGAATGTAGTCACT-1,0.004295655834646084,-0.1256192273768873,S
GTCGAATGTGGAATGC-1,-0.08007399870685583,-0.2021822336051184,G1
GTCGAATGTTAGTTCG-1,-0.06280957466016301,-0.051285742831163994,G1
GTCGAATTCACGGGCT-1,0.0021256233402315305,-0.11606918998319965,S
GTCGAATTCCACTTCG-1,-0.05709494711689811,-0.10713889544623506,G1
GTCGCGAAGGACAAGA-1,-0.004440418294025972,-0.03490057513082678,G1
GTCGCGAAGTCGAATA-1,0.059853910404077115,-0.24242540580417,S
GTCGCGACACTGAGTT-1,0.017559059580826764,-0.15792317492229524,S
GTCGCGACAGACACCC-1,-0.048441641738754954,-0.291007663892663,G1
GTCGCGACATAACGGG-1,-0.024844695893472768,-0.17935875689613215,G1
GTCGCGACATGTGTCA-1,-0.07899498618505257,-0.20656956876127186,G1
GTCGCGACATTCTCTA-1,-0.09985439698188028,-0.015080819049961947,G1
GTCGCGAGTCCTCATC-1,-0.07879078736958917,-0.07567600823317627,G1
GTCGCGAGTGTTCCTC-1,-0.01380001462597491,0.00828711174612734,G2M
GTCGCGAGTTGGGTAG-1,-0.055105672338993494,-0.09144285733785568,G1
GTCGCGATCATCTCTA-1,-0.06445865809825757,-0.1751743527915893,G1
GTCGTAAAGACGTCGA-1,-0.0025739797071702153,-0.18492515994352554,G1
GTCGTAAAGATCGCCC-1,0.048103528459245315,0.09529028740659612,G2M
GTCGTAAAGCGGGTAT-1,-0.0372663139809411,-0.08938033530884948,G1
GTCGTAAAGCTGCCTG-1,-0.04560157750044608,-0.14347444607575532,G1
GTCGTAACAAATGATG-1,-0.09815245651026605,-0.02741709881232679,G1
GTCGTAACACTAACCA-1,-0.041837173271082995,-0.1355379736912664,G1
GTCGTAAGTAACAGGC-1,0.08086444558999928,-0.14442990489652974,S
GTCGTAAGTATGCGTT-1,-0.04286427643181684,-0.08924019645267589,G1
GTCGTAAGTCCAGTTA-1,-0.036487031183336543,-0.16027960900376664,G1
GTCGTAAGTTCAGCGC-1,0.10298206974507929,-0.15816849595916593,S
GTCGTAAGTTCTCACC-1,-0.08502393677404996,-0.0018074870319708114,G1
GTCGTAATCACCTTAT-1,-0.0435103529451748,-0.07132341693063676,G1
GTCGTAATCATTTGGG-1,-0.05800200942850314,0.06305446191638275,G2M
GTCGTAATCCTGGTCT-1,0.15469289945831927,-0.14729242692862532,S
GTCGTTCAGCCTAACT-1,-0.04628381874585347,-0.0923493152127231,G1
GTCGTTCAGCTTGTGT-1,-0.0027844238423516132,-0.07169451918385683,G1
GTCGTTCCACACTGGC-1,0.13783325412333514,-0.01495531805336514,S
GTCGTTCCAGTTCCAA-1,0.021002969972963914,-0.17271477119997503,S
GTCGTTCCATGAATAG-1,0.16804511585454085,-0.006614295186186336,S
GTCGTTCCATGGGTTT-1,-0.04649245097217941,-0.19493056459713015,G1
GTCGTTCTCAGAACCT-1,-0.047738775138617795,-0.13155078436844658,G1
GTCGTTCTCATGGGAG-1,0.10312950794555381,-0.09945789340687061,S
GTCGTTCTCATTTGCT-1,0.03238694618841334,-0.10603434670862627,S
GTCGTTCTCGAACCAT-1,0.1429807036094199,-0.07460898489788376,S
GTCTACCAGCCAGAGT-1,0.05975350093596227,-0.24147265517509603,S
GTCTACCAGGAGGGTG-1,-0.04008105496737696,-0.1974991656963519,G1
GTCTACCAGGCTGGAT-1,-0.07858165742082296,-0.1614410738362163,G1
GTCTACCAGTTAACAG-1,0.030181053153505444,-0.22968157611997597,S
GTCTACCCAACTCGAT-1,-0.04225404705680513,-0.10937144980075136,G1
GTCTACCCACTCGATA-1,-0.09754043850636501,0.092318238343637,G2M
GTCTACCCAGACGCTC-1,-0.02693424168836095,-0.0689049357341554,G1
GTCTACCCATCGCTAA-1,-0.026064887053219965,-0.26327558752524716,G1
GTCTACCCATGTGACT-1,0.050927729162874275,-0.13022847090955453,S
GTCTACCGTACCGTCG-1,0.05459928124775887,-0.2238343329399082,S
GTCTACCGTAGGAGTC-1,-0.036849200702568474,-0.13738498743007416,G1
GTCTACCGTGCCCAGT-1,-0.05757764704354423,-0.33338349642815274,G1
GTCTACCGTGGCAGAT-1,-0.036351440351570286,-0.10539507400246101,G1
GTCTACCTCTCGCAGG-1,-0.015096093107628161,-0.08680685884035833,G1
GTCTACCTCTTTCCGG-1,-0.04390216397214375,-0.21329931499317475,G1
GTCTAGAAGAGATCGC-1,-0.014199978377877953,-0.1418647099291975,G1
GTCTAGAAGGTTCATC-1,-0.06951448187374043,-0.22280618278995193,G1
GTCTAGACAAGATGTA-1,-0.04185696348936507,-0.016192939696645592,G1
GTCTAGACAAGTGTCT-1,-0.031419558888855115,-0.09063730237704243,G1
GTCTAGACACATAGCT-1,0.022455227619500473,-0.13346079054883012,S
GTCTAGACACATTCTT-1,0.08491740373720597,-0.16406568722607312,S
GTCTAGACATGACACT-1,-0.097377994298459,-0.12332536206576583,G1
GTCTAGAGTAGTCACT-1,-0.03607498406206966,-0.28301214175160805,G1
GTCTAGATCGGCTGGT-1,0.09752946756371089,-0.07312818902113077,S
GTCTCACAGCTATCCA-1,-0.03485755212796188,-0.024833952452802566,G1
GTCTCACCAAGTTCCA-1,-0.07922739388501054,-0.1613474132407407,G1
GTCTCACCACTCTGCT-1,0.03624650726272444,-0.16397933779523022,S
GTCTCACCACTGTGAT-1,-0.034309115025428494,-0.14145742559566976,G1
GTCTCACGTAGTTAGA-1,-0.03462059044631721,-0.1877503645845993,G1
GTCTCACGTTCAACGT-1,-0.06523997360872857,-0.14205769472347074,G1
GTCTCACTCCAGCTCT-1,-1.8353375545843154e-05,-0.042241160465485705,G1
GTCTCACTCGAACACT-1,0.07093696966556073,-0.14235167641265434,S
GTCTCACTCTGAGGTT-1,0.07525638076553504,-0.07577785776382762,S
GTCTGTCCAACCACAT-1,0.030645964906614143,-0.16444211865658268,S
GTCTGTCCAGAGTGAC-1,-0.06730020696789951,-0.2299095174149473,G1
GTCTGTCCAGATGCGA-1,-0.0728678249045644,-0.09220949791556093,G1
GTCTGTCCATCCGGTG-1,0.04537014513406454,-0.06857763746527026,S
GTCTGTCCATGCAGCC-1,0.03986845235901254,-0.12312344789167934,S
GTCTGTCCATGGTACT-1,0.011993365199854444,-0.09515840220355226,S
GTCTGTCGTATGTCCA-1,0.056821979071639606,-0.20904911960361247,S
GTCTGTCGTCACTGAT-1,0.08852085015216038,-0.08826480729850456,S
GTCTGTCGTTCAGGTT-1,-0.016601048594750034,-0.22262704950631299,G1
GTCTGTCTCCTCATAT-1,-0.026537963122745922,-0.15665608615251703,G1
GTCTTTAGTACCTAGT-1,-0.11518919870626998,-0.294196558425616,G1
GTCTTTAGTCAGGTAG-1,0.005129710766308471,-0.18337952105874528,S
GTCTTTAGTTATTCCT-1,0.05172561042233359,-0.17509938891009355,S
GTCTTTAGTTGCTCAA-1,-0.1035749773057062,-0.13973604297183517,G1
GTCTTTATCAGCTCTC-1,-0.0648805485711576,-0.27464773710991686,G1
GTCTTTATCATCGCTC-1,0.018664199871328835,0.10484960265498594,G2M
GTCTTTATCCATAAGC-1,-0.02945093534847587,-0.19302248019708373,G1
GTCTTTATCTGTCCGT-1,-0.0059073572894678406,0.01155419171812555,G2M
GTCTTTATCTTACCAT-1,-0.038714020119287484,-0.24584425835873017,G1
GTGACGCAGCACACCC-1,-0.13007226185649085,-0.2989488382329324,G1
GTGACGCAGCACTAGG-1,-0.0714642360963269,0.00799684216759644,G2M
GTGACGCAGGTATTGA-1,-0.06408346164353895,-0.13623799665652564,G1
GTGACGCAGTAGGGTC-1,-0.0046715950496139524,-0.1232942845142117,G1
GTGACGCAGTGTTGTC-1,0.08822071580921881,-0.2575716289133887,S
GTGACGCCAACCGTAT-1,-0.03299789071104792,-0.15794168196006964,G1
GTGACGCCACGACCTG-1,-0.13797901217309527,-0.17879161858353498,G1
GTGACGCCACGTCGGT-1,0.05261152833296645,-0.2523559593666227,S
GTGACGCCAGAGGGTT-1,-0.02260540845863862,-0.23699556878405686,G1
GTGACGCCAGCATACT-1,-0.04639443664073545,-0.04711964645040845,G1
GTGACGCCATGAATAG-1,-0.0223198595155758,-0.10469892687362514,G1
GTGACGCGTAGGTACG-1,-0.07880605579397093,0.028438597810921118,G2M
GTGACGCGTGTCCATA-1,-0.04588978997878812,-0.11142704309696502,G1
GTGACGCGTTTCACTT-1,-0.07477821005327828,-0.05833741383584762,G1
GTGACGCTCAACTTTC-1,-0.07756002393660594,-0.1863049304780988,G1
GTGACGCTCATAGCAC-1,0.11005205442047777,0.013587352220094051,S
GTGACGCTCATTGTTC-1,0.06658483702134488,0.01454990684519003,S
GTGACGCTCCATTTAC-1,0.018338547500798608,-0.08460853742050484,S
GTGACGCTCGGCTTCT-1,-0.06882038926646397,-0.22059375020114502,G1
GTGACGCTCTCATGGA-1,-0.08506748062482922,-0.11918535128176258,G1
GTGACGCTCTTACTGT-1,-0.05177645238079431,-0.32370666485229926,G1
GTGAGCCAGAGCATCG-1,-0.04036534643660844,-0.07996716315478355,G1
GTGAGCCAGATGAATC-1,0.030536201127818963,-0.22452574435575917,S
GTGAGCCAGCAACAAT-1,0.11095746564899261,-0.13742990453658604,S
GTGAGCCCAACTGTGT-1,0.050234955107006596,-0.17333753977086058,S
GTGAGCCCACGAGAAC-1,0.043134315986682936,-0.04398718371792537,S
GTGAGCCCAGGATCTT-1,-0.11114005051950246,-0.08347077791072405,G1
GTGAGCCCAGTAGTGG-1,-0.039964080008940056,-0.08332308464828639,G1
GTGAGCCCATGATGCT-1,-0.07310083875663764,-0.05974997994395928,G1
GTGAGCCCATTGACTG-1,0.033468065110642264,0.0011238509090223392,S
GTGAGCCTCACTACTT-1,-0.12549489599367886,0.01475965403899604,G2M
GTGAGCCTCCAGTTCC-1,0.07634594024361124,-0.21856809044846398,S
GTGAGCCTCTAATTCC-1,-0.12326254335355644,-0.1537988864397384,G1
GTGAGGAAGCGTCAAG-1,-0.11251644711492809,-0.08462323618620149,G1
GTGAGGAAGCTACTAC-1,-0.06331240621225959,-0.16745640275956636,G1
GTGAGGAAGGAATCGC-1,0.037818948978680766,-0.1322595094516295,S
GTGAGGAAGTCCCTAA-1,-0.03559715474081465,-0.13439781508959173,G1
GTGAGGACAACCAGAG-1,-0.07426323672173646,-0.23195561767924888,G1
GTGAGGACACGAGGTA-1,0.0179501589036678,-0.2331272168056532,S
GTGAGGACACGGTGCT-1,-0.0922577322883597,-0.12599995296349703,G1
GTGAGGAGTCCCTCAT-1,0.006001447556305939,-0.1377375254513608,S
GTGAGGAGTTCTCACC-1,-0.011046634715313364,-0.11208042853676686,G1
GTGAGGAGTTGTGCCG-1,0.11004191030461685,-0.10431651227824978,S
GTGAGTTAGAATCTAG-1,0.05654335435030386,-0.11013792991521665,S
GTGAGTTAGTACCCTA-1,-0.026332533265912617,-0.19251201298991183,G1
GTGAGTTCAATCCTAG-1,0.0006608757979244539,-0.056008756215874506,S
GTGAGTTGTAGCGTCC-1,0.059462807427574704,-0.17451592564339385,S
GTGAGTTGTGGTCAAG-1,0.12841602125150908,-0.16771930926086587,S
GTGAGTTGTGGTCCCA-1,-0.02166286592681843,-0.23081673740697703,G1
GTGAGTTGTTATAGCC-1,-0.01295663469375613,-0.20044668676291683,G1
GTGAGTTTCCCTCGTA-1,0.02770815803346477,-0.11512338032973074,S
GTGAGTTTCTAGAACC-1,-0.010581902638275686,-0.13170349300599515,G1
GTGAGTTTCTGCATGA-1,0.060164808109975765,-0.07227202002606381,S
GTGATGTAGACCATGG-1,-0.08022486499549358,-0.052693606584001795,G1
GTGATGTAGCCTCAGC-1,-0.03041092467899842,-0.13420185987772054,G1
GTGATGTAGGTCCAGA-1,0.049295395918998786,-0.019618616508113806,S
GTGATGTGTAATACCC-1,-0.024327714972027792,-0.20017656719761795,G1
GTGATGTGTCGCCTAG-1,-0.11842409131381054,-0.10461447793344253,G1
GTGATGTGTCGTTGCG-1,0.0009831099257771037,-0.030732251506983443,S
GTGATGTGTGCATGTT-1,-0.043064854129398755,-0.24529995463100968,G1
GTGATGTGTGCTGATT-1,-0.02893162413476541,-0.01538563894904682,G1
GTGATGTGTGGGAGAG-1,-0.028624420797808026,0.03817568971697399,G2M
GTGATGTGTGGTTTAC-1,0.025194172480063892,-0.17061973444139156,S
GTGATGTGTGTTGCCG-1,-0.08323096080363918,-0.06580592036557281,G1
GTGATGTTCAATCTTC-1,0.020532196421410687,-0.053735206466444974,S
GTGATGTTCACTAGCA-1,0.14398723508867894,-0.1953603117867922,S
GTGATGTTCAGCTTGA-1,0.030937174389581934,-0.05742303453666853,S
GTGATGTTCCGATAGT-1,-0.06983544169828632,-0.0800230781188041,G1
GTGATGTTCCGCAAAT-1,-0.05151623060193211,-0.08979423270868792,G1
GTGCACGAGACAGCTG-1,0.11654658824410391,-0.24061548360104465,S
GTGCACGAGCTGCGAA-1,0.02718592165969036,-0.09705183108307819,S
GTGCACGAGTGAATAC-1,-0.029894831758924045,-0.053735966319810424,G1
GTGCACGCAATCGAAA-1,0.015642846906951724,-0.1732775674172467,S
GTGCACGCACGTAGAG-1,0.04938979634288415,-0.06689296981283926,S
GTGCACGGTAGTCCTA-1,0.005296575904428447,-0.0716906682991344,S
GTGCACGGTAGTGTGG-1,0.14087224216313982,-0.2675765991260874,S
GTGCACGGTGCAGATG-1,0.019152522976767755,-0.1311797971111076,S
GTGCACGTCAGTCACA-1,-0.10022210991368807,-0.11309625925463546,G1
GTGCAGCAGAACGTGC-1,0.021650449686273776,-0.19128845846309878,S
GTGCAGCAGATGAAGG-1,-0.06866361014128952,-0.21752389853539086,G1
GTGCAGCAGATGGTCG-1,-0.032947863147231915,-0.15484632671804233,G1
GTGCAGCCAAACGTGG-1,0.09712449958911168,-0.14863573225848747,S
GTGCAGCCAGAGATGC-1,-0.060965765234945735,-0.20898613002507374,G1
GTGCAGCCAGGAATAT-1,-0.01769714020495905,-0.12678576110825995,G1
GTGCAGCGTTAGAAAC-1,0.054225022232005426,-0.15588688360607106,S
GTGCAGCTCCGGGACT-1,0.07234805913335063,-0.16112974007838393,S
GTGCAGCTCCGTGACG-1,0.058014488702789135,-0.20867749800878568,S
GTGCAGCTCTGCAGCG-1,0.028995620923026072,-0.18934242270906793,S
GTGCGTGAGATGAAGG-1,0.08852780956866946,0.017139295557662027,S
GTGCGTGGTACGTGTT-1,0.1754105896466608,-0.12375279458983618,S
GTGCGTGGTCATAGTC-1,-0.13319527460099134,-0.1337160931732485,G1
GTGCGTGGTCTCTCCA-1,0.05088639624603469,-0.1007640687248285,S
GTGCGTGTCCAGTACA-1,0.11062152135098385,-0.13202345314443348,S
GTGCGTGTCGTAACAC-1,-0.03176459702059109,-0.03210367509003881,G1
GTGCGTGTCGTGTGAT-1,-0.06093609179808862,-0.05427882947381274,G1
GTGCGTGTCTAGATCG-1,-0.07325707437543869,-0.25199303011045054,G1
GTGCGTGTCTATCGGA-1,-0.008136616943604624,-0.09205611235284827,G1
GTGCGTGTCTCCTACG-1,-0.041398739035829246,-0.1337327577301543,G1
GTGCTGGCAATACCCA-1,0.06407419398606548,-0.10721051105582294,S
GTGCTGGCAGAGGTAC-1,-0.03499275261613116,-0.16783257132332413,G1
GTGCTGGCATGGGTCC-1,-0.08443754475858001,-0.28002391186848785,G1
GTGCTGGGTACCGGCT-1,-0.1190836849999396,-0.24143459800525927,G1
GTGCTGGGTAGATTAG-1,-0.08196774141202673,-0.20963809934349126,G1
GTGCTGGGTAGTGGCA-1,-0.13442646218202214,-0.19111289280245286,G1
GTGCTGGGTCCGTTTC-1,0.09166178601316793,-0.1429102633329127,S
GTGCTGGTCATAAGGA-1,0.13257036533207223,-0.271781460238005,S
GTGCTGGTCCACGGAC-1,-0.060274250269573726,-0.3046703900743754,G1
GTGCTGGTCCGATAGT-1,0.049343063815758814,-0.20464120127502958,S
GTGCTGGTCGCGCCAA-1,-0.09595243473128881,-0.20646765892374103,G1
GTGCTGGTCGCTGATA-1,-0.01463772331597113,0.0006773445657125565,G2M
GTGCTTCAGACATGCG-1,-0.03363371438787033,-0.3036526842003953,G1
GTGCTTCAGCTGCCTG-1,-0.0856617304048305,-0.17085813617518203,G1
GTGCTTCAGGTGGTTG-1,0.012009114484867689,-0.18354854705585766,S
GTGCTTCCACGGATCC-1,0.0029298430877728876,-0.04638183121282302,S
GTGCTTCCAGAGGGTT-1,-0.06933457332632442,-0.16476315329948876,G1
GTGCTTCGTCGGAAAC-1,0.07289671771889406,-0.0269047396370235,S
GTGCTTCGTGTCATCA-1,-0.004890882613387992,-0.025357884806254005,G1
GTGCTTCGTTCCAGGC-1,-0.0420027733208829,0.006136802642179334,G2M
GTGCTTCGTTCCGCTT-1,0.026401114332149034,-0.13351316796423096,S
GTGCTTCTCCGTCAAA-1,0.019828160681979956,-0.09513598998322459,S
GTGCTTCTCGGATACT-1,-0.008237861936166657,-0.11918996087130657,G1
GTGCTTCTCGGTAGGA-1,-0.026116561302799268,-0.11113032249669208,G1
GTGGAAGAGCACCAGA-1,-0.04299448063511174,-0.13616669216918043,G1
GTGGAAGAGGCTCACC-1,0.03670992214635127,-0.21259103820000727,S
GTGGAAGCAAATGCTC-1,-0.03436359714607626,-0.15101477163634847,G1
GTGGAAGCAAATGGTA-1,0.010465021527201857,-0.012693366566949082,S
GTGGAAGCAAGACAAT-1,-0.07319398196535798,-0.2910449968389648,G1
GTGGAAGCAATACGCT-1,-0.09718310897290222,-0.13551644724799827,G1
GTGGAAGGTGTCCAAT-1,-0.04100645634704869,-0.16291947092069559,G1
GTGGAAGGTTAAGGAT-1,0.06313919356507058,-0.047223689267196445,S
GTGGAAGGTTGATGTC-1,0.1358287947935931,-0.0665296072809507,S
GTGGAAGTCACTTGTT-1,-0.015294767247654995,-0.0835597301085858,G1
GTGGAAGTCAGTCACA-1,-0.07912246869356987,-0.1715474844565638,G1
GTGGAAGTCTGAATGC-1,-0.1145931067372909,-0.12820556948501355,G1
GTGGAGAAGTAAAGCT-1,0.009884892921923516,-0.049212729951892686,S
GTGGAGAAGTGGCAGT-1,-0.12164829971027846,-0.14916283048175305,G1
GTGGAGACAAATTGGA-1,-0.01439861507595952,-0.12732881831625098,G1
GTGGAGACACGCACCA-1,0.051520648007818026,-0.2112608667863403,S
GTGGAGACATAATGCC-1,-0.0036424339560504615,-0.19068721984769535,G1
GTGGAGACATGCCGGT-1,0.056340829994896535,-0.267502498758209,S
GTGGAGAGTTTGAAAG-1,-0.01544065157506419,-0.07919074875114168,G1
GTGGAGATCAATCCAG-1,-0.02751827691443745,-0.023038105530794023,G1
GTGGAGATCACGTAGT-1,0.12537928716508134,-0.3373879217667468,S
GTGGAGATCATTGCGA-1,0.10800793184862578,-0.10478831936330868,S
GTGGAGATCGTCGGGT-1,-0.015650314845218616,-0.09718085271640142,G1
GTGGAGATCTCCCATG-1,0.08039514349396504,-0.18522492243744965,S
GTGGCGTAGATTGAGT-1,-0.0037207315304385036,-0.11832054518634613,G1
GTGGCGTAGCTCGTGC-1,0.08021506862412509,-0.022823537748270617,S
GTGGCGTAGCTGTTCA-1,-0.07591983632319416,0.023918051416133623,G2M
GTGGCGTCAAGCACCC-1,0.03584659220475034,-0.13585707676624362,S
GTGGCGTCACAATGTC-1,-0.057056815114553294,-0.2253037956009682,G1
GTGGCGTCAGCACGAA-1,-0.04811558809597705,-0.15004310328597587,G1
GTGGCGTCATACGCAT-1,-0.005028247265398633,-0.2175749961066425,G1
GTGGCGTGTGTTCAGT-1,0.062416951889878836,-0.1241512991455599,S
GTGGCGTGTTACACTG-1,-0.009206016359105285,-0.3086319438299198,G1
GTGGCGTGTTGGCTAT-1,-0.09542333974002482,-0.2490865388535031,G1
GTGGCGTTCACGTAGT-1,-0.06623567325929713,-0.22540290319103745,G1
GTGGCGTTCATAGACC-1,-0.22806817173407656,-0.2704489391531245,G1
GTGGCGTTCCCAAGTA-1,0.10204652415254672,-0.17213909146573214,S
GTGGCGTTCTGAATGC-1,-0.030053246495711172,-0.037162629886323795,G1
GTGGGAAAGTCTAGAA-1,-0.07269841188732967,-0.14798287774560515,G1
GTGGGAAAGTTCCAGT-1,-0.03210473248848261,-0.1751151982179047,G1
GTGGGAACAAACCACT-1,0.14994262843786949,-0.19365618811631943,S
GTGGGAACAAAGACTA-1,-0.014214228530079254,-0.10949365793852389,G1
GTGGGAACAATGCAAA-1,-0.02173711637611353,-0.2245442303701859,G1
GTGGGAACACGACAGA-1,0.01148556693167363,-0.04809664865963542,S
GTGGGAAGTAATCAAG-1,-0.030129344113310252,-0.17532638833245354,G1
GTGGGAAGTCAGCGTC-1,0.08541729674325815,-0.08162383556474162,S
GTGGGAAGTGAAGCGT-1,-0.01573304251630747,-0.21210707760584588,G1
GTGGGAATCAGGAGAC-1,0.12294229208064311,-0.22204513803483086,S
GTGGGAATCCTTGACC-1,-0.021667194513167343,0.06709213057754992,G2M
GTGGTTAAGCTGACAG-1,0.16933200253260988,-0.2483351187134801,S
GTGGTTAAGGACAGCT-1,-0.04771926901675447,-0.09490081772194947,G1
GTGGTTACAATCTGCA-1,-0.043740500984930875,-0.17167888018014332,G1
GTGGTTACACTCCTGT-1,0.02113265351335203,-0.1590991820271686,S
GTGGTTACATCATTGG-1,-0.12056277359948203,-0.13136631968949675,G1
GTGGTTAGTACGTGAG-1,0.03445434240512979,-0.20619695957679143,S
GTGGTTAGTTCTCCAC-1,-0.026721324153789583,-0.15889217758957722,G1
GTGGTTATCCATTCGC-1,-0.0005292205737473243,-0.0035096321773777084,G1
GTGGTTATCCCATAAG-1,0.02261879700959757,-0.11630448470589144,S
GTGGTTATCCCGGTAG-1,0.002773198533735477,-0.05289365034596266,S
GTGGTTATCCCGTAAA-1,0.08905428949225025,-0.07571500652657398,S
GTGGTTATCCGGGACT-1,0.022570425217198153,-0.1058385367043354,S
GTGGTTATCGAAGTGG-1,-0.05359725085293038,-0.1553273486210514,G1
GTGGTTATCTGAATGC-1,-0.017538403444808587,-0.21485532465960339,G1
GTGGTTATCTTTGCGC-1,0.0290547838203421,-0.030495098057352177,S
GTGTAACAGGACAGCT-1,0.015483501197856686,-0.15845500805955853,S
GTGTAACAGGAGGGTG-1,0.1072214136052484,-0.14974088934985816,S
GTGTAACCAAGTCCAT-1,-0.006595997324535918,-0.08673794244218896,G1
GTGTAACGTCTACTGA-1,0.05694634592045433,-0.18517339897278937,S
GTGTAACGTCTTACAG-1,-0.04511337619449607,-0.16947607615975596,G1
GTGTAACGTGTGGTCC-1,-0.09884195457374848,-0.09917415078714628,G1
GTGTAACTCCCAGCGA-1,0.0542687881477939,-0.03668403305893453,S
GTGTAACTCGCCAGTG-1,-0.0032907510430128517,-0.13109350454983518,G1
GTGTCCTAGGACTTCT-1,0.05080502799562836,-0.12048983284696896,S
GTGTCCTAGGCAGCTA-1,0.10012280744029078,-0.07511793859047461,S
GTGTCCTAGTGCACCC-1,-0.05883738729273463,-0.11413038348097948,G1
GTGTCCTCAAATGGCG-1,-0.06729428564387527,0.000348008263869104,G2M
GTGTCCTCAAGCGATG-1,-0.09509954347795221,-0.17584663629011685,G1
GTGTCCTGTCGAATTC-1,0.003138899995645761,-0.010920740307035937,S
GTGTCCTTCCATCTGC-1,0.018821268330914243,-0.02931844105971121,S
GTGTCCTTCCGCACGA-1,0.04762631531342426,0.01095619266244946,S
GTGTCCTTCCGGTTCT-1,0.0522880202574732,-0.102325531070311,S
GTGTCCTTCGTCGGGT-1,0.1060651389825456,-0.08400604925587923,S
GTGTGATAGGGTAATT-1,-0.050676504023881075,-0.17888862403857778,G1
GTGTGATCACGACAAG-1,-0.07097607981447784,-0.06454426685526538,G1
GTGTGATCACGGTCTG-1,-0.07531900380946743,-0.19650675097627593,G1
GTGTGATCACTATGTG-1,-0.01490618605730537,-0.02739386962770246,G1
GTGTGATCAGCAGTCC-1,-0.059348031310428595,-0.125749263773748,G1
GTGTGATCAGTTCCAA-1,-0.010142227499999767,-0.0017834628884858539,G1
GTGTGATCATGCTGCG-1,-0.03810040501271744,-0.13312916158683105,G1
GTGTGATGTAGCTTTG-1,0.05745904371615074,-0.00010818957641617333,S
GTGTGATGTGCGTTTA-1,-0.007860397818757803,-0.06677160588815217,G1
GTGTGATGTTAGTCGT-1,0.02417137929787283,-0.18121271488139826,S
GTGTGATGTTTGGCTA-1,-0.05329918221897384,-0.23840636045836686,G1
GTGTGATTCTGCTAGA-1,0.0010587536810385267,-0.17762825506646876,S
GTGTGGCCAAATGGTA-1,-0.08176152624433963,-0.27204635298791213,G1
GTGTGGCCACACGTGC-1,0.1327157263452451,-0.09336614419837497,S
GTGTGGCCATAGACTC-1,0.03569590211635548,-0.04139594515059969,S
GTGTGGCTCAACTGAC-1,-0.07656445686867719,-0.11861904970839254,G1
GTGTGGCTCACCATCC-1,-0.09073635427254051,-0.0467712374112873,G1
GTGTGGCTCCAGGACC-1,-0.11115911163834863,-0.20194381184671406,G1
GTGTGGCTCGGACTGC-1,-0.010040821229006403,-0.11352753941754318,G1
GTGTGGCTCTAACGGT-1,-0.10634877402140192,-0.1782341220809039,G1
GTGTTAGAGCCTCAAT-1,0.1458477087015741,-0.07719416609441793,S
GTGTTAGAGCGGGTAT-1,-0.02311431221803928,-0.04407421588323435,G1
GTGTTAGAGGACAAGA-1,-0.03945440259483529,-0.1325308135236079,G1
GTGTTAGGTTTGCCGG-1,-0.08512473202676846,-0.1398872850020029,G1
GTGTTAGTCCAATGCA-1,-0.07190933401168809,-0.08034143086167866,G1
GTGTTAGTCTCTCGAC-1,0.02362326811486376,-0.1844443567965227,S
GTGTTCCAGCTTCGTA-1,-0.1753339038057536,-0.23178233643088147,G1
GTGTTCCAGTAGTCTC-1,0.026474310263649936,-0.11690796649418778,S
GTGTTCCAGTCTGCGC-1,-0.08431828461281177,-0.14579989960769862,G1
GTGTTCCCAACTCATG-1,-0.010273572680295995,-0.06817926090561338,G1
GTGTTCCCAGACAAGC-1,-0.06209160149607451,-0.19984164997097037,G1
GTGTTCCCATCGGCCA-1,-0.04790884612205884,-0.1507093415150371,G1
GTGTTCCCATGATCTG-1,0.0696938021493484,-0.05621001305662615,S
GTGTTCCTCATGTCTT-1,0.02978476003791164,-0.11325509117108754,S
GTTACAGAGACCTCCG-1,-0.07133173829904627,-0.17739381685793446,G1
GTTACAGAGCCATATC-1,-0.03747476719402831,-0.12918096339981625,G1
GTTACAGAGGGCAATC-1,-0.10902436759542913,-0.15194763881841883,G1
GTTACAGAGTACAGAT-1,-0.08522346443199774,-0.1671442722035385,G1
GTTACAGCAAGACAAT-1,-0.03746034295941442,-0.17303083161560523,G1
GTTACAGCAAGAGGTC-1,0.0307153875759556,-0.15945433285274938,S
GTTACAGCACTACCCT-1,-0.033318928410313475,-0.14628874214612742,G1
GTTACAGCACTCCCTA-1,-0.003353440079182257,-0.036983472212771706,G1
GTTACAGGTATCATGC-1,0.05405965512736552,-0.25841627376814,S
GTTACAGGTATGAAAC-1,0.029618080137187808,-0.09367858753287911,S
GTTACAGGTATGTCTG-1,0.006519612878355507,-0.09825094038356569,S
GTTACAGGTCAAATCC-1,-0.09974151661380048,-0.24522339001217583,G1
GTTACAGGTCCGGTGT-1,-0.04244384263812401,-0.2462432684652105,G1
GTTACAGGTTATGACC-1,-0.05967525936282575,-0.04290628102813088,G1
GTTACAGTCAAACGTC-1,0.020047458996571677,-0.2513967528053651,S
GTTACAGTCAAGTAAG-1,-0.049125152857808885,-0.07789685509648595,G1
GTTACAGTCCTGTAAG-1,-0.049001584091495964,-0.10029638021845738,G1
GTTACAGTCGTAGGGA-1,-0.017916906252868015,-0.02329914073775302,G1
GTTACAGTCTGGGCCA-1,-0.046462902180140486,-0.12886972670226948,G1
GTTACCCAGAGGGTGG-1,0.05320478076042334,-0.11722976591754647,S
GTTACCCAGATACGAT-1,-0.1012706870647464,-0.009754243628689485,G1
GTTACCCCACCGTGCA-1,0.14560035450359787,-0.09325366785648914,S
GTTACCCCACTCAAGT-1,-0.023510971540431913,-0.036866549241416524,G1
GTTACCCCACTGTCGG-1,0.10023471860195188,-0.18848439603573203,S
GTTACCCCATAGCTGT-1,-0.05717130226912126,-0.07905795396788129,G1
GTTACCCCATGGCCAC-1,-0.06950462411762823,-0.1010820460103543,G1
GTTACCCTCAATCGGT-1,0.023633357199471627,0.050476089033302196,G2M
GTTACCCTCACGTCCT-1,-0.11425582657339856,0.1270903903823423,G2M
GTTACCCTCAGTGCGC-1,-0.09750653893117617,0.20826296776123754,G2M
GTTACCCTCCCGAAAT-1,-0.03895851964376362,-0.33065158097007796,G1
GTTACCCTCGCGTGCA-1,-0.038536844348882826,-0.04442659092780077,G1
GTTACCCTCGGATTAC-1,0.0937822427852737,-0.22282743170172623,S
GTTACGAAGGTGATCG-1,-0.11031840366423007,-0.11415219186681597,G1
GTTACGACACACGGTC-1,-0.05221315111074781,-0.13465392134520981,G1
GTTACGACAGCTGTAT-1,0.09274995244394404,-0.14477211675044183,S
GTTACGAGTAGCACAG-1,-0.11957479908230498,-0.008468869157205572,G1
GTTACGAGTAGGAGGG-1,-0.07927617847647406,-0.20893856830459434,G1
GTTACGAGTGACACGA-1,0.1602097967671796,0.005576605180345473,S
GTTACGAGTTGGAGAC-1,-0.06296287123175365,-0.1754647643068471,G1
GTTACGATCCTTCTTC-1,-0.118987043863158,-0.26249877519274467,G1
GTTACGATCGACGCGT-1,-0.1091913366527309,-0.23455267054219045,G1
GTTACGATCGGAACTT-1,-0.12256130376437796,-0.22924268359094932,G1
GTTACGATCTACCACC-1,-0.03412511754598041,-0.12163672794181377,G1
GTTACGATCTCCGAGG-1,0.011261901069123226,-0.20850302318190614,S
GTTAGACAGCGACCCT-1,0.07307148239615108,-0.02130891154311898,S
GTTAGACAGGCAGCTA-1,-0.06021859770013427,-0.18610904218139618,G1
GTTAGACCACGTGTGC-1,0.0065140149518592705,0.020591781748310112,G2M
GTTAGACCAGTTAAAG-1,-0.02896882872146378,-0.1400874566351889,G1
GTTAGACCATGGAACG-1,0.0314532196827258,-0.23182204354234442,S
GTTAGACGTCACGCTG-1,-0.08031117660118486,-0.03190419178422843,G1
GTTAGACGTCTAATCG-1,0.007695695486480969,-0.12240223425747543,S
GTTAGACGTGTACATC-1,-0.014821957863073165,-0.25073796736139775,G1
GTTAGACGTTCGAGCC-1,-0.012177170926749026,-0.17100377465922367,G1
GTTAGACGTTCTCCCA-1,-0.09669194097478218,-0.15145266164048893,G1
GTTAGACGTTGGCCTG-1,-0.0295450258578136,-0.1365355601049478,G1
GTTAGACTCCTGGGTG-1,0.1314373014174925,-0.21262849592978184,S
GTTAGTGAGAGAGGGC-1,0.03346324787133992,-0.22789953914046623,S
GTTAGTGAGCGCGTTC-1,-0.004767414322761732,-0.15281469281406845,G1
GTTAGTGAGTCTCCTC-1,-0.07202780669643899,-0.07135495519812007,G1
GTTAGTGAGTGGAAAG-1,-0.09523449766731429,0.2529855493147337,G2M
GTTAGTGCAACGTTAC-1,0.06319383116032473,-0.12065424561332017,S
GTTAGTGCACCATATG-1,-0.07517456969460828,-0.1851331533606752,G1
GTTAGTGCACGGAAGT-1,0.0899246975458537,-0.02340040516017311,S
GTTAGTGCATCGTTCC-1,-0.042056697061845616,-0.08207437289777975,G1
GTTAGTGGTATGCTTG-1,-0.049780617437797936,-0.23824453542808988,G1
GTTAGTGGTTCGGCTG-1,-0.07754129979526792,0.04367390897077478,G2M
GTTAGTGTCATGACAC-1,0.06982517659126863,-0.11611168506023006,S
GTTAGTGTCCCGTGAG-1,0.06600256213253244,-0.04619555924172747,S
GTTAGTGTCGCGTCGA-1,-0.05289068920485296,-0.15017005830590693,G1
GTTAGTGTCGGCCCAA-1,-1.5169613859278286e-05,-0.18909790722595954,G1
GTTATGGAGACCATAA-1,-0.06430981740916336,-0.10252064313441284,G1
GTTATGGAGATCACTC-1,0.11273747393466366,-0.15846450799937992,S
GTTATGGAGCACCGTC-1,0.012639359748332024,-0.04532598302694474,S
GTTATGGAGGCCTAAG-1,0.04554682374786151,-0.05567257117982072,S
GTTATGGCAAACTAGA-1,-0.024049232323151426,-0.03439075335541125,G1
GTTATGGCAGCTCATA-1,0.04057543744380526,-0.1569326500397184,S
GTTATGGCAGGAGGTT-1,-0.07395885236233138,-0.1718640019593901,G1
GTTATGGGTACAGCGA-1,0.04623644964099061,-0.036739074380511855,S
GTTATGGGTCTGCCTT-1,-0.03684466241869233,-0.1760117151287242,G1
GTTATGGTCACATCAG-1,-0.1058604060696951,-0.05669565528556825,G1
GTTCATTAGACGACTG-1,-0.1325682230901989,-0.07471882589738138,G1
GTTCATTCAGCCATTA-1,-0.00788160926279885,-0.11862509795741488,G1
GTTCATTGTATTGGCT-1,-0.0496574151692834,-0.06405493573623283,G1
GTTCATTGTTAAGTCC-1,0.0029046993664711973,-0.051317961086595254,S
GTTCATTGTTGGTAGG-1,-0.029604109570911752,-0.0028977940328197005,G1
GTTCATTTCGCTTGAA-1,0.008538464416591562,-0.1221188884180677,S
GTTCATTTCTGTGCTC-1,0.012659369525793607,-0.15967227402533715,S
GTTCATTTCTTTGGAG-1,0.05121064525494656,-0.12576507055143332,S
GTTCCGTAGCAAGGAA-1,-0.11153485213293984,-0.04606410966974739,G1
GTTCCGTAGTCGAAGC-1,-0.040023122901264474,-0.1946704731270856,G1
GTTCCGTCAACGATCT-1,-0.04824137172472398,-0.094775973925523,G1
GTTCCGTCACTAGTAC-1,0.01235823243064893,-0.07690182660667305,S
GTTCCGTGTACTCGCG-1,-0.08421706731370929,-0.13971595654465888,G1
GTTCCGTGTCGCTGCA-1,0.05330394584968784,-0.1538861962031235,S
GTTCCGTGTGTGCCTG-1,-0.08337522073908582,-0.11447780402326369,G1
GTTCCGTGTTCCGCTT-1,-0.05855695690286772,-0.08463166758066704,G1
GTTCCGTGTTGAGAGC-1,-0.04675300801488569,-0.1497710296729135,G1
GTTCCGTGTTTCACTT-1,0.005683571130926324,0.08025968253114191,G2M
GTTCGCTAGGTACAGC-1,-0.10289000329945408,-0.11767224430062057,G1
GTTCGCTAGTAGTCAA-1,-0.08801032599395814,-0.1330873030528257,G1
GTTCGCTAGTGAGGCT-1,0.0804816286324031,-0.014266571808753514,S
GTTCGCTCAACACACT-1,0.002652354299445936,-0.02942562334644827,S
GTTCGCTCAATAGTCC-1,-0.0986641981945246,-0.16355827556191505,G1
GTTCGCTCACATTCGA-1,-0.05830996000386984,-0.060304578903273065,G1
GTTCGCTCATGACAGG-1,0.00936456696036081,0.02310912176690194,G2M
GTTCGCTGTATGGTTC-1,0.09217985246002852,-0.0970575878349782,S
GTTCGCTGTCGCCTAG-1,-0.04816068297449255,0.05277578606794542,G2M
GTTCGCTGTGGCAGAT-1,0.0066661813134328285,-0.12751316834055387,S
GTTCGCTGTTTGGGTT-1,0.05488887232042211,-0.1951888710218257,S
GTTCTATAGACCTCAT-1,-0.05363665245408877,-0.13185750539072325,G1
GTTCTATAGCAATAAC-1,-0.10072858086813946,-0.0705599868162124,G1
GTTCTATAGCACTGGA-1,-0.00540443725733375,0.009549722742585365,G2M
GTTCTATAGCGTGAAC-1,-0.01005447253641506,-0.1462075713833813,G1
GTTCTATCACCGAATT-1,-0.09088552610298473,-0.20715262610924018,G1
GTTCTATCAGGCTATT-1,-0.14627788886320836,0.017982611180874852,G2M
GTTCTATCAGTCTGGC-1,-0.022202394336021114,-0.011617057919741547,G1
GTTCTATGTCACTCGG-1,-0.053552025250938995,-0.10384786819996791,G1
GTTCTATGTGGACAGT-1,-0.0353177831205691,-0.1451024624476282,G1
GTTCTATGTTGCGAAG-1,0.02264945969951071,-0.06899838336628111,S
GTTCTATGTTGGAGGT-1,0.01003856148797122,-0.30381836742279744,S
GTTCTATTCCACTGAA-1,0.010636231353647385,0.011938970782621017,G2M
GTTCTATTCCATAGGT-1,-0.14457965339818657,-0.19343478469964484,G1
GTTGAACAGAGCCGAT-1,0.0032598798519039573,-0.08119869779816799,S
GTTGAACAGCATCCCG-1,0.03476548290167403,-0.08660048437079415,S
GTTGAACAGCATTGTC-1,-0.15928349121949417,-0.1544233820711497,G1
GTTGAACAGCTAGATA-1,-0.01382697677128919,-0.2249416394230624,G1
GTTGAACAGGTATTGA-1,0.034555549923413253,-0.10523781636522256,S
GTTGAACAGTACCATC-1,0.02209899720760014,-0.2147461040194809,S
GTTGAACAGTCCGCCA-1,-0.11201370279803752,-0.08303120660887559,G1
GTTGAACAGTGGATTA-1,0.045609050967704956,-0.21490909589133228,S
GTTGAACAGTTTAGGA-1,-0.0004928813227860207,-0.20711158128532364,G1
GTTGAACCACCTCAGG-1,-0.022531958630008397,-0.11510072842992244,G1
GTTGAACCACTAGAGG-1,-0.018546456415346912,-0.18970039159539645,G1
GTTGAACCAGGAATCG-1,-0.07319177757890871,-0.13900231495269438,G1
GTTGAACCATCATCCC-1,0.015866306224470217,-0.09526942508805303,S
GTTGAACGTATGAAAC-1,-0.059877533313098474,0.0211361972676406,G2M
GTTGAACGTGATACCT-1,-0.12154570144035817,-0.16907758637697062,G1
GTTGAACGTTATAGCC-1,-0.12466585867069307,-0.07881715305896914,G1
GTTGAACTCAATGCAC-1,0.10756746926549915,0.09596696405239491,S
GTTGAACTCCTGGGTG-1,0.0881204816845147,-0.0605670902388758,S
GTTGAACTCTTCCAGC-1,-0.0008999431201624497,-0.1390057697062772,G1
GTTGCGGAGGGAGGTG-1,0.058342574815933856,0.10931836356728525,G2M
GTTGCGGAGTAGACAT-1,-0.05129002379575692,-0.2066521212723119,G1
GTTGCGGCAGCGATTT-1,0.08332190861456373,-0.14291970939104237,S
GTTGCGGGTAATCAAG-1,0.01785932442091115,-0.28194593096953763,S
GTTGCGGGTATTTCGG-1,-0.025497109617747926,-0.07455389527087875,G1
GTTGCGGGTCCGCAGT-1,-0.04363672539539565,-0.08914425203583937,G1
GTTGCGGGTCCTCAGG-1,-0.16468168792626964,-0.04701044475709959,G1
GTTGCGGGTCGACGCT-1,-0.016847025815069472,-0.17220236997797628,G1
GTTGCGGGTGAACGGT-1,0.06487894668316235,-0.06043170563884559,S
GTTGCGGTCACCATAG-1,0.019434815359750335,-0.10503474151258174,S
GTTGCGGTCCTCAGGG-1,-0.02043179516595045,0.03724000595977256,G2M
GTTGCTCCAAGAATGT-1,-0.1013520284300253,-0.2086520728830572,G1
GTTGCTCCAATGAACA-1,-0.04241805716575897,0.04590112525927026,G2M
GTTGCTCCACCTGATA-1,-0.0947421364092692,-0.2386626547922161,G1
GTTGCTCCAGAGGTAC-1,-0.011743027577232501,-0.05946995369615221,G1
GTTGCTCGTCCACACG-1,-0.06464148436908168,-0.04292914753919991,G1
GTTGCTCTCCAACCGG-1,-0.06734909924537252,0.025743569555903956,G2M
GTTGCTCTCCCTCTTT-1,-0.07643667497818019,-0.008644108664664252,G1
GTTGCTCTCCTTATCA-1,-0.1268707621615453,-0.08479938667210407,G1
GTTGTAGAGAGCACTG-1,-0.017859312974927877,-0.12729452935261876,G1
GTTGTAGAGATGCTGG-1,0.010461915333068783,0.09827322649709813,G2M
GTTGTAGAGCTTGTGT-1,0.07317930853810778,-0.17983625618159263,S
GTTGTAGAGGCCTTCG-1,0.19585745800861126,-0.16251772308496087,S
GTTGTAGAGGCTGGAT-1,0.03126068084841088,-0.18648376982187886,S
GTTGTAGAGTCTGTAC-1,0.03383933785642104,-0.09991862946884292,S
GTTGTAGAGTTACGTC-1,-0.0748963312590421,-0.20513652674474725,G1
GTTGTAGCACAATCTG-1,0.1486191258005763,-0.07932530029061441,S
GTTGTAGCAGCGTAGA-1,-0.026757580631538436,-0.030663871229149542,G1
GTTGTAGCAGGTGACA-1,-0.12213883724165198,0.12249661625506292,G2M
GTTGTAGCAGTCCGTG-1,-0.054295276287133376,-0.18564390787028726,G1
GTTGTAGGTAACCAGG-1,-0.08077787368518785,0.14223987418283218,G2M
GTTGTAGGTAAGGTCG-1,0.06804530633639622,-0.0680290163442418,S
GTTGTAGGTCTCGGAC-1,-0.05058419646894108,-0.1866591253655664,G1
GTTGTAGGTGACTCGC-1,0.014884064091759908,-0.2831751002615871,S
GTTGTAGGTTCTTCAT-1,0.10296552897355454,-0.0729242018750465,S
GTTGTAGTCTCACCCA-1,-0.013996898358781651,-0.11188979684269323,G1
GTTGTCCAGAGCACTG-1,-0.016877830803774974,-0.1067359405241129,G1
GTTGTCCAGATTCGAA-1,0.07101215267149463,-0.02927248372194846,S
GTTGTCCAGGTGGCTA-1,-0.0032334576886348665,-0.19762003368309572,G1
GTTGTCCCATGGACAG-1,0.08995258620148239,-0.1620279615449262,S
GTTGTCCCATGGTACT-1,0.007825512854340522,-0.13194910536520982,S
GTTGTCCCATGTCAGT-1,-0.021881066203012778,-0.14486518823442784,G1
GTTGTCCGTTCGGGTC-1,-0.1012149530315925,-0.21618500476279398,G1
GTTGTCCGTTCTTGCC-1,-0.0027463840545389195,-0.20081815476079887,G1
GTTGTCCGTTGATCGT-1,0.009149520699229696,-0.05747788716412888,S
GTTGTCCTCATTCACT-1,-0.0011749846990612434,-0.05793986732390094,G1
GTTGTGAAGCGTTACT-1,0.039346519336128705,-0.10204124334164644,S
GTTGTGACACGACAGA-1,-0.0021948889668021443,-0.11966818098460705,G1
GTTGTGACATACCATG-1,-0.11782308376383921,-0.016232969315917223,G1
GTTGTGAGTAGCGTAG-1,0.02578047777766046,-0.037508318773906535,S
GTTGTGAGTCGAAGCA-1,0.014843158701796366,-0.19230102475276697,S
GTTGTGATCCCATGGG-1,-0.004439142551887959,-0.12358147306536975,G1
GTTGTGATCCCATTTA-1,-0.05484894746969404,-0.1726270923711379,G1
GTTGTGATCCGGCAGT-1,0.031733241331355966,-0.18564079320222895,S
GTTGTGATCTTCTGTA-1,-0.049330963051087084,-0.14128232694297638,G1
GTTTACTAGAGCATTA-1,-0.1657999023426895,-0.02977778892323335,G1
GTTTACTAGCAGGGAG-1,-0.06110393758861077,-0.20248190373280606,G1
GTTTACTCAATTCTCT-1,0.06132058855073308,-0.12338385962238133,S
GTTTACTCACACAGCC-1,0.03492296805648465,0.12938650386002593,G2M
GTTTACTGTACGACTT-1,0.06341852324904401,-0.12028662942398938,S
GTTTACTGTCCGGTCA-1,-0.0197141949663176,-0.2287301807810715,G1
GTTTACTGTGACTATC-1,0.1611495324625965,-0.05612413098329255,S
GTTTACTGTGTGTCCG-1,0.19005905799261574,-0.1408539700574284,S
GTTTACTTCAGAGTTC-1,0.031056178471890517,-0.10792828123878223,S
GTTTACTTCATACGGT-1,-0.1255227600760101,-0.13776037058952526,G1
GTTTACTTCCACATAG-1,0.17263024888401635,-0.07896184898793135,S
GTTTACTTCGCTACAA-1,0.011283448165007703,-0.08936038927868545,S
GTTTGGAAGCATCTTG-1,-0.01426730277861521,-0.15340052364596324,G1
GTTTGGAAGCGTATAA-1,0.04689507024070666,0.014578784369154052,S
GTTTGGAAGGAATTAC-1,-0.04418058468661057,-0.23389225920943732,G1
GTTTGGAAGTGCAACG-1,0.052312459986135706,-0.2283102081164598,S
GTTTGGAAGTGTTGAA-1,-0.08713408443353554,-0.13762138363969345,G1
GTTTGGACAGACGGAT-1,-0.10581962128288885,-0.2424413861118634,G1
GTTTGGACAGGCAATG-1,0.006329219745575487,-0.01508928907878232,S
GTTTGGAGTACCTAAC-1,0.00584278089471979,-0.20171856781979158,S
GTTTGGAGTAGCTTGT-1,0.05921055379908269,-0.18087075703047495,S
TAACACGAGCTTACGT-1,0.0811952797091332,-0.0606169039377516,S
TAACACGAGTACTGGG-1,0.15536292035439608,-0.04916707193466752,S
TAACACGAGTCCTGTA-1,0.09972724327863303,-0.2309261403118673,S
TAACACGCACAATCTG-1,-0.0165675054940409,-0.29658084363226445,G1
TAACACGCATAGGTAA-1,0.048180537778513666,-0.02861848662424027,S
TAACACGGTACAGTAA-1,-0.06522317528641308,-0.09627921003708839,G1
TAACACGGTCGAACAG-1,-0.048714015304214486,-0.14480064728929484,G1
TAACACGGTCTACAGT-1,-0.012047178813644588,-0.09114764575786138,G1
TAACACGGTGCAATAA-1,-0.12344237371908656,-0.04792632045921963,G1
TAACCAGAGAGGATGA-1,0.000525191151128479,0.0897989778264166,G2M
TAACCAGAGAGTCTGG-1,-0.12860753765881633,-0.10087860467232396,G1
TAACCAGAGAGTTGCG-1,-0.08873177712030372,-0.11276852535468657,G1
TAACCAGAGCCAAGGT-1,0.07742418960286179,-0.047176428598393216,S
TAACCAGAGTCTCTGA-1,-0.14984748497890196,-0.15004477758006268,G1
TAACCAGAGTTGCGCC-1,0.056119420349053095,-0.06762701256631015,S
TAACCAGCAAGGGCAT-1,-0.05150278315589252,-0.23852544716998197,G1
TAACCAGGTATGACAA-1,-0.06354386864859726,-0.027859144510602035,G1
TAACCAGGTCAACGCC-1,0.06120748587514446,-0.24400970027098565,S
TAACCAGGTTACACTG-1,-0.07056880110925123,-0.11015504852982588,G1
TAACCAGGTTATAGCC-1,-0.04933602529586517,0.16514323233908929,G2M
TAACCAGGTTCTTGTT-1,-0.04731330016528279,-0.0907274283868087,G1
TAACGACAGCGCCTAC-1,-0.05645427352798768,-0.22463392646663977,G1
TAACGACAGGAGTACC-1,-0.0695978067244577,-0.26936810862185134,G1
TAACGACTCAATCCAG-1,-0.09252361564179201,-0.08452719357718103,G1
TAACGACTCGAAGTGG-1,-0.09576081969129224,-0.19649838260191685,G1
TAACGACTCTCAGTCC-1,-0.021201471065243283,-0.2027902189423913,G1
TAACTTCAGCACAAAT-1,-0.07774637514995195,-0.08407711612779384,G1
TAACTTCAGCGCCTCA-1,-0.008645989260821274,-0.2732004232031925,G1
TAACTTCAGGATAATC-1,0.008205659308834434,-0.04522086938435871,S
TAACTTCAGTTGGGAC-1,-0.022327436756516494,-0.22016271465312764,G1
TAACTTCCACATGGTT-1,-0.07105723143186704,0.1748349140137873,G2M
TAACTTCCACCAGTTA-1,-0.04161080313331289,-0.11940548484162661,G1
TAACTTCCACGAGAAC-1,0.0688182588909067,-0.1368493155094136,S
TAACTTCCAGCTCATA-1,0.024687455339971853,-0.16118591081814582,S
TAACTTCGTACCAATC-1,-0.01309212223683981,-0.16301638786295014,G1
TAACTTCGTCGCTGCA-1,-0.01380256845441416,-0.1290059559315242,G1
TAACTTCTCACCTTAT-1,-0.08754249826343874,-0.205740559634387,G1
TAACTTCTCACGGAGA-1,-0.018665631702405677,-0.0322743898004581,G1
TAACTTCTCCATTCAT-1,-0.02991013012392879,-0.18398689289461553,G1
TAACTTCTCTGACAGT-1,-0.041724034818713285,-0.18274311587146064,G1
TAAGCACAGCTTTGTG-1,-0.042182149500742616,-0.17320711078836554,G1
TAAGCACCAAATCGTC-1,0.07379328378898548,0.05529019663367307,S
TAAGCACCACAAACGG-1,0.0061583974335644165,-0.13175811172998567,S
TAAGCACCAGGAGACT-1,0.042120050401545484,-0.08243963442222782,S
TAAGCACGTAACAGGC-1,0.06757264636392962,-0.038231645579146045,S
TAAGCACGTACGTACT-1,-0.03708626724106007,-0.12675716960502764,G1
TAAGCACGTTTCGGCG-1,0.13977596162953992,-0.16606639853205107,S
TAAGCACGTTTGGGTT-1,-0.054126427663574894,-0.09160394708362002,G1
TAAGCCAAGTCGCCAC-1,0.004144874922050346,-0.021994351479290297,S
TAAGCCACAATTGAGA-1,-0.09171637475282679,-0.16038640565439238,G1
TAAGCCACATACTGAC-1,-0.023468683579152994,-0.06897302930878951,G1
TAAGCCAGTTTCGCTC-1,0.034449960695191684,-0.21128888366804682,S
TAAGCCATCAAGCCAT-1,-0.021942449491754723,-0.08899816968117963,G1
TAAGCCATCCGATGCG-1,-0.04796674546688573,-0.27845527964592265,G1
TAAGCCATCCGGTAAT-1,-0.06327648687368531,-0.046315139860527044,G1
TAAGCCATCCTCGCAT-1,-0.07214184377166383,-0.2031593391333631,G1
TAAGCGTAGAATCTAG-1,0.06581133460697025,-0.19113433966327797,S
TAAGCGTAGCTCGTGC-1,-0.01917826027253644,-0.1632685376260629,G1
TAAGCGTAGTCACAGG-1,0.017691201922126226,-0.08234497945403108,S
TAAGCGTCAACGCCCA-1,-0.0933692918839926,-0.04388340187029477,G1
TAAGCGTCAATACGAA-1,-0.06044003531427028,-0.1751580363766612,G1
TAAGCGTCACTTCCTG-1,-0.0686477607200891,-0.19746868199195028,G1
TAAGCGTCAGGCATGA-1,-0.04287678758672295,-0.07621857326512163,G1
TAAGCGTCATTCAGCA-1,0.1858457145241647,-0.1042542092793024,S
TAAGCGTGTAGACTGG-1,-0.0653175155218863,-0.1200737624519368,G1
TAAGCGTGTATGTCAC-1,-0.04796591828442631,-0.22517078547404235,G1
TAAGCGTGTCCAACGC-1,0.0285443220653821,-0.02277952095039598,S
TAAGCGTGTCGCGTCA-1,-0.14204677784985648,-0.19207643527520873,G1
TAAGCGTGTCTGTAGT-1,0.026479550002002306,-0.0841651688160055,S
TAAGCGTGTCTTGTCC-1,0.010209993250092808,0.10082130138501155,G2M
TAAGTCGAGAATCGTA-1,-0.03209346125043344,-0.2679427629816088,G1
TAAGTCGAGTCATGGG-1,-0.060097425638656554,0.04755984285977921,G2M
TAAGTCGCAGAGAGGG-1,0.02347271528126854,-0.10540957771543494,S
TAAGTCGGTACCCAGC-1,-0.04615879624266234,-0.12878561258761312,G1
TAAGTCGGTTCGGTCG-1,-0.03925730455700799,-0.1889000906737953,G1
TAAGTCGGTTGCCATA-1,-0.021806888568278116,-0.11707646166009272,G1
TAAGTCGTCATGCATG-1,-0.04779827397877681,-0.13365864012579393,G1
TAAGTCGTCCTGTAAG-1,0.18025391156429887,-0.10974078584307845,S
TAAGTCGTCTCTGCCA-1,0.006457783810597639,-0.13289199362226772,S
TAATCTCAGAACCCGA-1,0.06667512494223254,-0.19618900240080386,S
TAATCTCAGAGACAAG-1,0.008318135915003466,-0.10604768399200354,S
TAATCTCAGTCTCGTA-1,-0.07557991705182043,-0.1453618805047227,G1
TAATCTCCACACGTGC-1,0.01444543687528782,-0.19502906565612682,S
TAATCTCCACGGTGTC-1,-0.08780174807138624,-0.12874145848047833,G1
TAATCTCCATGATCTG-1,0.07959575930253271,0.024659443602389586,S
TAATCTCCATGTGCCG-1,0.026507840382544612,-0.05969013228226766,S
TAATCTCGTCCCGGTA-1,0.04331111151764255,-0.017428525187916655,S
TAATCTCTCACGGTCG-1,0.1266703588050423,-0.10685764696457689,S
TAATCTCTCACTGGGC-1,0.07291261512269115,-0.06292460697281865,S
TAATTCCAGAACAGGA-1,0.10562774925793406,0.026583284610390556,S
TAATTCCAGACGGAAA-1,0.014857841279366513,0.009452792259164233,S
TAATTCCAGGCACTCC-1,-0.00992009187488252,-0.12201390001670759,G1
TAATTCCCACGCACCA-1,-0.062155969179460535,-0.1810527126902241,G1
TAATTCCCACTTCATT-1,0.06123151956239964,-0.13028356348282444,S
TAATTCCCATAATGCC-1,-0.006423762597586313,-0.01423040674021267,G1
TAATTCCCATGTACGT-1,0.0865960384085026,-0.058863569753717176,S
TAATTCCGTATTGACC-1,-0.10240620856773913,-0.12385967657394747,G1
TAATTCCGTCCAACGC-1,-0.0487898940577996,-0.036945128456254084,G1
TAATTCCGTGCAAGAC-1,-0.1464181180665381,-0.06525689442442012,G1
TAATTCCGTTTGGAGG-1,-0.042372275851578656,-0.22889178852431324,G1
TAATTCCTCCAACCAA-1,-0.004110206525983706,-0.16922189108523467,G1
TAATTCCTCCGGTTCT-1,0.03470962039220771,-0.14051342887719284,S
TAATTCCTCGCTGTTC-1,0.07304459833572291,-0.1874137132064156,S
TAATTCCTCTTGCAAG-1,0.007984477256992084,-0.06331151633663543,S
TACAACGAGACTCATC-1,-0.013746522405048978,-0.052618902856030714,G1
TACAACGAGATACATG-1,-0.06053154591837345,-0.11042132459271009,G1
TACAACGAGCGAGAAA-1,-0.06105943578339634,0.005005466772187328,G2M
TACAACGAGGTTGGAC-1,-0.04361094357669193,-0.18341268103697772,G1
TACAACGAGTGAACAT-1,-0.1277845623258162,-0.05182075330703523,G1
TACAACGCAACAGCTT-1,-0.007668048069500222,-0.10132618770067042,G1
TACAACGCACTTGTCC-1,-0.10691447653290237,-0.23763875332267834,G1
TACAACGCATCTAGAC-1,-0.046796997596181056,-0.13313755854162412,G1
TACAACGCATCTGGGC-1,-0.06828679569659912,-0.15051099713202842,G1
TACAACGCATGGCGCT-1,0.061672099321355256,-0.15669254832773538,S
TACAACGGTACCTTCC-1,-0.07234209060272861,-0.16188408327937434,G1
TACAACGGTATCTCTT-1,-0.10091185210964748,-0.09409991210028784,G1
TACAACGGTCATACCA-1,-0.02261067388578686,0.05254363827241554,G2M
TACAACGGTGAGGCAT-1,0.0975028920921655,-0.12386354323866489,S
TACAACGGTGGTCTAT-1,0.025840432420154158,-0.050063218514972085,S
TACAACGGTTTCCAAG-1,-0.003829225581086948,-0.14003780789385545,G1
TACAACGTCATCGCAA-1,0.06451653717011396,-0.047365505696633003,S
TACAACGTCCTTCAGC-1,-0.11980888536481304,-0.16297360480933423,G1
TACAACGTCGCTCCTA-1,-0.06852093046286978,-0.2389954833500988,G1
TACAACGTCGTAGCTA-1,-0.025158671437212454,-0.2554482139561568,G1
TACACCCAGCCTCTTC-1,0.09637688928227989,0.1651941490229935,G2M
TACACCCAGGGCAACT-1,-0.08302604074572845,-0.19023811255173323,G1
TACACCCAGGGTGAGG-1,0.032017812790678835,-0.11995563657223071,S
TACACCCAGTTCATCG-1,-0.027113494775400343,-0.1911207158015427,G1
TACACCCCAAGAGCTG-1,-0.0678754692519471,-0.10108386292363614,G1
TACACCCCACCTCGTT-1,0.018122212919881198,-0.05265545991096565,S
TACACCCCATGACGAG-1,0.07765710721490893,-0.15464102184250444,S
TACACCCCATGTAACC-1,-0.026658171797796393,-0.18256958120269934,G1
TACACCCTCATGTCTT-1,0.16125502336529485,-0.06639941979230274,S
TACACCCTCTACTGAG-1,-0.1659935848215019,-0.06186023366130211,G1
TACACCCTCTCCGCAT-1,0.0485815711801888,-0.21312938494633457,S
TACAGGTAGTAACCTC-1,-0.017185576628607258,-0.13000946819939352,G1
TACAGGTCAACTGCTA-1,-0.03444364593974175,-0.19543798365191878,G1
TACAGGTCACCTGAAT-1,0.1195039917076513,-0.022653156015719933,S
TACAGGTCACTGCTTC-1,-0.04878265880602645,-0.11003498269282642,G1
TACAGGTCAGAATTCC-1,-0.11432137983755414,-0.2664532526525689,G1
TACAGGTCAGACCAGA-1,0.1361365149781294,-0.12554723705900106,S
TACAGGTCAGGACAGT-1,-0.04922267567480365,-0.13981289486814077,G1
TACAGGTCATAGGAGC-1,0.041617961884531096,-0.06997579938423704,S
TACAGGTCATGACGAG-1,0.019391749653606516,-0.11093455391488799,S
TACAGGTGTAAGAACT-1,0.06934225801077498,-0.16766207838175823,S
TACAGGTGTACAGGTG-1,-0.053750448225999115,-0.08076667262973813,G1
TACAGGTGTCACTCGG-1,-0.10243789607732326,-0.10355925991533814,G1
TACAGGTGTTGACTGT-1,0.02889517343096676,-0.16553121905376533,S
TACAGGTGTTGCCGAC-1,-0.11166468236944732,-0.2907421554233317,G1
TACAGGTTCACCGGGT-1,-0.047311375914424636,-0.030860029516905363,G1
TACAGGTTCCTCGATC-1,0.17084240381811683,-0.10426089868217114,S
TACAGGTTCCTTTGAT-1,-0.009015032949853452,-0.1352520569610955,G1
TACAGGTTCTTCGGTC-1,-0.048622730354115296,-0.19734232721106848,G1
TACATTCAGATTAGCA-1,-0.02166775720934605,-0.14522446597812422,G1
TACATTCCAATACGCT-1,0.019876724792765255,-0.1058982136158283,S
TACATTCCAATTGCCA-1,0.019700445786051735,-0.05476471639255026,S
TACATTCCACGCCACA-1,0.05691614952502724,-0.23188534718106787,S
TACATTCCACTAACGT-1,0.06849385334038993,-0.12996566652879202,S
TACATTCCAGGGCTTC-1,-0.02495033371862332,-0.009876573944904099,G1
TACATTCGTCAACATC-1,-0.07908830082485596,-0.09316085976359001,G1
TACATTCGTCTTGTCC-1,0.07206040996551982,-0.1406545930169006,S
TACATTCGTGACCGTC-1,-0.029243074901523503,-0.03968453771409319,G1
TACATTCTCCGTCAAA-1,0.04499614924659362,-0.029037064939865798,S
TACATTCTCGCTTGAA-1,-0.007638537996571382,-0.1686236914837997,G1
TACCCACAGTATAACG-1,-0.06669493622565054,0.039037741121306035,G2M
TACCCACAGTGCTCAT-1,-0.16590141848218912,-0.04935173203254245,G1
TACCCACCAACCACGC-1,0.020535930818960157,-0.10042606734144205,S
TACCCACCAAGGACAC-1,-0.038778102784756185,-0.09473064452502855,G1
TACCCACCACCTGCAG-1,-0.04736355158860539,-0.05619060481135413,G1
TACCCACGTAGACTGG-1,-0.04098344853029623,-0.11359593600803014,G1
TACCCACGTAGAGACC-1,0.036612855196357874,-0.0926918810928199,S
TACCCACGTCAAACGG-1,-0.020999644817817076,0.01395634466468254,G2M
TACCCACGTGGTAACG-1,-0.03990532443019623,-0.2297897445898166,G1
TACCCACTCAGCATTG-1,0.04005418474559508,-0.017944061152524227,S
TACCCGTAGAAACTCA-1,-0.06613729579271643,-0.07966291474785836,G1
TACCCGTAGATAGTCA-1,-0.1810736224155637,0.14083775584626523,G2M
TACCCGTAGGATGTTA-1,-0.002857424480804227,-0.23945336174320303,G1
TACCCGTAGGGCAGAG-1,-0.07641808343564865,-0.06343006910848398,G1
TACCCGTCACAGCCTG-1,0.0042508160980915255,-0.018351520530806298,S
TACCCGTCACCAAATC-1,0.056688419804908186,-0.2990143818069865,S
TACCCGTTCTCTTGCG-1,-0.07569877607084075,0.16164692377075768,G2M
TACCCGTTCTGTACAG-1,0.1265606680348072,-0.06899783795772074,S
TACCGAAAGAGCACTG-1,-0.13598810070041287,-0.10016343996961047,G1
TACCGAAAGATGCAGC-1,0.07421196456890355,-0.1524857935914528,S
TACCGAAAGCATCTTG-1,-0.031963533448235104,-0.1505464630951907,G1
TACCGAAAGTGGGAAA-1,-0.04386454372488535,-0.14426334019162362,G1
TACCGAACAGTCGGTC-1,-0.09980039003120567,-0.13966242137200036,G1
TACCGAACATATACCG-1,-0.04591847016942818,-0.1592119419262425,G1
TACCGAAGTACCGGCT-1,-0.09362246238747979,-0.1473895218535763,G1
TACCGAAGTAGAATGT-1,-0.041936006863331265,-0.17946104823335157,G1
TACCGAAGTCGTCAGC-1,0.003248615921177478,-0.219985533723566,S
TACCGAATCACAAGAA-1,-0.05234013129741494,-0.1118970556070894,G1
TACCGAATCATGAGTC-1,0.017108001024165376,-0.11354552976035565,S
TACCGAATCATTACGG-1,-0.043504296306348056,-0.048469156381078626,G1
TACCGAATCTTAGCAG-1,0.08702505044934183,-0.139813469281597,S
TACCGGGCACTGTGTA-1,-0.04444625843951533,-0.24834254892718874,G1
TACCGGGCATGTGACT-1,-0.019638760358917484,-0.08705306611204164,G1
TACCGGGGTAAGCAAT-1,-0.037243927318948655,-0.17715550459405216,G1
TACCGGGGTTAGTTCG-1,-0.11479801188955663,-0.16046769987728898,G1
TACCGGGGTTGCCATA-1,0.004313774761534106,-0.13013598778800756,S
TACCGGGTCCGGTAAT-1,-0.08078600085065923,-0.12295108849963216,G1
TACCTCGAGCTGACTT-1,-0.04500089832732884,0.014972311376811653,G2M
TACCTCGAGGCTCTAT-1,-0.06218577306496054,0.0755120709307242,G2M
TACCTCGAGTGAGTTA-1,0.09932243496580084,-0.08659435998496057,S
TACCTCGCAAATTGCC-1,-0.07313114686356839,-0.1417726378865069,G1
TACCTCGCAGAGGAAA-1,-0.11539111412889941,-0.11329732611956161,G1
TACCTCGCATCGTGCG-1,-0.02512859262178041,-0.18591505202832928,G1
TACCTCGCATGACACT-1,-0.0628673938507735,-0.08415627976839457,G1
TACCTCGGTACTCGCG-1,-0.03230321688061974,-0.230097866852343,G1
TACCTCGGTAGATCGG-1,0.0323955262947237,-0.23981412413807193,S
TACCTCGGTGAATTGA-1,0.024378914730632917,-0.08494761219310631,S
TACCTCGGTGACAGCA-1,-0.14452066392045082,-0.032028167015108855,G1
TACCTCGGTTAATGAG-1,-0.02033959256485729,-0.1704599910055148,G1
TACCTCGGTTAGGGAC-1,-0.1428687532436494,-0.19870079213907543,G1
TACCTCGTCACACCCT-1,0.0023306960435861,-0.2321822678277328,S
TACCTGCAGCATCAAA-1,-0.09659286561038677,-0.07783035057400384,G1
TACCTGCAGCCTGTCG-1,-0.038922522608302784,-0.11664163863030744,G1
TACCTGCAGCTGGTGA-1,0.003072663254320984,-0.07752131818195729,S
TACCTGCAGGCACCAA-1,-0.06858599780623464,-0.14313734857980237,G1
TACCTGCAGGGTACGT-1,-0.03302054310415248,-0.1625459345866055,G1
TACCTGCCACAATCTG-1,-0.06777244890330958,-0.09165241670311397,G1
TACCTGCCATGGCGCT-1,-0.0309997979831802,-0.015201281800442445,G1
TACCTGCGTGGCTGAA-1,0.010748713294808698,-0.06851366313514656,S
TACCTGCTCTCCCTAG-1,-0.155054994206827,-0.09278487177091393,G1
TACCTGCTCTCTCTTC-1,0.08510567144142156,-0.053643361069758144,S
TACGCTCAGCACGATG-1,-0.011369797341977517,-0.13152909516485062,G1
TACGCTCAGCGCCCAT-1,0.041190089527361806,-0.08680408082883834,S
TACGCTCAGGATTTAG-1,0.20358581279775806,-0.16622824561770072,S
TACGCTCAGGGAGGTG-1,-0.00844698923360343,-0.18418781840540943,G1
TACGCTCAGGGTATAT-1,-0.02107559111563695,-0.0896314400551117,G1
TACGCTCCAAGTGGAC-1,-0.015330238414550057,-0.1177737280949327,G1
TACGCTCCACCAGCTG-1,-0.06698147872209653,-0.25383950899398566,G1
TACGCTCCACGAAAGC-1,0.18031076689964953,-0.1531520005434987,S
TACGCTCGTACTCCCT-1,-0.05391896559504106,-0.03346354788323008,G1
TACGCTCGTGGTCAAG-1,-0.039405761546995544,-0.20917737945268472,G1
TACGCTCGTTGCTCCT-1,0.04222021489651795,-0.21138129499727487,S
TACGCTCTCACAGTGT-1,0.0013585145098585771,-0.20264620126191552,S
TACGCTCTCACCTGTC-1,-0.12171416185431655,-0.22978797926113853,G1
TACGCTCTCACTGAAC-1,0.001805149242476739,-0.20388753809943957,S
TACGCTCTCAGTGTTG-1,0.11963042549411596,-0.11196058300381118,S
TACGCTCTCCAATGCA-1,-0.11947483424537447,-0.036476046083618235,G1
TACGCTCTCGAAGTGG-1,-0.04962680802795577,-0.13631764967671722,G1
TACGCTCTCGAATGCT-1,-0.10517986369597482,-0.1564631532924044,G1
TACGCTCTCTACCCAC-1,0.046893558368579946,-0.009031469223147404,S
TACGCTCTCTCCGTGT-1,-0.04929248191391855,-0.07326269138960656,G1
TACGGGCAGCCTCTTC-1,0.16044449410029582,-0.12103506969173389,S
TACGGGCAGGTCCAGA-1,-0.03129792043589147,-0.033200283918436824,G1
TACGGGCAGGTGTGAC-1,0.033152626113871875,-0.17026452206051396,S
TACGGGCAGTCACGCC-1,0.10592863602877733,0.07160412318303733,S
TACGGGCCAGGGCTTC-1,-0.1488266936151225,-0.26693693288549053,G1
TACGGGCCATGATCTG-1,0.0212322007497254,-0.10096904967768477,S
TACGGGCGTATCCCAA-1,0.0829939583012208,-0.09245493468071758,S
TACGGGCGTGTTAGCT-1,0.0010742267104550396,-0.14348567196084955,S
TACGGGCTCAACTGAC-1,0.020681988097116882,-0.07388745709529893,S
TACGGGCTCACTTATC-1,0.01663637720418651,-0.054737218669349164,S
TACGGGCTCCCTGTTG-1,-0.027903395565507527,-0.15602925861070938,G1
TACGGGCTCGGTGTAT-1,-0.00991461267621302,-0.23968386054590385,G1
TACGGGCTCGTCGCTT-1,-0.07967292283540933,-0.13741466668764346,G1
TACGGTAAGAGGGTGG-1,-0.046181959162188396,-0.23688719081730517,G1
TACGGTAAGTTGGACG-1,-0.06489412198768002,0.005117311514780731,G2M
TACGGTACACATACTG-1,-0.03575886837812026,-0.1548112180269497,G1
TACGGTACACCTGAAT-1,-0.03168318649441304,-0.07701181743289515,G1
TACGGTACAGCTTCCT-1,0.08240290385822246,0.0984015454878604,G2M
TACGGTAGTATTGCCA-1,-0.03744146332730336,-0.2595746599202414,G1
TACGGTAGTCAAGCCC-1,-0.04432250414480654,-0.13352587666948565,G1
TACGGTAGTCCTCCAT-1,-0.0522835971932622,-0.12266890025934929,G1
TACGGTATCAAGTGTC-1,-0.01774196170554021,-0.08778144421351985,G1
TACGGTATCACCGACG-1,0.0917864182859287,-0.1787607564422286,S
TACGGTATCCCGTTCA-1,0.04980061703027433,-0.12201239319364338,S
TACGGTATCGCTGCGA-1,0.05002523863242986,-0.18858768960237898,S
TACGGTATCGTGCTCT-1,-0.05892568613452548,-0.06198084432426715,G1
TACGGTATCTGTCAGA-1,-0.03601464196980808,-0.15669695024721897,G1
TACGTCCAGAGAGAAC-1,-0.06260702657212364,-0.14578508898380982,G1
TACGTCCAGCGACTGA-1,-0.059011904200020004,-0.05281005811968431,G1
TACGTCCAGTATGTAG-1,0.02623153361832581,-0.192082617820644,S
TACGTCCCACAGCTGC-1,-0.13534350854355512,0.24079633857285349,G2M
TACGTCCGTAACGATA-1,0.05611959127897026,0.09572556944614019,G2M
TACGTCCGTATCGAGG-1,-0.02919638379333772,-0.1024237655672407,G1
TACGTCCGTGCATGTT-1,0.03803014289043455,0.019316969752954605,S
TACGTCCTCAAACCCA-1,0.03889515008892075,-0.2696370657441661,S
TACGTCCTCGCCTTGT-1,-0.014773241139177273,0.0041377172915694205,G2M
TACGTCCTCGGCTTCT-1,0.057850528354762676,-0.061717798499594245,S
TACGTCCTCTACTATC-1,-0.12210951580111451,-0.13680149986085055,G1
TACGTCCTCTCTTAAC-1,0.018182271788722837,-0.18415108422502457,S
TACTGCCAGAGATTCA-1,-0.10672437161903503,-0.17394917532225537,G1
TACTGCCCATTACTCT-1,0.007995220508645207,-0.07176760261595169,S
TACTGCCGTATCAGGG-1,-0.05052966657586305,-0.020061875135369722,G1
TACTGCCGTTGAAGTA-1,-0.0637056430886474,-0.011285147031819653,G1
TACTGCCTCCACCTCA-1,0.05776215572841287,-0.2275915295850558,S
TACTTACAGAATTGTG-1,0.05758211632818783,-0.1117818526135723,S
TACTTACAGACCATTC-1,0.002707154159296621,-0.08236405964852164,S
TACTTACAGCACCAGA-1,-0.020749231923305078,-0.08000046615170464,G1
TACTTACAGCACTAAA-1,0.04621512325211741,-0.03218477514242768,S
TACTTACAGCATCGAG-1,0.0443479892247767,-0.14280793270383874,S
TACTTACAGTAGATCA-1,-0.03125939492128771,-0.24252895305753994,G1
TACTTACGTAAGCAAT-1,0.07117744539340978,-0.16946954675821285,S
TACTTACGTACAGTAA-1,0.1240195693396457,-0.062053490061248384,S
TACTTACGTCAGCTTA-1,-0.03995895183659148,-0.15024705251346468,G1
TACTTACGTCCAGTTA-1,0.09469619203832702,-0.22707025547828907,S
TACTTACGTCCTCATC-1,-0.06036656697483367,-0.05000795425935181,G1
TACTTACGTCGAGCTC-1,-0.10694709726195772,-0.21024712858236194,G1
TACTTACGTGACATCT-1,0.07770636063902137,-0.2554582541527365,S
TACTTACTCACGGACC-1,-0.10299838764326263,-0.0660523802836313,G1
TACTTACTCCGATCGG-1,-0.046286849215430415,-0.0453214680174972,G1
TACTTACTCGGTTGTA-1,0.03878591647901841,0.01112857103043996,S
TACTTACTCGTCGATA-1,-0.07426148828312168,-0.08163351547640435,G1
TACTTACTCGTGCACG-1,0.0018561379132233102,-0.06583904713590444,S
TACTTACTCTCACGAA-1,-0.08989311154662147,-0.16306751537957198,G1
TACTTCAAGCGGATCA-1,0.032750906001699,-0.13364086181417978,S
TACTTCAAGGACAACC-1,-0.03822080759048485,-0.14057555812973987,G1
TACTTCACAAGGTACG-1,-0.018223812091259672,-0.16631071894579125,G1
TACTTCACACAATGTC-1,-0.014120741133528014,-0.004928153752136233,G1
TACTTCAGTATTGGCT-1,0.01791956876964873,-0.2150796601757868,S
TACTTCAGTGTTCATG-1,-0.045468894546602356,-0.08003564804998908,G1
TACTTCAGTTCCGCGA-1,-0.13152868792644345,-0.13831342920160827,G1
TACTTCAGTTGTAAAG-1,0.01349074376936854,-0.12104974761718401,S
TACTTCATCACGGGAA-1,-0.025625159438020628,-0.22997461841673736,G1
TACTTCATCACTGGGC-1,-0.018619625348553825,-0.2246975508154509,G1
TACTTCATCTAATTCC-1,0.016322332014548413,-0.18301072044180133,S
TACTTGTAGGTAGACC-1,0.03330469853108259,-0.12713059431396345,S
TACTTGTCAATTTCCT-1,0.1198910732640231,-0.09518118808350773,S
TACTTGTCACTGCACG-1,-0.03331467407735619,-0.16631788495694166,G1
TACTTGTGTGCCTATA-1,0.005889781739620126,-0.20029430050833516,S
TACTTGTTCCGTATGA-1,-0.09459925813980596,-0.07084649947423133,G1
TACTTGTTCGTGGCTG-1,-0.1287422780443238,-0.26284482695362954,G1
TACTTGTTCTCCACTG-1,-0.055278220698818714,-0.03575578777164157,G1
TAGACCAAGACCAAGC-1,-0.0031350306066265654,-0.2362275278982534,G1
TAGACCAAGGCCTGAA-1,0.0016527124937978366,-0.27214469586411105,S
TAGACCAAGGCGAAGG-1,-0.02358690099260974,-0.11073151658134917,G1
TAGACCAAGGGCGAGA-1,0.05754699342311781,-0.06685217035286356,S
TAGACCAAGTATTGCC-1,-0.03916980496171729,-0.17443792792470014,G1
TAGACCAAGTGAGCCA-1,-0.11897691610793987,-0.09804449686820077,G1
TAGACCACACCCTCTA-1,-0.12165577502053454,-0.12404627697867254,G1
TAGACCACACTCCCTA-1,-0.04355971656112656,-0.08301877297157118,G1
TAGACCACAGGCCCTA-1,0.026135703351860662,-0.24304338635338493,S
TAGACCACATCATCCC-1,0.011532071913297692,-0.06375932682661828,S
TAGACCAGTGACTCGC-1,-0.04279428786530137,-0.19448234504240425,G1
TAGACCAGTTCATCTT-1,-0.09508609362308279,-0.1426848678188708,G1
TAGACCAGTTGCTCGG-1,-0.06072111691268672,-0.17600084156364426,G1
TAGACCAGTTGTGCCG-1,-0.023209566661011483,-0.1460010444737391,G1
TAGACCATCGATCCAA-1,0.025578461475178282,-0.16523561458851643,S
TAGACCATCGCGTAGC-1,-0.04454344972716068,-0.1714181208234761,G1
TAGACCATCTACACAG-1,0.0914436367588991,0.01954642559453207,S
TAGACCATCTCGTCGT-1,0.005083250323786037,-0.18791310641926762,S
TAGACCATCTGTCTCG-1,0.10560559539560177,-0.028618122319419625,S
TAGACTGCAACACACT-1,-0.10912291342143082,-0.10532548182767149,G1
TAGACTGCAACTGATC-1,0.04101811752452872,-0.022554059445014263,S
TAGACTGCACTCCTTG-1,0.030599274251094488,-0.16821270517676798,S
TAGACTGCAGCGTTTA-1,-0.032390310483003004,-0.1161040916534089,G1
TAGACTGGTAGGCTGA-1,-0.03805206765526778,-0.12177844201767538,G1
TAGACTGGTGAGGCAT-1,-0.050400879540499766,-0.17100101697193776,G1
TAGACTGGTGTCATCA-1,-0.02068709973098959,-0.1478774667965948,G1
TAGACTGGTTTAGTCG-1,0.03755693040677438,-0.20234153563392066,S
TAGAGTCAGATGCTTC-1,0.10401875295133062,-0.1827512692517111,S
TAGAGTCAGCGCCTTG-1,0.14713647323223566,-0.04397576109890644,S
TAGAGTCCAGCGTGAA-1,0.0067288892322414084,-0.10387476290431047,S
TAGAGTCCAGCTTCCT-1,0.026748544189394124,-0.1700741898118196,S
TAGAGTCCAGGGAATC-1,0.036619734927483244,-0.044015081583847065,S
TAGAGTCCATCAGTGT-1,-0.026481447545566028,-0.17850600806516528,G1
TAGAGTCGTACGTAGG-1,0.005988326967455937,-0.08347055361174488,S
TAGAGTCGTATCGTAC-1,0.04356626747889855,-0.21222634800542464,S
TAGAGTCGTCCTATAG-1,0.1358010321407805,-0.1553654111507599,S
TAGAGTCGTGACTAAA-1,-0.0198841843728777,-0.14648363723529834,G1
TAGAGTCTCACACCCT-1,0.07360444690576742,-0.014454199660936057,S
TAGAGTCTCCCATAAG-1,0.03938899272880372,-0.12299733760916902,S
TAGATCGAGCACACCC-1,-0.0035379076199442694,-0.12918976299416457,G1
TAGATCGAGGAATCGC-1,-0.08307985209618857,-0.15214626199798426,G1
TAGATCGCACGTAGTT-1,-0.14396272096112495,-0.3524797757438891,G1
TAGATCGCAGCAGAAC-1,-0.014725084427797297,-0.09079226149488662,G1
TAGATCGGTGATACAA-1,0.03537226008405764,-0.024744679461625285,S
TAGATCGGTGGTTTAC-1,0.11422621489311802,-0.05505628362598408,S
TAGATCGGTTAAACCC-1,-0.02745246094233189,-0.16740710820255036,G1
TAGATCGTCAGTGTCA-1,-0.013451338239715893,-0.11747644565692739,G1
TAGATCGTCTTCGACC-1,-0.052846589286218604,-0.06207627770563362,G1
TAGCACAAGACTAGAT-1,0.07106038759709382,-0.10311996349833885,S
TAGCACAAGAGAGCGG-1,-0.005668109547493139,0.03320684258704337,G2M
TAGCACAAGCAGCCTC-1,-0.08806348733220032,-0.23566953106325006,G1
TAGCACAAGTGTAGAT-1,-0.019127775419054527,-0.1834233379392311,G1
TAGCACAAGTTGAATG-1,-0.040904291634162315,-0.08294801197854651,G1
TAGCACACAAGGTCTT-1,0.1692840133399855,-0.14567077390630728,S
TAGCACACACTGATTG-1,0.15177036010421957,-0.19419324508109564,S
TAGCACACAGCTGTCG-1,0.019888512118561186,-0.04165263180375428,S
TAGCACAGTCTGATAC-1,0.2309958641086552,-0.10985256615069239,S
TAGCACATCCATTGCC-1,-0.05355921649710971,-0.22219698967550056,G1
TAGCACATCCCTCGTA-1,0.09008423319683814,-0.176292456445006,S
TAGGAGGAGAGCCATG-1,-0.07793867201812005,-0.0934521562735659,G1
TAGGAGGAGCACTCGC-1,-0.05845884819056141,-0.03643115860621077,G1
TAGGAGGAGTGATAAC-1,-0.147770080510793,0.003115198319376067,G2M
TAGGAGGCACCAGCCA-1,-0.09425190824277752,-0.2560846262053221,G1
TAGGAGGGTACGCTTA-1,-0.07932558548369589,0.0016177557297622491,G2M
TAGGAGGTCAAACCTG-1,0.015190061623477247,-0.10058723039427164,S
TAGGAGGTCCGAGATT-1,-0.11432599470281857,0.04344075102252881,G2M
TAGGAGGTCTCATTGT-1,-0.11278437006821679,-0.17027337062611242,G1
TAGGGTTAGAACCCGA-1,-0.041315142456175236,-0.15210266490136826,G1
TAGGGTTAGTAGCATA-1,-0.04486391102093412,-0.181993559085844,G1
TAGGGTTCACGACGAA-1,-0.12278026380813006,-0.11920956859702142,G1
TAGGGTTCACGCGGTT-1,-0.03337670805731502,-0.20091720768683485,G1
TAGGGTTCATCGCCTT-1,0.05859087246686656,-0.060670798563048745,S
TAGGGTTGTGACACAG-1,-0.018092316722849278,-0.2504316371936168,G1
TAGGGTTGTTCAATCG-1,-0.09451401497138862,-0.07573689599295425,G1
TAGGGTTTCACCTACC-1,-0.08663426831603785,-0.11589564833994687,G1
TAGGGTTTCGGCGATC-1,-0.01877814403685596,-0.11739605425614819,G1
TAGGTACAGCAAATGT-1,-0.011520800982414814,-0.19263002273351568,G1
TAGGTACAGGATCATA-1,-0.11256718998803339,-0.13266619251408285,G1
TAGGTACCAACCGTAT-1,-0.016951172429063188,-0.2482414873975522,G1
TAGGTACCAAGCCTGC-1,-0.011886264422839132,-0.04398226388835358,G1
TAGGTACCACAAGGTG-1,-0.05539059545513647,-0.014803775903672711,G1
TAGGTACCAGCTCCTT-1,0.1474123978978456,-0.002887714444512135,S
TAGGTACCATCATGAC-1,-0.04394111117746535,-0.01825036859910989,G1
TAGGTACCATGCGTGC-1,-0.017590354321817492,-0.14335622210373872,G1
TAGGTACGTCTTTCAT-1,-0.011292567380364493,-0.08258912642099109,G1
TAGGTACGTGATACCT-1,-0.03703626824370232,-0.12614927041687285,G1
TAGGTACGTTCCTTGC-1,-0.014332232996513539,-0.19165255101950154,G1
TAGGTACGTTGGGACA-1,-0.049666635846492085,0.11150675597460596,G2M
TAGGTACTCAGTCCGG-1,0.011872587475134533,0.007525338581111818,S
TAGGTACTCGACCTAA-1,-0.08313353201184054,-0.2198468236061144,G1
TAGGTACTCGGAGTAG-1,-0.051545998565151185,-0.21089994873879953,G1
TAGGTTGAGGCTTAGG-1,0.037483723966955484,0.05470981630858607,G2M
TAGGTTGAGTGGCCTC-1,-0.05688342557195586,-0.2084890626636326,G1
TAGGTTGCACGACGAA-1,-0.12060657648838319,-0.20253143527272122,G1
TAGGTTGCAGGCACTC-1,-0.04115733762216456,-0.13136873339619604,G1
TAGGTTGGTACCTAAC-1,-0.03144073790261015,0.006210943267355107,G2M
TAGGTTGGTCGAACAG-1,-0.007919047942488877,-0.0531387496888851,G1
TAGGTTGGTCGAGCTC-1,0.23217047354759746,-0.14190830239834662,S
TAGGTTGGTTCCGCAG-1,-0.038994429832017896,-0.08519412414519884,G1
TAGGTTGTCCCATTCG-1,0.039044320739200056,-0.04777365536646727,S
TAGGTTGTCCTACGAA-1,-0.07856392579820304,-0.1793140748083428,G1
TAGGTTGTCTCCCATG-1,-0.02250271414269195,-0.13177256497360865,G1
TAGGTTGTCTTGCAGA-1,0.06703669870450069,-0.03682947444284901,S
TAGTGCACACCAGCGT-1,0.021793646858938254,-0.07212796302044228,S
TAGTGCACACCTGCAG-1,-0.02422762237011708,-0.10124872439614185,G1
TAGTGCACAGGACGAT-1,-0.013374318945628683,-0.10322021157589284,G1
TAGTGCAGTAGCCCTG-1,-0.0355367247020148,-0.08765628261997951,G1
TAGTGCAGTCAGCTTA-1,0.04546222050367671,-0.14120179090888885,S
TAGTGCAGTCTACATG-1,-0.09250549682807047,-0.0986442759339426,G1
TAGTGCATCGAGATGG-1,0.11588651533017424,-0.1958175736281941,S
TAGTGCATCGGCGATC-1,0.02971235737125294,0.0460098657039919,G2M
TAGTGCATCGTCCTTG-1,-0.03679391149459871,-0.08309597879418815,G1
TATACCTAGCGGTATG-1,0.006972504021008852,0.030412952030992813,G2M
TATACCTAGGCGAACT-1,-0.00020789475256904888,-0.1281056993949341,G1
TATACCTAGGCTGGAT-1,0.03066380689890641,-0.14262712319938886,S
TATACCTCACGAGAAC-1,-0.14973356910500024,0.006632007964213815,G2M
TATACCTCACGAGGTA-1,-0.02863569567335189,-0.11418201685630089,G1
TATACCTCAGAGATGC-1,-0.0850242101519843,-0.22729722893356877,G1
TATACCTGTGACAGCA-1,0.0665039312177636,-0.12610896185123444,S
TATACCTTCACATCAG-1,-0.0016646506058736743,-0.20589000688155062,G1
TATACCTTCGCGTTTC-1,-0.042818481052657065,-0.07255821989728364,G1
TATACCTTCGGTTGTA-1,0.1695354324463622,-0.22218394604484623,S
TATATCCAGAATTGCA-1,0.07359267737944553,-0.06400856302505809,S
TATATCCAGCAAATCA-1,-0.0973368477830141,-0.10761206765066916,G1
TATATCCAGGAGCTGT-1,-0.04818556638050753,-0.06406098779708935,G1
TATATCCAGTAAGCAT-1,-0.029939965340383068,-0.14765924276593256,G1
TATATCCAGTAGACCG-1,-0.03337032129563677,-0.2932135663183923,G1
TATATCCCACAGTCCG-1,-0.08246270233094416,-0.04699597536727923,G1
TATATCCCAGGTACGA-1,0.03788257545381535,-0.14191233378756848,S
TATATCCCATGCACTA-1,-0.027332757959876663,-0.16774093586465585,G1
TATATCCGTAGAATAC-1,-0.03434225683772335,-0.05300276002259202,G1
TATATCCGTAGGGAGG-1,0.017135440764449283,-0.15122290465152327,S
TATATCCGTCGAATTC-1,-0.01397260275574208,-0.1731993584164051,G1
TATATCCGTTCCGCAG-1,-0.07897667547327775,-0.11741850644247576,G1
TATATCCTCCATATGG-1,-0.08457421361443951,-0.0684122722064377,G1
TATATCCTCCCATACC-1,0.016724888249334297,-0.11214330227050068,S
TATATCCTCCCATTCG-1,-0.03387132797323017,-0.16331611895501708,G1
TATATCCTCCGAGGCT-1,-0.0008017247818495332,0.029417622289756973,G2M
TATATCCTCGGAGTGA-1,-0.05476959767317502,-0.21065024143759842,G1
TATATCCTCTGCCTGT-1,-0.12692846656898998,-0.13732428533492058,G1
TATCAGGAGACTCTAC-1,-0.022175396268425906,-0.079030903144791,G1
TATCAGGAGAGGCGTT-1,0.041286428913750506,-0.09480375583844369,S
TATCAGGAGCCAAGCA-1,-0.0577459319847588,-0.2056693820694697,G1
TATCAGGAGGACTATA-1,0.10121557101769046,-0.10635499360143447,S
TATCAGGAGTCAGCCC-1,-0.09705262735001224,-0.12838000118323595,G1
TATCAGGCAACCAACT-1,-0.031227785965422306,-0.1567871060358998,G1
TATCAGGCACTTCAAG-1,-0.10559959178336434,0.03999216988126941,G2M
TATCAGGCAGACCAGA-1,-0.08544118974838533,-0.15666690630198105,G1
TATCAGGCATGACGTT-1,0.008844827185109122,-0.12742402318731053,S
TATCAGGGTAGTCGGA-1,0.01951072138646237,-0.10975314417584989,S
TATCAGGGTCACTACA-1,0.06075063655626828,0.03532110563823537,S
TATCAGGGTCTGTTAG-1,-0.04742489384640719,-0.09544411086416921,G1
TATCAGGGTTACCTGA-1,-0.07575266576485323,-0.0847283710685276,G1
TATCAGGGTTGGAGAC-1,0.06593442733031135,-0.14351858117365562,S
TATCCTAAGCTAGAAT-1,-0.09551504709217418,-0.12098259811237572,G1
TATCCTAAGGACCCAA-1,0.01912283723709529,-0.16904694898407366,S
TATCCTACAATGAAAC-1,0.03435105123288751,0.005725591270472508,S
TATCCTACACAAATCC-1,-0.04372851972408465,-0.027499792411169954,G1
TATCCTACAGCACACC-1,0.043446128659912764,-0.09959994798439592,S
TATCCTAGTACCAGAG-1,0.008341844232400197,-0.08264128283323446,S
TATCCTAGTCATACCA-1,0.011379917725206357,-0.17108219242873296,S
TATCCTAGTCGAATGG-1,0.026048223770874124,-0.07225715542060984,S
TATCCTAGTGGCGTAA-1,-0.028667809707480174,-0.15424679627044907,G1
TATCCTAGTGTATCCA-1,0.06218701479248151,-0.1334790914645816,S
TATCCTAGTTGTTGTG-1,0.015325500165465744,-0.058254245139307714,S
TATCCTATCACCATCC-1,0.08685686352648428,0.04533674042263128,S
TATCCTATCCGACGGT-1,-0.04578932653025197,-0.1245739451627059,G1
TATCCTATCGAAGCAG-1,-0.026588998531257624,-0.13441722867808995,G1
TATCCTATCGCTACGG-1,-0.014756745731252963,-0.14207070731014765,G1
TATCCTATCTCTATAC-1,-0.0641993038214625,-0.09283436675716983,G1
TATCGCCAGTGGGAAA-1,0.04007163589312446,-0.10744735201827527,S
TATCGCCCAACCGTAT-1,-0.012143064661028546,-0.07613107422502469,G1
TATCGCCCAAGGAGTC-1,0.051434023965582776,-0.1100649253498055,S
TATCGCCCAATGAAAC-1,-0.07728717662383788,-0.049832687037028534,G1
TATCGCCCAGTTGCGC-1,-0.03734504087670254,-0.18353103024605888,G1
TATCGCCCATAATGCC-1,0.008293417926080404,-0.14820566304373822,S
TATCGCCCATCTCCCA-1,0.09352512403188246,-0.1922247223182167,S
TATCGCCCATGGGTCC-1,-0.0509712404863677,-0.2150454752635771,G1
TATCGCCCATGTGGTT-1,0.05073147463581587,-0.12209011777527218,S
TATCGCCGTCTCAAGT-1,-0.05062204988769248,-0.10614784889167261,G1
TATCGCCGTCTTGCTC-1,0.00710054570946006,-0.18592301896161376,S
TATCGCCGTGGATCAG-1,-0.06308112902948482,-0.3040872223579929,G1
TATCGCCTCCAATGCA-1,0.0996541963389147,-0.11090637770183984,S
TATCGCCTCCATCCGT-1,-0.03965586557779177,-0.13313498663548148,G1
TATCGCCTCCATGCAA-1,0.017412694037120008,-0.16609688382610407,S
TATCGCCTCCCGTTGT-1,0.006166306058354776,0.03435518761041367,G2M
TATCGCCTCTCCGAAA-1,-0.007251703725172004,-0.1929133910860491,G1
TATCGCCTCTGGCCGA-1,-0.06307150328086733,-0.023238720868142465,G1
TATCGCCTCTTTGGAG-1,-0.05232714046204234,-0.12908542085683905,G1
TATCTGTAGAAGTCCG-1,-0.04402235198622437,-0.22495061533555075,G1
TATCTGTAGCATCCCG-1,-0.0631410150445787,-0.05817735977709504,G1
TATCTGTCAGCCTATA-1,0.10412243325467158,-0.12464427729941152,S
TATCTGTCAGGCTTGC-1,-0.06155727871360733,-0.01146260053249698,G1
TATCTGTCATGTCGTA-1,-0.09685873679033685,-0.16857641342038174,G1
TATCTGTGTAACCAGG-1,-0.02759505438787757,-0.14069736594169055,G1
TATCTGTGTCAGTCTA-1,-0.02280721140993225,-0.2539366656906258,G1
TATCTGTGTGATAGAT-1,0.011581481814348593,-0.18383716043403012,S
TATCTGTTCACTGTCC-1,-0.054587841375455914,-0.16051352809540936,G1
TATCTGTTCCAATGCA-1,-0.0686820737248412,-0.15631015567121376,G1
TATCTGTTCCCTCGTA-1,-0.10107076471437465,-0.09028720574402849,G1
TATCTGTTCCGCACTT-1,0.1471412483735995,-0.21156334187471657,S
TATCTGTTCGGCACTG-1,-0.05755442222194185,-0.08704084653669436,G1
TATCTGTTCTCATGGA-1,0.002004936892378406,-0.13351089346438597,S
TATCTTGAGAATGTTG-1,-0.031690337485642595,-0.08901628901046993,G1
TATCTTGAGCATGCAG-1,-0.05140768831002074,-0.14382023565235663,G1
TATCTTGAGGCTCACC-1,-0.025504518192101533,-0.2297587167752086,G1
TATCTTGCACCAGTTA-1,0.02157916887147776,0.0005856271567697691,S
TATCTTGCACTGAGTT-1,-0.07306476214895968,-0.17981488760485653,G1
TATCTTGCATATACCG-1,-0.013884355129876458,-0.0925544794498881,G1
TATCTTGGTCCAGAAG-1,-0.057527291426206995,-0.16026943331229349,G1
TATCTTGTCACATACG-1,-0.029574728831127495,-0.15552503821749658,G1
TATCTTGTCCCTATTA-1,0.02113018211862583,-0.06307318637851828,S
TATGTTCAGCCATTCA-1,-0.009093551619252238,-0.08725831321082578,G1
TATGTTCCACACCTGG-1,-0.05671193690325066,-0.22204686744238117,G1
TATGTTCCAGTCTGGC-1,-0.08702915394751931,-0.032060759529408234,G1
TATGTTCCATGGGAAC-1,-0.011204114050132441,-0.31163636065876876,G1
TATGTTCGTGAGCGAT-1,-0.05891552058169586,-0.0666237853870209,G1
TATGTTCGTTGTACGT-1,0.15739608481990847,-0.05709230924571068,S
TATGTTCTCCTCACGT-1,0.05026699755523939,-0.06084898490134072,S
TATGTTCTCTACACAG-1,-0.00922180534939393,-0.1789004808571419,G1
TATTCCAAGCGTCGAA-1,-0.03394724130726484,-0.04610161948349273,G1
TATTCCAAGGGAACAA-1,-0.20526501427156074,-0.10011675547037052,G1
TATTCCAAGGTTGAGC-1,0.03173178717414504,-0.11926599959018142,S
TATTCCACACGCGGTT-1,0.011484003390955733,-0.15048528459566365,S
TATTCCACATCCTTCG-1,-0.052350363877146755,-0.08879056943225916,G1
TATTCCACATGGCCAC-1,0.04676985706812714,-0.011113671153035243,S
TATTCCAGTCAGGTAG-1,-0.08074452345253058,-0.008797416409363712,G1
TATTCCAGTTAGAAGT-1,-0.12192834646570533,-0.21199579754737638,G1
TATTCCAGTTTACACG-1,0.0007816930824199875,-0.14559550832395823,S
TATTCCATCGCAGTCG-1,-0.019277328814608474,0.1442184926968617,G2M
TATTCCATCTATTTCG-1,-0.0005019029401185926,0.019738287462390924,G2M
TATTGCTAGACTAAGT-1,-0.009539739683688986,-0.14263581596250532,G1
TATTGCTAGCCTGCCA-1,-0.0731481483035874,-0.14616540384111998,G1
TATTGCTAGCGCGTTC-1,-0.05345454637488012,-0.17028466497441272,G1
TATTGCTAGGGACCAT-1,0.007829256434543297,-0.12664629438332786,S
TATTGCTAGGGCTGAT-1,-0.032931581397662446,-0.21563320635309427,G1
TATTGCTCAACCACGC-1,0.00048698323022786094,-0.04581895531323496,S
TATTGCTCACATATGC-1,-0.026087278241872458,-0.16552082065296436,G1
TATTGCTGTAGAGCTG-1,0.10169868340390137,-0.018858804423612652,S
TATTGCTGTCCACAGC-1,0.01681013376191498,-0.07032000465267224,S
TATTGCTGTGCCGGTT-1,-0.05559311774121345,-0.1361995627309861,G1
TATTGCTGTGCTGCAC-1,0.09680454979175834,-0.15666919769707371,S
TATTGCTGTTTGTGGT-1,-0.007745247573157699,-0.07761631458396923,G1
TATTGGGAGAAGCTCG-1,0.09548380524843958,-0.18775247971981143,S
TATTGGGAGCAGATAT-1,-0.004398732087535384,-0.08080632466102877,G1
TATTGGGAGCCATGCC-1,-0.04363802377083398,-0.04511434509677903,G1
TATTGGGAGGTGATAT-1,-0.0705504279780676,-0.2439054091772831,G1
TATTGGGAGTATAGGT-1,-0.005038715942785821,-0.16429962491913397,G1
TATTGGGAGTCCGCCA-1,0.05582080861288918,-0.13365461098372322,S
TATTGGGAGTGGATTA-1,-0.007250304663880658,-0.19387530137799588,G1
TATTGGGCAAACTAAG-1,-0.07035433099494592,-0.2172965033980303,G1
TATTGGGCACGCGGTT-1,-0.07269982216827126,-0.09706473317649911,G1
TATTGGGCACTACGGC-1,0.016377857352506908,-0.17797795230581243,S
TATTGGGCAGCACACC-1,-0.09789298840413718,-0.21404737027398502,G1
TATTGGGCAGTTCTAG-1,-0.07728506277058977,-0.1992558589885566,G1
TATTGGGCATAGGTTC-1,-0.09213115421460569,-0.07313039901941401,G1
TATTGGGCATGAGTAA-1,-0.05492054461719509,-0.12748306254039893,G1
TATTGGGGTACTAGCT-1,-0.06150697927535481,0.12078565089145354,G2M
TATTGGGTCAACGAGG-1,-0.11710193994921175,-0.08992649107199258,G1
TATTGGGTCAGATGCT-1,0.0035688295258125002,-0.17573455486424444,S
TATTGGGTCCATCAGA-1,-0.061987865094482064,-0.19066857009085247,G1
TATTGGGTCTACGGGC-1,0.06657450042543156,-0.14013457300359505,S
TATTGGGTCTATACTC-1,-0.06476510865164697,-0.1755465657533795,G1
TATTTCGAGACCTTTG-1,0.041035394153146054,-0.11847313880304522,S
TATTTCGAGAGCAGAA-1,-0.02550991701022176,-0.2606574785893939,G1
TATTTCGAGCTAGTTC-1,-0.024140237072992843,-0.16316758570746737,G1
TATTTCGAGGATACCG-1,0.12586650765696294,0.02200738572184635,S
TATTTCGAGGTAGTAT-1,-0.057619058303936155,-0.3309665780753824,G1
TATTTCGAGTAGTCTC-1,0.0054575223375205595,-0.21477327166530294,S
TATTTCGCACCTGCTT-1,-0.04290272277836943,-0.029895578063173278,G1
TATTTCGCACGACTAT-1,-0.03370129457723425,-0.07013196052821727,G1
TATTTCGCACGGATCC-1,0.033948526232056075,-0.12800192938229976,S
TATTTCGCAGGTGTGA-1,-0.058297622591876874,-0.10481725203402725,G1
TATTTCGCATGACGAG-1,-0.03636023083440687,0.10260862584467206,G2M
TATTTCGGTGGTCCGT-1,-0.08312177595233228,-0.058372319717384547,G1
TATTTCGGTTGATCGT-1,-0.07218705178434753,-0.15985416415149972,G1
TATTTCGGTTGGTACT-1,0.03007921720547252,-0.16456767976031222,S
TATTTCGTCGCAACAT-1,0.03032515019385651,-0.11619601368627386,S
TCAAGACAGCTTTGTG-1,0.017633743069823127,-0.22198728061668235,S
TCAAGACAGTGCTACT-1,0.1197688884916901,-0.2517284561231,S
TCAAGACCACGAAGAC-1,0.07303442571807023,-0.18907830745682438,S
TCAAGACCATAAGATG-1,-0.054133925687964546,-0.22490563673200145,G1
TCAAGACGTAAGAACT-1,0.02465800107429489,-0.2333433625543827,S
TCAAGACGTCCAATCA-1,-0.012757701289274337,-0.1781125143736046,G1
TCAAGACGTGAGCGAT-1,-0.04457072477785162,-0.12325934940306377,G1
TCAAGACGTGGATCGA-1,-0.06114263319246632,-0.02354622513080251,G1
TCAAGACGTGTCACAT-1,0.17005499973969895,-0.04581835652234978,S
TCAAGACGTTCCCACT-1,0.14309507727415346,-0.04050429973063313,S
TCAAGACGTTCGAACT-1,-0.10436131142718569,0.09183537113001333,G2M
TCAAGACTCACTCACC-1,0.04219369820688679,-0.14455224609894343,S
TCAAGACTCCGATGTA-1,0.014127528617788015,-0.09610906938224575,S
TCAAGACTCGCGAAGA-1,-0.035644492062057165,-0.15460433192267514,G1
TCAAGACTCGGTCTAA-1,-0.03610376899639017,-0.18699517244318317,G1
TCAAGCAAGAGAGCCT-1,-0.045594237343326016,-0.06223552482071926,G1
TCAAGCAAGAGTACCG-1,-0.014831117333371224,-0.21128831638721496,G1
TCAAGCAAGGATACGC-1,-0.017059967825938493,-0.0894987370887842,G1
TCAAGCAAGGGACTGT-1,-0.006965473471270245,-0.1547139780192601,G1
TCAAGCAAGTTCTACG-1,0.1258756882732301,-0.10032130939791983,S
TCAAGCACAAATTGGA-1,0.043988550688058736,-0.12558687202858834,S
TCAAGCACAGAGAGGG-1,0.000438195631768723,-0.17653652130772,S
TCAAGCAGTAGGCAAC-1,0.012202556937530418,-0.13138906791718574,S
TCAAGCAGTATTGGCT-1,-0.003283481129956911,-0.1377664389297437,G1
TCAAGCAGTCCGGCAT-1,0.013500947992808376,-0.104734625183897,S
TCAAGCAGTGTAACGG-1,0.07241206636526282,-0.12377582232984119,S
TCAAGCAGTTCTCCCA-1,-0.04470940726993877,-0.11465845791665552,G1
TCAAGCATCATTGAGC-1,-0.04042649073386578,-0.07213693303207802,G1
TCAAGCATCGTAGTCA-1,0.06062696943209889,-0.15760426923041965,S
TCAAGTGAGGTAAACT-1,0.006910170618653677,-0.1329160384894803,S
TCAAGTGAGGTCCTGC-1,-0.032815349571307606,-0.07860119558821765,G1
TCAAGTGAGTCTTCCC-1,-0.001944867143386042,-0.2509039483230088,G1
TCAAGTGCAAAGGGTC-1,0.04559633409226577,-0.04527817406989848,S
TCAAGTGCACTGAATC-1,-0.04072234136905961,-0.20115040335392959,G1
TCAAGTGCATTGTCGA-1,-0.12358929478098263,0.009376547052064088,G2M
TCAAGTGGTACTAGCT-1,-0.07877755637873365,-0.1253905051219749,G1
TCAAGTGGTCATTGCA-1,-0.02495164394421101,-0.10019810300900966,G1
TCAAGTGGTCGTACTA-1,-0.05899571854497693,-0.06306799532612156,G1
TCAAGTGGTCTTCATT-1,-0.17376254420405118,-0.046559346768164145,G1
TCAAGTGGTGACAACG-1,-0.06622391105646458,-0.2889129944850385,G1
TCAATCTAGCTGAAAT-1,0.008905483928744795,-0.20932842143646047,S
TCAATCTAGTCACGCC-1,-0.03930066129506041,-0.24317066852939845,G1
TCAATCTAGTTGCTCA-1,-0.043816959830002666,-0.26916294044801037,G1
TCAATCTCACTACAGT-1,-0.0384895465389159,-0.11160326898727402,G1
TCAATCTCACTTACAG-1,-0.07235635284757896,-0.19432813763824458,G1
TCAATCTCATGAGATA-1,0.010573786821787778,-0.08300583843594539,S
TCAATCTGTTAAGACA-1,-0.02243380120760652,-0.07418638263360361,G1
TCAATCTTCACCTTAT-1,0.06986609190755105,-0.0781537466232462,S
TCAATTCAGACCAGAC-1,-0.0064134552309636494,0.03840617262316082,G2M
TCAATTCAGGTCACCC-1,-0.042546001337019135,-0.17294381927516336,G1
TCAATTCAGGTCACTT-1,-0.05204390276693943,-0.1573110526213087,G1
TCAATTCCAATCGAAA-1,0.04751576040378369,-0.20488824062518196,S
TCAATTCCAGCCCACA-1,0.010314621015717618,-0.14701809384666253,S
TCAATTCCATCGGATT-1,0.21589481728292387,-0.20137537674478323,S
TCAATTCGTCCCAAAT-1,-0.038728653614929276,-0.1595885666616904,G1
TCAATTCGTCGCACAC-1,-0.0999490934493335,-0.10691194807455467,G1
TCAATTCGTCTTTATC-1,-0.06028284762569219,-0.19642492830664898,G1
TCAATTCGTGCACGCT-1,-0.08873149090605481,-0.06292935568598929,G1
TCAATTCGTGCGAGTA-1,0.006924344528966286,-0.2522760887472915,S
TCAATTCGTGGACCAA-1,-0.019177039981984167,-0.14373507383259104,G1
TCAATTCGTTCTCCCA-1,-0.01627586027154254,-0.051902020980256786,G1
TCAATTCGTTTCACAG-1,0.15049989265685265,-0.19042001100067796,S
TCAATTCTCCGGCAGT-1,-0.06957752654372418,-0.3305092351284683,G1
TCAATTCTCGCTTGCT-1,0.2279626158091398,-0.15903343346298993,S
TCAATTCTCTACAGGT-1,-0.10077877645187691,-0.10750944604880816,G1
TCAATTCTCTTTGGAG-1,-0.03212262912402841,-0.06787148438810336,G1
TCACAAGAGCAATAGT-1,-0.019014948077563987,-0.08885236259421697,G1
TCACAAGAGCCAGTAG-1,0.1160227338480243,-0.06880360213277015,S
TCACAAGAGTAACGAT-1,0.0034140192390978152,-0.07410744925109408,S
TCACAAGCAACCGTGC-1,0.09039583038488253,-0.13725720950338,S
TCACAAGCACGACGTC-1,-0.0617336417868648,-0.05340408111599432,G1
TCACAAGCAGCTGAGA-1,-0.13088202223594542,-0.2595881600138833,G1
TCACAAGCATCTCATT-1,-0.009592385516183521,-0.23247204904205218,G1
TCACAAGCATTGACTG-1,0.07688319287446882,-0.030945197445593098,S
TCACAAGTCATGCATG-1,0.06365933710223293,-0.072726835435587,S
TCACACCAGCCGCACT-1,0.15883191439258926,-0.13870926459947985,S
TCACACCAGCCTTTCC-1,-0.03514742841254215,-0.08408310320436735,G1
TCACACCAGCTGGCTC-1,0.08876582575194164,-0.04938230437457408,S
TCACACCCACAAAGCG-1,-0.08217363334385225,-0.12187137024161215,G1
TCACACCCACAAGTGG-1,0.13052817157007174,-0.03979075995126269,S
TCACACCCATGACACT-1,-0.12397810117267027,-0.011122493002503064,G1
TCACACCGTAGCTGAG-1,0.0030855859957930054,-0.12100928684450546,S
TCACACCGTCCTTGTC-1,-0.0442215388028363,-0.15490880349668112,G1
TCACACCGTGGCGTAA-1,-0.07837570554308493,-0.136517911179305,G1
TCACACCGTTCCCAAA-1,-0.10505512435153705,-0.1589467871917985,G1
TCACACCTCGCCGTGA-1,0.07533225007780059,-0.2998602614130533,S
TCACACCTCTACTATC-1,0.030997374377050885,-0.13588911916128787,S
TCACACCTCTGCGAGC-1,-0.02010245316330539,-0.14376645676366817,G1
TCACATTAGACTGAGC-1,0.05520731703563886,-0.1000228668972461,S
TCACATTAGTTCACTG-1,-0.06942149046979856,-0.12492121719326527,G1
TCACATTCACCTCTGT-1,-0.001280903209468831,-0.2634031945852236,G1
TCACATTCACTCCGAG-1,0.007538166002735158,0.027050683267550224,G2M
TCACATTCATTACGGT-1,0.016418220319262156,-0.15514603186799736,S
TCACATTGTCGTACTA-1,-0.04672298932319924,-0.18516295066858665,G1
TCACATTGTGTCATTG-1,0.11471393111894268,-0.09366094196964031,S
TCACATTTCGAAGTGG-1,-0.08014299876398073,-0.0071794060024674144,G1
TCACATTTCGATGGAG-1,-0.05477434940523973,-0.10605542188232298,G1
TCACATTTCGCGTAGC-1,-0.07062028268477843,-0.19239860594458838,G1
TCACGCTAGTAAACAC-1,-0.007297252207358773,-0.14873856033192834,G1
TCACGCTCAAGATCCT-1,0.01582626862757347,-0.3034833927356618,S
TCACGCTCACAAATGA-1,-0.12568130343460948,-0.24577194964448973,G1
TCACGCTCACGGTGCT-1,-0.019862164435016705,0.05364195232235891,G2M
TCACGCTCAGCGTGAA-1,0.11817235731356007,-0.018740450766004446,S
TCACGCTCAGTTAGAA-1,-0.11187471129673471,0.02463923706914395,G2M
TCACGCTCATCCCGTT-1,-0.09352451571343695,0.07621546670345314,G2M
TCACGCTCATGTCAGT-1,-0.00397212438218697,-0.11377815778041606,G1
TCACGCTGTCAAAGTA-1,-0.020262774044310428,-0.21407791492612036,G1
TCACGCTGTGCCTTCT-1,-0.03332665491786965,-0.1219775380561092,G1
TCACGCTTCAAACCCA-1,-0.03990409896631819,-0.27061349135104523,G1
TCACGCTTCCTGCCAT-1,0.025343728672447163,-0.1205691320823366,S
TCACGGGAGAAGTCTA-1,0.13817895861176516,-0.19913068610932355,S
TCACGGGAGACCAGCA-1,-0.015414855820714113,-0.09188389591290747,G1
TCACGGGAGAGGCTGT-1,-0.08523036032976627,-0.06940950167263793,G1
TCACGGGAGATCACCT-1,-0.013483273131272233,-0.18128378579818497,G1
TCACGGGAGCTGTACT-1,-0.01590202483800418,-0.1324561970183939,G1
TCACGGGAGGACACTG-1,-0.11766988341610812,-0.13874090741775263,G1
TCACGGGCAAACCGGA-1,0.11658989260223274,-0.034878112574312614,S
TCACGGGCACTACAGT-1,-0.07944337063345025,-0.08326719773204166,G1
TCACGGGCAGCTTTGA-1,0.09760367536540152,-0.10960208807663557,S
TCACGGGCATAGAATG-1,-0.001041816374092619,-0.014718025213778296,G1
TCACGGGCATGTTTGG-1,-0.017243360414269437,-0.018239547417620905,G1
TCACGGGGTACCGTGC-1,0.02191191432432199,-0.1337231571845422,S
TCACGGGGTGCCGTTG-1,-0.09199212156919626,-0.03168291001333784,G1
TCACGGGGTTACACAC-1,-0.053611605473979196,-0.12495313181695783,G1
TCACGGGTCATCCTGC-1,-0.10134887145646634,-0.09011994412263563,G1
TCACGGGTCCCGTGAG-1,-0.008216438612101529,-0.22782767438007168,G1
TCACGGGTCCTCGATC-1,-0.09982469515639802,-0.04900887125962822,G1
TCACGGGTCGATACAC-1,0.11215117549172382,-0.05774542311313058,S
TCACGGGTCGCTTGAA-1,-0.08961872630109807,-0.1575611532738402,G1
TCACTATAGAATCGAT-1,0.030208672699193584,-0.12365969689740913,S
TCACTATAGCTTACGT-1,0.05497097241859361,-0.2153203998456679,S
TCACTATCAATCGCGC-1,0.044372786996083324,-0.07200499288202644,S
TCACTATCAGTGGGTA-1,0.087090101108731,-0.20944484192816562,S
TCACTATGTAACACGG-1,0.11861173534126968,-0.1617066029626929,S
TCACTATGTGAATTGA-1,-0.041959985551666745,-0.14487123145648978,G1
TCACTATGTGACTAAA-1,0.14767832220138472,-0.06178073015156921,S
TCACTATTCAGCGGAA-1,-0.02437037195310149,-0.06707254221062631,G1
TCACTCGAGTTAACGA-1,0.0012440728482242536,-0.15216355395950026,S
TCACTCGCAACGGGTA-1,0.009349666424108727,0.004475567416713011,S
TCACTCGCAATCCAGT-1,0.1368999890944741,-0.10602530213318517,S
TCACTCGCACATGGTT-1,-0.00013166818982490724,-0.12878177290535542,G1
TCACTCGCATGTGTCA-1,-0.042349420712603336,-0.17483598181009272,G1
TCACTCGGTACCAATC-1,0.0661753935379446,-0.1827051608720977,S
TCACTCGGTCCAGAAG-1,-0.0552800864587622,-0.06643590820093043,G1
TCACTCGGTGAGTAAT-1,0.01619726097909474,-0.0354098646476777,S
TCACTCGTCAGCACCG-1,-0.05186064495991177,-0.10042025605867325,G1
TCACTCGTCCACACAA-1,-0.06688742685103582,-0.01604782553123435,G1
TCAGCAAAGCAGCAGT-1,0.016936874617598074,-0.11890385796049882,S
TCAGCAAAGCGAAACC-1,0.06253559767087705,-0.0005150028404736495,S
TCAGCAAAGCGCCTAC-1,-0.076834961376198,-0.26472861300781003,G1
TCAGCAAAGCTTCTAG-1,-0.059219071065651385,-0.2530452003590197,G1
TCAGCAAAGGCGTTGA-1,-0.053704568262962826,-0.09125324671598833,G1
TCAGCAACAATCCTAG-1,0.005994605541958742,-0.16368936677154095,S
TCAGCAACACTGTGTA-1,-0.03429445061916514,-0.02555552057094418,G1
TCAGCAACATAAGATG-1,-0.021248802372494602,-0.06233198217062019,G1
TCAGCAACATACCAGT-1,-0.03224474483246215,0.05636274025397897,G2M
TCAGCAAGTTCCGGTG-1,0.03654076790857225,-0.13846000033661854,S
TCAGCAAGTTGGGTAG-1,0.032768847386512756,-0.13536780612054622,S
TCAGCAATCATTCTTG-1,0.03470145597879065,-0.03299427473578159,S
TCAGCAATCCCGTTGT-1,-0.023366944307645632,-0.17269258744001756,G1
TCAGCAATCCGTCCTA-1,0.0034241974019090238,-0.015838790934036673,S
TCAGCAATCGAGAGCA-1,-0.06331087642749234,-0.11781470453054826,G1
TCAGCAATCTGAGTCA-1,-0.03130957498504783,-0.09737820222732202,G1
TCAGCAATCTGTGTGA-1,-0.028158832422186864,-0.007033509428951035,G1
TCAGCCTAGACGGATC-1,0.018289878597832876,-0.17859629505418412,S
TCAGCCTAGCTAGAAT-1,-0.10747044132561545,-0.04656723187185441,G1
TCAGCCTCAAGGCGTA-1,-0.006905132640006861,-0.07366752762669904,G1
TCAGCCTCACGCGTGT-1,0.06562894037351552,0.057938077825863465,S
TCAGCCTCACGCTGCA-1,0.01891723329784939,-0.24425982726512266,S
TCAGCCTCAGTGACCC-1,-0.03487211940503365,-0.06083172591468766,G1
TCAGCCTCATGTCTAG-1,-0.07356725665888147,-0.12621758647611958,G1
TCAGCCTGTACATACC-1,-0.131610420556818,-0.06452047232069458,G1
TCAGCCTGTGTGACCC-1,-0.12409902546417623,-0.09815767924834262,G1
TCAGCCTGTTGAATCC-1,-0.10970580615084141,-0.03489599284000827,G1
TCAGCCTTCATATGGC-1,-0.0638536352229801,-0.15332191167265505,G1
TCAGGGCAGATGGTCG-1,-0.029921654854941332,-0.19615345745443885,G1
TCAGGGCAGGTTAGTA-1,-0.016018485681024708,-0.07406566420725513,G1
TCAGGGCAGGTTCACT-1,0.13085195292649948,-0.11703463762401944,S
TCAGGGCAGTCTCTGA-1,0.05253378204110709,-0.13344867073034977,S
TCAGGGCAGTTGTACC-1,-0.04282689805370543,-0.18962795163088136,G1
TCAGGGCCAACCGTGC-1,-0.12447425840700826,-0.1421470679375908,G1
TCAGGGCCAGCACAGA-1,-0.014556321083281032,-0.12383974030640688,G1
TCAGGGCCATAAGCGG-1,-0.08374786166786763,-0.19083839666054206,G1
TCAGGGCCATCGATGT-1,0.06291100841444952,-0.0072001994083741305,S
TCAGGGCCATGGAACG-1,-0.055495221555596996,-0.031190815297843955,G1
TCAGGGCGTAGTATAG-1,-0.04031102759905569,-0.08412887514383477,G1
TCAGGGCGTATCACCA-1,-0.0757810459510978,-0.0801407056968968,G1
TCAGGGCGTCCCTAAA-1,-0.014422341014997175,-0.1867467688392249,G1
TCAGGGCGTGAGTGAC-1,0.1582400033438412,-0.07702141494901454,S
TCAGGGCGTTACACTG-1,-0.05158097959176161,-0.14127516578816934,G1
TCAGGGCGTTAGGGAC-1,-0.03401145155988067,-0.20366839592857935,G1
TCAGGGCTCATTGAGC-1,-0.031366790577872616,-0.17030646172499975,G1
TCAGGGCTCCCATGGG-1,0.0521771464769647,-0.05077269820816771,S
TCAGGGCTCGTAATGC-1,-0.06384159915721394,-0.018638956401759,G1
TCAGGTAAGCACCGTC-1,-0.10920591650745104,-0.16991501579572965,G1
TCAGGTAAGTCATGGG-1,0.0043918202009569085,-0.17686647973752984,S
TCAGGTAAGTGAGTTA-1,-0.0609394696079919,-0.2060943744037479,G1
TCAGGTAGTCCGAAAG-1,-0.07455610768294585,-0.1558093940764559,G1
TCAGGTAGTCGTCATA-1,-0.04414927688297221,-0.0057004016045740236,G1
TCAGGTAGTCTGGTTA-1,-0.04199365265052818,-0.23752755780703005,G1
TCAGGTAGTGGCTAGA-1,0.003782474009656145,-0.1543133001770453,S
TCAGGTATCACCCTGT-1,0.09600117643264827,-0.056073974768639734,S
TCAGGTATCATGCCGG-1,-0.09752608411164915,-0.19040986133454457,G1
TCAGGTATCCGACAGC-1,0.07797604992739882,0.018179656777082165,S
TCAGGTATCGGCTGAC-1,-0.008302573839716998,-0.08160166463851426,G1
TCAGGTATCGGTAAGG-1,-0.008616420050312101,-0.1441360940407727,G1
TCAGGTATCTAAGCCA-1,0.07837933951344767,-0.2241570145615301,S
TCAGGTATCTTTCCAA-1,-0.006600602813147394,-0.17587658565525838,G1
TCAGTCCAGATTACCC-1,-0.0341462187335157,-0.1919825776295428,G1
TCAGTCCAGCTCCACG-1,0.0766699435680484,-0.1432563854046613,S
TCAGTCCAGCTTCTAG-1,0.04448024531457684,-0.2727772968699653,S
TCAGTCCAGGGTCACA-1,0.012155109521448604,-0.25202055323478273,S
TCAGTCCCACGACTAT-1,-0.06791974414215943,-0.1680300712518867,G1
TCAGTCCCATGTCTAG-1,0.06500879998946935,-0.1391909357044656,S
TCAGTCCCATTCGATG-1,0.04520247761311558,-0.13218895264974223,S
TCAGTCCGTCACGCTG-1,-0.014778713838856317,-0.047615208803151954,G1
TCAGTCCGTGCATTTG-1,-0.07814155150617574,-0.170059858355468,G1
TCAGTCCTCACTCTTA-1,-0.0012030206328083048,-0.17608124889422852,G1
TCAGTCCTCAGATTGC-1,-0.09564988352370812,-0.1531983688435989,G1
TCAGTCCTCATGCATG-1,-0.02574773233912042,-0.17640497262805,G1
TCAGTCCTCGACACCG-1,-0.08892352424177424,-0.21488502677153248,G1
TCAGTCCTCGATTTCT-1,-0.03934823131896331,-0.1960811283077682,G1
TCAGTCCTCGCCTAGG-1,-0.05198242239750589,-0.1905145617842876,G1
TCAGTGAAGCGGACAT-1,0.05245154750113179,-0.0810306178974789,S
TCAGTGAAGTGCTACT-1,0.06147552555159613,-0.24721499875788933,S
TCAGTGACAAATCGTC-1,0.06855492529191959,-0.11590029032175903,S
TCAGTGACAGAGTTGG-1,-0.024661193145635918,-0.17512808972474675,G1
TCAGTGACAGCCTTCT-1,0.02985172631517158,-0.17072359528887043,S
TCAGTGAGTAGACAGC-1,0.10784506575600228,-0.06668831970721933,S
TCAGTGAGTAGGCAGT-1,-0.09267758306440349,-0.05619771872604956,G1
TCAGTGAGTCGCTCGA-1,0.10109033689314156,-0.25817818597801534,S
TCAGTGAGTGGTCTCG-1,0.21976037901097678,-0.2686226137700671,S
TCAGTTTAGAAGCGCT-1,-0.09780747704727788,-0.15866899750859528,G1
TCAGTTTAGTCTGCGC-1,0.11654712701365083,-0.09030452678534534,S
TCAGTTTAGTGGTTCT-1,-0.05189130456199617,-0.12906693266184344,G1
TCAGTTTCAATTGTGC-1,-0.06970079399614354,-0.08384393873752871,G1
TCAGTTTCATACCACA-1,-0.09607663501518005,-0.0523136472093631,G1
TCAGTTTCATCTCCCA-1,-0.0410762276823812,-0.0887490617201673,G1
TCAGTTTCATGCCGGT-1,0.030374356605371022,-0.041161526966679296,S
TCAGTTTCATGGGTCC-1,0.1219741105300774,-0.19510577377637067,S
TCAGTTTGTAGTGGCA-1,0.0015776441740297797,-0.031869675209149684,S
TCAGTTTGTCCACATA-1,-0.009049393387536298,-0.1808886659473481,G1
TCAGTTTTCATAGACC-1,0.020137647945270454,-0.16908184526112002,S
TCAGTTTTCCGCACGA-1,-0.04554512476300787,-0.08008370396062756,G1
TCAGTTTTCTCTATGT-1,-0.018218552306269897,-0.09275425754864253,G1
TCATACTAGAACGTGC-1,-0.1362206000005705,-0.1712064819278677,G1
TCATACTGTATCGAGG-1,-0.08658731928522856,-0.18693435745781234,G1
TCATACTGTGAGAACC-1,0.0304490611918366,-0.18738274218231163,S
TCATACTGTGCGAGTA-1,-0.014613095860249226,-0.03486462903468451,G1
TCATACTGTGTTCCAA-1,-0.06416355769230214,-0.15293225003136074,G1
TCATACTTCATAGACC-1,-0.06879465122702966,-0.02510567710825462,G1
TCATACTTCTGCGGGT-1,-0.011793487032918215,-0.1190831830052001,G1
TCATATCAGGTGAGCT-1,-0.06267798678622094,-0.05873212624072255,G1
TCATATCCATTCAGGT-1,0.009777124527215963,-0.23110556474723323,S
TCATATCGTAGTGGCA-1,0.03358020465847,-0.06026252614882327,S
TCATATCGTAGTTACC-1,0.002142088613533155,-0.1981594431363471,S
TCATATCGTATCGAGG-1,0.15428677207674557,-0.12298525528482229,S
TCATATCGTCATAGTC-1,-0.04041094349955765,-0.03866383550537156,G1
TCATATCGTGTGGTCC-1,0.003525305980336846,-0.14469570789247604,S
TCATATCGTTCAGTAC-1,0.05455523335338197,-0.2430939366351274,S
TCATATCGTTCTGAGT-1,-0.02915196875449666,-0.0867647501568124,G1
TCATATCGTTGAAGTA-1,-0.042613424321945814,-0.10949769428812395,G1
TCATATCTCGGTAACT-1,0.04526455445084515,-0.14591125638557403,S
TCATCATAGTCATCGT-1,0.02738120759466245,-0.18643010096037055,S
TCATCATCAAGGCAAC-1,-0.08055793673969491,0.01015884136813644,G2M
TCATCATCACAAATAG-1,-0.10055999915585812,-0.11924542427445839,G1
TCATCATCACTACACA-1,-0.006252743586028953,-0.22670104497264662,G1
TCATCATCATTGACTG-1,-0.04926862971339846,-0.23655281403467845,G1
TCATCATCATTGTCGA-1,-0.08023016836575309,-0.21961631054648778,G1
TCATCATGTCCACTCT-1,0.036397726808679975,-0.1776746771067733,S
TCATCATGTCGACTTA-1,-0.07067407707642998,-0.15869864474009882,G1
TCATCATGTCGTGGTC-1,-0.005901256628872031,-0.16328682041479484,G1
TCATCATTCATCTATC-1,0.0717434025618719,-0.12200582325598974,S
TCATCATTCTACCACC-1,-0.0006547559313566653,-0.12125502837329921,G1
TCATCCGAGAGAGGGC-1,-0.006642190823447969,-0.23035180295915883,G1
TCATCCGAGCACCCAC-1,-0.018729274134016927,-0.1011401625666481,G1
TCATCCGAGTAACCTC-1,-0.018947353532221045,-0.1706881302162458,G1
TCATCCGAGTGACCTT-1,0.13975918501902607,-0.0810498816592527,S
TCATCCGCAGAGTGAC-1,-0.06673929354957586,-0.1534040405540832,G1
TCATCCGCAGGCATGA-1,-0.1544617106100823,-0.18125725654720698,G1
TCATCCGCAGGCGATA-1,0.03912679140916403,0.09110652099362221,G2M
TCATCCGGTATGATCC-1,0.07178186378173618,-0.06608978985778832,S
TCATCCGGTTCTTAGG-1,-0.03788730704224269,-0.12060886829024597,G1
TCATCCGTCAGCTGTA-1,-0.14088937089930642,-0.22799903130965346,G1
TCATCCGTCTTCCCAG-1,-0.10102890190347513,-0.08924985134605545,G1
TCATGAGAGACCAACG-1,-0.0013261218921369333,-0.18317391962167215,G1
TCATGAGAGCGACTTT-1,0.05975459241070252,-0.31975649204360346,S
TCATGAGAGCTATCCA-1,-0.07225257732271029,-0.2426029410928276,G1
TCATGAGAGTTGCCTA-1,-0.01640605285102109,-0.174057979036767,G1
TCATGAGCACTATGTG-1,-0.044353201690002175,-0.18833911032113493,G1
TCATGAGCATAATGCC-1,0.09374599797984112,-0.17634706270979167,S
TCATGAGGTAGCTGCC-1,-0.01113890183747901,-0.12720765205764017,G1
TCATGAGGTTTCCATT-1,0.1439896623808028,-0.08200413191218431,S
TCATGAGTCATTATCC-1,-0.06166707838235019,-0.0998292671658903,G1
TCATGAGTCTCAAAGC-1,0.15472544536815047,-0.15568262721798387,S
TCATGCCAGAAACCAT-1,-0.01313613040977471,-0.045510865842470216,G1
TCATGCCAGAGGATCC-1,-0.06205966280535702,-0.10606717341769284,G1
TCATGCCAGCACAAAT-1,0.006679903107405349,-0.31850782308051995,S
TCATGCCAGCCTCGTG-1,-0.09297586294788507,-0.2623230883024538,G1
TCATGCCAGGTGCCAA-1,-0.017668474709797516,-0.1549734728456973,G1
TCATGCCCAAATAGCA-1,-0.0587838322482338,-0.11405354469305573,G1
TCATGCCCAAGTCCAT-1,-0.07798275680477651,-0.08374824725004199,G1
TCATGCCCAATGAGCG-1,-0.01873426563356495,-0.09588254773751831,G1
TCATGCCCACAATTCG-1,-0.03272844966147498,-0.2248647116645974,G1
TCATGCCCACTTCAGA-1,0.025448065567829747,-0.18384174730237882,S
TCATGCCCACTTGTGA-1,0.043459760632016314,0.12245459436148931,G2M
TCATGCCCAGACTCTA-1,-0.005170370827463411,-0.1295037506208982,G1
TCATGCCCATGGCCCA-1,-0.1444912044814481,-0.04259013820031177,G1
TCATGCCGTACAAGCG-1,0.04886642240326999,0.03125433373925218,S
TCATGCCGTACGATCT-1,0.14394465881148738,-0.1701625971421018,S
TCATGCCGTACTCGAT-1,0.041043561088559444,-0.09727736979058715,S
TCATGCCGTGGTCAAG-1,-0.016963783283657163,-0.09798166961720528,G1
TCATGCCGTTGACGGA-1,-0.015960435582251242,-0.08584760824326038,G1
TCATGCCTCCGCGGAT-1,-0.10373170181996028,-0.23527924127661798,G1
TCATGCCTCTAGCCTC-1,0.19840108542541524,-0.042495508017360295,S
TCATGCCTCTCATTGT-1,-0.040036088355007604,-0.15862571999016858,G1
TCATGGAAGCTCCCTT-1,0.021883309648071725,-0.10186819523937563,S
TCATGGAAGTGCGTCC-1,0.06159565910025622,0.058081862876255164,S
TCATGGAAGTTGGAAT-1,0.028141184898444138,-0.12564108966106108,S
TCATGGACAGATGCGA-1,-0.03673850144097196,-0.1386078103843355,G1
TCATGGACATGGAATA-1,0.090557845594748,0.011157700401792092,S
TCATGGATCACTGATG-1,-0.015759678095431717,-0.1394930786222832,G1
TCATGTTAGAAGTGTT-1,0.005207120468659121,-0.14657025762263726,S
TCATGTTAGCCATGCC-1,0.04119641860645756,-0.18243612164553685,S
TCATGTTAGTCATACC-1,-0.058105846435115405,-0.14892621679783594,G1
TCATGTTCACGAGGTA-1,-0.14717068545413486,-0.2976417589026992,G1
TCATGTTCATTGACCA-1,-0.08419192782806806,-0.10907458698077682,G1
TCATGTTGTTACAGCT-1,-0.02806677472271557,-0.14616473510557354,G1
TCATGTTTCGTCCTTG-1,-0.029051981817765082,-0.05951623931773442,G1
TCATTACAGACATAAC-1,0.0846578920943073,-0.03512142278539998,S
TCATTACAGCCTGACC-1,-0.12486645971290755,-0.16922410246509972,G1
TCATTACAGGCACCAA-1,-0.06807452877241149,-0.20352134593397472,G1
TCATTACAGGTCTACT-1,-0.18577464775572294,-0.09520791803005468,G1
TCATTACAGTGCTCAT-1,-0.024622810107657545,-0.07723056599858014,G1
TCATTACCAATTTCCT-1,-0.027587448111645874,-0.1510044351112715,G1
TCATTACCAGAATCGG-1,-0.030353042680979603,-0.1666037957155163,G1
TCATTACCAGATCCAT-1,-0.00582123633699827,-0.1538727972229621,G1
TCATTACCATAATCCG-1,0.06345398423095389,-0.13882917832931252,S
TCATTACCATCGATAC-1,-0.004131206542666632,-0.06932985504434297,G1
TCATTACCATGACCCG-1,-0.06064726451847735,-0.026841713954255775,G1
TCATTACGTATTCCGA-1,-0.038751890933346744,-0.14500997784462605,G1
TCATTACGTTCCCACT-1,0.04289701145903868,-0.13314305537303728,S
TCATTACGTTGGAGGT-1,0.0029554148047832296,-0.08080334916653373,S
TCATTACGTTTCGTGA-1,0.017553899544024698,0.11589273956087365,G2M
TCATTCAAGCCTCACG-1,-0.06879210937807295,-0.2606071201644258,G1
TCATTCAAGTTTGAGA-1,0.00598628790109873,-0.11952042228013332,S
TCATTCACAAGCCATT-1,-0.04155429137146083,-0.2635743869068198,G1
TCATTCACAGACCAAG-1,-0.004041627723077257,0.03705112411400213,G2M
TCATTCAGTCAGTCCG-1,-0.13769138377940082,-0.1980118970498278,G1
TCATTCAGTTATGTCG-1,-0.04483856324426361,0.09571340277039636,G2M
TCATTCAGTTCCTTGC-1,-0.05832630415668161,-0.0559829058875283,G1
TCATTCAGTTGGAGAC-1,-0.10001718243528818,-0.0862810462206072,G1
TCATTCATCATGTCAG-1,-0.03964080158061159,-0.08611705438728648,G1
TCATTCATCGATTTCT-1,-0.020376841997823525,-0.14151949973475336,G1
TCATTCATCGCTACGG-1,-0.0013357468970888742,-0.0938573790040162,G1
TCATTGTCAACACACT-1,0.004217685893446399,-0.2197270554417417,S
TCATTGTCACGAGGTA-1,0.006921112170350685,-0.16776443866490506,S
TCATTGTCAGGCTATT-1,0.16096382723597435,-0.2800088254858577,S
TCATTGTCATCCGTTC-1,-0.040099140429313784,-0.1972388964849716,G1
TCATTGTGTTGGACTT-1,0.05882563718255107,-0.12697466524244094,S
TCATTGTTCGCGGTAC-1,-0.04728952743998005,0.002952568459418825,G2M
TCATTGTTCTCGAACA-1,-0.11569964962957907,-0.01886398921727722,G1
TCATTTGAGCTTAGTC-1,-0.04114254346242391,-0.00884168255779183,G1
TCATTTGAGTCGGGAT-1,-0.05787577305291702,-0.09926448571539034,G1
TCATTTGAGTTCCATG-1,-0.13430804766485302,-0.22694532321068825,G1
TCATTTGCAAACCACT-1,-0.05682668160860935,0.06328240674021374,G2M
TCATTTGCATGTTACG-1,0.10909599229088995,-0.13363875931295088,S
TCATTTGGTGATACTC-1,-0.07761081922196811,-0.05341901110522487,G1
TCATTTGGTGCGTTTA-1,-0.12300365739207791,-0.1835418526260285,G1
TCATTTGGTTACGATC-1,-0.016743532559788832,-0.20999600569243462,G1
TCATTTGGTTCTCTCG-1,0.05738144693340641,-0.22990729088761874,S
TCATTTGTCCAACTGA-1,0.0803558704499524,-0.04897517980517274,S
TCATTTGTCTAGGCAT-1,0.10465400828981586,-0.08412806340624523,S
TCATTTGTCTAGGCCG-1,-0.004147835939728672,0.037562668339122085,G2M
TCATTTGTCTTGGTGA-1,0.20922091387542846,-0.19555437596268355,S
TCCACCAAGCACGTCC-1,0.05313914131189351,-0.07504520509807838,S
TCCACCAAGCCTCTCT-1,-0.06359698604590353,-0.15757909444565568,G1
TCCACCAAGCGACCCT-1,-0.08094826950498812,-0.03343920194769573,G1
TCCACCACAAATCAGA-1,0.020915551501888063,-0.1887425067002684,S
TCCACCACAATGGCAG-1,0.029712649922825962,-0.20566781775262633,S
TCCACCACAATTCTTC-1,-0.07595113184018376,-0.15941606581563772,G1
TCCACCACACCAACAT-1,-0.09645962285419346,-0.029299843137155557,G1
TCCACCACACCTATCC-1,-0.022777710099323945,-0.06411249100409788,G1
TCCACCACATTACTCT-1,-0.01215248260361601,-0.10232534913429303,G1
TCCACCAGTGTATTGC-1,-0.007171855058381138,-0.27270300044230755,G1
TCCACCAGTGTGAATA-1,-0.014287285299116548,-0.20241199767261026,G1
TCCACCAGTTAGTCGT-1,-0.0018152259596027065,-0.18058566944915377,G1
TCCACCATCAGACTGT-1,-0.06571197839565146,-0.10963357912065297,G1
TCCACCATCCAGCTCT-1,0.03728971231912348,0.08666435939348105,G2M
TCCACCATCCAGTGTA-1,0.0437134381860968,-0.02392041238968523,S
TCCACGTAGAGTGTGC-1,0.003085257457272561,-0.04564282388650348,S
TCCACGTAGCACTTTG-1,-0.12779754423720185,-0.363596162905798,G1
TCCACGTGTGTCTTGA-1,-0.07414156711565156,-0.20550745282131463,G1
TCCACGTTCCGAGATT-1,-0.02309894165280657,-0.12916261699173753,G1
TCCACGTTCGGCACTG-1,-0.08739882980079539,-0.1793314826063409,G1
TCCACGTTCGTGCGAC-1,-0.1058472939036662,0.04993092696041218,G2M
TCCACGTTCTTGCAAG-1,0.12319405062185773,-0.06161012706630414,S
TCCAGAAAGCAAGGAA-1,-0.030124442096131604,-0.05677410323348564,G1
TCCAGAAAGGCTCCCA-1,-0.013877881262325337,-0.09106293385105368,G1
TCCAGAACACATATCG-1,-0.023285967823500814,-0.1422549784927351,G1
TCCAGAACACGACCTG-1,0.01297536632024987,-0.2199505546348372,S
TCCAGAACACGCAAAG-1,-0.11291152134646756,-0.15254394037609145,G1
TCCAGAAGTACTGACT-1,0.054417474607113214,-0.04688839648332671,S
TCCAGAAGTAGCGCTC-1,-0.04449504270764604,-0.24536615941681514,G1
TCCAGAAGTCACTACA-1,0.01860022214354029,-0.04274347798772249,S
TCCAGAAGTCACTTAG-1,-0.03820127201299783,-0.039471736258981704,G1
TCCAGAAGTCCATAGT-1,-0.005816189531364313,-0.028934664191352155,G1
TCCAGAAGTCTGATAC-1,0.0063995098846508225,-0.2169817491431865,S
TCCAGAATCTAGATCG-1,0.0021423470211559548,-0.04910510825554881,S
TCCATCGAGCCGCACT-1,-0.045689213849370525,-0.1119162096246577,G1
TCCATCGAGCCTAACT-1,-0.029637645655297806,-0.06527720562497416,G1
TCCATCGAGTAGCATA-1,-0.032623009877702,0.08578086051243805,G2M
TCCATCGCAATTGCCA-1,-0.059161153096851715,-0.12907721332856792,G1
TCCATCGCAATTGCTG-1,0.07090978024957811,-0.15828021505271705,S
TCCATCGCAGGTTCGC-1,-0.016282470569394525,-0.23772669376984984,G1
TCCATCGCATCTGCGG-1,0.010913419216080245,-0.13911967573568218,S
TCCATCGGTCCTTAAG-1,-0.03305532133639222,-0.12623686521890126,G1
TCCATCGGTCGTCTCT-1,-0.027030571859763097,-0.15847751161409762,G1
TCCATCGGTCTCACAA-1,-0.0364536291689215,-0.031029096150001656,G1
TCCATCGGTTGCTTGA-1,-0.10152130632645723,-0.08092625202357862,G1
TCCATCGGTTTAAGGA-1,-0.04389445062423497,-0.025319572742890872,G1
TCCATGCAGTAGCAAT-1,0.07087148380014002,-0.14659901097069145,S
TCCATGCCATGACTCA-1,0.06230798299259005,-0.19048400262554294,S
TCCATGCGTACCGGCT-1,-0.029028034040051165,-0.18197120014796772,G1
TCCATGCGTCACGCTG-1,-0.056474931943502504,-0.09007989046716919,G1
TCCATGCGTCCCAAAT-1,-0.13605835559620627,-0.2608408704866918,G1
TCCATGCTCAACCTCC-1,-0.05335448115926278,-0.07077946141147617,G1
TCCCACAAGCCGATAG-1,0.004137932076350437,-0.005692624863507467,S
TCCCACAAGCCTCAAT-1,-0.020481291962707815,0.05310077476478159,G2M
TCCCACAAGTCATCCA-1,-0.03063982245524602,-0.07606309265839295,G1
TCCCACAAGTTGAAAC-1,-0.06936161226319332,-0.17530369903006227,G1
TCCCACAAGTTGGAGC-1,-0.01910574815770416,-0.10766299708507565,G1
TCCCACACAAAGCTCT-1,0.039517833178755735,-0.16930863200310475,S
TCCCACACAAGTGCTT-1,-0.08764504234277137,-0.07731314569182668,G1
TCCCACACACGACGTC-1,-0.08380020528113663,-0.015431741402839316,G1
TCCCACACAGACAATA-1,-0.021712022480405768,-0.1145854260358733,G1
TCCCACACAGCGTAGA-1,0.0803643939568453,-0.12704230113063852,S
TCCCACAGTCCATCTC-1,-0.02523157717747021,-0.07580725477920841,G1
TCCCACAGTGAGACCA-1,-0.04649207757122448,-0.042540139635798585,G1
TCCCACAGTTCTCTAT-1,-0.01980383373181943,-0.15192544710188166,G1
TCCCACATCACGAGGA-1,0.021776488974314223,0.07289634320942873,G2M
TCCCACATCTCCCTAG-1,0.13756780935476282,-0.1594965471690464,S
TCCCACATCTGTCTCG-1,-0.029000969559886236,-0.13326539469450221,G1
TCCCAGTAGCCGTCGT-1,-0.1552813456559577,-0.24411239849237923,G1
TCCCAGTCACAAGTGG-1,0.001412458588458343,-0.29830221576939364,S
TCCCAGTCATCTTTCA-1,0.05329216996987518,-0.015100780993285434,S
TCCCAGTCATGGGATG-1,-0.07011097700646446,-0.19064764535144324,G1
TCCCAGTTCACGGACC-1,0.07660073640005904,-0.17457792830642418,S
TCCCAGTTCGGAATTC-1,0.0718631866523754,-0.07339561725668586,S
TCCCAGTTCGTACACA-1,0.025936559409186266,0.06433510365443784,G2M
TCCCAGTTCGTTCCCA-1,-0.012282385266684348,-0.18961090730542568,G1
TCCCAGTTCTTGATTC-1,0.026156220729581403,-0.02557756267714928,S
TCCCATGAGCCTCTTC-1,0.037257036122315845,-0.16888709075622388,S
TCCCATGAGTAACCTC-1,-0.0035826232290133153,-0.001151641910421053,G1
TCCCATGCAACCGGAA-1,-0.004019130254913239,-0.01430678536151081,G1
TCCCATGCACATTACG-1,-0.023113978667859414,-0.22559758720613007,G1
TCCCATGCACTTTATC-1,-0.08578163640798936,-0.08841485251259795,G1
TCCCATGCAGCGTACC-1,-0.09308231395518207,-0.06957625883355861,G1
TCCCATGGTACGTAGG-1,0.025830825942175173,-0.16875447035605673,S
TCCCATGGTAGAGACC-1,0.04864338815529773,-0.09703672709776381,S
TCCCATGGTATACCCA-1,-0.07630271707436392,-0.0737385824638706,G1
TCCCATGGTGAGAACC-1,-0.010144511458666211,-0.19656198798726884,G1
TCCCATGGTTAAGGAT-1,0.0019788225581600094,-0.10927932119643327,S
TCCCATGGTTTCGTGA-1,-0.02609296191624358,-0.12962396491136294,G1
TCCCATGTCATCCTGC-1,0.00293559479137806,-0.30545816614097965,S
TCCCATGTCATTCACT-1,0.008483704262016278,-0.20975545343496227,S
TCCCATGTCCAGTGCG-1,0.010293981967841148,-0.13573740039383533,S
TCCCATGTCCATCTGC-1,-0.06823735910442058,-0.10649677490873033,G1
TCCCATGTCCGAGTGC-1,-0.04234477416071858,-0.1489103376951736,G1
TCCCATGTCCGGCAAC-1,0.0906755175133343,0.051813905421748685,S
TCCCATGTCGATACTG-1,-0.00712274218706338,-0.18952474819996518,G1
TCCCATGTCGTTCCTG-1,-0.06897722801421802,-0.2051747931826186,G1
TCCCATGTCGTTCTGC-1,0.044478259614308346,0.0006124821780869871,S
TCCCATGTCTCTGACC-1,-0.0577863727777338,-0.21698533974121972,G1
TCCGAAAAGAGCCTGA-1,-0.004677690068051299,-0.13177484251959187,G1
TCCGAAAAGGTAGACC-1,-0.031222363770336214,-0.16293657763372627,G1
TCCGAAACACACCGCA-1,-0.019085314167528455,-0.20908773988456728,G1
TCCGAAACATTAGGCT-1,-0.04533277157361276,-0.19825592688195165,G1
TCCGAAACATTGGGAG-1,-0.029376472744323784,0.05883983168090057,G2M
TCCGAAAGTAGGCTCC-1,0.07473622051206374,-0.18190457899001644,S
TCCGAAAGTGGACTAG-1,-0.019299623148902295,-0.055400396461600665,G1
TCCGAAAGTTTGGAAA-1,0.013082361432086076,-0.12386956943231453,S
TCCGAAATCATGTCTT-1,-0.031782673817207174,-0.05688862876085776,G1
TCCGAAATCGCCTCTA-1,0.01590963234290066,-0.13104746098804926,S
TCCGAAATCGCGATCG-1,-0.05258814923308924,-0.18749579616273176,G1
TCCGAAATCGTGAGAG-1,-0.04065566075638272,-0.05064963179180787,G1
TCCGAAATCTAAGCCA-1,0.11040087590235842,-0.10028297471323483,S
TCCGATCAGTAGCCAG-1,-0.07647364531022044,-0.2540505128113787,G1
TCCGATCAGTATGCAA-1,0.0006429665685637187,-0.03654487990314298,S
TCCGATCCAAAGCACG-1,-0.03793363501529173,-0.2032577790199109,G1
TCCGATCCATCGCTAA-1,-0.011101783693821143,-0.1357798800487504,G1
TCCGATCCATCGCTCT-1,-0.03951138996315989,-0.16010423702258436,G1
TCCGATCGTCACCGCA-1,-0.007391828912320153,0.006011996115171336,G2M
TCCGATCGTGTAACGG-1,0.08952059600632328,-0.21565817258558292,S
TCCGATCGTGTCCGGT-1,0.07189768209769451,0.09844561748242639,G2M
TCCGATCTCATGGATC-1,-0.12862909938551276,-0.025294454020387547,G1
TCCGATCTCCCATTTA-1,-0.006038961475552801,-0.10248050916409854,G1
TCCGATCTCTCCCATG-1,-0.03356869942442903,0.03775347617655728,G2M
TCCGATCTCTCCGATC-1,-0.0415544892835053,-0.04583146174159208,G1
TCCGATCTCTGGTCAA-1,0.051388324745616,0.15211465123906825,G2M
TCCGGGAAGCCTCACG-1,-0.016250357117265468,-0.029335602636521907,G1
TCCGGGAAGCCTCTCT-1,-0.06483169365479674,-0.15574337580419859,G1
TCCGGGAAGGTTCTTG-1,-0.07921350968094179,-0.06483536554935487,G1
TCCGGGAAGTATAACG-1,0.026389401890243913,-0.14427981189302125,S
TCCGGGAAGTTTGCTG-1,-0.01908498029401573,-0.017187748731338492,G1
TCCGGGACAAGACCTT-1,-0.0530953926620798,-0.1616289178643426,G1
TCCGGGACAATTGGTC-1,-0.010948678599951023,0.020894930732357764,G2M
TCCGGGACAGGCTACC-1,0.13326179736256527,0.025836072419090195,S
TCCGGGACATTCATCT-1,-0.018111460000575563,-0.1765780916570704,G1
TCCGGGAGTGAGCTCC-1,0.05994441085165464,-0.07190196725902831,S
TCCGGGAGTGGCTTGC-1,-0.10414534578522983,-0.11238495151227545,G1
TCCGGGAGTGGTATGG-1,0.05640917826147274,-0.17891327227420567,S
TCCGGGATCAAGTCGT-1,0.009643248749946542,-0.07534447856196841,S
TCCGGGATCCTTTAGT-1,0.051798477912313845,-0.16830578167939164,S
TCCGGGATCGTAACAC-1,0.1547031176497387,-0.04801863146563151,S
TCCGTGTCAATGTCTG-1,0.09458411086824742,-0.19285177227805467,S
TCCGTGTCACGACAGA-1,-0.05664583324573169,-0.02495771295590332,G1
TCCGTGTCATGTGCTA-1,0.03002341182892282,-0.09492604500682328,S
TCCGTGTGTAACACCT-1,-0.05234917524088162,-0.1292704604735804,G1
TCCGTGTGTAGTCGGA-1,-0.06801158569361287,-0.057019478143725294,G1
TCCGTGTGTATCCTCC-1,0.15112076275466713,-0.11164813069734786,S
TCCGTGTGTATGGAGC-1,-0.1633929959030022,-0.1017027197702618,G1
TCCGTGTGTCTTACAG-1,0.016517462749747025,-0.17574635993174914,S
TCCGTGTGTTGCGTAT-1,-0.031768388163057715,-0.04098355109490248,G1
TCCGTGTTCATCACAG-1,-0.0321970735730403,-0.11421763585045877,G1
TCCGTGTTCTTGAACG-1,-0.05510751714696763,-0.20372267844546177,G1
TCCTAATAGCAACTCT-1,-0.13565774061958707,-0.08801641709422559,G1
TCCTAATAGCCAAGCA-1,0.04860740618714826,0.03696501764181598,S
TCCTAATCAAGGAGTC-1,0.09454950671842027,-0.11415591564600935,S
TCCTAATCACTGCTTC-1,0.06850854461561412,0.0047194765019133444,S
TCCTAATCAGATTAAG-1,0.05876097125693369,-0.2743971391545058,S
TCCTAATGTAACACGG-1,-0.06283024445699459,-0.20403720748582038,G1
TCCTAATGTCCGGATC-1,0.0085845620958101,-0.003138790077682363,S
TCCTAATGTCTCTCTG-1,0.04451646030871953,-0.1256160661178945,S
TCCTAATGTTAGAAAC-1,-0.002637836201302368,-0.048232238466182464,G1
TCCTAATTCAGCATTG-1,0.05567934959685453,-0.14236593077507487,S
TCCTAATTCGCATAGT-1,0.029700944917576577,-0.1045720516025927,S
TCCTCCCAGAAGAACG-1,-0.06025841816284799,-0.0974209760509725,G1
TCCTCCCAGACATAAC-1,-0.03171894924288249,-0.1679623572710241,G1
TCCTCCCAGCACTCAT-1,-0.032401151122514016,-0.02478590090330196,G1
TCCTCCCAGCATACTC-1,0.005284707195751415,-0.054335765743077524,S
TCCTCCCCAAGGCGTA-1,-0.06702329209540159,-0.2111080747711601,G1
TCCTCCCCACAACGAG-1,0.10986047462376303,0.1552570672200258,G2M
TCCTCCCCACACACTA-1,-0.0021564628608866654,-0.17300117719321784,G1
TCCTCCCCACGGTCTG-1,-0.008001933206014389,-0.05007813150908144,G1
TCCTCCCCAGAGTCAG-1,-0.027834161948890157,-0.21504810364811947,G1
TCCTCCCCATACCGTA-1,0.08761144886680244,-0.12828108824639584,S
TCCTCCCCATGAATCC-1,0.08734342975432074,-0.009934262244119169,S
TCCTCCCGTACTTCCC-1,-0.07943621341806315,-0.010707197425198711,G1
TCCTCCCGTGAGACCA-1,-0.0655681504652409,-0.13043422931013773,G1
TCCTCCCGTGAGATTA-1,0.002643350190587812,-0.12020742067390933,S
TCCTCCCGTGGTCTTA-1,0.012308276048562328,-0.13094815501614449,S
TCCTCCCGTTAGAAAC-1,0.02299524178782747,-0.07537115627473454,S
TCCTCCCGTTTGGCTA-1,0.177254300875688,-0.0747714311239755,S
TCCTCCCTCCCTCTTT-1,0.08041308112811768,-0.0696091737724388,S
TCCTCCCTCTAGCAAC-1,-0.041449327048660556,-0.07024420378226592,G1
TCCTCGAAGAGTCGAC-1,-0.00885892289736917,-0.054697583882863166,G1
TCCTCGACAAGATCCT-1,-0.09145781844536705,-0.2169558768926321,G1
TCCTCGACATCAGCAT-1,0.07131775418512326,0.11097133928038311,G2M
TCCTCGACATCATGAC-1,-0.06734621498691556,-0.05585912700772461,G1
TCCTCGAGTCTCTCTG-1,-0.05262798898260812,-0.1321749503011655,G1
TCCTCGAGTGATCATC-1,0.06352215880311696,-0.2788697204984677,S
TCCTCGAGTGCGCTCA-1,0.042914987278802275,-0.05868123915263168,S
TCCTCGAGTGGGACAT-1,-0.03287421933505136,-0.1628479806189159,G1
TCCTCGAGTTGAGTCT-1,-0.09152270625816061,-0.30357062681998875,G1
TCCTCGATCAGTGGGA-1,0.042637235232859505,-0.29329811964290875,S
TCCTCGATCGATGCAT-1,0.005821227316011424,-0.10935390374469606,S
TCCTCTTAGGACTGGT-1,-0.06664007934604971,-0.2048680892053998,G1
TCCTCTTAGGCATGCA-1,-0.041526999749960714,-0.1600334778605717,G1
TCCTCTTCACGCGGTT-1,-0.0018145117819783896,-0.14915802271012024,G1
TCCTCTTGTCGAATGG-1,0.05413089324605724,-0.23862331633006606,S
TCCTCTTGTGGGTCAA-1,0.007784068436163694,-0.1574383659536573,S
TCCTCTTTCGCCCAGA-1,-0.09540611844982672,-0.08309040779014026,G1
TCCTCTTTCTCCGAAA-1,0.03263947576533599,-0.12991487715016375,S
TCCTGCAAGGAGAGGC-1,0.15446041052097986,-0.148796241040766,S
TCCTGCAAGGTCACCC-1,0.005267188115987864,0.03352055704342105,G2M
TCCTGCAAGTGCTCGC-1,-0.10592340666940975,-0.04679760608250627,G1
TCCTGCACACGGCGTT-1,-0.009903060025407862,0.07577221153847469,G2M
TCCTGCACAGCGGATA-1,0.016818858511180812,-0.17682726666641574,S
TCCTGCACAGTCGCTG-1,0.008137302376937494,-0.026421919580283504,S
TCCTGCAGTGTACGCC-1,-0.1155631709581087,-0.12327048082458053,G1
TCCTGCATCAAGTTGC-1,0.04292338743420854,-0.14431962407128618,S
TCCTGCATCTCCGAGG-1,-0.01821686260106936,0.06416061113332344,G2M
TCCTGCATCTTGGTGA-1,-0.019363150377015026,-0.2450137879177539,G1
TCCTTCTCACCAGCTG-1,0.007991926587452847,-0.2378415413930529,S
TCCTTCTCACTCCACT-1,0.11321323586560278,-0.020174525223655926,S
TCCTTCTCATCAGTGT-1,0.1363283254081742,-0.13195535254537133,S
TCCTTCTGTCTCCTGT-1,0.0023783931696368943,-0.19442760497224984,S
TCCTTCTGTCTTCATT-1,0.03762254172534529,-0.14476755458411056,S
TCCTTCTTCACTGAAC-1,-0.004767059448779698,-0.16567053931437695,G1
TCCTTCTTCATCTACT-1,0.006096804204795581,-0.06394802535478886,S
TCCTTCTTCATCTCTA-1,0.01193492333481938,-0.15072749917906209,S
TCCTTCTTCCGTGTCT-1,0.14846156398354432,-0.1870808341625363,S
TCCTTCTTCGGTGTTA-1,-0.1167392652385505,-0.11714977286176692,G1
TCCTTTCAGCGACAGT-1,-0.040585548547381,-0.14817436552105157,G1
TCCTTTCAGCGTGAAC-1,-0.027044256405789946,-0.18890097931389194,G1
TCCTTTCAGGTCGTCC-1,-0.028231327772210213,-0.20676695422661143,G1
TCCTTTCCAATTGTGC-1,0.1417249668838862,-0.044412639880853255,S
TCCTTTCCACGTAGTT-1,-0.049081267276528395,-0.10960962418942438,G1
TCCTTTCCATACAGAA-1,0.08005469594519565,-0.07560023645921643,S
TCCTTTCGTACAAGTA-1,-0.0093309757153886,-0.23914350223306557,G1
TCCTTTCGTTGCCGAC-1,-0.015990691373924948,-0.24508693789049218,G1
TCCTTTCGTTGTGTAC-1,-0.09701626325092044,-0.05336950691397191,G1
TCCTTTCTCCCTCTCC-1,0.003523562278548553,-0.13753532748704825,S
TCCTTTCTCCGTATGA-1,0.13938733496242328,-0.10770031948641234,S
TCCTTTCTCTGCTTAT-1,0.043291965103587515,-0.1574877001604074,S
TCGAACAAGGTCATAA-1,-0.05321274674446336,-0.25432359776731506,G1
TCGAACAAGTATGCAA-1,-0.11338175679130619,-0.12213639958502015,G1
TCGAACACACACGCCA-1,-0.057372789275709324,-0.18584224166671703,G1
TCGAACACACGCTGAC-1,-0.036591336295098864,-0.06157681083615946,G1
TCGAACACACTTTATC-1,0.015389354299267965,-0.2825013716284567,S
TCGAACAGTAACTAAG-1,0.01287650270654539,-0.17807460973539646,S
TCGAACAGTCACTCTC-1,-0.03809754537605786,-0.13773785227037064,G1
TCGAACAGTCCTGGTG-1,-0.034496000740327715,-0.16689010126942405,G1
TCGAACATCAGCCTCT-1,-0.01634293762980704,0.004980025092445162,G2M
TCGAACATCCGATAGT-1,0.15293247094973744,-0.21805408248007835,S
TCGAACATCCGCACGA-1,0.026587492899455167,-0.1071487865734635,S
TCGAACATCCGTGTAA-1,-0.04733378954237771,0.011286147796437496,G2M
TCGAACATCCTTATCA-1,-0.006452030522661412,0.01853717596684512,G2M
TCGAAGTAGACAACAT-1,0.00999250108903163,-0.21916252841036954,S
TCGAAGTAGTACGAGC-1,-0.04525362968012364,-0.16569107679473227,G1
TCGAAGTCATCCGTTC-1,0.17478916464498956,-0.16430822345171087,S
TCGAAGTGTAGTGGCA-1,-0.025117106868544348,-0.25063517218791476,G1
TCGAAGTGTATCGAGG-1,-0.006520564915799332,0.05343928510294266,G2M
TCGAAGTGTTACGGAG-1,-0.10748553526341856,0.09126528142569834,G2M
TCGAAGTTCCGAAGGA-1,0.007208594595424889,-0.06602772171110793,S
TCGAAGTTCTAGGAAA-1,-0.09735941646524082,-0.2313361577471825,G1
TCGAAGTTCTATACTC-1,0.03623172002230701,-0.10005038910607233,S
TCGAAGTTCTCCCTAG-1,-0.02705078766492397,0.02338972549927193,G2M
TCGAAGTTCTTTCTAG-1,0.04637253691803228,-0.06303326652009777,S
TCGACCTAGAAGATCT-1,-0.023611689371096783,-0.04701331863042446,G1
TCGACCTCATCGAGCC-1,0.007757311671882983,-0.03963074600832017,S
TCGACCTGTAGTGTGG-1,-0.05531003073539065,-0.12936295543012355,G1
TCGACCTTCATTTCGT-1,-0.09185186378324162,-0.1346042972892482,G1
TCGACCTTCGATACGT-1,-0.018641814389501354,-0.10248755553109395,G1
TCGACCTTCGTTGCCT-1,0.046900337300685824,-0.1628736061655615,S
TCGACGGAGAGAGCCT-1,-0.08352740932979363,-0.13392808187539107,G1
TCGACGGAGGAGTCTG-1,-0.016740867618011745,-0.09260136274710262,G1
TCGACGGAGGTGCTGA-1,-0.014655581377906512,-0.17905977369759263,G1
TCGACGGGTCCACTCT-1,-0.026750063886176123,-0.3335527947175676,G1
TCGACGGGTGATCGTT-1,-0.003475195691808264,-0.10911833132405485,G1
TCGACGGGTTGACTGT-1,0.054895755010043235,-0.04803032104621091,S
TCGACGGGTTGCAAGG-1,-0.10381269443841484,-0.2073915350666665,G1
TCGACGGGTTTGCAGT-1,-0.0849169858941492,-0.07623493573832613,G1
TCGACGGTCCGCACTT-1,0.10507783901855072,-0.11999573011046927,S
TCGACGGTCGCCAACG-1,-0.10118340588080355,-0.19128452117125197,G1
TCGATTTAGACTTAAG-1,-0.035962727694079155,-0.11839848815777881,G1
TCGATTTCAAATCCCA-1,-0.021089603747518337,-0.10544103799844945,G1
TCGATTTGTGCCTACG-1,-0.015089453434985689,-0.13955595574338936,G1
TCGATTTGTGGGCTCT-1,-0.03717910944305303,-0.07592280385897598,G1
TCGCACTAGACATAGT-1,0.003073641239226932,-0.2803627353929415,S
TCGCACTAGACATCCT-1,0.05324231265697732,-0.010845375350667985,S
TCGCACTAGCTGTCCG-1,-0.01420965771891719,-0.08230997007037519,G1
TCGCACTCACATACGT-1,-0.13369941151251596,-0.1687682108865523,G1
TCGCACTCACTATCCC-1,-0.08715150785527204,-0.05295520883875482,G1
TCGCACTCATTCAGGT-1,0.08567622784200424,0.008564405341577264,S
TCGCACTGTAGCGTAG-1,0.010242250165012567,-0.15473944077228674,S
TCGCACTGTCATACCA-1,0.0038678736226785415,-0.17871341697332394,S
TCGCACTTCCTATTGT-1,-0.016443771536969104,-0.08403507705599789,G1
TCGCAGGAGATGAATC-1,-0.02347573650352558,-0.31212070494151045,G1
TCGCAGGAGGAATCGC-1,-0.024682686147932675,-0.2846068418267539,G1
TCGCAGGAGTTACGGG-1,-0.11704427573204174,-0.19141947591622918,G1
TCGCAGGCAATCACGT-1,0.2320363458293624,-0.2688368588616806,S
TCGCAGGCACTGAATC-1,-0.035154127643097666,-0.14341401114190905,G1
TCGCAGGCATCGCTGG-1,-0.02036705616710638,-0.11755319971892869,G1
TCGCAGGGTTGCCAAT-1,-0.043340129494122914,-0.16493376231057466,G1
TCGCAGGTCATTGTTC-1,-0.05380105843563143,-0.12721777567346537,G1
TCGCAGGTCCGACGGT-1,0.04302197317565193,0.004000242474736959,S
TCGCAGGTCCTCAGGG-1,-0.05260021139181731,-0.10245158956014794,G1
TCGCAGGTCGGACTTA-1,-0.03964980185797534,-0.2182955270896082,G1
TCGCAGGTCTCGTCAC-1,-0.07178003111491102,0.08851451716312259,G2M
TCGCAGGTCTGTGTGA-1,0.07870209014937968,-0.17421023979211647,S
TCGCTCAAGTCTCCTC-1,-0.0589185617212572,-0.1522093250333983,G1
TCGCTCACAACAACAA-1,0.10329964918922563,-0.019803507346801308,S
TCGCTCACAAGCCCAC-1,-0.0542116783979813,-0.1315826952801783,G1
TCGCTCACAATAGTGA-1,0.0030322354269937124,-0.18311895355469102,S
TCGCTCAGTCCAGAAG-1,0.09280421558741142,-0.10582153708886549,S
TCGCTCAGTGCGGATA-1,-0.1008222600980774,0.02133260287519101,G2M
TCGCTCAGTGGCTTGC-1,-0.03282898542340551,-0.19952864013797583,G1
TCGCTCAGTTCGTAAC-1,-0.021077591834716858,-0.26017753240597874,G1
TCGCTCAGTTTCGGCG-1,-0.08508983579420099,-0.06267721327189313,G1
TCGCTCATCCCTCTCC-1,0.03093248166576451,-0.05047498380112275,S
TCGCTCATCCGAAATC-1,-0.06070037447912785,-0.009523892189169547,G1
TCGCTCATCGCTTTAT-1,-0.0439675739675085,-0.19405464608943143,G1
TCGCTTGAGACAACAT-1,-0.026020325124260002,-0.2862068091243989,G1
TCGCTTGAGTCCGCCA-1,0.0008135855042050166,-0.05445359576452341,S
TCGCTTGCAAGAGCTG-1,-0.059722911335442386,-0.10564664971832,G1
TCGCTTGCAATCGCGC-1,0.14469942046521495,0.1850600652844679,G2M
TCGCTTGCAGGCTACC-1,0.024532708394164715,-0.17829130235749602,S
TCGCTTGGTCGATTTG-1,-0.03464792909658204,-0.21221048670935477,G1
TCGCTTGTCACCTACC-1,-0.09480895162541636,-0.22229309094348967,G1
TCGCTTGTCACCTCGT-1,-0.09473541635607746,-0.19020753276913438,G1
TCGCTTGTCCTCGCAT-1,-0.11140688215971734,-0.14735230401967467,G1
TCGGATAAGAAGGGAT-1,-0.028205764300187786,0.06304946095633052,G2M
TCGGATAAGACAGTCG-1,0.04660303557994333,0.09720283022117138,G2M
TCGGATAAGAGCTGAC-1,0.02990655464448072,-0.015084133747766626,S
TCGGATAAGCGTCAAG-1,-0.04540430720703692,-0.06142012487418194,G1
TCGGATACAAGAGATT-1,0.05080226207699867,-0.24110833745414473,S
TCGGATACAAGCTGTT-1,0.06775810976990479,-0.01471549002775055,S
TCGGATACATCATCCC-1,-0.07303189096626983,-0.09047433800782467,G1
TCGGATAGTGCAATAA-1,0.0525795543019672,-0.17813736173179567,S
TCGGATATCAGTGTTG-1,0.03220927938855872,-0.02428869849639753,S
TCGGATATCGTGCGAC-1,-0.017743448487036906,-0.013423248561872214,G1
TCGGATATCTTCCTAA-1,-0.09390909806845649,-0.07578595241852709,G1
TCGGGACAGATGTTCC-1,0.057636507188135455,-0.08257136455519443,S
TCGGGACAGATTGAGT-1,0.18568419336691155,-0.24954845061665143,S
TCGGGACAGTGATTCC-1,-0.0025044084663790045,-0.18897752891842678,G1
TCGGGACCAATAGGGC-1,-0.028575197734651114,-0.22130172244706775,G1
TCGGGACCATCGCTCT-1,-0.02331851502666349,-0.12009145379047742,G1
TCGGGACCATCTCCCA-1,-0.10205897676803832,-0.11264599361049815,G1
TCGGGACCATTCCTCG-1,0.16590081984756289,-0.2570431481761332,S
TCGGGACGTTTGGGAG-1,0.06560741898259359,-0.12965668623736176,S
TCGGGACTCCGAGTGC-1,-0.1622634680050949,-0.17955299804766334,G1
TCGGGACTCGACGATT-1,0.024274469518741737,0.008233222330891798,S
TCGGGACTCTACACAG-1,-0.039621494082125064,-0.1863927420220202,G1
TCGGGACTCTAGTACG-1,-0.05318392304253272,-0.09659990837301308,G1
TCGGGCAAGAATAACC-1,-0.02200549897939802,-0.08220670976156569,G1
TCGGGCAAGCCATTCA-1,-0.05462105493531266,-0.1952665530324238,G1
TCGGGCAAGCCGGAAT-1,0.02570330181263525,-0.14731421613877171,S
TCGGGCAAGTCTCGTA-1,-0.0014634823893203142,0.08554787884071813,G2M
TCGGGCACATCTGTTT-1,-0.01994553183633857,-0.037243940571683454,G1
TCGGGCAGTACTCCCT-1,0.036977252721504594,-0.22564501224155814,S
TCGGGCAGTCTTCGAA-1,-0.0731715821437181,0.1408913447091914,G2M
TCGGGCATCAAAGGAT-1,-0.011228246224577187,-0.14643075329537536,G1
TCGGGCATCGAAGGAC-1,0.15067925464239978,-0.2470850840151355,S
TCGGGCATCTCTAAGG-1,-0.061794366511234544,-0.153810841733461,G1
TCGGGTGAGAATAGTC-1,-0.07647941898429347,-0.09627742921138996,G1
TCGGGTGAGAGAGAAC-1,-0.0613104700428348,-0.11202786627237432,G1
TCGGGTGAGGCTTCCG-1,-0.08551300407856932,-0.011660202290299237,G1
TCGGGTGGTAGTGCGA-1,-0.035166830599057175,-0.06966011589076529,G1
TCGGGTGGTCACGTGC-1,-0.009501955070170487,-0.15359595339066,G1
TCGGGTGGTCAGGTAG-1,-0.08911241177508505,-0.10763623283202062,G1
TCGGGTGGTGGGCTCT-1,-0.06173045899517693,-0.07615979801055667,G1
TCGGGTGGTTGATCGT-1,-0.067656248181576,-0.2767977650869291,G1
TCGGGTGGTTTACACG-1,0.07919167249081407,-0.12218020699834133,S
TCGGGTGTCGTCCTTG-1,-0.021943345447113682,-0.1880385447952515,G1
TCGGGTGTCTGTCCGT-1,-0.021231097635002083,-0.08060053841241638,G1
TCGGTCTAGCAATTAG-1,-0.04951407107416672,-0.17979378524063047,G1
TCGGTCTAGCGACTAG-1,0.02945782747941661,-0.041637233325115985,S
TCGGTCTAGTCTAGAA-1,-0.05490616568151507,-0.107787989659556,G1
TCGGTCTCACCACATA-1,0.03315100374273977,-0.13024932162613917,S
TCGGTCTGTCATAAAG-1,0.024297602368311744,-0.11069108708568598,S
TCGGTCTTCTACCCAC-1,-0.15858271499863938,-0.07435353019958979,G1
TCGGTCTTCTCTCTAA-1,0.032816225480029215,-0.18616309718670554,S
TCGTAGAAGAGCTGAC-1,-0.06160066159312158,-0.02190883725628251,G1
TCGTAGAAGCTTCGTA-1,-0.03056868835273585,-0.16335388015007474,G1
TCGTAGAAGGTGGCTA-1,-0.057910997840171674,-0.1592061484708732,G1
TCGTAGACAACCTAAC-1,0.009357289157983006,0.018759233354450566,G2M
TCGTAGACAAGAATGT-1,0.12179334744624193,-0.0950787464368425,S
TCGTAGACACACCTTC-1,-0.06350308879261712,-0.24176187468484753,G1
TCGTAGACATATGCGT-1,0.07221359262694338,-0.2323591274979032,S
TCGTAGACATCCGGCA-1,-0.043875851548047795,-0.17092373239915604,G1
TCGTAGAGTCACATTG-1,0.08122898942326573,0.21655661532161158,G2M
TCGTAGAGTGCTGTCG-1,0.0860692524180352,-0.10549648180977206,S
TCGTAGAGTTTAGAGA-1,-0.021303542011599896,-0.019444842209808577,G1
TCGTAGAGTTTCACAG-1,0.1962521945351436,0.05568147509192056,S
TCGTAGATCATTGCCC-1,-0.02012638341637818,-0.14051445674078947,G1
TCGTAGATCGCATAGT-1,-0.0230022959085317,-0.18573593347185333,G1
TCGTAGATCGCCGAAC-1,-0.0852720202492952,-0.22909387184646293,G1
TCGTAGATCTTCCCAG-1,0.019859186959695768,0.021119221621783313,G2M
TCGTCCAAGAGGATCC-1,-0.12945768200549557,-0.24858440932626968,G1
TCGTCCAAGCTCTTCC-1,-0.135731822806461,-0.06389889419063222,G1
TCGTCCAAGGTTGCCC-1,-0.05063676560688096,0.03211894812770438,G2M
TCGTCCACAAAGCGTG-1,-0.07366981247519705,-0.12611265946360062,G1
TCGTCCACAAATGCGG-1,0.0728600069261417,-0.12976748254244108,S
TCGTCCAGTGGCTAGA-1,0.05576657722070888,-0.2397256288775962,S
TCGTCCATCGGTGTAT-1,-0.03687801433268045,-0.10304633061281143,G1
TCGTCCATCGTTCTAT-1,-0.03907246159446065,-0.21588508608353993,G1
TCGTCCATCTCCGTGT-1,-0.0013327927017339758,-0.06278779554830649,G1
TCGTCCATCTGGGAGA-1,-0.0681496356011233,-0.1331848128518217,G1
TCGTCCATCTGTCCGT-1,-0.006853094382292146,-0.19817533172281965,G1
TCGTGCTAGATTGAGT-1,0.0031192436533349355,-0.17971650881585252,S
TCGTGCTAGGGACACT-1,-0.08778389723594024,-0.09897125182818364,G1
TCGTGCTCAGCTCTGG-1,-0.0037386916362250333,-0.15741896003876418,G1
TCGTGCTCATATGGCT-1,-0.10404877529667841,-0.15150621015456725,G1
TCGTGCTGTCGTCGGT-1,0.02227382069910472,-0.16520623408553547,S
TCGTGCTGTGAGTAGC-1,-0.03909102655903096,-0.06175472278896921,G1
TCGTGCTGTGCCTTCT-1,-0.05700337857154619,-0.04489362250033058,G1
TCGTGCTGTGGCTGAA-1,-0.09149632160150345,-0.20455544061444206,G1
TCGTGCTTCCTGGCTT-1,-0.09647944058810193,-0.12260160926724434,G1
TCGTGCTTCGCTTGCT-1,0.034998784277494366,-0.19473675326736073,S
TCGTGGGAGAGCTTTC-1,0.027457835704487232,-0.1929460452971326,S
TCGTGGGAGATAGCTA-1,0.06506688074019812,-0.09035778390217475,S
TCGTGGGCACATATCG-1,-0.010677341413312225,-0.1777273767220398,G1
TCGTGGGCACTTGAGT-1,-0.08948994613655803,0.05229190700375802,G2M
TCGTGGGCAGTTAGAA-1,-0.08669632114630249,-0.250711757805128,G1
TCGTGGGCATCTCAAG-1,0.131887738043395,-0.16085261014212243,S
TCGTGGGCATGAGTAA-1,0.05957470070892856,-0.022843475838500493,S
TCGTGGGGTTGTCCCT-1,0.005669541071403772,-0.10974831955890607,S
TCTAACTAGTCATCCA-1,-0.0006894133664393509,-0.10101170323713304,G1
TCTAACTCAGGCCCTA-1,-0.08060266770707492,-0.16413683060100132,G1
TCTAACTCATAACAGA-1,-0.06170846818960668,-0.16028679292138281,G1
TCTAACTGTGGGATTG-1,-0.04341463057488554,-0.16963036011686589,G1
TCTAACTTCAAACGTC-1,-0.06868651458852626,-0.10203055682277273,G1
TCTAACTTCACAACCA-1,-0.058549769876190816,-0.0821250396984724,G1
TCTACATAGCTGAAGC-1,-0.05047323865422193,-0.18737428610663556,G1
TCTACATCACGTACTA-1,0.13614504517801257,-0.1552762852564345,S
TCTACATCATCCTGTC-1,-0.07455455033405217,-0.0022271548996543045,G1
TCTACATGTTTCGTAG-1,-0.013600214770257746,-0.15152724638596618,G1
TCTACATTCAGCACCG-1,-0.04580682417304677,0.08308072586436421,G2M
TCTACATTCCCTCGTA-1,0.03610221952065168,-0.19357574393245586,S
TCTACATTCTCACTCG-1,0.1114636813644832,-0.14887232967968825,S
TCTACATTCTCGTGAA-1,-0.0523852415019081,-0.3070966132226938,G1
TCTACCGAGGGACAGG-1,-0.11473204720050151,-0.19110770431347304,G1
TCTACCGCACTATCGA-1,-0.07764159182888752,-0.07004556896745107,G1
TCTACCGCAGTTTCAG-1,-0.06016123563752329,-0.11690616053368724,G1
TCTACCGTCCCATGGG-1,0.012185162146918865,-0.07029064021266088,S
TCTACCGTCTGAGAGG-1,0.03333402976860578,-0.22307849411831834,S
TCTATACAGCATCGAG-1,0.016134759023318956,-0.06340729584586627,S
TCTATACAGCCATTTG-1,0.07059223346205079,-0.03253129377810049,S
TCTATACAGGCAATGC-1,-0.01792992311653613,-0.19842479113827696,G1
TCTATACAGTGCACAG-1,-0.02607687646205431,-0.1436108100674987,G1
TCTATACAGTTCTCTT-1,0.12047084730248558,0.012134370898213398,S
TCTATACCAACAGCCC-1,-0.06078299431870743,-0.04274810838422194,G1
TCTATACCACCGTGCA-1,-0.0946401044406891,-0.01101964645248582,G1
TCTATACCATAACCCA-1,-0.02166309523448373,-0.10982584890471098,G1
TCTATACTCCTCACGT-1,-0.040823248009948854,-0.20183063134752097,G1
TCTATACTCGGTAAGG-1,-0.0797599507203885,-0.1247976326670705,G1
TCTATACTCTACACAG-1,0.005608011652375178,-0.04377921899772863,S
TCTATACTCTTCTCAA-1,0.008539857156725505,-0.22764908853159058,S
TCTATCAAGCGTTCAT-1,0.0018692867290320825,-0.18436530306658316,S
TCTATCACAAGAGCTG-1,0.110621430850116,-0.11170958986605772,S
TCTATCACAAGGTCAG-1,-0.04196763728849873,-0.23820463149947446,G1
TCTATCAGTAAGGCCA-1,-0.12271383209708989,0.07691484759936001,G2M
TCTATCAGTCCCTGAG-1,0.008886408874252238,0.04502773406424726,G2M
TCTATCAGTCTCGCGA-1,-0.06309040111661848,-0.11223114127128042,G1
TCTATCAGTGCATTAC-1,-0.06802204560867953,-0.15914696694801989,G1
TCTATCAGTTGAGTCT-1,0.001051591922824835,-0.07856416801311616,S
TCTATCATCAAGGACG-1,-0.004529944054692758,-0.14525704767280673,G1
TCTATCATCAAGTCTG-1,0.006229153365959861,-0.05971610856759901,S
TCTATCATCGCCTCTA-1,-0.1260741175694477,-0.12439856896187307,G1
TCTATCATCGGCACTG-1,-0.023996175146590526,-0.19841999095702156,G1
TCTCACGAGCGGACAT-1,0.08347837756652421,-0.12499990392180277,S
TCTCACGAGGGCATGT-1,-0.015621186030233325,-0.06780425182192923,G1
TCTCACGAGTCGCTAT-1,-0.058496357712481406,-0.14651394819203345,G1
TCTCACGCAACCAACT-1,-0.06840736622962151,-0.07349929578529879,G1
TCTCACGCAAGGACAC-1,-0.0832168408575811,-0.08082737853672595,G1
TCTCACGGTACCCGCA-1,-0.05406092424117992,-0.23746130554807515,G1
TCTCACGGTACTGCCG-1,0.0772648346141136,0.04082354024803492,S
TCTCACGGTCGACTTA-1,-0.04032805615053514,-0.15266369056325468,G1
TCTCACGTCCGTGTCT-1,0.018133960702068186,-0.13519098079017505,S
TCTCACGTCCTCTAGC-1,-0.05409402524886764,-0.09492245998505411,G1
TCTCACGTCGGTATGT-1,0.02579514586991838,-0.0704001706891561,S
TCTCAGCAGACGAGCT-1,-0.017169572977631886,-0.22728047742023502,G1
TCTCAGCAGCTGTGCC-1,0.03299801566303223,-0.14960356169645977,S
TCTCAGCCAAGCCCAC-1,-0.06594513963900964,-0.11464153313964279,G1
TCTCAGCCAATTGCCA-1,-0.05459224798202428,-0.20336601082612374,G1
TCTCAGCCAGAACTCT-1,-0.016466320706057636,-0.10855849402229606,G1
TCTCAGCCAGCTGTTA-1,-0.08533993858016559,-0.233014904455867,G1
TCTCAGCCATCTCCCA-1,-0.01311608922052565,-0.10048715356628335,G1
TCTCAGCGTAAGGTCG-1,0.07840144762417994,-0.05270159795297463,S
TCTCAGCGTCCACTTC-1,-0.07137604958037208,-0.04211643165661755,G1
TCTCAGCTCAGGACAG-1,0.01347918151557742,-0.23960244183083174,S
TCTCAGCTCATGAGTC-1,0.007677980402336915,-0.15256390093783315,S
TCTCCGAAGAAAGCGA-1,-0.01525805270424141,-0.2440348796582481,G1
TCTCCGAAGACTGGGT-1,0.09290949461008574,-0.06826921326885271,S
TCTCCGAAGACTTAAG-1,-0.07500205612539901,-0.15882243254192505,G1
TCTCCGAAGGGCAATC-1,-0.06707325148448373,-0.192270432785615,G1
TCTCCGAAGGTCGTCC-1,0.002776014245625791,-0.238311596378496,S
TCTCCGACACGACGCT-1,0.1635524611967561,-0.09529710213391851,S
TCTCCGACAGACATCT-1,-0.14901943787897093,-0.27417788078512245,G1
TCTCCGAGTAAGGCTG-1,0.0019390276064090717,-0.10560115670025105,S
TCTCCGATCTACTGAG-1,-0.09519645710350272,-0.030417834607791572,G1
TCTCCGATCTCCAAGA-1,0.30430994214839463,-0.236231592844933,S
TCTCTGGAGACTGTTC-1,0.058101488748808994,-0.06897877455860457,S
TCTCTGGAGGCCTGCT-1,0.07559455344129135,-0.1300594075389888,S
TCTCTGGCAAATGGTA-1,0.05444115822187934,-0.2160236670813491,S
TCTCTGGCAGGCGAAT-1,0.06496743693800716,-0.1538855887232537,S
TCTCTGGGTAATGCTC-1,-0.11559445910310906,-0.28773726357169105,G1
TCTGCCAAGAGAGGGC-1,-0.04654150184442102,-0.11136173006397676,G1
TCTGCCAAGAGCAGCT-1,-0.02899291540297494,-0.14367658556420043,G1
TCTGCCAAGCTGAGCA-1,-0.07464366067665862,-0.1471098041146582,G1
TCTGCCAAGGACTAAT-1,0.010227932339243323,-0.1959059571012213,S
TCTGCCAAGGCTCCCA-1,-0.021779958885583095,-0.13580470837273867,G1
TCTGCCAAGTTCATCG-1,-0.0175688479335403,-0.22735028081891293,G1
TCTGCCAAGTTTGAGA-1,0.04051438594307913,-0.14663071344666675,S
TCTGCCAAGTTTGTCG-1,-0.0512103483707132,0.14214867180429497,G2M
TCTGCCACAACCGTGC-1,-0.1548925843853709,-0.15881354743931286,G1
TCTGCCAGTTAGTCGT-1,0.011928096678783195,-0.17505159238728382,S
TCTGCCATCAGCCTTC-1,-0.03639169112182261,0.006515270457736255,G2M
TCTGCCATCATGCCGG-1,0.02931024869381388,-0.22117082612370884,S
TCTGCCATCGGTGAAG-1,0.1070068634337265,-0.05992361666667545,S
TCTGCCATCTAACGGT-1,-0.0943034610485341,0.026661442193083973,G2M
TCTGCCATCTCCCATG-1,-0.016116144621154127,-0.18761419200019996,G1
TCTGCCATCTGAATGC-1,-0.08904330736227911,0.02222459389036391,G2M
TCTGGCTAGCATCAGG-1,0.1378611560032778,-0.1927539741113024,S
TCTGGCTAGCATGAAT-1,-0.05197517031625726,-0.2472283479678134,G1
TCTGGCTAGGGATCTG-1,0.16821266261066614,-0.06215866815545945,S
TCTGGCTAGGTCACCC-1,0.004732552217977748,-0.040304142945290444,S
TCTGGCTAGTCCTACA-1,-0.1091916024646763,-0.28927996061514605,G1
TCTGGCTAGTCGGCCT-1,-0.009246628680163294,0.00311385369069056,G2M
TCTGGCTAGTCTTGGT-1,0.16037457288401535,-0.045869278166632166,S
TCTGGCTCAACACAAA-1,0.010235277039190083,-0.10997368162368648,S
TCTGGCTCACTGAGTT-1,-0.06177986158890508,-0.14989472399325052,G1
TCTGGCTGTAAGTTAG-1,0.04770585626433094,-0.17065313531423087,S
TCTGGCTGTAGGCAGT-1,-0.06599456012921168,-0.149578245657437,G1
TCTGGCTGTCTGATCA-1,0.028261707998535668,-0.23330028067127345,S
TCTGGCTGTGACACGA-1,-0.06759176333852762,0.049395094360119296,G2M
TCTGGCTGTGTTTACG-1,-0.13498104865524693,-0.0863036941421256,G1
TCTGGCTGTTGGGTAG-1,-0.048404901878378315,-0.13271818272036656,G1
TCTGGCTTCTATCCAT-1,-0.08851449067977557,-0.06084514124079321,G1
TCTGGCTTCTTGAACG-1,0.004735416041797891,-0.19463730630752624,S
TCTGTCGAGGGCTTCC-1,-0.0024045379779774334,-0.08865736113989,G1
TCTGTCGAGTAGAATC-1,0.011393127262926517,-0.15035226586298095,S
TCTGTCGAGTCGAAAT-1,0.1540314127391198,-0.07982492079864723,S
TCTGTCGCAAGAGCTG-1,-0.010158846615076822,0.15519081657569062,G2M
TCTGTCGCACGCGTGT-1,-0.07486943187263623,-0.25362072790286794,G1
TCTGTCGGTAGTTACC-1,-0.08594461978960838,0.013970348245031072,G2M
TCTGTCGGTGCGCTCA-1,-0.03276619799704636,-0.06352349916289377,G1
TCTGTCGGTTATGTGC-1,0.08513954081732106,-0.087007804991652,S
TCTGTCGTCAGTCATG-1,-0.038668598351249084,-0.05364664960073573,G1
TCTGTCGTCCCAATAG-1,-0.04777424168185293,-0.16734325082416157,G1
TCTGTCGTCTGTCTCG-1,0.05253020627065935,-0.12318863734799812,S
TCTTAGTAGATTGACA-1,-0.06856424600831562,-0.13352265027639965,G1
TCTTAGTAGATTGGGC-1,0.006678565544024184,-0.1221930558925387,S
TCTTAGTAGGGCATGT-1,0.189845160274475,-0.031928900959267315,S
TCTTAGTAGTAACAGT-1,-0.05686009733233771,-0.1369975747876203,G1
TCTTAGTAGTCTAGAA-1,-0.05105237406178326,-0.08015720711062668,G1
TCTTAGTCAAATGATG-1,-0.015938721080777818,-0.22995258579850392,G1
TCTTAGTCAGCGACAA-1,-0.0018391313807117338,-0.1378924465507361,G1
TCTTAGTCAGCTACCG-1,-0.07859027915623917,-0.26681091021690806,G1
TCTTAGTGTACTGCGC-1,-0.05358699800022815,-0.20060594766885245,G1
TCTTAGTGTGCCGGTT-1,-0.05077357155587364,-0.19418890058880894,G1
TCTTAGTGTTATGGTC-1,0.09310866765271769,-0.018304314759074236,S
TCTTAGTTCACGGGCT-1,-0.07160277155279537,-0.17796064824297114,G1
TCTTAGTTCACTCACC-1,-0.05117817613666986,-0.20835236154927506,G1
TCTTAGTTCACTGTTT-1,-0.0706653795032911,-0.07216139227396873,G1
TCTTCCTAGGTCCGAA-1,-0.008844811066965996,0.06653528691395127,G2M
TCTTCCTCAACCCTAA-1,-0.09449731539492895,-0.08810553934317245,G1
TCTTCCTCACCGTGGT-1,-0.03183118706773347,-0.08187899545344601,G1
TCTTCCTCATCTTCGC-1,-0.07781570602509402,-0.20144623311689153,G1
TCTTCCTCATGAGTAA-1,-0.0025308880050643467,0.04169202559576013,G2M
TCTTCCTGTATCCTCC-1,0.059890049156331115,-0.10308516145183205,S
TCTTCCTGTCAAGCGA-1,0.04179066204913473,0.00447144394422927,S
TCTTCCTGTGAGTTTC-1,0.0874571295287046,-0.1522326692222265,S
TCTTCCTTCAGCACCG-1,-0.051759229085932446,-0.0878907836988102,G1
TCTTCCTTCTGATGGT-1,0.033470842087255814,-0.11805102705025433,S
TCTTGCGAGAGCCATG-1,-0.017171369512009815,-0.08197411020542028,G1
TCTTGCGAGGAAAGGT-1,-0.007168998024551065,-0.22228521050055738,G1
TCTTGCGCAATTCTTC-1,0.03380644623909437,-0.12639448930823816,S
TCTTGCGCACACGGTC-1,-0.019901241894981547,-0.18093510978085775,G1
TCTTGCGCACGCCAGT-1,0.10665952123202016,-0.043678137859617244,S
TCTTGCGCAGGCCCTA-1,-0.031207311493972267,-0.16795282758557928,G1
TCTTGCGCATCTATCT-1,-0.06036949850455503,-0.10940182081468255,G1
TCTTGCGGTATCAAGA-1,-0.04503697205734447,-0.04866801594430292,G1
TCTTGCGGTGAGACGT-1,-0.06354674695772955,-0.1393879499154614,G1
TCTTGCGGTGATCATC-1,-0.05020706538437952,-0.07428229091291999,G1
TCTTGCGTCGTCTCAC-1,-0.01184647262358357,-0.2210059847007854,G1
TCTTTGAAGATGAATC-1,0.06619602094583799,-0.19983744686610694,S
TCTTTGAAGCACACAG-1,-0.042041695904407095,-0.16656809206201836,G1
TCTTTGAAGCCATTCA-1,-0.07816616890624561,-0.07883225714415687,G1
TCTTTGAAGCTGTACT-1,0.010493238672851096,-0.10275849941802899,S
TCTTTGAAGTGGGAAA-1,-0.046705152892232205,-0.09798082906614394,G1
TCTTTGACAAAGGAGA-1,-0.06146261333460873,-0.11585894651853906,G1
TCTTTGACAAATGGCG-1,0.02140688469076696,-0.09653786259797115,S
TCTTTGACACAATTCG-1,0.06756444234223707,-0.11711729387021624,S
TCTTTGACACCAAATC-1,0.05617052326946623,-0.11891893816762455,S
TCTTTGAGTGCATGAG-1,-0.08201616611784884,-0.07700016077724192,G1
TCTTTGAGTTAGAAAC-1,-0.06911068636876333,-0.12700245632706753,G1
TCTTTGATCGCAGAGA-1,-0.01569967210767964,-0.11740939252993648,G1
TCTTTGATCGCAGATT-1,0.0023737610545642995,-0.16083597360802418,S
TCTTTGATCGTGGTAT-1,0.05889216191645552,-0.2120391541488792,S
TGAACGTAGCGTACAG-1,-0.09329563738566105,-0.05435044370181874,G1
TGAACGTCAATAACGA-1,0.025348980115449116,-0.0953864413078595,S
TGAACGTCACAGCTGC-1,-0.005979354221885391,-0.013277533558171406,G1
TGAACGTCAGCCCACA-1,0.11724614449773924,-0.1943652300977558,S
TGAACGTGTACAGGTG-1,-0.05795958539258944,-0.1952890273739975,G1
TGAACGTGTGGCATCC-1,0.10639479581439787,-0.2658513834033158,S
TGAACGTGTTCCAAAC-1,0.02166634101141307,-0.030925733421034995,S
TGAACGTTCAACGTGT-1,0.04892095017851783,-0.08042762302522993,S
TGAACGTTCACCGGTG-1,-0.054694441988867915,-0.17076535454873024,G1
TGAACGTTCAGCGGAA-1,0.026301112522105874,-0.09429501419369668,S
TGAACGTTCATCGTAG-1,-0.010089922929173767,-0.18999703346215024,G1
TGAACGTTCCATGCAA-1,-0.018099781831953654,-0.04573111389052559,G1
TGAACGTTCCGTCACT-1,0.09095235271661517,-0.12527100180517603,S
TGAATCGAGACGACGT-1,-0.10188548282125987,-0.16752539609353395,G1
TGAATCGAGACTTCAC-1,-0.03523987768427528,0.07299653892003743,G2M
TGAATCGAGCGTGTCC-1,-0.11964846779111576,-0.1992884223231817,G1
TGAATCGAGCTGACAG-1,-0.05294305490175638,-0.1381344378671804,G1
TGAATCGAGCTGTGCC-1,-0.004102730488228623,-0.0845394418494812,G1
TGAATCGCAAGACGGT-1,-0.04612524992479122,-0.07286434394304167,G1
TGAATCGCACATCCCT-1,-0.09035628540176677,-0.04529515401031137,G1
TGAATCGCACCAAAGG-1,-0.034180616160477906,-0.04487336514817708,G1
TGAATCGCACCTATCC-1,-0.06591268768970793,0.009082474328289236,G2M
TGAATCGCAGATAAAC-1,-0.017201782491954143,-0.17404384871709178,G1
TGAATCGCATCACGGC-1,-0.03664378347188341,-0.2259535345469318,G1
TGAATCGCATCAGCTA-1,0.13304990877015876,0.02625009787325494,S
TGAATCGGTACCCAGC-1,0.05192339542932489,-0.11630879397616406,S
TGAATCGGTCACGACC-1,-0.10233762808350189,0.044227519033758045,G2M
TGAATCGGTGGCTCTG-1,-0.027097007644797333,-0.040945643185840985,G1
TGAATCGGTGGTCTGC-1,0.12377914616955332,-0.1863885648010093,S
TGAATCGGTTCCGGTG-1,-0.022822819463151678,0.1506441121759462,G2M
TGAATCGGTTCGAGCC-1,-0.01128836680149542,-0.15894375273871464,G1
TGAATCGTCGGACAAG-1,-0.06850436372771629,-0.07660145353680436,G1
TGAATGCAGAACTGAT-1,-0.05475598261138015,-0.22347957718015088,G1
TGAATGCCACAGAAGC-1,-0.01850829568487744,-0.0708947715941047,G1
TGAATGCCACAGTACT-1,-0.020850372382353016,-0.12895949837790815,G1
TGAATGCCAGCAGGAT-1,-0.02631082689626063,-0.1939153586205815,G1
TGAATGCGTCACTAGT-1,0.010321859048153414,-0.21256179234299608,S
TGAATGCGTCTTGCGG-1,0.03709260694164035,-0.14660044891441049,S
TGAATGCGTTCGTTCC-1,-0.05455892432732817,-0.06001336282466402,G1
TGAATGCTCATTTACC-1,-0.021986924702841276,-0.10930171139467934,G1
TGAATGCTCGCGGTAC-1,0.08180590894989459,-0.07136547392970546,S
TGAATGCTCGTTAGTG-1,-0.02649816010384004,-0.1923214730961254,G1
TGAATGCTCTCGTGGG-1,-0.04526456901699058,-0.11212445149350034,G1
TGACAGTAGTGCCTCG-1,-0.028205105169983202,-0.14932443858703578,G1
TGACAGTCAGCCCACA-1,0.002053673953911317,-0.21101647789274855,S
TGACAGTCAGCTACCG-1,-0.026189656580780374,-0.13371117577392916,G1
TGACAGTCATCGAGCC-1,-0.07661804208013404,-0.11347054746886578,G1
TGACAGTGTAGCGTAG-1,0.0832293535806517,-0.06318369977558647,S
TGACAGTGTTGATGTC-1,-0.07838901958198582,-0.09227087518809435,G1
TGACAGTGTTGTGTTG-1,0.0796146057121922,-0.1560454924469929,S
TGACAGTTCAGCGTCG-1,-0.006089487440808061,-0.08312321892728136,G1
TGACAGTTCATCGCAA-1,-0.06075249080556194,-0.09535248169336286,G1
TGACAGTTCCGTGCGA-1,0.09815782860492528,-0.05782963337256647,S
TGACAGTTCCTGGGTG-1,-0.08675190641400687,-0.1417150818529459,G1
TGACAGTTCCTTTAGT-1,-0.06263719501542486,-0.14052247161329912,G1
TGACAGTTCGTAGGAG-1,0.20235006974770942,-0.15942497578672293,S
TGACAGTTCTATACGG-1,0.0809992673745546,-0.03078820723599096,S
TGACCCTAGGAACATT-1,0.12040971576070958,-0.16092848297130324,S
TGACCCTAGGGACCAT-1,-0.02670037845702733,-0.2129275929340446,G1
TGACCCTAGTAACAGT-1,0.0005320257611530765,-0.21567615503839788,S
TGACCCTCAGAAGTTA-1,-0.05870800529257303,-0.14060293682051045,G1
TGACCCTCATAACTCG-1,0.061237440175091584,-0.23154845710549188,S
TGACCCTGTGAGACCA-1,-0.016834220394926186,-0.11336203390318578,G1
TGACCCTTCCCAAGCG-1,-0.07051490446358233,-0.12371707460703962,G1
TGACCCTTCGTTCAGA-1,-0.04801650762292248,-0.038759800379606635,G1
TGACGCGAGCGTTGTT-1,0.08711151214614743,-0.14058027934443817,S
TGACGCGAGTATAGGT-1,0.007792974057832303,-0.033263584602572616,S
TGACGCGCAACTGATC-1,0.00143511306705979,-0.04391749479911611,S
TGACGCGCATTCGGGC-1,-0.03484079624308445,-0.053927269346138534,G1
TGACGCGGTGAGACGT-1,0.014384223497964588,-0.0933866192079274,S
TGACGCGTCTCTGCTG-1,-0.07060983020636763,-0.08785781389615005,G1
TGACTCCAGAAGATCT-1,-0.07247508022162474,-0.29260632882471027,G1
TGACTCCAGATGGTCG-1,-0.004112378029480945,-0.017652410591395412,G1
TGACTCCAGCGACTTT-1,0.026111570563083497,-0.15013130699939253,S
TGACTCCCAACGCCCA-1,0.06475526365101614,-0.06367800472240143,S
TGACTCCCAAGCAGGT-1,-0.02442617875231584,-0.23629690734273093,G1
TGACTCCCACCAAAGG-1,0.02417294057526076,-0.25302232940358493,S
TGACTCCCATCGATGT-1,-0.010552602182040932,-0.10709339913234443,G1
TGACTCCCATGACAAA-1,0.012516091083414421,-0.13337580433976803,S
TGACTCCGTCACTAGT-1,-0.045761118777422394,0.062251440876534336,G2M
TGACTCCTCCTGTACC-1,0.15284710777632848,-0.12596235364655234,S
TGAGACTAGACCAAGC-1,-0.04926755508430031,-0.20945158393101757,G1
TGAGACTAGCATTTCG-1,-0.0625317996899204,-0.11785611994298595,G1
TGAGACTCAAATCCCA-1,0.02681631866947448,0.06143355791116786,G2M
TGAGACTCAGAATCGG-1,0.09364513810905023,-0.12201946083367005,S
TGAGACTCAGACCGCT-1,-0.02911520616381985,-0.06198524318096693,G1
TGAGACTCAGCTACAT-1,0.08091583705265795,-0.11607924938043773,S
TGAGACTCAGGCGTTC-1,-0.1266198966333606,-0.2648948734484459,G1
TGAGACTGTCACAGAG-1,-0.05118991321653915,-0.22485067193008323,G1
TGAGACTGTTGGTAGG-1,0.19808128827350568,-0.08534059119549553,S
TGAGACTTCCTACGGG-1,0.31236297192133144,-0.16514933247233565,S
TGAGACTTCTCAAAGC-1,-0.08514842516368737,-0.19595606660425924,G1
TGAGACTTCTCCGCAT-1,-0.015147565306502353,-0.036652328485618,G1
TGAGCATAGCCACCGT-1,-0.09363071481210167,-0.14485793481325787,G1
TGAGCATAGCGTTCAT-1,0.012804296367600165,-0.05095337126060406,S
TGAGCATAGGAAAGGT-1,-0.026617094604916958,0.009562562265330032,G2M
TGAGCATCACGACTAT-1,-0.12182714947190651,-0.23894818469611784,G1
TGAGCATGTACCTGTA-1,0.01817762586733701,-0.11751431518131755,S
TGAGCATGTGCTTATG-1,-0.12909420924466572,-0.1208867957820762,G1
TGAGCATGTGTCGCTG-1,-0.03165542031727231,-0.07138984539953547,G1
TGAGCATGTTCCGTTC-1,-0.06356104316869693,-0.3397004677455241,G1
TGAGCATTCTAACACG-1,-0.027966011399117086,-0.05645130304550905,G1
TGAGCGCAGCATCCCG-1,-0.12535276995811767,-0.18808970062597827,G1
TGAGCGCCACTTGGGC-1,-0.029758823601433615,-0.16582270953450212,G1
TGAGCGCGTATCTCTT-1,-0.07256026646729191,-0.1908222812907398,G1
TGAGCGCGTCGCACGT-1,-0.09073727412219795,-0.22580350212495462,G1
TGAGCGCGTGTTTACG-1,-0.0033486367755262147,-0.23656566066507909,G1
TGAGGAGAGCGGTAAC-1,-0.012319842505680634,-0.14100601134101234,G1
TGAGGAGAGTTCCTGA-1,-0.03756446202544836,-0.10330359212885253,G1
TGAGGAGCAGCCCACA-1,-0.012376962618311449,-0.05441571715165511,G1
TGAGGAGGTATCTTCT-1,-0.06764373950016622,-0.18682154507527415,G1
TGAGGAGGTTGCACGC-1,-0.08974624682547658,-0.1818949466555379,G1
TGAGGAGGTTGCATTG-1,0.006869838821186303,-0.15563673609627596,S
TGAGGAGTCCATAGAC-1,-0.10398802844017435,-0.10244947237753133,G1
TGAGGAGTCCTCAGGG-1,0.0572631726456993,-0.10972115026933449,S
TGAGGGACATGAATCC-1,-0.04847167881191461,-0.19975413030701922,G1
TGAGGGAGTGGACCTC-1,-0.0173603021179215,-0.19283286589654672,G1
TGAGGGATCATCCTGC-1,-0.12450467200128501,-0.32329974123231175,G1
TGAGGGATCCTACCAC-1,-0.12772034958353734,-0.216621956585477,G1
TGAGGTTAGGAACGTC-1,-0.05105912992408945,-0.16950320117212642,G1
TGAGGTTCAGCCCACA-1,0.011166624574849848,-0.01289940066801415,S
TGAGGTTGTAGAGACC-1,0.017294575951518232,0.03886343699468861,G2M
TGAGGTTGTTGAATCC-1,-0.012977813077012068,-0.015559231278042984,G1
TGAGGTTTCATGACAC-1,0.13648440781569882,-0.041350753142593066,S
TGAGGTTTCCGGTAAT-1,0.13093697918706676,-0.1007903891738477,S
TGAGGTTTCTTACACT-1,-0.077602309990221,-0.05814490159249969,G1
TGAGTCACAGGACATG-1,-0.07442595636074045,-0.25299619952963165,G1
TGAGTCACAGTCACGC-1,-0.019086902055210797,-0.10368950626270157,G1
TGAGTCAGTACAAGTA-1,-0.07132417515541828,-0.21006327146650966,G1
TGAGTCAGTAGAATAC-1,-0.01804983544085248,-0.17337184010341336,G1
TGAGTCAGTATACGGG-1,-0.06554236030454935,-0.14760240978239436,G1
TGAGTCAGTCGTAATC-1,-0.006332546614386481,-0.17374662821723125,G1
TGAGTCATCACGTAGT-1,-0.06254482162991432,-0.36098456328237244,G1
TGAGTCATCGAAGAAT-1,-0.005071607915778598,-0.029180853618990477,G1
TGAGTCATCGCTTACC-1,-0.03999877326930379,-0.025381820794830423,G1
TGAGTCATCTCCCATG-1,0.03183530484105673,-0.17914312777578234,S
TGAGTCATCTGGCTGG-1,0.06701152381391118,-0.06667153272218806,S
TGATCAGCAGAGAGGG-1,0.1946776248686265,-0.15051977001024597,S
TGATCAGGTAACAGTA-1,0.0004967908050799719,-0.14774965113440636,S
TGATCAGGTAGCACGA-1,0.0036991026960067064,0.0040012286245493245,G2M
TGATCAGGTTCGGCGT-1,0.005286709111162913,-0.012481916032546503,S
TGATCAGGTTGCCAAT-1,-0.07037333019554914,-0.0038410766732330237,G1
TGATCAGGTTGTTGTG-1,-0.049717934738952585,-0.21019974680043274,G1
TGATCAGTCTAGAACC-1,0.00031991132074288275,-0.223387186591296,S
TGATCTTAGGCTTAAA-1,0.0006531703393375388,-0.05360191874144299,S
TGATCTTAGGTTGGTG-1,-0.023379775319584906,-0.1299327980976186,G1
TGATCTTCAACCGTGC-1,-0.1123569621463697,-0.10442323784399316,G1
TGATCTTCACTCGATA-1,-0.028656852474139294,-0.12741404313947757,G1
TGATCTTCAGATACTC-1,0.0068534817350601185,-0.18321282611478254,S
TGATCTTGTAACATAG-1,0.12812570200090873,-0.16244241961730754,S
TGATCTTGTCAGTCCG-1,-0.005108712236956692,-0.07462485259833457,G1
TGATCTTGTCATTGCA-1,-0.060096122300058896,-0.15874818407013808,G1
TGATCTTGTGCGCTCA-1,-0.06427284112779841,-0.2525215475178842,G1
TGATCTTGTGGCACTC-1,-0.010600898734883457,-0.14362410742648996,G1
TGATCTTGTTTCACTT-1,0.00532843457026283,-0.19946603896703488,S
TGATCTTTCATTGTTC-1,0.009161241450789448,0.003920897663814149,S
TGATCTTTCGCATGAT-1,0.10017213823795712,-0.22796589595021055,S
TGATCTTTCTAATTCC-1,-0.06583720440454555,-0.16581782412795737,G1
TGATGCAAGAAGCGCT-1,-0.05188205570632859,-0.14216291624595911,G1
TGATGCAAGATGAAGG-1,-0.017079073467719696,-0.24549420442991157,G1
TGATGCAAGCATGCGA-1,-0.07992912275764164,-0.20422072424981907,G1
TGATGCACAAGGCAAC-1,0.02101489924188593,-0.11360632690168154,S
TGATGCACACCAGCCA-1,0.016704200927861623,-0.07036660863731758,S
TGATGCAGTACGGGAT-1,-0.058272597921734726,-0.1968137495966287,G1
TGATGCAGTATTGACC-1,0.1519356557199638,-0.14301768172033408,S
TGATGCAGTCGAATGG-1,-0.07285610176034141,-0.16334505307389974,G1
TGATGCAGTTAGGCCC-1,0.14412930651331973,-0.09796786591679307,S
TGATGCATCCGATGCG-1,-0.13761039271294395,-0.11817448262326236,G1
TGATGCATCGACACTA-1,0.018512101167156514,-0.07899619617774761,S
TGATGCATCGCAGAGA-1,-0.023909046026092395,-0.09962558626489827,G1
TGATGCATCGCCTAGG-1,0.030396858600195142,-0.1455283618486427,S
TGATGCATCTAAGAAG-1,-0.11836383758842,-0.07741935005166017,G1
TGATGGTAGGGTTAAT-1,0.03692153597049219,-0.3294264421517443,S
TGATGGTCACTCCACT-1,-0.04530995293891754,-0.11674766255222374,G1
TGATGGTCATCGCCTT-1,-0.04992466161322612,-0.12838550600452003,G1
TGATGGTGTAGACGGT-1,-0.14723715394428802,-0.13875170497918587,G1
TGATGGTGTCCGGTGT-1,0.15257763250197215,0.12786983541058827,S
TGATGGTTCGGTGTTA-1,-0.13682236731809955,-0.15814358461542566,G1
TGATTCTAGATACATG-1,0.06666470744843733,-0.12689216984233212,S
TGATTCTAGCCATATC-1,-0.0073375820324957375,-0.17575128638625545,G1
TGATTCTCACTGTCGG-1,0.14510138590619642,-0.10831580231044202,S
TGATTCTCAGGACAGT-1,-0.015950770952857185,0.014762679703221926,G2M
TGATTCTCATCCGTTC-1,-0.09179246965442983,0.038302787222935564,G2M
TGATTCTTCACTGATG-1,-0.06252059846960234,-0.28490022271093907,G1
TGATTCTTCCCTTGTG-1,-0.006365403166264327,-0.17125024378227927,G1
TGATTCTTCCGTATAG-1,-0.04975375284200792,-0.03303041285515382,G1
TGATTCTTCGAACCTA-1,0.01570303124511019,-0.23270457380967713,S
TGATTCTTCTAGTCAG-1,0.012982294438137976,-0.06763952864909462,S
TGATTCTTCTAGTGAC-1,-0.05721301618523805,-0.1054976922252725,G1
TGATTCTTCTCGACGG-1,-0.0043662503592771795,-0.016472675096507405,G1
TGATTTCAGACGCATG-1,-0.05691912478551808,-0.12113671588017155,G1
TGATTTCAGCTCCGAC-1,0.019098990630233736,-0.17570342259872035,S
TGATTTCCAAGTGCAG-1,-0.018121072395545834,-0.14214331592752041,G1
TGATTTCCACTAACCA-1,0.027748600087437875,-0.07495966981843172,S
TGATTTCGTACCAATC-1,-0.11084778535474221,-0.23549857054778253,G1
TGATTTCGTCTTCTAT-1,-0.08135753156631986,-0.12723844059226114,G1
TGATTTCTCAAGCCGC-1,0.0727781788479065,-0.11783379046775849,S
TGATTTCTCAAGGACG-1,-0.019868953196441608,-0.08640759420655397,G1
TGATTTCTCACTACGA-1,-0.01760963113601549,-0.07023904222580923,G1
TGATTTCTCAGTCCGG-1,-0.053778932460758544,-0.17774982048571186,G1
TGATTTCTCATGAAAG-1,0.017264925810793808,-0.10793723751782741,S
TGATTTCTCCTTATGT-1,-0.026975771466413223,-0.027077438182443625,G1
TGATTTCTCTCACGAA-1,-0.01650858593703647,-0.09802118189233794,G1
TGCACGGAGAATTGTG-1,-0.020977007281857474,-0.18595075383416962,G1
TGCACGGAGCGAATGC-1,0.013424828550241186,0.10669406168251905,G2M
TGCACGGAGGTTATAG-1,-0.014448833503163616,-0.154342218324509,G1
TGCACGGCACGGCTAC-1,-0.022725147040041915,-0.11194775236979781,G1
TGCACGGCATACATCG-1,0.03090608021196517,-0.17388420835054924,S
TGCACGGCATGGCCCA-1,-0.018100809804119933,-0.0799869131334911,G1
TGCACGGGTGCCTATA-1,-0.07623680431256635,0.03528342527403805,G2M
TGCACGGTCCAATGCA-1,-0.01763715255018017,-0.16551384221651688,G1
TGCACGGTCGATGGAG-1,0.05727900376625977,0.028637468227053348,S
TGCACGGTCTATTGTC-1,-0.12157934150859245,-0.2608826285397482,G1
TGCAGATAGAATCGTA-1,-0.053646816099254535,-0.12573916029905563,G1
TGCAGATAGAGCCTGA-1,0.10481497641854293,-0.16217867909000785,S
TGCAGATAGCTTAAGA-1,-0.016110146085242583,-0.0371945096375591,G1
TGCAGATAGGTTAAAC-1,-0.024428575554150955,-0.09592691848667256,G1
TGCAGATAGTTGGCGA-1,-0.008934973793369771,-0.011037650361433171,G1
TGCAGATCAGTTAAAG-1,-0.10220098287944118,-0.09353547649467775,G1
TGCAGATCATGCCGGT-1,-0.07279726534838227,-0.01587714707485416,G1
TGCAGATCATGTGGCC-1,0.020543969617560554,-0.18270575511874382,S
TGCAGATGTCAAAGCG-1,-0.08324870526257372,-0.26790579782321206,G1
TGCAGATGTGGATTTC-1,-0.05653050810938681,-0.22681268842459212,G1
TGCAGATTCCCGATCT-1,-0.09687957193959373,-0.21784983468110236,G1
TGCAGATTCGGAATGG-1,-0.08581147956226537,-0.079124116107751,G1
TGCAGATTCTCTGCTG-1,-0.00163068861127591,-0.006488715023285602,G1
TGCAGGCAGAGCCTGA-1,0.045899390507442406,-0.02553615899983444,S
TGCAGGCCAAATGCTC-1,-0.08934692627963475,-0.1798490213652471,G1
TGCAGGCCAATCTCGA-1,0.0555738408623489,-0.14627197909741757,S
TGCAGGCCACTCATAG-1,0.07574565826874763,0.04131371513072274,S
TGCAGGCCAGACCATT-1,-0.04378378267742611,-0.022803730791796484,G1
TGCAGGCCAGCCTACG-1,0.061961829750481756,-0.16537770984780092,S
TGCAGGCGTAGGACTG-1,-0.04243841287704897,-0.21673822758336897,G1
TGCAGGCGTGCAGTGA-1,0.09162587834691,-0.13061606282473603,S
TGCAGGCGTGGTAACG-1,-0.013792315569378683,-0.06568902342788022,G1
TGCAGGCGTTCACCGG-1,-0.12796361960247465,-0.21667061286832923,G1
TGCAGGCTCAGCCTTC-1,-0.05907470766368905,-0.17423831470026024,G1
TGCAGGCTCCCTTTGG-1,-0.010541994471523375,0.03375806734066006,G2M
TGCAGGCTCGGTCGAC-1,0.021037013269609606,-0.0964301254646387,S
TGCAGGCTCGTTCAGA-1,0.03759135866352492,0.08341716997198106,G2M
TGCAGTAAGCACTCGC-1,-0.1272794679933556,-0.0765170498059744,G1
TGCAGTAAGCACTGGA-1,-0.027910701918176906,-0.12305614038717455,G1
TGCAGTAAGCACTTTG-1,-0.012784407128629383,-0.15197166750614288,G1
TGCAGTAAGCAGAAAG-1,-0.02500817993986104,-0.2594199018059091,G1
TGCAGTAAGCCTATTG-1,0.07540343326223914,-0.2328313593777634,S
TGCAGTAAGGCACTCC-1,-0.11455563257181928,-0.2493375895849091,G1
TGCAGTACACGTGTGC-1,0.0558735225069511,-0.09200309613062574,S
TGCAGTACAGGATCTT-1,0.10993226357231745,-0.023193925324186793,S
TGCAGTAGTCCATCTC-1,0.07284342625534185,-0.1045030269250275,S
TGCAGTAGTGAGCCAA-1,-0.039449629021635846,-0.18208130418067267,G1
TGCAGTATCCGCGATG-1,0.01943392375321834,-0.053722685672965814,S
TGCATCCAGCTACGTT-1,0.04363158362690023,-0.09961619758402884,S
TGCATCCAGGTTCTTG-1,-0.04389032955291655,-0.12833887220766904,G1
TGCATCCAGTAGCAAT-1,-0.018405359095617635,-0.03833565415600826,G1
TGCATCCAGTTGGACG-1,0.08186072932521532,-0.0016314319584428971,S
TGCATCCGTACATTGC-1,0.020237784132450864,-0.129236290792062,S
TGCATCCGTACCATAC-1,-0.037031909264064466,-0.20000323671999404,G1
TGCATCCGTCACGCTG-1,-0.014413820288766865,-0.22037320592030427,G1
TGCATCCGTGCAGTGA-1,0.04301266904623163,-0.21506058970230585,S
TGCATCCTCGGTCAGC-1,0.21297623203105304,-0.10161685475863158,S
TGCATCCTCGTCGCTT-1,-0.0001930562638930433,-0.10199873070354565,G1
TGCATCCTCTTCTAAC-1,-0.0545885946116898,-0.13258043053849577,G1
TGCATGAAGGTCCGAA-1,-0.1041662312774132,-0.21194064929469386,G1
TGCATGACACAGTCAT-1,-0.13911339814724538,-0.11192224121147015,G1
TGCATGACATAACTCG-1,-0.11292035992506733,-0.2141218051428012,G1
TGCATGACATTGTGCA-1,0.0027015052593747924,-0.06953323527650673,S
TGCATGAGTCACAATC-1,-0.004260804011847086,-0.2316986907307277,G1
TGCATGAGTGAGTAAT-1,-0.018956258410224025,-0.1670594402572437,G1
TGCATGAGTTCGTACA-1,-0.013142269094315095,-0.16919450191608132,G1
TGCATGATCAACACCA-1,-0.010512424840681434,-0.04852791765336956,G1
TGCATGATCATTGCCC-1,-0.13854854435217287,-0.1652281701594959,G1
TGCATGATCTGCCCTA-1,0.10966298996066676,0.07992708814305804,S
TGCCGAGAGGCACTAG-1,-0.10409242127214202,-0.14211892947668248,G1
TGCCGAGAGGGTCAAC-1,0.056031322911301584,0.1577712537031667,G2M
TGCCGAGCAACCGATT-1,-0.021340085220930227,-0.016242092849592715,G1
TGCCGAGCACCCTATC-1,0.16585601971928382,-0.10741142681231619,S
TGCCGAGCAGAACTTC-1,0.1316227744264536,-0.030342932731022954,S
TGCCGAGCAGGCTCTG-1,-0.10424122474562386,-0.06044973797841685,G1
TGCCGAGCATTCACCC-1,0.03846554702794419,-0.04792819341811655,S
TGCCGAGGTATGGGAC-1,0.01643890851373353,-0.32687716209168327,S
TGCCGAGGTCCCTGTT-1,-0.12953751718930612,-0.13169781027691968,G1
TGCCGAGGTCGGCCTA-1,-0.0287751196485235,-0.17305704410149425,G1
TGCCGAGGTGAGACCA-1,0.05527475712487395,-0.03300031712556528,S
TGCCGAGTCAAGCCGC-1,-0.06417480531088576,-0.04887860397214494,G1
TGCCGAGTCATCGCCT-1,0.10773100624147691,-0.23808404768580463,S
TGCCGAGTCCTGTAGA-1,-0.05617453301728051,-0.10575133433813133,G1
TGCCGAGTCGCAGTGC-1,-0.110033359120431,-0.1890029075114802,G1
TGCGACGAGTATTCCG-1,-0.13986199211347491,-0.19806843437485255,G1
TGCGACGAGTTTAGGA-1,-0.02151923788078286,-0.13365510698824873,G1
TGCGACGCACTCCTTG-1,0.21886809160464038,-0.19477267447838437,S
TGCGACGCACTTACAG-1,-0.07748662107207377,-0.2903973169243388,G1
TGCGACGGTAAGGCCA-1,0.014241205484038622,-0.082073951631838,S
TGCGACGGTCCTTGTC-1,0.01290801618221682,-0.1607084479864711,S
TGCGACGGTGTAGTGG-1,0.011301022179024345,-0.1294710837675086,S
TGCGACGGTGTGTTTG-1,-0.003883045435201349,-0.1684140272514862,G1
TGCGACGGTTGCTGAT-1,0.10690390309566805,-0.043139676641744173,S
TGCGACGGTTGGTAGG-1,0.10368278627868782,0.021726442686293368,S
TGCGACGGTTTACCAG-1,-0.06305598265685364,-0.3409774424241462,G1
TGCGATAAGGTCCCTG-1,0.014946394519452733,-0.11412818351164877,S
TGCGATAAGGTCCGAA-1,-0.08973614946354741,-0.1188465016071274,G1
TGCGATAAGTCCGCGT-1,0.07138679567735434,-0.14150906596212826,S
TGCGATACATCCGAGC-1,-0.05531674293159394,-0.3409034060584626,G1
TGCGATACATTGTGCA-1,0.1735235464792116,-0.13279384924442322,S
TGCGATAGTAGTATAG-1,0.10425243514859514,-0.06048806379101612,S
TGCGATAGTCTGTGCG-1,0.03544183484917712,-0.13835691612123402,S
TGCGATAGTGGAACCA-1,-0.034986756618382575,0.013589404751338852,G2M
TGCGATAGTTCCAAAC-1,-0.015970404209201594,-0.16081292413723497,G1
TGCGATATCCTCACCA-1,-0.00969209852531494,-0.0015359812323984534,G1
TGCGGCAAGTCAGGGT-1,-0.01761331418830664,-0.10120643812939306,G1
TGCGGCAAGTGATTCC-1,-0.0863236899983397,-0.07317774865875848,G1
TGCGGCACACATATGC-1,0.04033799837735741,-0.0691791385479319,S
TGCGGCACACCGTGAC-1,-0.12283954459260729,-0.027897253498080532,G1
TGCGGCACATGGCCAC-1,0.13378700451867037,-0.07177258957708432,S
TGCGGCAGTGCATACT-1,0.05401333303897454,0.04201802504455282,S
TGCGGCAGTTCCGTTC-1,-0.04657692318572207,0.09055672509524648,G2M
TGCGGCATCCACGAAT-1,-0.09470756658122531,-0.1598365874676061,G1
TGCGGCATCCTTCTGG-1,-0.07631408075327817,-0.10007808522775444,G1
TGCGGCATCTGAACGT-1,0.09505888498496162,-0.055633851499878595,S
TGCGGCATCTTCGATT-1,0.2263929704374354,-0.3506477478734713,S
TGCGGGTAGAAGCTGC-1,-0.007861680900551782,-0.08775291637957106,G1
TGCGGGTAGCCGATAG-1,0.0007901277859425071,-0.16404096940366358,S
TGCGGGTCAAGTCGTT-1,0.0063161985815804456,-0.15212131991820943,S
TGCGGGTGTCGTGGAA-1,0.023155487687941956,-0.012750092819128922,S
TGCGGGTGTTCGGCGT-1,-0.05490902659533947,0.06387145058216076,G2M
TGCGGGTTCCCGGTAG-1,-0.01765485764333885,-0.19405720526171735,G1
TGCGGGTTCCTTGAAG-1,0.007394304219374037,0.0306000557642917,G2M
TGCGGGTTCGCATTGA-1,-0.08676310388366365,-0.035312845576563334,G1
TGCTCCAAGAGGTGCT-1,-0.03167644603891773,-0.09572065396106072,G1
TGCTCCACAATCTAGC-1,-0.11312701164061723,-0.13552488395239892,G1
TGCTCCACAGATTAAG-1,-0.009778420897990525,-0.10031160761398555,G1
TGCTCCAGTACCGTGC-1,0.011649537189852288,-0.15551520725149903,S
TGCTCCAGTCTCAGAT-1,-0.07295977819985472,-0.08713633305070215,G1
TGCTCCAGTGCTTATG-1,-0.11872424017439753,0.039073535310028384,G2M
TGCTCCAGTTCTCGTC-1,0.09815545957738303,-0.08163285929161346,S
TGCTCCATCCCATACC-1,-0.06289420740847132,-0.06038234215254781,G1
TGCTCCATCCCTCTAG-1,0.04365574525696869,-0.15028100275650863,S
TGCTCCATCCTTTAGT-1,0.016169442713030002,-0.23906340016548536,S
TGCTCCATCGATACTG-1,-0.016296190649702835,-0.1668590795470926,G1
TGCTCCATCGTTCCTG-1,0.07863399440576829,-0.2613647200034925,S
TGCTCGTAGACCTTTG-1,-0.08415679949100602,-0.05100285323002868,G1
TGCTCGTAGCAGGTCA-1,-0.03884207095805864,-0.10553367908640177,G1
TGCTCGTAGCCTATCA-1,0.005107235026112711,-0.11111157989089138,S
TGCTCGTAGCTGAAAT-1,0.004904473861717662,-0.3148930768028031,S
TGCTCGTAGGTGCAGT-1,-0.08245728669951513,-0.18636193035006485,G1
TGCTCGTCACAAGCTT-1,-0.11618061532808982,-0.10066990115540053,G1
TGCTCGTCACGGTGAA-1,-0.08486164207525909,-0.1761362649644848,G1
TGCTCGTCAGCTATAC-1,-0.014006440800687359,-0.20446547376956178,G1
TGCTCGTCATGGGTTT-1,0.017379078186517072,-0.026766862014180104,S
TGCTCGTGTCGAGCTC-1,0.03816556187078496,-0.02714747369519316,S
TGCTCGTGTGCGAGTA-1,-0.07494235019054224,-0.22322779044847305,G1
TGCTCGTGTGGCATCC-1,-0.07646410477597859,-0.13368768041008583,G1
TGCTCGTGTTCTTGTT-1,-0.09863809920245054,-0.16885735256087275,G1
TGCTCGTTCACAGTGT-1,0.07843099148539273,-0.17401803292829154,S
TGCTCGTTCAGGGTAG-1,-0.07309461202855916,-0.13420112860478897,G1
TGCTCGTTCCACGGAC-1,-0.04396607800335861,-0.14825514015265803,G1
TGCTCGTTCTAAACGC-1,-0.0422759805031257,-0.1408110976254549,G1
TGCTCGTTCTGTAACG-1,-0.025147896159439465,-0.08795102947246358,G1
TGCTGAAAGACTCCGC-1,-0.15070735404638758,0.0664980156977249,G2M
TGCTGAAAGAGGCGGA-1,0.09417392287860027,-0.018569256463586148,S
TGCTGAAAGATTGTGA-1,0.018531380632684002,-0.15076233278555878,S
TGCTGAAAGCAAGTCG-1,0.045083950834776954,0.1447438833016207,G2M
TGCTGAACACTGCGAC-1,0.030837818760262203,0.2505258814491596,G2M
TGCTGAACAGAGCGTA-1,-0.03263361448422414,-0.12223807605173931,G1
TGCTGAACAGTGTATC-1,-0.04992414137065215,-0.09651740470005876,G1
TGCTGAACATGTGTCA-1,-0.03732895797684288,-0.14250367108865825,G1
TGCTGAAGTATCGAAA-1,0.010247980302315829,-0.13152518319090706,S
TGCTGAAGTCCTTGTC-1,-0.04235941955500966,-0.11925457161129083,G1
TGCTGAAGTCGGCTAC-1,0.06671843583168513,-0.030121273505315904,S
TGCTGAAGTGAATAAC-1,-0.013277328981189551,0.2554622370700751,G2M
TGCTGAATCGCACGAC-1,-0.12568937304683153,-0.24353370733419077,G1
TGCTGAATCTCTCCGA-1,-0.0638233103512405,-0.16889978441804981,G1
TGCTGAATCTGGGCAC-1,-0.008843414980336972,-0.04338034183937045,G1
TGCTGAATCTTTCCAA-1,-0.10604683769592377,-0.017869571852712762,G1
TGCTTCGAGAAATGGG-1,0.08503734823314202,-0.23166422365955724,S
TGCTTCGAGAGCAGCT-1,0.08045377554338917,0.04464211166888127,S
TGCTTCGAGCAAATCA-1,-0.07138888583030373,-0.14753441742943693,G1
TGCTTCGAGTTCATGC-1,0.01551386574253838,-0.15240115419272332,S
TGCTTCGAGTTGCGAG-1,-0.1920300995131325,-0.04729876024625301,G1
TGCTTCGCACTCAGAT-1,-0.006117487630107277,-0.09035560548052707,G1
TGCTTCGCATACACCA-1,-0.078076246545491,-0.24128170621656658,G1
TGCTTCGGTATCAGCT-1,0.008312757369853707,-0.1879813968443453,S
TGCTTCGGTCGTTCAA-1,0.07268378857667301,-0.07417487049473981,S
TGCTTCGTCATAGAGA-1,0.03221955707322466,-0.21665772192743632,S
TGCTTGCAGGATACCG-1,-0.10496254343482939,-0.12527494810227313,G1
TGCTTGCAGGCTAACG-1,0.11515015138092782,-0.06615574900500115,S
TGCTTGCCACGGTGTC-1,0.013946349970392458,-0.118431293751947,S
TGCTTGCCACTACCCT-1,-0.0840094286730998,-0.302242313259369,G1
TGCTTGCGTACCGGAA-1,-0.04090004966868699,-0.15029292138005307,G1
TGCTTGCGTCAATCTG-1,0.1510544921603918,0.043619419416363325,S
TGCTTGCGTCTGTAAC-1,-0.012151031453400685,-0.16898340420938274,G1
TGCTTGCGTCTTGCGG-1,-0.007302172169511234,-0.08981698030384544,G1
TGCTTGCGTGCTTATG-1,0.005103250304261897,-0.20567716124078872,S
TGCTTGCGTTCGTACA-1,0.12983794738181587,-0.10838814251809015,S
TGCTTGCTCATTGCCC-1,-0.012371304907569103,-0.08219496781404095,G1
TGCTTGCTCCCATACC-1,-0.02822795148197138,-0.17571151469000296,G1
TGGAACTAGTCCCGAC-1,-0.07600993014736518,-0.026823791209080017,G1
TGGAACTAGTCCGTCG-1,0.04070256203092831,-0.08790872515360026,S
TGGAACTAGTGTAGTA-1,-0.03487893746041576,-0.1777239215356723,G1
TGGAACTCAAGTTTGC-1,0.02441399657242954,-0.054778490646959166,S
TGGAACTGTGGACCAA-1,-0.06556918658539529,-0.30054173694175346,G1
TGGAACTGTGGGACAT-1,-0.07416366041773886,-0.13677898999764254,G1
TGGAACTTCATGCCGG-1,-0.003716457619676483,-0.20430787919281043,G1
TGGAACTTCCCATGGG-1,-0.06141360368730697,-0.05025725292859451,G1
TGGAGAGAGGAAAGTG-1,0.0432526057297008,0.0007363217975549508,S
TGGAGAGCAAGGTTGG-1,-0.03651179447119346,-0.07202518263654323,G1
TGGAGAGCATGAATCC-1,0.12512018075525788,-0.18404263391248896,S
TGGAGAGTCCTTCAGC-1,-0.09309949156311059,-0.2776049428404531,G1
TGGAGGAAGAGTATAC-1,0.21830279696137794,-0.11875118551040714,S
TGGAGGAAGCACTCTA-1,-0.07298721651747403,-0.14591342465342752,G1
TGGAGGAAGCTCGAAG-1,0.030257351754811146,-0.13309952063070524,S
TGGAGGACAACGGCTC-1,-0.00192799143135014,-0.10978587138605572,G1
TGGAGGACACTGCATA-1,0.024414655007468533,-0.1491823900851415,S
TGGAGGACAGCAGTGA-1,-0.028073013268610114,-0.17638864439477125,G1
TGGAGGACATCTGTTT-1,-0.045544534809868975,-0.085461015627887,G1
TGGAGGAGTATGTCTG-1,-0.027854894730963087,-0.11761082476499934,G1
TGGAGGAGTTGACGGA-1,-0.1775533850011624,-0.06570315990641418,G1
TGGAGGAGTTGTTGCA-1,-0.011459525541348825,-0.20862655610685155,G1
TGGAGGATCACCTTGC-1,0.05608886830364507,-0.13852617595939534,S
TGGAGGATCCACGAAT-1,-0.06774320848998716,-0.21281121976567877,G1
TGGAGGATCCGATCGG-1,0.06421359180360858,-0.07296640755229566,S
TGGAGGATCGCTGACG-1,0.05104638621202273,-0.05085363563339318,S
TGGAGGATCTCTCAAT-1,-0.08615807483272858,0.10196048925066631,G2M
TGGAGGATCTTACCGC-1,0.10998865075401804,-0.18102273604300273,S
TGGATCAAGGGAGGAC-1,-0.08684374701162834,-0.1265905456918493,G1
TGGATCAGTAGCTTGT-1,-0.08611729400674989,-0.09734887134476827,G1
TGGATCAGTGGCAGAT-1,-0.04961135953950346,-0.3098342161038933,G1
TGGATCAGTTCGGGTC-1,0.020774855422073135,-0.3077196091220513,S
TGGATCATCAAATGCC-1,-0.11266070430204544,-0.13325659413471122,G1
TGGATCATCCATTGCC-1,0.08863779082114731,-0.04549171991464618,S
TGGATCATCCCTCATG-1,-0.030664838072068018,0.0010249938513416101,G2M
TGGATCATCTGACAGT-1,-0.005844249553409564,0.11911523795099987,G2M
TGGATGTAGCTTTGTG-1,0.0408656634290418,-0.1852470616247472,S
TGGATGTAGGCCATAG-1,-0.11545550908541236,-0.07683929870950629,G1
TGGATGTAGGTGGGTT-1,-0.05792345860365131,-0.23320499361274008,G1
TGGATGTAGTCGTCTA-1,0.2568225382628901,-0.1854625466735764,S
TGGATGTAGTCTGTAC-1,0.17216248882706486,-0.17407323666063998,S
TGGATGTCAATGTTGC-1,0.12669661521171993,-0.03848580540234625,S
TGGATGTCACCAGGTC-1,-0.008471532655114578,-0.02516964408103889,G1
TGGATGTGTACTAGCT-1,-0.032869048094765735,-0.17354087771496823,G1
TGGATGTGTCACTGAT-1,0.26641372686548714,-0.05289637209547521,S
TGGATGTGTCATAGTC-1,0.14414479441604794,-0.054163011251915694,S
TGGATGTGTTCGAACT-1,-0.01277926697679832,-0.04618747340917706,G1
TGGCGTGTCCCTCGAT-1,-0.06728581144524376,-0.2000219400089718,G1
TGGCGTGTCGTGACTA-1,-0.0895413824778179,-0.1709183027159493,G1
TGGGAAGAGAGGGTGG-1,0.008121945230018524,-0.08199536808915375,S
TGGGAAGAGCCAACCC-1,0.04308952455605786,-0.18566598653015157,S
TGGGAAGAGGATTACA-1,0.03471204606766731,-0.14763658748707476,S
TGGGAAGCAATTGCGT-1,0.10429284477228223,-0.19072535839769605,S
TGGGAAGCACATCCCT-1,0.037076436596408247,-0.13312594423228652,S
TGGGAAGCAGCGTGCT-1,0.08007886882724768,-0.24013779044469652,S
TGGGAAGGTACTGCCG-1,0.20524761020129595,-0.21158888900410877,S
TGGGAAGGTCGGAACA-1,0.04327900479083696,-0.1120204792372595,S
TGGGAAGGTGCATGAG-1,0.10845918928733023,-0.22279311384139427,S
TGGGAAGTCAGGGTAG-1,-0.09788734152504569,-0.1714721953540324,G1
TGGGAGAAGGTTGACG-1,0.05461481467575385,-0.08312526443409801,S
TGGGAGACATCATGAC-1,-0.04008768516636657,-0.10704719792874162,G1
TGGGAGACATGACCCG-1,0.08989187971308604,-0.08702992514890817,S
TGGGAGAGTGGAGGTT-1,-0.10719125662409706,-0.13459961880371343,G1
TGGGATTAGACTTCGT-1,-0.05333653148096107,0.16572328997326646,G2M
TGGGATTCAAGAATAC-1,0.016016924080303974,-0.10527320388616301,S
TGGGATTCATCCAATG-1,0.06519768265662068,0.17532986377647292,G2M
TGGGATTGTGAGTAGC-1,0.11833524936981232,-0.1521565937832368,S
TGGGATTGTTCCACAA-1,0.1757154170690859,-0.08025187103413706,S
TGGGATTTCACCTCGT-1,-0.06151609464305052,-0.10997906226906079,G1
TGGGATTTCCGACGGT-1,0.02035111773236914,-0.0983516762094453,S
TGGGATTTCCTTATAC-1,0.014510966164311745,-0.19004534303454326,S
TGGGATTTCGATACTG-1,-0.01814118654485508,-0.009703099200174314,G1
TGGGATTTCTCCGAAA-1,-0.03817801202894677,-0.26305327775759546,G1
TGGGCGTAGGATGAGA-1,-0.12287660342085174,-0.2379443584429688,G1
TGGGCGTAGTTGCATC-1,-0.060149462231206985,-0.054284544628447534,G1
TGGGCGTCAGCCGGTT-1,0.02555955015644673,-0.025865210612591394,S
TGGGCGTCAGCGTTGC-1,-0.09190718083017074,-0.16737106414726208,G1
TGGGCGTCAGGTCTCG-1,-0.025203376149964096,-0.12681156159978657,G1
TGGGCGTGTAACGCGA-1,0.13481611442864194,-0.21879168360993137,S
TGGGCGTGTCGTGGAA-1,-0.1503484385329062,-0.1982463669515165,G1
TGGGCGTTCGAAACAA-1,-0.05381696500591515,-0.0801971611590363,G1
TGGGCGTTCTCCAAGA-1,0.14868905070285132,-0.10038153007006229,S
TGGGCGTTCTTGTTAC-1,-0.06323688218715667,-0.19013239535763063,G1
TGGGCTGAGAATTGCA-1,0.07664315259515087,-0.1635698406836101,S
TGGGCTGAGTTGCTCA-1,0.0213352441196627,-0.13954519623371608,S
TGGGCTGCAATACCTG-1,-0.1467397468991075,-0.07551110102698261,G1
TGGGCTGCACAAGCTT-1,0.07310572606217114,-0.11804395624757044,S
TGGGCTGCACTCCACT-1,-0.007813279911195015,-0.17214815951974172,G1
TGGGCTGCAGATCCAT-1,0.04153974013169898,-0.015152303858705363,S
TGGGCTGCAGCGATTT-1,-0.06595442090879655,-0.1361100167858451,G1
TGGGCTGGTAGGGTAC-1,0.12608715536891846,-0.042068766417373615,S
TGGGCTGGTGCGTCGT-1,-0.040700786658686205,-0.18137973698144344,G1
TGGGCTGGTTTAGTCG-1,0.0038986728883924626,-0.15218842430521562,S
TGGGCTGTCGCGTCGA-1,-0.03304811072258307,-0.21428612189753743,G1
TGGGTTAAGAAATTGC-1,0.004466343058187661,-0.12342233567784411,S
TGGGTTAAGACCAACG-1,-0.005219211630344889,-0.00040046041785368747,G1
TGGGTTAAGATGATTG-1,-0.006485651223257338,-0.22859599624300078,G1
TGGGTTAAGGCACAAC-1,0.01070820731792882,-0.18483445453495653,S
TGGGTTAAGGGCCAAT-1,-0.13633800213021724,-0.17013256571432825,G1
TGGGTTAAGGTAGCCA-1,-0.06857173790554755,-0.1491253762808381,G1
TGGGTTAAGTATGATG-1,0.1560813369371707,-0.19105179507552658,S
TGGGTTACAATTCTCT-1,-0.04537444221162612,-0.06244231602863165,G1
TGGGTTACACCAGTTA-1,0.03919484240350746,-0.2082883283770815,S
TGGGTTACACGTACAT-1,-0.05423894549468383,-0.07302723275804296,G1
TGGGTTAGTATGAGCG-1,-0.07571292789751893,-0.314791324573798,G1
TGGGTTAGTCGACGCT-1,0.10532409378779839,-0.25384987015865923,S
TGGGTTAGTGGCATCC-1,-0.014297514968852565,-0.0965222196958665,G1
TGGGTTAGTTGACTGT-1,0.09919991172862858,-0.12152380000576807,S
TGGGTTATCATTCGGA-1,0.02638299702192537,-0.029360906657447228,S
TGGGTTATCCGTACGG-1,0.11649956458807015,-0.07278148305627713,S
TGGGTTATCCTCACTG-1,-0.03519395386113633,-0.1297526844526622,G1
TGGGTTATCGAACCAT-1,-0.0651405360306952,-0.14976331014265143,G1
TGGTACAAGATTACCC-1,0.07624633998064861,-0.11781426993150951,S
TGGTACAAGGTAGGCT-1,0.1086158554400028,-0.12431844949967813,S
TGGTACAAGTGTACAA-1,-0.05946300983394598,0.015309176583914563,G2M
TGGTACACACTACGGC-1,-0.02311461695926109,-0.08388839201539094,G1
TGGTACACATGATGCT-1,-0.0426230506525625,-0.13266945108304468,G1
TGGTACAGTCAGGCAA-1,0.09144928732398527,-0.13561290146853316,S
TGGTACAGTCCATCTC-1,-0.06730085599395225,-0.056988035505008916,G1
TGGTACAGTCTTGCTC-1,-0.01034410276468778,-0.030329118111120545,G1
TGGTACATCATTTGTC-1,-0.08589919027774795,-0.15149514839473718,G1
TGGTACATCCAAGCCG-1,0.18960796797566692,0.06346268965391366,S
TGGTACATCCACACCT-1,-0.022547773939591953,-0.03935886917911913,G1
TGGTACATCCTACCAC-1,0.008810073574666788,-0.2487151115124119,S
TGGTAGTAGACAGTCG-1,-0.07589185579253294,-0.22086709980490846,G1
TGGTAGTAGGGCGAGA-1,-0.10687383250905733,-0.1742214211336806,G1
TGGTAGTAGGTCACTT-1,-0.09878755110381926,-0.2250419314282606,G1
TGGTAGTCAACTTCTT-1,-0.008447046172520345,-0.10329502879332136,G1
TGGTAGTTCAGCTAGT-1,-0.04357056434629375,-0.19957171791795347,G1
TGGTAGTTCGGACTTA-1,0.040627455266883106,-0.06270196369464037,S
TGGTAGTTCGGCTTGG-1,-0.047044973627916487,-0.22334406018130215,G1
TGGTAGTTCGTGCGAC-1,-0.00600718118560406,-0.023519900770075652,G1
TGGTAGTTCTCCAAGA-1,-0.07740368160179406,-0.17198745610087962,G1
TGGTGATAGAAATCCA-1,-0.14507435692797965,-0.2939373326830488,G1
TGGTGATAGATTACCC-1,0.19537588449282106,0.12824560180086664,S
TGGTGATCAAGCGCAA-1,-0.035308629114596424,-0.08500124921165009,G1
TGGTGATCACTTCAAG-1,-0.1257084274403542,-0.09094016036333469,G1
TGGTGATGTCGCTGCA-1,-0.028993876348239023,-0.10445020272603484,G1
TGGTGATGTCTACACA-1,-0.0067018620323553435,-0.16058365261199126,G1
TGGTGATGTTGGGATG-1,0.013593259589409101,-0.21824708446089675,S
TGGTGATGTTGGGTAG-1,-0.05096810622694231,-0.09307708435287637,G1
TGGTGATTCATGGCCG-1,0.006729861397155812,-0.2165197056803333,S
TGGTGATTCCAACACA-1,0.01393451450033345,-0.24142023838461282,S
TGGTGATTCTTTCGAT-1,-0.04285893713927641,-0.2604464144734441,G1
TGGTTAGAGGTAGCCA-1,-0.06003507807432207,-0.19115289610508732,G1
TGGTTAGCAAGGACAC-1,0.02188524726874369,-0.13936165468447215,S
TGGTTAGCACAAGCCC-1,0.03202712607041902,-0.11969077351801022,S
TGGTTAGCATACAGCT-1,-0.07914917219684503,0.06374544815458444,G2M
TGGTTAGGTCCACTCT-1,0.032248845339810595,-0.11845272158689207,S
TGGTTAGGTCGAGTGA-1,-0.024442888885593372,0.06945465592850464,G2M
TGGTTAGGTCGGCTAC-1,-0.007901070635394192,-0.08809091015593468,G1
TGGTTAGGTTCTCCAC-1,-0.09567800785665953,-0.05590656195558619,G1
TGGTTAGTCAGGTAAA-1,-0.06222088804837539,-0.23273930484620653,G1
TGGTTAGTCATCACTT-1,-0.05855485926476267,-0.32430568701510193,G1
TGGTTAGTCCCTCGTA-1,-0.0592909898000164,0.011635676116594496,G2M
TGGTTAGTCGTGTCAA-1,-0.05553748807990727,-0.10985770044171478,G1
TGGTTAGTCTCATTTG-1,0.1796011177460784,0.005286517371376975,S
TGTAACGAGCATATGA-1,0.17001482689266623,-0.1289858723923533,S
TGTAACGCAAACACCT-1,-0.07476193452786639,-0.19239688446032668,G1
TGTAACGCACAGCTGC-1,-0.0019770207534565154,-0.11078230932238148,G1
TGTAACGCACTAACGT-1,0.09910174428290802,-0.061705057452008105,S
TGTAACGCACTCCACT-1,-0.004836187998383701,-0.10343807111863323,G1
TGTAACGTCCGTACGG-1,-0.09415687010948959,-0.17730562346476764,G1
TGTAACGTCGATACGT-1,0.059067971799520336,-0.19167905253896936,S
TGTAACGTCGGAACTT-1,-0.06456723047629168,0.006025103098843493,G2M
TGTAACGTCGTAACCA-1,-0.02823088697252024,-0.20048387151375938,G1
TGTAACGTCTCTCAAT-1,0.0956916182301279,0.10954200731046126,G2M
TGTAAGCAGTCCTGCG-1,-0.025607994343073814,-0.1438654540269371,G1
TGTAAGCCAATACCTG-1,0.08298455445594605,0.06953962054826984,S
TGTAAGCCACAAAGTA-1,0.005616664249913056,-0.1598119262775677,S
TGTAAGCCACTGTGAT-1,-0.12951605632629581,-0.1124584773335332,G1
TGTAAGCTCTAGCCTC-1,-0.11982549031791076,-0.105962433035241,G1
TGTAAGCTCTATTCGT-1,-0.028210850778763924,-0.15847127121700355,G1
TGTACAGAGAGTATAC-1,0.03883322786896548,-0.07812223403986857,S
TGTACAGAGATTAGCA-1,0.05495830921640943,-0.1544613538159504,S
TGTACAGAGCGACTAG-1,0.07071188498608111,-0.1195121561761214,S
TGTACAGCAAATCGTC-1,-0.026245784320192922,-0.17774426804146826,G1
TGTACAGCAGCTGTAT-1,-0.002318022430083777,-0.02873085989679186,G1
TGTACAGGTCAAGGCA-1,-0.0960805048245319,-0.21604814197007027,G1
TGTACAGGTCCTCAGG-1,0.018533107294830542,-0.1801067058866914,S
TGTACAGGTCGTTTCC-1,-0.10123930940504333,-0.15361167459349923,G1
TGTACAGGTTCCTACC-1,-0.10973412535650834,-0.04956115337278144,G1
TGTACAGGTTCTGACA-1,-0.02796558265974286,-0.1215194182274173,G1
TGTACAGTCAGTGTCA-1,-0.0376429419595703,-0.17314164192792691,G1
TGTACAGTCATTGGTG-1,0.11360199778285529,0.18166686500100682,G2M
TGTACAGTCCGGTAAT-1,-0.014439315731555186,-0.18638671373935223,G1
TGTACAGTCGCAAGAG-1,-0.09745654814647309,-0.10812311871765512,G1
TGTAGACCACCCTCTA-1,-0.059542075453213106,-0.1804811063253164,G1
TGTAGACCATATGGCT-1,-0.0645991029322725,-0.2043861010273821,G1
TGTAGACGTATCTCGA-1,0.002723540781879641,-0.2623761239167589,S
TGTAGACGTATGTGTC-1,0.04589625196385655,-0.015687987114995194,S
TGTAGACGTGAATAAC-1,-0.04661450384087157,-0.2727988912937181,G1
TGTAGACGTGATACAA-1,-0.06990359208515134,-0.08979721502786431,G1
TGTAGACTCCCGTAAA-1,0.2265828697116029,-0.2229415196255353,S
TGTAGACTCGCTCCTA-1,-0.05200640679266638,-0.24994734005111324,G1
TGTAGACTCTGTCGTC-1,-0.0842691768663199,-0.08979360813382359,G1
TGTCAGAAGCTAGATA-1,-0.13150026454292857,-0.2776957770523988,G1
TGTCAGAAGTAACCTC-1,-0.018386163664300792,-0.08733529215440106,G1
TGTCAGACAAAGTGTA-1,0.017172980808991378,-0.046087465160913776,S
TGTCAGACACACCGCA-1,0.09650189232083278,-0.11637932093255443,S
TGTCAGAGTACCGGCT-1,-0.07936511155183923,-0.041997398760111826,G1
TGTCAGAGTCTACACA-1,-0.01884823134922725,-0.05333080913959243,G1
TGTCAGAGTTCGGTTA-1,-0.03414994873373828,0.01239302252694452,G2M
TGTCAGATCACATTGG-1,0.03010522817017519,-0.14495778006815535,S
TGTCAGATCGGCGATC-1,-0.03906088414402509,-0.043178976003463654,G1
TGTCAGATCTGATTCT-1,-0.05322390728950738,0.01211208789740148,G2M
TGTCAGATCTGCTGAA-1,0.12153159575327938,-0.05093957718132802,S
TGTCCACAGAACCGCA-1,-0.11154791909703476,-0.22741427155324023,G1
TGTCCACAGACATATG-1,-0.03732613941962337,-0.14927998609151508,G1
TGTCCACAGTTCACTG-1,-0.06264955887604601,-0.15143487109438497,G1
TGTCCACCAGTCTGGC-1,-0.02420103761891862,-0.14650576837862694,G1
TGTCCACGTCAGGTAG-1,-0.0760896216258855,-0.10905786860876168,G1
TGTCCCAAGACGTCCC-1,-0.0759035117966872,-0.0018953914248500126,G1
TGTCCCAAGATGGTCG-1,0.17621132713161802,-0.031519413418846676,S
TGTCCCAAGGCTTAGG-1,-0.02950662456769515,-0.2052577799306563,G1
TGTCCCAAGGGCTTCC-1,-0.0034421249480763305,-0.25629022259462786,G1
TGTCCCAAGTCTACCA-1,-0.028410840172204466,-0.17141133221304405,G1
TGTCCCACAAAGGCTG-1,-0.015968510028299576,-0.17718785065412626,G1
TGTCCCACACATATCG-1,-0.020789315530468033,-0.2795960268014604,G1
TGTCCCACACGTAACT-1,-0.019637908522327496,0.056026325442555314,G2M
TGTCCCACAGATACTC-1,0.13528638025060286,-0.21141730229915712,S
TGTCCCACATGGCGCT-1,0.026970947695787062,-0.1849747755435405,S
TGTCCCACATGTTTGG-1,-0.0741925490287414,-0.1757248026442503,G1
TGTCCCACATTGCCGG-1,-0.04696316420598737,-0.10776301285713402,G1
TGTCCCAGTCGGAACA-1,-0.020127486110768755,-0.17461734495278985,G1
TGTCCCATCGCAATGT-1,-0.015367782888752346,-0.06808028511512237,G1
TGTCCCATCGCAGTTA-1,-0.03473329692598415,-0.0729324480709635,G1
TGTCCCATCGCGCCAA-1,0.06173283455404305,-0.005836299420643176,S
TGTCCTGAGACCAACG-1,0.05901547667247248,-0.1323388018123791,S
TGTCCTGAGCAGCCTC-1,0.08955615094876263,-0.21344673266332678,S
TGTCCTGAGTCTTCGA-1,0.07583296409065449,-0.10635344962547064,S
TGTCCTGCAAACACCT-1,-0.05107745410267789,-0.1463766545122318,G1
TGTCCTGCAGAGTCTT-1,-0.10178734466949657,-0.23850425746648,G1
TGTCCTGGTGTATTGC-1,-0.008460269387220443,-0.1903513959870961,G1
TGTCCTGGTTGTTGCA-1,-0.0043483608693875575,-0.20271604426871373,G1
TGTCCTGTCACCATAG-1,-0.03203322842851242,-0.04515856080914732,G1
TGTCCTGTCGATTGGT-1,-0.07035876741280417,-0.11760986891011399,G1
TGTCCTGTCGGTCTGG-1,0.04142420631632532,-0.05480394088252144,S
TGTGAGTAGCTAAGTA-1,0.023096186080828446,-0.07436906497210866,S
TGTGAGTAGGCCTGAA-1,0.1851863005302733,-0.04394110999437689,S
TGTGAGTAGGGTTGCA-1,0.1515086723988303,-0.10557549800396404,S
TGTGAGTAGGTTCAGG-1,0.024390577443944073,8.694748932325247e-05,S
TGTGAGTAGTAGGGTC-1,-0.05857610381808864,-0.09088845784233907,G1
TGTGAGTCAAGTCCCG-1,0.14597837824552323,-0.23201668933922143,S
TGTGAGTCACAGCCTG-1,-0.10945911989389023,-0.15540130136774272,G1
TGTGAGTCAGACGCTC-1,-0.0272447911647678,-0.1467232126145377,G1
TGTGAGTCAGCTGAAG-1,-0.07718463228583883,-0.19767529753922244,G1
TGTGAGTTCCATAAGC-1,-0.1140639284231485,-0.133524736331811,G1
TGTGAGTTCTATGCCC-1,0.02189614466933848,-0.06066700290830873,S
TGTGAGTTCTGCGAGC-1,-0.04757362796499026,-0.2033112192545934,G1
TGTGAGTTCTGGAGAG-1,0.08209259578212996,-0.19429113554750205,S
TGTGATGAGACGGTTG-1,0.03915985377857478,-0.141485104905332,S
TGTGATGAGAGAACCC-1,-0.0015980021809831046,-0.07463237729226624,G1
TGTGATGAGAGGATCC-1,0.035633939043293095,-0.07687283109894924,S
TGTGATGAGCGACCCT-1,-0.046446363429446136,0.05673957878505492,G2M
TGTGATGAGCTTCGTA-1,-0.005068656792085902,-0.15382273146030578,G1
TGTGATGAGGTACAGC-1,0.03323246551717629,-0.05357369575435905,S
TGTGATGAGTCCGCCA-1,-0.03283479021826646,-0.1710476157798126,G1
TGTGATGCACACAGCC-1,-0.03593392146828972,0.04936784686968665,G2M
TGTGATGCACCAGCTG-1,-0.09384894821374767,-0.06037142995311312,G1
TGTGATGCACCCTGAG-1,-0.09821529151505576,-0.23085266071534172,G1
TGTGATGCAGACCTGC-1,0.019739081249995044,0.031403502997168875,G2M
TGTGATGCAGATTTCG-1,0.013411578757579812,-0.1109524516917173,S
TGTGATGCAGTTACCA-1,-0.014528018319090064,-0.19512190610800298,G1
TGTGATGGTCATAGTC-1,-0.09260262226897853,-0.06059242588637326,G1
TGTGATGGTCGCACGT-1,-0.04873759273646894,-0.19973379813305417,G1
TGTGATGGTTGGGTTT-1,-0.06351268754294065,-0.07733519245878978,G1
TGTGATGTCAACGAGG-1,-0.0189141845922991,-0.1490020232445063,G1
TGTGATGTCAGCGTCG-1,0.13625035588730722,-0.21616437283550669,S
TGTGATGTCCGTGACG-1,0.02873819645841441,-0.34449379330266655,S
TGTGCGGAGACCTGGA-1,-0.010380476967931485,-0.24143148590061791,G1
TGTGCGGAGATCCTAC-1,0.05837277494585558,-0.2373467391724881,S
TGTGCGGAGGACAAGA-1,-0.08006243567706589,-0.1660736178464598,G1
TGTGCGGAGGGATCTG-1,0.08070294137538797,0.14736501973271193,G2M
TGTGCGGCAACTGATC-1,0.1295817412677593,-0.07192574894322346,S
TGTGCGGCAGAGCCCT-1,-0.06275663996209008,-0.11847925454983088,G1
TGTGCGGCATCGTTCC-1,-0.13818745059370413,-0.16136805483910088,G1
TGTGCGGGTAACACGG-1,-0.03295958551545597,-0.12739316933549522,G1
TGTGCGGGTACTAGCT-1,-0.10127905917102692,-0.08746694138992511,G1
TGTGCGGGTTGAATCC-1,0.14948273574843524,-0.06122272838947879,S
TGTGCGGTCACCGGGT-1,0.1411298731081168,-0.1350926284759411,S
TGTGCGGTCAGACCTA-1,-0.1231602660561677,-0.25024351909627396,G1
TGTGCGGTCAGACTGT-1,-0.03989860387583849,-0.022076744459241876,G1
TGTGCGGTCCAGTTCC-1,-0.07402594267007695,-0.09925799857277368,G1
TGTGCGGTCCCTCATG-1,0.04009284074117511,-0.06287116462414957,S
TGTGGCGCAGGGATAC-1,-0.06654494948322903,-0.25227888942174725,G1
TGTGGCGCAGTCGGAA-1,-0.05070285542575348,-0.17609266613673014,G1
TGTGGCGTCCCGTGTT-1,-0.07429158321669693,-0.14174032658237118,G1
TGTGGCGTCCTATTTG-1,-0.05097519646392712,-0.14790253233652015,G1
TGTGTGAAGTATAGGT-1,0.01441303649757747,-0.15589858555430475,S
TGTGTGACAAACTCGT-1,-0.0732872410565758,-0.140350470433796,G1
TGTGTGACAATCAGCT-1,-0.042988738162659745,-0.13252223158665863,G1
TGTGTGACAGACCGCT-1,-0.09360196376306501,0.01277729233704522,G2M
TGTGTGAGTTCGGCGT-1,-0.02142164774588634,-0.14989607937497057,G1
TGTGTGATCATCCCGT-1,0.03482008366931527,0.239965104100475,G2M
TGTTACTAGGACTAAT-1,0.021771492430773587,-0.05162014922208827,S
TGTTACTCAATTAGGA-1,-0.04318378623781238,-0.14410261811308392,G1
TGTTACTCACCGGAAA-1,-0.050316580374704545,-0.1435511770337134,G1
TGTTACTCACGCGTGT-1,-0.009621150727199546,-0.2705895525244001,G1
TGTTACTCAGGAGACT-1,-0.11066290186242067,-0.10673301211991931,G1
TGTTACTCATCTGTTT-1,-0.031325878333252455,-0.05756576941840741,G1
TGTTACTCATTGGGAG-1,0.041113542865084785,-0.151379002105413,S
TGTTACTGTACGTTCA-1,-0.04889421310520836,-0.15648936428019267,G1
TGTTACTGTCATCCGG-1,-0.02889428887309109,0.01497491660737399,G2M
TGTTACTGTGCCGAAA-1,0.0398395307195582,-0.15892463474214757,S
TGTTACTGTGCCGTAC-1,-0.010900397243752968,-0.13748609585026544,G1
TGTTACTTCAATCAGC-1,0.026905296219274732,-0.2282577363207093,S
TGTTACTTCCCTCATG-1,-0.004791249014807375,-0.1776661861087033,G1
TGTTCATAGCATCGAG-1,-0.004304745465046056,-0.14334982329913182,G1
TGTTCATAGCCAAGTG-1,-0.0069770298404032705,-0.04264384746060468,G1
TGTTCATAGCTAAATG-1,-0.054059478813956174,-0.19766245863236365,G1
TGTTCATAGGTACAGC-1,-0.021780403177267926,-0.0958030067919112,G1
TGTTCATAGTGTGTTC-1,-0.06207768862854757,0.08942513499755067,G2M
TGTTCATCACACCGCA-1,-0.11698791852329743,-0.14405812155675451,G1
TGTTCATCACCTCTAC-1,0.007656313091294609,-0.15379123201027842,S
TGTTCATCAGCCTTCT-1,-0.033558538285092976,-0.021589714656058356,G1
TGTTCATCATCCAATG-1,0.1472883988724939,-0.03435768248088461,S
TGTTCATGTATCCCTC-1,-0.013291029063360382,-0.16961494597475166,G1
TGTTCATTCGCCTAGG-1,0.026382200620754415,-0.1385926494379,S
TGTTCATTCGTAACCA-1,-0.14978322894235302,-0.2323770304182118,G1
TGTTCCGAGCGATGAC-1,-0.0638949305523745,-0.053781740140226575,G1
TGTTCCGAGTGGATAT-1,0.11567590745923179,-0.20630063371929816,S
TGTTCCGCAAACACCT-1,-0.07408414088763421,-0.21934772994683777,G1
TGTTCCGGTTCGGGTC-1,0.041038401827756255,-0.12285410010629277,S
TGTTCCGTCATGCCCT-1,0.13786776948595858,-0.0007710777358485577,S
TGTTCCGTCCATTGCC-1,-0.12184149615513357,0.16995253543035793,G2M
TGTTCCGTCTCCCATG-1,-0.010048816911169683,-0.025150485902079495,G1
TGTTCTAAGACCAGAC-1,-0.07531115446775721,-0.1409687746143952,G1
TGTTCTAAGAGAGGGC-1,0.01387458158580801,-0.06773333073186688,S
TGTTCTAAGTAGAATC-1,-0.014800521153027602,-0.04839312124100015,G1
TGTTCTACAAAGGTTA-1,-0.03594974746402432,0.007920612524098924,G2M
TGTTCTACAGAGACTG-1,-0.04116563169205911,-0.1404860641354051,G1
TGTTCTACATGTGCCG-1,-0.0272444884282097,-0.11423329917667085,G1
TGTTCTAGTGCCTATA-1,-0.045853136900951386,-0.12653161282043576,G1
TGTTCTAGTGCTAGCC-1,0.003937701137095795,-0.19599670946276584,S
TGTTCTATCAGACCTA-1,-0.03835026615586806,-0.12406202697833804,G1
TGTTCTATCAGTGCGC-1,-0.16027414220526476,-0.11622549331359028,G1
TGTTCTATCCCGAATA-1,0.016881499306087344,-0.10825040398558217,S
TGTTCTATCGCTGACG-1,-0.02837900391333742,-0.20246760429419744,G1
TGTTGAGAGAGTGACC-1,-0.11429956676805791,-0.03064127384356441,G1
TGTTGAGAGGTAGCAC-1,0.09571025335792921,-0.24531164507715847,S
TGTTGAGCACCCTAGG-1,0.22774735404665652,-0.12160338404674115,S
TGTTGAGGTCAATGGG-1,-0.07785060861115223,-0.07020391003117976,G1
TGTTGAGGTCACCACG-1,0.01468956220664347,-0.22235701745090705,S
TGTTGAGGTCATCCGG-1,-0.011676166318485948,-0.2119320813400186,G1
TGTTGAGTCATTCATC-1,-0.015781309063860438,-0.1695654134028115,G1
TGTTGAGTCTCTGCTG-1,0.05589967386278216,-0.20903813421363143,S
TGTTGGAAGCACCTGC-1,0.1582078796743937,-0.00736595081100766,S
TGTTGGAAGCACTGGA-1,-0.08513623283114918,-0.237689799009706,G1
TGTTGGAAGGACAAGA-1,0.09113293628604602,-0.01636593271874409,S
TGTTGGACAGACAAAT-1,0.05532542975391519,0.11015429971246948,G2M
TGTTGGACAGCAAGAC-1,-0.09754582762449937,-0.30408204592872445,G1
TGTTGGAGTCCGGCAT-1,0.16618526675906753,-0.08153461690468627,S
TGTTGGATCACCGCTT-1,0.061357159857689136,-0.15671226589752915,S
TGTTGGATCCTTATGT-1,-0.033138692326708796,-0.0384405548019533,G1
TGTTGGATCTATTGTC-1,0.03012298687192222,-0.1078102495063879,S
TGTTTGTAGATGAAGG-1,0.08392911469798803,-0.046703849541997966,S
TGTTTGTAGCTGTGCC-1,-0.05959420563446027,-0.26347372438800554,G1
TGTTTGTAGGAATTAC-1,0.10482658348626855,-0.09913184560271363,S
TGTTTGTAGGTTATAG-1,-0.005551174601497899,-0.06954071412855428,G1
TGTTTGTAGTGCGCTC-1,-0.06676353632002585,-0.2540055662255724,G1
TGTTTGTCAACACGAG-1,-0.039498031756990015,-0.044996434710548594,G1
TGTTTGTCACAGTCAT-1,0.022363850665035545,-0.09834192765147526,S
TGTTTGTCACGATAGG-1,-0.02442129047678382,-0.08879604628899512,G1
TGTTTGTCAGCGATTT-1,0.08709223972927632,-0.16597565370678574,S
TGTTTGTCAGGTCAGA-1,-0.043817156723548634,-0.1506008656848514,G1
TGTTTGTGTGAATAAC-1,-0.02531679679108867,-0.07866258151644451,G1
TGTTTGTGTGCATTTG-1,-0.0477731204119895,-0.091477461801514,G1
TTAATCCAGAGCAACC-1,-0.0229001886195615,-0.15636382201924187,G1
TTAATCCAGCACGATG-1,-0.08260630399301827,-0.2233524530412864,G1
TTAATCCAGGATTCAA-1,-0.0293973287647169,-0.11761431703768416,G1
TTAATCCCAAGTGGGT-1,-0.0576573602985328,-0.00596490075346745,G1
TTAATCCCACAATGAA-1,-0.015301828061349443,-0.19240212155435432,G1
TTAATCCCAGCAGATG-1,-0.12033209825232888,-0.13762178919222245,G1
TTAATCCCAGGACTTT-1,0.0006184572586693804,-0.08495665329794722,S
TTAATCCCAGGTTCCG-1,-0.012077501648387112,-0.16195805873061542,G1
TTAATCCCATGACTAC-1,-0.04945645719992317,-0.1332896902522362,G1
TTAATCCGTACGTTCA-1,-0.03555307855481232,-0.13254626994545554,G1
TTAATCCGTCAAAGCG-1,0.0750327459429393,-0.1374258170518124,S
TTAATCCGTGATACTC-1,0.06385456645395426,-0.01669448559710296,S
TTAATCCGTGGTAACG-1,-0.01780435731713792,-0.13825123338344958,G1
TTAATCCTCACGACTA-1,0.04048085737618212,-0.13702277590566703,S
TTAATCCTCATAGAGA-1,-0.12340707838060161,-0.08024230599351362,G1
TTAATCCTCCAGCAAT-1,-0.01344182593243276,-0.24711464962511442,G1
TTAATCCTCGGCATAT-1,-0.026151224848873056,-0.09066491215818245,G1
TTAATCCTCTCCTGCA-1,-0.054790609103508026,-0.035049107063376994,G1
TTAATCCTCTGCAGCG-1,-0.013818691754714896,-0.09575119391082415,G1
TTACAGGAGATAGTGT-1,-0.02256731527240391,0.06040847199321003,G2M
TTACAGGCATTGGCAT-1,-0.15132641742483893,0.08911527502133743,G2M
TTACAGGTCCGAAATC-1,-0.07091131892599906,-0.1810716502155829,G1
TTACAGGTCCGGCAGT-1,0.05863892639072987,-0.0544491473872698,S
TTACAGGTCCTTCTTC-1,0.20217621473512465,-0.05020819735194543,S
TTACAGGTCTTCTGTA-1,-0.009744963739155954,-0.007382979056848149,G1
TTACCATCAGCGAGTA-1,-0.08558299743041115,-0.2259335711471214,G1
TTACCATCAGCTGGTC-1,-0.0979684606313157,-0.21434706979773924,G1
TTACCATCAGTAGTTC-1,-0.013735699096179443,-0.12916769621923319,G1
TTACCATCATCACGGC-1,0.008699055005703005,-0.14140038863738646,S
TTACCATGTAGTGTGG-1,-0.017244761156891608,-0.02727931272344153,G1
TTACCATGTCTCAGGC-1,-0.09153094765713199,-0.12055778666544498,G1
TTACCATTCATATGGC-1,-0.08274143651662011,-0.0772964172325995,G1
TTACCATTCGGCTATA-1,-0.09789612310006196,-0.14622677350663046,G1
TTACCATTCTCATTAC-1,0.11158047863534609,-0.10984228054023526,S
TTACCGCAGCGTGTTT-1,0.016794583035611876,-0.2454395479953951,S
TTACCGCAGGCGTCCT-1,0.090859792024378,0.11392444649013667,G2M
TTACCGCAGTACCATC-1,-0.11284175395579599,-0.106704826818393,G1
TTACCGCAGTTACTCG-1,0.09007775297579634,-0.12315430297526642,S
TTACCGCCAAATGCTC-1,-0.11142560950205069,-0.10131977065252504,G1
TTACCGCCAAGATGTA-1,-0.005668809821804399,-0.15135697448084884,G1
TTACCGCCAGCACAGA-1,-0.03703685337918161,-0.19523987270630408,G1
TTACCGCCAGTTCACA-1,-0.0809538684338163,-0.037046021782463245,G1
TTACCGCCATCGAAGG-1,-0.1692825207708306,-0.1640891371641714,G1
TTACCGCGTGTTTGCA-1,0.026512915495970624,0.015760590239331684,S
TTACCGCTCACAAGGG-1,-0.04198799367878775,-0.01085729107788419,G1
TTACCGCTCGCTGCGA-1,-0.06870520600857866,-0.13839894377417286,G1
TTACCGCTCGTGAGAG-1,0.04818511125717179,0.01613983285597087,S
TTACCGCTCTGAGTCA-1,-0.032400681222866545,-0.1647036007470069,G1
TTACCGCTCTGCATGA-1,-0.007199519515003694,-0.19091440407327182,G1
TTACGCCAGACTACGG-1,0.044892615671705216,-0.06624817879416,S
TTACGCCAGGCATGGT-1,0.028965602700172233,-0.19574016196652894,S
TTACGCCAGGCGTTGA-1,-0.10099614508361843,-0.14494145639576125,G1
TTACGCCAGGGAGGAC-1,0.20376656676360683,0.00043846297359395603,S
TTACGCCCACTTGGGC-1,-0.04008295500060374,-0.06303377344411348,G1
TTACGCCCATCATCCC-1,0.04683396420989344,0.05492448982373399,G2M
TTACGCCCATGGCTGC-1,-0.025140494569075716,-0.1404752580015063,G1
TTACGCCGTGATTCTG-1,-0.011989825287021083,-0.09446552577829459,G1
TTACGCCGTGTGCCTG-1,0.022043725330271713,-0.11944845668091014,S
TTACGCCTCGCAGTTA-1,-0.06577602035351293,-0.14132882391328871,G1
TTACGTTAGAGGCCAT-1,-0.03351659320214684,-0.1185445113707485,G1
TTACGTTCAGAAGTGC-1,-0.05778228342536901,-0.16889502249662397,G1
TTACGTTCAGAGAAAG-1,-0.03508074899619684,-0.14583360041696133,G1
TTACGTTCAGGGTTGA-1,-0.05445423322079579,-0.013195839658630026,G1
TTACGTTGTACAAGTA-1,0.031931377542501305,-0.13966385785090973,S
TTACGTTGTACCCGAC-1,-0.05106807392536866,-0.15299659126301313,G1
TTACGTTGTGACTGTT-1,-0.004179821837043907,-0.11540454513413712,G1
TTACGTTGTGCACATT-1,0.02056012345664998,-0.06574783350496571,S
TTACGTTGTTCGGTCG-1,-0.06472205241915602,-0.11627321962540971,G1
TTACGTTTCCTCACTG-1,-0.07888926236952748,-0.28131547409546864,G1
TTACGTTTCGGAGCAA-1,-0.005405030346801509,-0.12047054593121514,G1
TTACGTTTCTGGACTA-1,0.09144734441682101,-0.14837590725063654,S
TTACTGTCAAGACCGA-1,-0.0005457692830938554,-0.10323682111920851,G1
TTACTGTCAATGAGCG-1,0.017869049335717258,-0.22262187388019297,S
TTACTGTCAGGGAATC-1,-0.08147361493439143,-0.19804840415142422,G1
TTACTGTGTAATTGGA-1,0.21966882834593204,-0.010628897090145695,S
TTACTGTTCGCCTTTG-1,0.03435165007768018,-0.18617283181233818,S
TTACTGTTCTTACCAT-1,-0.05061171720410679,-0.1045033496325829,G1
TTACTGTTCTTGAACG-1,-0.09467551292950893,-0.117591163723542,G1
TTAGGCAAGAGCCGTA-1,-0.0778040381707904,-0.20332365121069573,G1
TTAGGCAAGCCGTTGC-1,-0.21471794517678403,-0.3490032967949676,G1
TTAGGCAAGGCACTCC-1,0.05795111984311191,-0.06476073834104301,S
TTAGGCAAGGGCGAAG-1,-0.08831920290180617,-0.11129255359551049,G1
TTAGGCACAATCGCGC-1,-0.06291419822246058,-0.26338119435925833,G1
TTAGGCACAGCTGTAT-1,-0.03479129142767212,-0.12172103562773762,G1
TTAGGCACATGAATAG-1,0.08519415794560503,-0.13790957992996083,S
TTAGGCAGTACAACGG-1,-0.02912626903000648,-0.20339440003581297,G1
TTAGGCAGTGAGCAGT-1,0.02806381040704209,-0.11200648251488349,S
TTAGGCAGTGCAAGAC-1,-0.0027183645137679457,-0.02507562051238782,G1
TTAGGCAGTTAAGGAT-1,0.0355698222177076,-0.1593512711671361,S
TTAGGCATCCGCGATG-1,0.04600170912677082,-0.125974635443019,S
TTAGGCATCGCCACTT-1,0.039990487201897684,-0.05508216679602873,S
TTAGGGTAGCACGATG-1,-0.09543485244305489,-0.2814713803126313,G1
TTAGGGTAGGACGGAG-1,-0.0014794967749466315,-0.10138530766822679,G1
TTAGGGTCAAATAAGC-1,-0.07858934236393983,-0.15655914916068026,G1
TTAGGGTCACAACGAG-1,0.17930425071403483,-0.1447158761242782,S
TTAGGGTCACGCGTCA-1,-0.04112334424811265,-0.141238808679753,G1
TTAGGGTCATGTTTGG-1,0.11766082109116838,0.09467219635580248,S
TTAGGGTGTGATACCT-1,0.10658512938926479,-0.09486634282736378,S
TTAGGGTGTTGGTGTT-1,-0.05713306211193436,-0.042950793364455286,G1
TTAGGGTTCTGGCTGG-1,-0.0341138686340654,-0.1982823412618903,G1
TTAGTCTAGACATATG-1,-0.057872353290574996,-0.22030627149283252,G1
TTAGTCTAGCCTCCAG-1,-0.08825304903069381,-0.002989370537060554,G1
TTAGTCTAGCTTACGT-1,-0.08840031458758696,0.0681647421783404,G2M
TTAGTCTCAACCTATG-1,0.023741559312879523,-0.09195157165058598,S
TTAGTCTCACATGACT-1,0.004643410835416584,-0.13638907401212552,S
TTAGTCTCAGAACCGA-1,0.19992292509589404,-0.03183914534659821,S
TTAGTCTCAGCAGACA-1,-0.02729521327550799,-0.1564489398947177,G1
TTAGTCTCAGGTCCCA-1,-0.12326888824362914,-0.04536569781201283,G1
TTAGTCTCAGTAACGG-1,-0.0008454707480004542,-0.07589529037242548,G1
TTAGTCTCATACCACA-1,0.14537313569789967,-0.1513133746710059,S
TTAGTCTGTAGACACG-1,-0.029025471497791278,-0.13977752546589706,G1
TTAGTCTGTAGGTAGC-1,-0.1010023454115688,-0.12744061768303605,G1
TTAGTCTGTATCGATC-1,-0.050286300430066044,-0.12422660345381431,G1
TTAGTCTTCACACCGG-1,-0.09050066141371066,-0.10540482870264423,G1
TTAGTCTTCACTCACC-1,-0.1302796135230192,-0.24878323103748076,G1
TTAGTCTTCGCTACAA-1,-0.15512960481659643,-0.057429120920678756,G1
TTATTGCAGAGCTTTC-1,0.008419535654673016,-0.060984847162484535,S
TTATTGCAGGCCTAGA-1,-0.03902190801657901,-0.1569853569207737,G1
TTATTGCCAAGCTGCC-1,0.08857231032305207,-0.2704596742604004,S
TTATTGCCAATGCTCA-1,0.058200528837589194,-0.09759730196447741,S
TTATTGCGTCAACCAT-1,-0.10538924995070026,-0.12948227409767749,G1
TTATTGCGTGGGTATG-1,-0.021057364906905518,-0.11742053167499505,G1
TTATTGCTCAAAGGAT-1,-0.043040851433598315,-0.2082388977758684,G1
TTATTGCTCACCCATC-1,-0.07636906943951988,-0.1129157915918172,G1
TTATTGCTCGGTAACT-1,0.06911625810529781,-0.15643809665785602,S
TTCAATCAGAAGGGAT-1,-0.05298100735736322,-0.14755292679759036,G1
TTCAATCAGACCATGG-1,-0.043395932817509086,-0.052635868181638124,G1
TTCAATCAGATCGGTG-1,0.15489333679710598,-0.14004949727468807,S
TTCAATCAGCGAGAAA-1,-0.05043747516208691,-0.056714116997471004,G1
TTCAATCAGGCATTTC-1,-0.03607999201926032,-0.07411994938742789,G1
TTCAATCAGTGAACAT-1,0.08262871060464821,-0.14309864847504383,S
TTCAATCCAAAGCTCT-1,-0.07397046369805077,-0.15366219606176984,G1
TTCAATCCACGTTCGG-1,-0.06436810468875731,-0.22503551566182373,G1
TTCAATCCACTTCAGA-1,-0.013936980689400635,-0.15739017324977128,G1
TTCAATCCAGCAGTTT-1,-0.139137991960183,-0.23109848885100662,G1
TTCAATCCAGCTGAAG-1,0.024299559760788125,0.08804005249720154,G2M
TTCAATCCAGTCTACA-1,-0.04619997614222526,-0.24786750827480564,G1
TTCAATCGTGCCGTTG-1,-0.035267890208723174,-0.17245051387784005,G1
TTCAATCGTTCAATCG-1,-0.05291075753789576,-0.10168091206689339,G1
TTCAATCTCGTTCATT-1,-0.0680039388391071,-0.10626988754430927,G1
TTCAATCTCTCGCCTA-1,0.01999729859144944,-0.06211950853325243,S
TTCACCGAGACAACAT-1,0.04451748828088581,-0.1091644356421505,S
TTCACCGAGCTAGAAT-1,-0.07352206806233613,-0.2165327586990859,G1
TTCACCGCAACAGCCC-1,-0.016342949819455888,-0.0731207338057846,G1
TTCACCGCAAGTGCTT-1,-0.06951843497363741,0.08582680456704045,G2M
TTCACCGCACAAATGA-1,0.06968174222161705,-0.1522098332058313,S
TTCACCGCAGCTACCG-1,0.046576851632159855,-0.1415312281494343,S
TTCACCGCAGTCGCTG-1,-0.054636884681708464,-0.1979979872838797,G1
TTCACCGGTTATAGCC-1,-0.022342723028872247,-0.11774098262454291,G1
TTCACCGGTTCCATTT-1,0.021900038987321235,-0.1628766956655266,S
TTCACCGGTTCTTCAT-1,-0.04094931777211147,-0.1711238231848362,G1
TTCACCGGTTGCCATA-1,0.00012415913978464088,-0.07480925207660899,S
TTCACCGTCACAAGGG-1,0.04715280817652745,-0.0627757127329156,S
TTCACCGTCACTGTTT-1,-0.036463460411739035,-0.1651195853008639,G1
TTCACCGTCATTTCGT-1,-0.10660079548073287,-0.16245576866077593,G1
TTCACCGTCCATAAGC-1,-0.03021222535134166,-0.18069427017100856,G1
TTCACCGTCTCTAGGA-1,0.0017337815158075531,-0.11823461127872523,S
TTCACCGTCTTCTCAA-1,0.10875736468579761,-0.16628316948817629,S
TTCACGCAGAGGTGCT-1,0.03588625761319039,-0.13447805163668608,S
TTCACGCAGCAAGCCA-1,-0.013028853481016484,-0.13039912201727255,G1
TTCACGCCACACAGCC-1,-0.11132845706284866,-0.09683382046519601,G1
TTCACGCCAGCGGTCT-1,-0.06785213519233746,-0.16780549586479865,G1
TTCACGCCATATGAAG-1,-0.07559061393754118,-0.22290112253046301,G1
TTCACGCCATGATCTG-1,-0.011979146960606535,-0.016774110985657786,G1
TTCACGCGTAGGAGGG-1,0.04245898531835596,0.018485243903517634,S
TTCACGCTCACCTTGC-1,-0.023704018233672297,-0.10892160156910763,G1
TTCACGCTCACTTGTT-1,0.08567183083842178,-0.007756155497192219,S
TTCACGCTCCAATGCA-1,-0.0708089135564639,0.007367540395817662,G2M
TTCACGCTCGCGATCG-1,-0.01043745332677215,-0.08088953706882057,G1
TTCACGCTCTTCGTAT-1,0.14914077800887,-0.04700190979393282,S
TTCACGCTCTTGCAAG-1,-0.0750033059685748,-0.1292825024074653,G1
TTCAGGAAGAAACTCA-1,-0.08971689358515217,-0.11752571855806415,G1
TTCAGGAAGGTCGTGA-1,-0.051005460791588436,-0.08645938456619248,G1
TTCAGGAAGTTCTACG-1,-0.04438983153637277,-0.23272341611408523,G1
TTCAGGACAAAGGGCT-1,0.0402849477159537,-0.11907410592929471,S
TTCAGGACAACAAGAT-1,0.1610101216470724,-0.07846589656303365,S
TTCAGGACACGTACAT-1,-0.05922099618950827,-0.007642091301635068,G1
TTCAGGACATATGGCT-1,-0.07639623735386725,-0.06457523306463986,G1
TTCAGGACATGGCCAC-1,-0.04761479845556693,-0.022342643400220907,G1
TTCAGGAGTACGTGAG-1,-0.06722010506681159,-0.1568583950428702,G1
TTCAGGAGTAGGTTTC-1,-0.0684046955971861,-0.15473608545930517,G1
TTCAGGATCACATTGG-1,-0.030642211836591965,-0.12343419917127949,G1
TTCAGGATCGAAGCCC-1,0.01927316842601401,-0.2835272527549586,S
TTCAGGATCGTAATGC-1,-0.038370028195691186,-0.24789618866535143,G1
TTCAGGATCGTAGTCA-1,-0.08054208096500376,-0.20608544327615036,G1
TTCAGGATCTAGCCTC-1,0.1738087490842799,-0.2001644969329826,S
TTCATGTAGACAGCTG-1,0.052728683694973355,-0.09581625827572715,S
TTCATGTCAGGGCTTC-1,-0.08990400807421756,-0.108890220260973,G1
TTCATGTCATGACTGT-1,-0.048845828929160395,-0.278326576891675,G1
TTCATGTGTAGATGTA-1,0.17317944526910817,-0.10452602450326998,S
TTCATGTGTCGACTTA-1,-0.024971947194744215,-0.1428877302657881,G1
TTCATGTGTGACACAG-1,-0.004009052810288405,-0.0972551731303174,G1
TTCATGTGTGATACTC-1,-0.09515721421027934,-0.20985148492474573,G1
TTCATGTGTTAAGCAA-1,0.006017498009712963,-0.14347656418220073,S
TTCATGTTCATCTCTA-1,0.1463705379708165,-0.11156159961346157,S
TTCATGTTCCTCTTTC-1,-0.09722418805727895,0.20945854773601402,G2M
TTCATTGAGCGCACAA-1,-0.06984646591002935,-0.231287443820741,G1
TTCATTGAGGGCATGT-1,-0.006583858277253329,0.044689556287815735,G2M
TTCATTGAGTGGAAAG-1,-0.03244578340870469,-0.12563357545383486,G1
TTCATTGCAACTGCCG-1,-0.024674788548792903,-0.11698657190914358,G1
TTCATTGCACAGTCCG-1,-0.10527206474507028,-0.06404016792473538,G1
TTCATTGCAGCGATTT-1,-0.15139035696701653,-0.1397462179725174,G1
TTCATTGGTCACAGTT-1,0.04610703394954485,-0.17750273950500314,S
TTCATTGTCCTACGGG-1,0.06751281410292398,-0.1334349545856059,S
TTCATTGTCGTCCTCA-1,-0.07311537066109441,-0.09857213841933116,G1
TTCATTGTCTGCTCTG-1,-0.168958636141887,-0.0451469489300621,G1
TTCCAATAGCACTGGA-1,-0.008598737299454151,-0.12021619814630263,G1
TTCCAATAGCGCTGAA-1,-0.02802339179470137,-0.06610074283885559,G1
TTCCAATAGGTCCCTG-1,0.006761886805746742,-0.167747890227456,S
TTCCAATCACAACGCC-1,-0.04544608425389496,-0.12869371717100547,G1
TTCCAATCATATGGCT-1,0.08943578440644268,-0.05304664012709259,S
TTCCAATGTAACCAGG-1,0.011870670790265325,-0.2544307195058119,S
TTCCAATGTTCAGTAC-1,-0.015071908229926989,-0.10913997335412151,G1
TTCCAATGTTGAGAGC-1,-0.1380953899519038,-0.09367146824166628,G1
TTCCAATGTTTGGGTT-1,-0.06259999647505105,-0.17968403723990073,G1
TTCCAATTCAAACCCA-1,-0.057127968617035174,-0.12860150058655717,G1
TTCCAATTCCTCACGT-1,-0.013816633902718367,-0.12730575525435855,G1
TTCCAATTCTGTGCAA-1,-0.1019740351236808,-0.14413542493902387,G1
TTCCACGAGTAGGGTC-1,-0.07564561688276211,-0.11002254940507888,G1
TTCCACGAGTGCGTCC-1,0.11761176050277433,-0.16605897592536534,S
TTCCACGCAAGATGGC-1,-0.06741462630339978,-0.16223009464147464,G1
TTCCACGCACTCCACT-1,-0.028717472729661575,-0.18705496630641094,G1
TTCCACGCAGTTTCAG-1,0.007394487549106488,-0.1115622289656028,S
TTCCACGGTACATACC-1,0.0036796930890025115,-0.1918941993540931,S
TTCCACGGTCGTCGGT-1,-0.10304355797150139,-0.16718995979160872,G1
TTCCACGGTGTTAACC-1,0.0480874706661823,-0.1231944013573642,S
TTCCACGTCATTGCGA-1,-0.1324556038295714,-0.10856209079583368,G1
TTCCACGTCGTAGAGG-1,-0.038488404688915845,-0.16616372225028359,G1
TTCCACGTCTAGCCTC-1,0.05175705981343193,-0.22423871583505645,S
TTCCACGTCTATGCCC-1,-0.0528495496895644,-0.1400439714966385,G1
TTCCACGTCTCGCAGG-1,-0.03718544936996632,-0.15399059889701194,G1
TTCCACGTCTGCCTCA-1,-0.05332851478216177,-0.1551708948979872,G1
TTCCGGTAGAAAGCGA-1,-0.03548751327884092,-0.12926102130671435,G1
TTCCGGTAGCTAGTTC-1,-0.061724970128854806,-0.08766485476933694,G1
TTCCGGTCACAAGGTG-1,-0.06829620591153124,-0.12511369268320716,G1
TTCCGGTCAGCTTTGA-1,-0.00037237792983235707,-0.13973425435601267,G1
TTCCGGTGTGTCCGTG-1,-0.045825088114723134,-0.16632989428632744,G1
TTCCGGTGTTGGGTAG-1,-0.10600565200870266,-0.16341315597004985,G1
TTCCGGTTCAAAGGAT-1,0.000287741123696561,-0.08551988506305486,S
TTCCGGTTCATGGGAG-1,0.06622628674466385,-0.14972512200551463,S
TTCCGTGAGAATCCCT-1,0.000769744995525401,-0.16508192819051992,S
TTCCGTGAGATACATG-1,-0.103505128321987,-0.09323845187981805,G1
TTCCGTGAGCTAATGA-1,-0.016728976082034608,-0.06900269539971743,G1
TTCCGTGAGGCATTTC-1,-0.02935015770123167,-0.08331253988303844,G1
TTCCGTGAGGCCCACT-1,0.028876464874272645,0.029300668091323145,G2M
TTCCGTGCACAAGGTG-1,-0.17997507067877871,-0.17031017490096864,G1
TTCCGTGCACCGTACG-1,0.04044201171354561,-0.1379013709701712,S
TTCCGTGGTGTTGAGG-1,-0.0491341765929717,-0.26345795274078365,G1
TTCCGTGGTTAGAGTA-1,-0.01795986157317303,-0.22997385458508202,G1
TTCCGTGTCACTTGTT-1,-0.0321329833739159,-0.21410961279959714,G1
TTCCGTGTCGCTGTTC-1,-0.0383079661666067,-0.22927595970528403,G1
TTCCTAAAGAATTTGG-1,-0.05778520999193093,-0.2657073873371053,G1
TTCCTAAAGAGTGTGC-1,0.13750919369831477,-0.09466519589727329,S
TTCCTAAAGCACCGAA-1,0.0002154753561715017,-0.1723905463181486,S
TTCCTAAAGCAGTAAT-1,0.06494400332420946,0.1791318048803393,G2M
TTCCTAAAGTCGTCTA-1,0.03692297716205534,-0.09880228393657486,S
TTCCTAAAGTCTCTGA-1,0.025838953754312333,0.028935501629692884,G2M
TTCCTAACAACAGAGC-1,0.03209836751943923,-0.04402176960513393,S
TTCCTAACAAGTCGTT-1,-0.048835384760404055,-0.19260468273320308,G1
TTCCTAACAGAGTCAG-1,-0.013773799185570756,-0.11959595187777794,G1
TTCCTAAGTGAGGAAA-1,-0.02383478445414694,-0.1386268362310585,G1
TTCCTAAGTGTGTTTG-1,-0.10446503972928997,-0.019285571058528073,G1
TTCCTAATCGCTCATC-1,-0.01520311911391925,0.023806773122093977,G2M
TTCCTAATCGTTCCCA-1,0.08176945556243309,-0.09023679416977354,S
TTCCTAATCTCAGGCG-1,-0.04252775576064932,-0.061230693874599174,G1
TTCCTAATCTTCGTGC-1,0.041473392616535876,-0.08964938958300045,S
TTCCTCTAGTTCGGTT-1,-0.03570735194731056,-0.12255197202799584,G1
TTCCTCTCAACTCGAT-1,0.006529747455897017,-0.08770700621533756,S
TTCCTCTCACCGGAAA-1,-0.13434576885663072,-0.22397536170956409,G1
TTCCTCTCACTTGTCC-1,-0.11816809277945095,-0.29295235646617246,G1
TTCCTCTCAGATGCGA-1,0.0026113998275540395,-0.02735191881068849,S
TTCCTCTGTATGGAAT-1,0.0068076703185904475,0.024061106958023576,G2M
TTCCTCTGTCTTCTAT-1,-0.08106790004471576,0.08538330258163418,G2M
TTCCTCTGTGTACGCC-1,-0.03076018366257388,-0.01717658624919871,G1
TTCCTCTGTTTCGATG-1,-0.012579443938114998,-0.157941945908783,G1
TTCCTCTTCAAGAGTA-1,0.04601663158499081,-0.039698610173786814,S
TTCCTCTTCCAGGACC-1,-0.029067652791559262,-0.04982251057153664,G1
TTCCTCTTCCGGCAGT-1,-0.1300316147286503,0.04930871306966633,G2M
TTCCTCTTCCTTATGT-1,0.16173680824377656,-0.145659236799097,S
TTCCTCTTCGACGAGA-1,0.07067170237439596,-0.09992552260509607,S
TTCCTCTTCGGAATGG-1,0.029262548948766953,-0.04885197889265319,S
TTCCTCTTCGGCCCAA-1,-0.0037220551905066124,-0.06851990262505736,G1
TTCCTCTTCTACCAGA-1,-0.0030022376064434697,-0.13574117438437344,G1
TTCCTTCAGCGTTACT-1,-0.05481922457907584,-0.13375951377694603,G1
TTCCTTCAGGGAGAAT-1,-0.0980833248566666,-0.12082629756179439,G1
TTCCTTCAGGTAGATT-1,0.012333927758122643,-0.10005228881439104,S
TTCCTTCCAAGTCCCG-1,0.08884448733446515,-0.029897069971811907,S
TTCCTTCCACTACAGT-1,-0.0333639400306171,-0.3507964422833748,G1
TTCCTTCCATATGAAG-1,0.02095418467016802,0.010849625495896131,S
TTCCTTCGTTAGGGAC-1,-0.05307534379367529,0.0674376179206399,G2M
TTCCTTCTCATCACCC-1,0.020344814616902185,-0.10976069673445626,S
TTCCTTCTCCTGTAAG-1,-0.04278543572288812,-0.1646757965789668,G1
TTCCTTCTCTAGCAAC-1,0.0011890620298481425,0.01705360818749424,G2M
TTCCTTCTCTCCATAT-1,0.038066069018998894,-0.1658256634563458,S
TTCGATTAGCAGTAAT-1,0.019197787217036022,-0.01342765634059448,S
TTCGATTCATAGGTAA-1,-0.05141393219090751,-0.23752968464407395,G1
TTCGATTGTCCACTCT-1,-0.035018162424211186,-0.11630475323213502,G1
TTCGATTTCACAGAGG-1,0.004115783823843422,-0.10453222091446024,S
TTCGATTTCAGTGTCA-1,0.06615676089980632,-0.1619193088223285,S
TTCGATTTCATTTCCA-1,0.016792755364279488,-0.20570254635890334,S
TTCGATTTCTATTTCG-1,0.28204414463091315,-0.18841298733050865,S
TTCGATTTCTTGGGCG-1,0.016150012768388844,-0.20748238302784833,S
TTCGCTGAGGTTTGAA-1,-0.03931208438638795,0.14270501094083915,G2M
TTCGCTGGTCAGACGA-1,-0.07445866647516536,-0.027551470862679506,G1
TTCGCTGGTCTTCTAT-1,-0.013872005075568572,-0.12182846443528222,G1
TTCGCTGGTTCTTCAT-1,0.09994400834492212,-0.13280240042036967,S
TTCGCTGTCCCAGCGA-1,-0.07051347172717345,-0.13821247152364746,G1
TTCGCTGTCCTCGATC-1,0.015548162014814848,-0.20599780819185629,S
TTCGCTGTCTGTCTCG-1,-0.06480393429997933,-0.11202785062554382,G1
TTCGGTCAGCTCTTCC-1,-0.029315209298906963,-0.20020234676567025,G1
TTCGGTCAGTTGCTGT-1,0.09965606562318646,-0.2304028528408687,S
TTCGGTCCAAACTAAG-1,0.008297635867924147,-0.09979263563870056,S
TTCGGTCCAACTCCAA-1,-0.0824776482792966,0.0629259509023905,G2M
TTCGGTCCAGAACTTC-1,-0.07112407660480374,-0.22633183161228995,G1
TTCGGTCCAGAATCGG-1,0.01922371169019821,-0.08820231099461884,S
TTCGGTCCAGTTTGGT-1,0.05769580730791779,-0.2861601175840852,S
TTCGGTCCATTGAAGA-1,-0.06854409774738957,-0.1072173922322382,G1
TTCGGTCTCCTACGGG-1,0.019436849414448176,-0.1049014542869467,S
TTCGGTCTCGTAGAGG-1,0.08726967969496202,-0.09226639123926977,S
TTCTAACAGACTACCT-1,-0.040564788993347145,-0.0566866517164748,G1
TTCTAACAGCCTGAAG-1,-0.014148620800503109,-0.04590146612713636,G1
TTCTAACAGGTGAGAA-1,0.022936078599511966,-0.1441208559421467,S
TTCTAACCAACGATCT-1,-0.06606079809920135,-0.1323052185873827,G1
TTCTAACCAGGCTACC-1,-0.05273221875781381,0.037120355246501646,G2M
TTCTAACGTTCGCGTG-1,-0.10301470238895061,-0.00786416267151463,G1
TTCTAACGTTTCCAAG-1,0.11090830553874387,-0.08778990938183551,S
TTCTAACTCGCTAATG-1,-0.020144985952226968,-0.3525217852032262,G1
TTCTAACTCTGATTCT-1,-0.08814823386134252,-0.08644859249779546,G1
TTCTAGTAGACGAAGA-1,0.00880835501200844,-0.16872217854387678,S
TTCTAGTAGCGATGAC-1,-0.025591236582865773,-0.05950854860094423,G1
TTCTAGTAGCGTCGAA-1,-0.012434215556081762,0.06973957618861326,G2M
TTCTAGTAGGACGCAT-1,-0.03574466619234895,-0.1700827988061337,G1
TTCTAGTAGGAGTATT-1,0.1127622037899027,-0.22852177030930787,S
TTCTAGTCAAGCAATA-1,-0.08645152805175482,-0.05340618508203282,G1
TTCTAGTCAATCGCGC-1,0.1460241155864343,-0.06748774603758012,S
TTCTAGTCACACCTTC-1,0.0781300987005582,-0.17836746976322854,S
TTCTAGTCATCGATGT-1,0.2322268197953578,-0.01308290053676503,S
TTCTAGTGTCCCTGAG-1,-0.02904444751542834,-0.21294610323434954,G1
TTCTAGTGTCTGTTAG-1,-0.02129346618363931,-0.11749620154481022,G1
TTCTAGTGTTCTCCCA-1,-0.03677884704475254,-0.03164652985081487,G1
TTCTAGTTCAGAGTGG-1,0.07191862323546344,-0.19098772799631858,S
TTCTAGTTCCAGGACC-1,-0.05106534622468312,-0.03768073672504901,G1
TTCTCTCAGAGTTCGG-1,-0.026493915228369025,-0.11502953473545335,G1
TTCTCTCAGCATGTTC-1,0.00710996125938429,-0.036066721053841955,S
TTCTCTCAGCGCCTCA-1,0.05692694782409996,-0.026447009272922706,S
TTCTCTCAGGTCGTCC-1,0.012759855494463512,-0.13539542084541886,S
TTCTCTCCAATAGAGT-1,-0.010839653507411007,0.0069246954441262165,G2M
TTCTCTCCATAAGATG-1,0.045507536865202314,-0.09581364910016604,S
TTCTCTCTCCCTCATG-1,-0.08388887437138715,-0.1483257583267409,G1
TTCTCTCTCCTAGAGT-1,0.015648696903746706,-0.013568640874663196,S
TTCTCTCTCGCAGAGA-1,-0.14968325301510532,-0.12997234026818474,G1
TTCTCTCTCTGTCCGT-1,-0.08616864720296447,0.22487213288970126,G2M
TTCTGTAAGAATCGTA-1,0.007405813026243102,0.04703954822795359,G2M
TTCTGTAAGAGGTATT-1,-0.08518099336731938,-0.12698487944342712,G1
TTCTGTAAGCCTTCTC-1,-0.0022126832351639925,-0.18288488675863332,G1
TTCTGTAAGCTGGCCT-1,-0.04637041747112569,-0.0049204155954877815,G1
TTCTGTACAAGATGGC-1,-0.08524422765585965,-0.2611912753830727,G1
TTCTGTACACGCTGCA-1,0.11473544956753562,-0.20599696049984786,S
TTCTGTACAGGTCAAG-1,-0.06082776681819346,-0.08607351473451291,G1
TTCTGTACAGGTTCGC-1,-0.034726733026397755,0.053486492505940064,G2M
TTCTGTACATAATCCG-1,0.11895097983312836,0.09773041820687589,S
TTCTGTACATCGGCCA-1,-0.12812529452067015,-0.2205544305068687,G1
TTCTGTACATCTGGGC-1,-0.13775440583225085,0.07213436706840193,G2M
TTCTGTAGTGATAGAT-1,0.098318758612708,-0.0846068724645796,S
TTCTGTAGTTATGGTC-1,0.12380687681241259,-0.08831925680368824,S
TTCTGTAGTTGCTCGG-1,0.00978480517000574,-0.1697955412591115,S
TTCTGTATCACCGGTG-1,-0.002954656298223668,-0.16052530543140386,G1
TTCTGTATCCTCTAAT-1,-0.07484318920760513,-0.37548300414211644,G1
TTCTGTATCGACGTCG-1,0.15433114656964592,-0.23816020325654097,S
TTCTGTATCTACGGGC-1,0.09696396989974482,-0.02404446582142683,S
TTCTTCCAGGCATTTC-1,-0.024089997968652244,-0.1605219364357684,G1
TTCTTCCAGGTACAAT-1,-0.03644394924588307,-0.2372126173382582,G1
TTCTTCCCAAGAATAC-1,-0.0702706943543504,-0.09377826097226172,G1
TTCTTCCCATGACTAC-1,0.026801144884621264,-0.18196976694823447,S
TTCTTCCCATGATCTG-1,0.03228892592381136,-0.12907693506466927,S
TTCTTCCCATGTGACT-1,0.02658438035183136,-0.0597383436291857,S
TTCTTCCCATTCTCTA-1,-0.039213325419364065,-0.0434449532118861,G1
TTCTTCCGTATCGCGC-1,-0.10747763265261939,-0.17258015024849907,G1
TTCTTCCGTCACCGCA-1,0.09932886760841214,-0.1438071253562172,S
TTCTTCCGTTGCTCAA-1,-0.04883067147261666,-0.036153011892298526,G1
TTCTTCCGTTGGGATG-1,-0.05973976148801552,-0.17898188941425838,G1
TTCTTCCTCATCTACT-1,-0.06966085194410726,-0.12076139009798065,G1
TTCTTCCTCCGGTTCT-1,-0.06339198412011232,-0.17974250709829714,G1
TTCTTCCTCCTCTAAT-1,-0.055382382089124216,-0.13977553650406238,G1
TTCTTCCTCGCACTCT-1,-0.05757952964912985,-0.1199376832325077,G1
TTCTTCCTCTGCTCTG-1,-0.07520729049518432,-0.14411500134761956,G1
TTCTTCCTCTGGGTCG-1,0.15257268722285666,-0.17744038144252905,S
TTCTTGAAGCAATTCC-1,-0.10400522994240136,-0.3161684822374949,G1
TTCTTGAAGCGATGAC-1,0.03967651696081681,0.017864962130004214,S
TTCTTGAAGTTTGAGA-1,0.04983320477937786,-0.09449916253542581,S
TTCTTGACAGCAGACA-1,-0.04082324123612541,-0.09453677673350497,G1
TTCTTGACATGTTCGA-1,0.02648937537632845,-0.19306042991980285,S
TTCTTGAGTACTCGAT-1,0.09172097739610902,-0.18462250675593386,S
TTCTTGAGTCCGTTTC-1,-0.056645508086039575,0.037694286097884,G2M
TTCTTGATCCGAACGC-1,-0.06436690434784259,-0.1590885286329679,G1
TTCTTGATCTCCCATG-1,0.016775534284247606,-0.13157373312524892,S
TTGAACGAGCACAAAT-1,0.026640719470102103,-0.038768997386803006,S
TTGAACGAGCATAGGC-1,-0.021206595745596968,-0.14077684553174757,G1
TTGAACGAGCTGACCC-1,-0.04563056527763726,-0.14882564622911887,G1
TTGAACGAGGAATGTT-1,-0.11305972776965423,-0.22464501754763136,G1
TTGAACGAGTATGGCG-1,-0.10342323502751366,0.030672784362892058,G2M
TTGAACGCAGCCCACA-1,-0.028933289913334104,-0.19734498006459036,G1
TTGAACGCATCGAAGG-1,0.13339032805963602,0.054452439397170316,S
TTGAACGGTCGCACGT-1,-0.11037466993560707,0.044125113158410556,G2M
TTGAACGGTGACCGAA-1,0.04813088817464595,-0.02436273536977085,S
TTGAACGTCACGAGGA-1,-0.1435335373275362,-0.1472041440489047,G1
TTGAACGTCCATTTAC-1,-0.020421680635046346,-0.1870214871328371,G1
TTGAACGTCGTTAGAC-1,0.1336283497719002,-0.13332835685779654,S
TTGAACGTCTCACGAA-1,-0.049394969604000194,-0.15343329047261206,G1
TTGAACGTCTCGACCT-1,-0.1037605438548641,-0.2930625057748123,G1
TTGACCCAGAGTTGAT-1,-0.08697533362457227,-0.18626402213948684,G1
TTGACCCAGGTAGCCA-1,-0.06885773932061667,0.021075642435794517,G2M
TTGACCCAGTAAACAC-1,0.08951315285152023,-0.02030237830507292,S
TTGACCCAGTAAAGCT-1,0.03143332860075765,0.023804511888763813,S
TTGACCCAGTCCGCCA-1,0.193003388526577,-0.1337246076124345,S
TTGACCCCAACTACGT-1,-0.04552623814690698,-0.12125319614609814,G1
TTGACCCCAATCGCAT-1,-0.035835563256180925,0.15440489252786338,G2M
TTGACCCCATGTAACC-1,-0.0035179828790252443,-0.12500113463656887,G1
TTGACCCGTAACAGTA-1,0.012492251800042153,-0.06829464459505391,S
TTGACCCGTTGTCCCT-1,0.011799352953856673,0.039425806819184755,G2M
TTGACCCGTTTCGATG-1,0.10504108551352731,-0.13255466004227606,S
TTGACCCTCAAGCCTA-1,-0.08651644533633868,-0.14950642707183787,G1
TTGACCCTCTGCGTCT-1,0.004702381252680188,-0.10653495156042775,S
TTGAGTGAGACGGTTG-1,-0.08888222032789228,0.2005377975159453,G2M
TTGAGTGAGACTGAGC-1,0.03736764879537208,-0.03374042274286404,S
TTGAGTGAGCTAAGTA-1,-0.04724914470142033,-0.21045926373217938,G1
TTGAGTGAGGACGCTA-1,-0.10483159407862203,-0.08993286096325426,G1
TTGAGTGAGGACTAAT-1,-0.020813176347808826,-0.17833987552072278,G1
TTGAGTGAGTGTCATC-1,-0.07043670848037925,-0.1510146650256704,G1
TTGAGTGCAACAACAA-1,-0.13561958328411258,-0.19612782557415598,G1
TTGAGTGCACACCTTC-1,-0.022408384367036793,-0.11620756743904842,G1
TTGAGTGCACGGTGTC-1,-0.06429346801835928,-0.018816972655674724,G1
TTGAGTGCACTAACGT-1,-0.08785320261628615,-0.09221195238724728,G1
TTGAGTGCAGCACACC-1,-0.050124361429756015,-0.2661164541192739,G1
TTGAGTGGTAATCAGA-1,-0.08366682549647658,-0.1709449066555744,G1
TTGAGTGGTACTCGAT-1,0.06450345315021061,-0.21815203040697279,S
TTGAGTGGTAGGGAGG-1,-0.04433733726615702,-0.20131536200323982,G1
TTGAGTGGTGACCGTC-1,-0.021673202167065586,-0.19728922032045704,G1
TTGAGTGTCAAGATAG-1,0.003094109664352418,-0.21589814349672154,S
TTGAGTGTCACGGGAA-1,-0.09479413598020703,-0.15022549369457394,G1
TTGAGTGTCCATAGAC-1,0.0061355460129169925,-0.1309695115747832,S
TTGAGTGTCGTAGAGG-1,-0.011496603106732561,0.19888207874701247,G2M
TTGATGGCAATCACGT-1,0.06743031711366504,-0.08014443570153118,S
TTGATGGCACGACGAA-1,-0.06286141267783657,-0.10182428119456949,G1
TTGATGGCAGCAGAAC-1,-0.020789230138259285,-0.16578397157773034,G1
TTGATGGCAGGCGAAT-1,0.05675919869393681,-0.11276965726970573,S
TTGATGGCATGGATCT-1,0.08316083139332925,0.0066299159163993315,S
TTGATGGGTAGAGGAA-1,-0.09468756787791421,-0.09752155589126882,G1
TTGATGGGTGGCCCAT-1,0.02288177566993596,-0.09909958115584139,S
TTGCATTAGATAACAC-1,-0.0357646194997262,-0.2176978073132102,G1
TTGCATTAGCGATCGA-1,-0.027971176350578608,-0.14437567990671757,G1
TTGCATTAGCGGTAGT-1,0.02515982790185789,-0.09312871682933732,S
TTGCATTAGGGCAGAG-1,0.18522019292747272,-0.19304407543646915,S
TTGCATTCAGTACTAC-1,0.1422459954154235,-0.05544053983665881,S
TTGCATTCATTAGGAA-1,0.21325143977070932,-0.1838921372706913,S
TTGCATTGTGCTATTG-1,0.14408984829657734,-0.022360669414477674,S
TTGCATTTCAATCAGC-1,0.13010546080170227,-0.13622927732708845,S
TTGCATTTCATGCCGG-1,0.1404152972994031,-0.09934085448251445,S
TTGCATTTCCGGGACT-1,-0.059319435283332334,-0.21676068165896814,G1
TTGCATTTCTACCTTA-1,-0.049660077718397255,-0.08382378382217809,G1
TTGCCTGAGATACAGT-1,-0.0384672970993899,-0.17060949660370403,G1
TTGCCTGAGGGCTGAT-1,0.11927861218093533,-0.05415581610686632,S
TTGCCTGAGTTGGCGA-1,0.09029393843559808,-0.12243011945612264,S
TTGCCTGCAGGACTAG-1,-0.0652560119694866,-0.1598921416723112,G1
TTGCCTGGTACCCACG-1,0.07749751101984609,-0.3091259527436962,S
TTGCCTGGTCATGACT-1,0.0506769832031817,-0.1516214662391117,S
TTGCCTGGTGCATTAC-1,0.015682189823195802,0.002517195069017708,S
TTGCCTGGTTCTCACC-1,-0.02769655419906769,-0.2675706479040595,G1
TTGCCTGGTTTGAAAG-1,0.02832116616342073,-0.020245004873352512,S
TTGCCTGTCAAGTTGC-1,0.13497341515438838,-0.17926303421485784,S
TTGCCTGTCCGTGGTG-1,0.014215983144351685,-0.22671116499302996,S
TTGCCTGTCGGTTAGT-1,-0.03303863849240818,-0.19385759656487095,G1
TTGCCTGTCTTACTGT-1,-0.06029036954438033,-0.10317129249287116,G1
TTGCGTCAGCGTGAAC-1,-0.054067656807353426,-0.19901892441145055,G1
TTGCGTCCACCAGTTA-1,-0.14674969775891716,-0.26022781735742606,G1
TTGCGTCCATTGAGCT-1,0.006238051712639026,-0.18854979587533824,S
TTGCGTCGTCGGTAAG-1,0.09736977669678631,-0.11405129815775886,S
TTGCGTCGTCTGATAC-1,-0.05659293042827884,-0.06841828335249722,G1
TTGCGTCGTGGTCTCG-1,-0.0796774205895113,-0.015140179163074696,G1
TTGCGTCTCGGATTAC-1,0.028439888073141184,-0.0425666477968466,S
TTGCGTCTCTGAGGTT-1,-0.1311980977781201,-0.14911838114888956,G1
TTGCGTCTCTTAAGGC-1,-0.11209447338381617,0.060202457567201995,G2M
TTGCTGCAGGGATCAC-1,0.029128429378520004,-0.12065463718357516,S
TTGCTGCCACCAAAGG-1,-0.021065619724190632,-0.1483663860044928,G1
TTGCTGCCACGCGCTA-1,-0.07815728391321364,-0.18708091256314427,G1
TTGCTGCCAGGTCCCA-1,0.0014493326966390219,-0.11039828090625445,S
TTGCTGCGTCCGCAGT-1,-0.01179879108217674,-0.09545110676181368,G1
TTGCTGCGTGACTCGC-1,-0.08398077704891799,0.012522673828674724,G2M
TTGCTGCGTGAGTAAT-1,0.00509080645109089,-0.03080322196778945,S
TTGCTGCGTTTCGTTT-1,-0.05906780101510295,-0.29331405747112205,G1
TTGCTGCTCAGACATC-1,0.004375097296031333,-0.16794320071916866,S
TTGCTGCTCGCCGTGA-1,0.016382435196158673,-0.1467727745159621,S
TTGGATGAGATACAGT-1,-0.01720478691706903,-0.12643898104567675,G1
TTGGATGAGCCACCGT-1,-0.10007818338292146,0.06955898689665652,G2M
TTGGATGAGTACTGTC-1,-0.057106745516844526,0.0027615836463438237,G2M
TTGGATGAGTCACTGT-1,-0.008923156462284254,-0.07484738115528361,G1
TTGGATGAGTGGCGAT-1,0.17943832359501655,-0.06470120722804801,S
TTGGATGCAATTGAGA-1,-0.04962340313892538,-0.07409620838499192,G1
TTGGATGCACCGAATT-1,-0.08477948827149934,-0.07452087048791961,G1
TTGGATGCATCTCATT-1,0.03108922102099687,-0.29217587203464146,S
TTGGATGCATTCCTCG-1,0.1061460281344846,-0.20912788691332682,S
TTGGATGGTCGACTGC-1,-0.07288513577413175,-0.18049428706548398,G1
TTGGATGGTGAATTGA-1,-0.07446137377354728,-0.1788394538239273,G1
TTGGATGGTGGGACAT-1,-0.05473088053535097,-0.013523745224283734,G1
TTGGATGGTTCAAGTC-1,0.16606877452042612,-0.06514720817873393,S
TTGGATGTCATCGGGC-1,0.03519509873429866,-0.048018418585509426,S
TTGGATGTCGTCTCAC-1,0.01979714251991893,-0.1620290840552015,S
TTGGATGTCTGGTTGA-1,-0.030668729803387862,-0.02688371207796353,G1
TTGGGATAGAAGCTGC-1,-0.02931179100772946,-0.05611833959197318,G1
TTGGGATAGTAGACAT-1,0.056035483073562986,-0.1797834893598602,S
TTGGGATCACCACATA-1,0.1374724768269045,-0.2316778163441506,S
TTGGGATCACCTATCC-1,-0.0894727769514505,-0.12297115111532864,G1
TTGGGATCATCCAATG-1,0.15375410385319688,-0.027486694449393667,S
TTGGGATCATTCAGGT-1,-0.02126693145203451,-0.14911863995412356,G1
TTGGGATGTGAAGCGT-1,0.008438279228316026,-0.30174068587887437,S
TTGGGATGTGAGGAAA-1,-0.11933287821823182,-0.022483200010122162,G1
TTGGGATGTGGGCTTC-1,0.029552365804767278,-0.12813951988580424,S
TTGGGATGTTACGGAG-1,-0.05840545411732562,-0.02986114771211773,G1
TTGGGATTCAAAGCCT-1,-0.06887879322072099,-0.05350873840378906,G1
TTGGGCGAGTACCGGA-1,-0.08219809897147706,-0.16619589681110852,G1
TTGGGCGCACCGCTAG-1,-0.04740495405434347,-0.05365900182458505,G1
TTGGGCGCAGAGGTTG-1,0.07465997490501403,-0.14836264106878727,S
TTGGGCGCAGCGAGTA-1,-0.08252411824397171,-0.012967294529167506,G1
TTGGGCGGTACGCTTA-1,0.03711677165953761,-0.2641120508354533,S
TTGGGCGGTATGTGTC-1,-0.0572244906541573,-0.19393950071453522,G1
TTGGGCGGTGACGCCT-1,-0.06696285971243846,-0.09072359820916823,G1
TTGGGCGTCCACGTGG-1,-0.04623368052136562,-0.034235987725606654,G1
TTGGGCGTCCTCTGCA-1,-0.07557948913694501,-0.30199774696567555,G1
TTGGGCGTCTCCCATG-1,0.003605147889471,-0.1590545673123008,S
TTGGGTAAGCGCATCC-1,-0.04446313861354473,-0.16239203272842442,G1
TTGGGTAAGGTCATCT-1,-0.12396226568711616,-0.07480891507051379,G1
TTGGGTAAGGTCATTC-1,-0.016391710872287135,-0.08489981535403085,G1
TTGGGTAAGTCTGCGC-1,0.04672620719650261,-0.2601043668363468,S
TTGGGTACACACGGAA-1,-0.011894137432514773,-0.05844539181385017,G1
TTGGGTACACCCTTAC-1,-0.07358736411520045,-0.14099755690908572,G1
TTGGGTACACTCGATA-1,0.045072223648893295,-0.11746507686966345,S
TTGGGTACAGACGGAT-1,-0.009127364605900745,-0.09425666724123072,G1
TTGGGTACATACGCAT-1,0.003144185291598267,-0.14607481451871648,S
TTGGGTAGTGCATACT-1,-0.023957939095730962,-0.07984110851007198,G1
TTGGGTAGTTACCTGA-1,-0.057265204372400624,-0.10224846137511906,G1
TTGGGTATCAAAGGAT-1,-0.0257276633594119,-0.08316965702223272,G1
TTGGGTATCTCATGGA-1,-0.0577936630284267,-0.06887960511361835,G1
TTGGTTTAGGTAAAGG-1,0.03748127088903591,-0.19522620857062595,S
TTGGTTTAGGTTGACG-1,-0.033564956199892415,-0.07376001226299228,G1
TTGGTTTAGTTCCTGA-1,0.11766064991875147,-0.1303041893511263,S
TTGGTTTAGTTTCAGC-1,-0.05947655676950703,-0.2280425527188885,G1
TTGGTTTCATATTCGG-1,-0.003009550716769671,-0.23599305177112365,G1
TTGGTTTCATGGGTTT-1,-0.0509773806582392,-0.006209515777050423,G1
TTGGTTTGTAATGCGG-1,0.03109949647466609,-0.14203460972272453,S
TTGGTTTGTACAAGTA-1,-0.01115697586959924,-0.19007435655276775,G1
TTGGTTTGTATCACCA-1,-0.026425637480689823,-0.1029866858106121,G1
TTGGTTTGTTTCCCAC-1,-0.005712102604616798,-0.2137345838744003,G1
TTGGTTTTCCCTCGTA-1,-0.006692547459283715,0.04579115127835931,G2M
TTGGTTTTCGAACCTA-1,0.01987698543138483,-0.2398966282438109,S
TTGGTTTTCGAGTTGT-1,0.01627003441154562,-0.1853194098347504,S
TTGGTTTTCTCAAAGC-1,-0.007339687624589197,-0.04773388506844217,G1
TTGTGGAAGATAGGGA-1,0.11029993173869052,-0.07168279128518834,S
TTGTGGAAGGGCAGAG-1,0.03543370221938036,-0.15344107194101891,S
TTGTGGACACAAAGTA-1,0.025708887937482106,-0.06382697586481167,S
TTGTGGACACAGACGA-1,-0.009016933694412532,-0.1886826258639671,G1
TTGTGGAGTAGCGTTT-1,-0.03834167820873585,-0.15394407020025402,G1
TTGTGGAGTCAATCTG-1,0.03796100682334147,-0.07563074559804028,S
TTGTGGAGTCGCAACC-1,0.050117371749291095,-0.05984637089470418,S
TTGTGGAGTCGTAATC-1,-0.015857205762419446,-0.21828045985769984,G1
TTGTGGAGTGCCTACG-1,-0.09232865438151272,-0.10590166502365267,G1
TTGTGGATCCCTGGTT-1,-0.016912740147490057,0.03770164977927204,G2M
TTGTGGATCTCCTGAC-1,-0.1272244177768703,-0.10834995756025617,G1
TTGTGTTAGAACTCCT-1,0.01918935560134233,-0.1263798210372154,S
TTGTGTTAGCACCGTC-1,-0.07687408675409291,-0.22514480351257352,G1
TTGTGTTAGTACTGGG-1,-0.07471399635716747,-0.22361099060212664,G1
TTGTGTTAGTGATGGC-1,-0.03793789563707323,0.0843639676395656,G2M
TTGTGTTAGTTGGCTT-1,-0.020730095823568273,-0.1510184107270719,G1
TTGTGTTGTGATACCT-1,-0.015184501688592145,-0.14230525619503903,G1
TTGTGTTGTGCTCTTC-1,-0.028484141154551945,-0.19582759426623567,G1
TTGTGTTTCCGTTGAA-1,0.12349385264328433,-0.1657154538408264,S
TTGTGTTTCGCTGACG-1,-0.14280363565435789,-0.24707229342202708,G1
TTGTGTTTCTTTCAGT-1,-0.025826926741866263,-0.13601184427699703,G1
TTGTTCAAGATGCTAA-1,-0.14115610343799923,-0.2904641617320922,G1
TTGTTCAAGATTGGGC-1,-0.09733950572463468,-0.20250676111994964,G1
TTGTTCAAGCCGGAAT-1,-0.03585997627754911,-0.12317099834311174,G1
TTGTTCAAGGCCTGCT-1,-0.0541023292127476,-0.2757374699553157,G1
TTGTTCAAGTCTGCAT-1,-0.046812136396418735,-0.17717308781965257,G1
TTGTTCACAACAGATA-1,-0.048305895222215955,-0.12886165689939755,G1
TTGTTCACAGGAGGAG-1,-0.07918650854168441,-0.2245143447242646,G1
TTGTTCAGTGGCTTAT-1,-0.022647046650199315,-0.052699850035556856,G1
TTGTTCAGTTAGAGTA-1,-0.05969302330256515,-0.04517954167739935,G1
TTGTTCAGTTCAGGTT-1,0.017953063063262387,-0.18530147385635098,S
TTGTTCATCGCGTCGA-1,-0.04765277265530865,-0.22671958614215068,G1
TTGTTGTAGACGCATG-1,-0.0016520276747973295,-0.11647628315906672,G1
TTGTTGTAGCACCCAC-1,0.07068295836730071,-0.15688914803921133,S
TTGTTGTAGTGGTTCT-1,-0.05657041747247077,-0.1628182979989426,G1
TTGTTGTAGTTGCGCC-1,-0.050223763360341456,-0.060301995411817744,G1
TTGTTGTCAAATACGA-1,-0.043993353781548394,-0.18278084665507227,G1
TTGTTGTCAAGTGCTT-1,-0.05625208702308726,-0.19246403932500666,G1
TTGTTGTCATGACGAG-1,-0.05911467852468327,-0.11441887754374691,G1
TTGTTGTCATGCCGGT-1,0.03056311845919868,-0.15693722818579142,S
TTGTTGTCATTCACCC-1,0.04735052728828165,0.05788942850085721,G2M
TTGTTGTTCGCCTAGG-1,-0.048028536898698515,-0.06809180824005867,G1
TTGTTTGAGACTTAAG-1,-0.021474131443117578,-0.153333176425142,G1
TTGTTTGAGGGCGAAG-1,-0.017621285895338235,-0.12625530449258338,G1
TTGTTTGAGTCGGCAA-1,-0.0717493710601606,-0.12225402411697461,G1
TTGTTTGCATCCCACT-1,0.02973835708397199,-0.21143184817534552,S
TTGTTTGCATCGAAGG-1,-0.0988583838924359,-0.2420963832462456,G1
TTGTTTGCATTACTCT-1,-0.010387893544773374,-0.09194270908606794,G1
TTGTTTGGTAAGTTAG-1,-0.07827551438931801,-0.08304966567413363,G1
TTGTTTGGTAGCGAGT-1,0.0054184964976470296,-0.14123481797229026,S
TTGTTTGGTCATCTAG-1,0.026951613975005395,-0.13449528034505764,S
TTGTTTGGTCGCAGTC-1,-0.050436574195068584,-0.006182689918761863,G1
TTGTTTGGTCTGGTTA-1,-0.11716864885351402,-0.05481961794132412,G1
TTGTTTGGTGCATGAG-1,-0.08202918380601565,-0.14518684369030074,G1
TTGTTTGTCCACGGAC-1,-0.038627388284730196,-0.041598881928284426,G1
TTGTTTGTCCCATGGG-1,0.07357618155118856,-0.14259835708418686,S
TTGTTTGTCGGAGTGA-1,-0.04016757761242687,-0.18834703227810462,G1
TTGTTTGTCGTTCTCG-1,0.0247946932101204,-0.1504943034453851,S
TTGTTTGTCGTTTACT-1,0.15552674118429277,-0.20438530888162185,S
TTTACCACACCCATAA-1,-0.02154826754574618,-0.09230864379042808,G1
TTTACCACACGTGAGA-1,-0.03758364122545549,0.1368762025235054,G2M
TTTACCACATGGCTGC-1,-0.11867671567576149,-0.22535095223499446,G1
TTTACCAGTCGAGATG-1,0.23217309338444037,-0.16728965794965436,S
TTTACCATCAACCTCC-1,0.01280885840027507,-0.015918952809129527,S
TTTACCATCAGACTGT-1,0.13563779890369282,-0.03889981817259097,S
TTTACCATCGAGCCTG-1,0.005920063381756102,-0.18321745611178847,S
TTTACCATCGTCCATC-1,-0.0077461631548213505,-0.2734306849397663,G1
TTTACGTAGACTTCAC-1,-0.05563946359456978,-0.12164720952049957,G1
TTTACGTAGAGCAAGA-1,-0.13085522041523048,-0.006656345510383799,G1
TTTACGTAGCGTTCCG-1,0.049290656635249286,-0.1684867324630686,S
TTTACGTCAATCCTTT-1,0.05519406646697861,-0.08536659742619712,S
TTTACGTCACTATGTG-1,-0.06437061145609857,-0.20502974391826262,G1
TTTACGTCAGGTATGG-1,-0.03893618190203313,-0.14439529379129123,G1
TTTACGTCAGTGACCC-1,-0.045019689835068544,-0.09817075493835387,G1
TTTACGTCATCGTGCG-1,-0.10290253741099331,-0.19575776023971947,G1
TTTACGTGTGATAGTA-1,0.02177151756990353,-0.1465464462760465,S
TTTACGTGTGGACCAA-1,-0.059854905784291035,-0.10849444818282811,G1
TTTACGTGTGGCATCC-1,-0.018929063077250063,-0.1376348920977314,G1
TTTACTGAGAATGTTG-1,-0.12046867859581759,-0.19604506990400344,G1
TTTACTGAGCATTTCG-1,0.20843168616733881,-0.0828043330602729,S
TTTACTGAGCTACGTT-1,0.06273121943552568,-0.1489274836251538,S
TTTACTGAGGCTTCCG-1,-0.03662505700254881,-0.19866046576268315,G1
TTTACTGAGGGTACAC-1,-0.011498555924049025,-0.18596826649922288,G1
TTTACTGAGTTGTCGT-1,-0.03499790820710641,-0.10612296309055075,G1
TTTACTGCAACCAGAG-1,0.006313304138138298,-0.017992134174802776,S
TTTACTGCACCGTCGA-1,-0.11867529157234008,0.0920694647254296,G2M
TTTACTGCAGTTTGGT-1,0.12968408213238852,-0.2041221557596414,S
TTTACTGGTAGGGTAC-1,-0.10073505635235486,-0.11476552714671978,G1
TTTACTGGTCACAGTT-1,-0.09623473574725883,-0.15134138072477282,G1
TTTACTGGTGATGAAT-1,-0.023412483801178885,-0.16020517191276756,G1
TTTACTGGTGGATGAC-1,0.006134893106869932,-0.06651493374992962,S
TTTACTGTCACTCTTA-1,0.0402753689637676,0.02000767587959995,S
TTTAGTCAGCTCGACC-1,0.06977029213137476,-0.06522958587805752,S
TTTAGTCAGGCTATCT-1,0.1831421239618335,-0.23580698362496313,S
TTTAGTCCAAAGCAAT-1,-0.008446430805418459,0.02258864919399378,G2M
TTTAGTCCATTATGCG-1,0.012651701735485077,-0.024398772766833388,S
TTTAGTCGTGGCTTGC-1,-0.10865738796638441,-0.2521800370165018,G1
TTTAGTCGTTAGGGAC-1,0.0661047956183185,-0.14470971438579827,S
TTTAGTCTCCACTGGG-1,0.09284891703450115,0.09520927640797633,G2M
TTTAGTCTCCCGTGTT-1,-0.15234659494118102,-0.19066339952914538,G1
TTTAGTCTCGCAAGAG-1,-0.04916747745270106,-0.17150690252082262,G1
TTTATGCAGTCGAATA-1,0.007236340790594875,-0.05942218858352244,S
TTTATGCGTAACATAG-1,-0.012553033107662648,-0.09239149893447296,G1
TTTATGCGTGTGCTTA-1,0.12186274282628984,-0.13366145851945294,S
TTTATGCTCGCCGAGT-1,0.027353710171796053,-0.12576993293716263,S
TTTATGCTCTCCAATT-1,-0.07701038287182976,-0.08920117968270186,G1
TTTATGCTCTTCTAAC-1,-0.05776988981812464,-0.11572187963455127,G1
TTTCACAAGGGACAGG-1,-0.06232961881101173,-0.08628726423774002,G1
TTTCACACATTATGCG-1,-0.07117223005052181,-0.17605581918264707,G1
TTTCACAGTGGTTTGT-1,-0.014990089916344151,-0.03312688994669405,G1
TTTCACAGTTGCTCAA-1,-0.08789609571118195,-0.21051731259096307,G1
TTTCACAGTTTCGACA-1,-0.018349086600082998,-0.09808302615617825,G1
TTTCACATCAATCTTC-1,-0.019896932482271312,-0.16272596974772607,G1
TTTCACATCACCCATC-1,0.03464810469865903,-0.12470946109623848,S
TTTCACATCACGGGAA-1,-0.06639349938477673,-0.21806966825460625,G1
TTTCACATCATACGGT-1,-0.13074338467095936,-0.1977990793153544,G1
TTTCACATCTCCAAGA-1,-0.008485703138098821,-0.005929064950834284,G1
TTTCAGTAGACCGCCT-1,-0.03165518434895004,-0.20977919090853853,G1
TTTCAGTCAGGCACAA-1,0.09208292279716812,-0.06257827992759113,S
TTTCAGTCATGAATCC-1,-0.02611498020510694,-0.2546007245658878,G1
TTTCAGTTCGGTAGGA-1,0.04133794227289794,-0.039814142607990044,S
TTTCATGAGACAGCGT-1,-0.041169929497119506,-0.013728416453124781,G1
TTTCATGCAACTCCAA-1,-0.024852149168594406,-0.1558285777064831,G1
TTTCATGCAGCTTCGG-1,0.04217454028218193,-0.12443158557186013,S
TTTCATGCAGGAGGTT-1,0.01315461290829878,-0.10184519797739888,S
TTTCATGCAGGATGAC-1,-0.013996287469839941,-0.08317090550613876,G1
TTTCATGGTTAGGGTG-1,-0.06827941484803848,-0.16511964013135277,G1
TTTCATGGTTCGGGTC-1,-0.0685172221259489,-0.07529307451258654,G1
TTTCATGGTTGCAAGG-1,0.08390367771378099,-0.19837987681157435,S
TTTCATGTCTACTATC-1,0.06311366349333275,-0.08365588624035492,S
TTTCCTCCAACCGCTG-1,0.04344913917985216,-0.15308821392540387,S
TTTCCTCCAACGATCT-1,-0.04213274847517878,-0.27515220493944326,G1
TTTCCTCCACTCACTC-1,-0.01226299509198514,-0.01381226498780247,G1
TTTCCTCCAGAGAAAG-1,0.03701954294611359,-0.1486961303224088,S
TTTCCTCCAGCAGTCC-1,-0.022632561192508116,-0.13844009450549236,G1
TTTCCTCCAGTATGAA-1,-0.03718508688149541,0.011080300092401685,G2M
TTTCCTCGTCGATTTG-1,-0.0929593192501979,-0.05945937727104089,G1
TTTCCTCGTTCCTTGC-1,0.03810643861407775,-0.15737313957747678,S
TTTCCTCGTTGAGGAC-1,0.00593087986830243,0.01042179887144501,G2M
TTTCCTCTCATTACGG-1,-0.07370593955513471,-0.08356670543231282,G1
TTTCCTCTCCAACCGG-1,0.0035032260965633943,-0.15210232782869082,S
TTTCCTCTCCCAGTGG-1,-0.018279743470625498,0.05943144528171235,G2M
TTTCCTCTCCCGAACG-1,-0.04678427968607668,-0.08021967345249664,G1
TTTCCTCTCCGAGAAG-1,-0.093939322933342,-0.11048401796343171,G1
TTTCCTCTCCTACAAG-1,0.0011711885449352533,-0.35410414766516685,S
TTTCCTCTCGGATTAC-1,-0.08221571521276544,-0.166867050608477,G1
TTTCCTCTCTTCTGGC-1,-0.016558248797551522,-0.049747724481313316,G1
TTTCCTCTCTTTCAGT-1,-0.026771307372503717,-0.12057484272602345,G1
TTTCGATAGAGGATCC-1,-0.040225757917343646,-0.18123441520006983,G1
TTTCGATAGGTACAAT-1,0.05147365691140349,-0.056050968984134086,S
TTTCGATCACATACGT-1,0.020733013288310176,-0.19189820093110932,S
TTTCGATGTAAGGCTG-1,0.005178217679510599,-0.12670456324653517,S
TTTCGATGTCCAAGAG-1,-0.06397592068116609,-0.25232228586440825,G1
TTTCGATGTCGTGGAA-1,0.13015917838563257,-0.07125948401467708,S
TTTCGATGTGTACATC-1,0.026877263680522734,-0.2643448457106504,S
TTTCGATGTTACACAC-1,-0.056433503530302354,0.09803727658834926,G2M
TTTCGATTCCACGTGG-1,-0.10461308243288217,-0.0451533027084175,G1
TTTGACTAGCAACTTC-1,0.006325674109750545,-0.11703424249161365,S
TTTGACTAGGAAGAAC-1,-0.06860017828020432,-0.10248286001714696,G1
TTTGACTAGGTAAACT-1,-0.004586240185859514,-0.0528751363836335,G1
TTTGACTCAACACGAG-1,0.042570062216568005,-0.0300709966436129,S
TTTGACTCACATTCGA-1,-0.01313101096741337,-0.2347566090166447,G1
TTTGACTGTTGGGAAC-1,-0.04930388447360934,-0.06810219087751013,G1
TTTGACTTCACCGGGT-1,-0.031044964609257597,-0.10997289528722815,G1
TTTGACTTCCAACTGA-1,-0.00633902271293435,0.025095031637342557,G2M
TTTGACTTCGATCCAA-1,-0.06719078414360669,-0.21253936614039443,G1
TTTGACTTCTTTCTAG-1,0.09070804648052355,-0.08852260790611444,S
TTTGATCAGACTGGGT-1,-0.01626782553076961,-0.1554864963454725,G1
TTTGATCAGTTGTAGA-1,-0.058563514335796873,-0.157453944171099,G1
TTTGATCCAAGTGGTG-1,0.01086605531687651,-0.1752159327620758,S
TTTGATCCATAACCCA-1,0.026584034919168886,-0.08070682325355336,S
TTTGATCGTCGCCTAG-1,0.033866575513666564,-0.162931023458344,S
TTTGATCGTTGTGCAT-1,0.10925807135899557,-0.15474680105797972,S
TTTGATCTCAAGAAAC-1,-0.08550824752884506,-0.1753292242538918,G1
TTTGATCTCCAAACCA-1,0.02171734880729842,-0.07952172886904357,S
TTTGATCTCCAACTGA-1,0.018086536695285482,-0.09030636072703957,S
TTTGATCTCTTCACGC-1,-0.05738447992497969,-0.12591543461131116,G1
TTTGGAGAGAAGGCTC-1,0.08100681315520791,-0.08762906475865123,S
TTTGGAGAGACATATG-1,-0.027233089748513184,-0.1910442420341989,G1
TTTGGAGAGACCACGA-1,-0.004578227641887533,0.0073937883201131704,G2M
TTTGGAGAGAGCTTTC-1,0.020416264518618055,0.023326135149025873,G2M
TTTGGAGAGCAAATCA-1,-0.057737923902780264,0.009048561754157247,G2M
TTTGGAGAGCAGGGAG-1,-0.08212254972641092,-0.33473407868272176,G1
TTTGGAGCAAGATTGA-1,-0.012227025184151363,-0.1986295152334303,G1
TTTGGAGCAAGCGGAT-1,0.1395291471387759,-0.08987582517016035,S
TTTGGAGCAGAGTAAT-1,-0.043386319290873665,0.014656827230618119,G2M
TTTGGAGCATCATCTT-1,0.09483705416573285,-0.1391313640511987,S
TTTGGAGGTATGTCAC-1,0.055676428850284176,-0.07588080595166058,S
TTTGGAGGTCTGCATA-1,-0.029501344639068117,-0.19089236480929683,G1
TTTGGAGTCAAGAATG-1,-0.04613624157691515,-0.2656451487814602,G1
TTTGGAGTCAGGACGA-1,0.08779780628813943,-0.055318570246468524,S
TTTGGTTAGCAGCCTC-1,-0.11174429716957951,-0.2644113864039438,G1
TTTGGTTAGCATGTTC-1,0.04038536651222169,-0.026756735984748037,S
TTTGGTTAGGTACATA-1,0.0295618603772429,-0.0633843031281286,S
TTTGGTTAGGTGCATG-1,-0.07031921174353728,-0.0032378792577574256,G1
TTTGGTTAGTCACGAG-1,-0.036574136280203035,0.03906544203691076,G2M
TTTGGTTCAATTGGTC-1,0.02409911010301935,-0.09928022962277924,S
TTTGGTTCACTGCATA-1,0.05284984647679791,-0.13029884600846164,S
TTTGGTTCAGCAGTCC-1,0.08513193939108232,-0.134436989526351,S
TTTGGTTCAGCTCTGG-1,-0.039207818349401846,-0.15478351994109096,G1
TTTGGTTCATGTCGTA-1,-0.11078956599121581,-0.15503916389945122,G1
TTTGGTTGTACGTAGG-1,0.17284093296451425,-0.19705089395778183,S
TTTGGTTGTCGCGTTG-1,-0.036868618538394016,-0.14585422500355472,G1
TTTGGTTGTGCCGGTT-1,0.05617865062893734,-0.12114967210496763,S
TTTGGTTGTTGTAAAG-1,-0.07410499900969095,-0.1379526171363755,G1
TTTGGTTGTTTACACG-1,0.07802503676356715,-0.02545880130308875,S
TTTGGTTTCATCGCCT-1,-0.024123784927005454,-0.16549863925667707,G1
TTTGGTTTCTCCCAAC-1,0.00019450282278171693,-0.16071284110045123,S
TTTGTTGAGAAATGGG-1,-0.030480537500395644,-0.11273400643258322,G1
TTTGTTGAGATAGCTA-1,0.017304830162218454,0.13975447467178548,G2M
TTTGTTGAGATTGCGG-1,-0.0527402361517787,-0.04103839480034033,G1
TTTGTTGAGTCCGCCA-1,-0.04511093884672013,-0.16372728753097815,G1
TTTGTTGCACCAGTAT-1,-0.03606584205174612,-0.026092059958543523,G1
TTTGTTGCAGAAGTGC-1,0.19043832979938613,-0.13804753423891908,S
TTTGTTGGTAACAGGC-1,0.0016320231029948173,-0.338330580514764,S
TTTGTTGGTACGTTCA-1,0.12149259615186753,0.05992653596574532,S
TTTGTTGGTATCGAGG-1,-0.0782892215686452,-0.10588189663495107,G1
TTTGTTGTCTCCAATT-1,0.04439771447236729,-0.17451891536984637,S
