,S_score,G2M_score,phase
AAACCCAAGATCACTC-1,0.04125803278031076,-0.008137909153416834,S
AAACCCAAGCACCAGA-1,-0.014362044830516063,0.026941799762035312,G2M
AAACCCAAGCGAATGC-1,-0.07894032028132869,-0.10478646873729991,G1
AAACCCAAGGAACGAA-1,0.04486019134603603,-0.0028533706080269283,S
AAACCCACAACTCATG-1,0.047642985737634536,-0.05197552693028573,S
AAACCCACAAGGCCTC-1,-0.04600094185551329,-0.02452570087199324,G1
AAACCCACACACCGCA-1,-0.03990759981042191,-0.14846968762621154,G1
AAACCCACACCAGACC-1,0.18547858347706042,0.18658563608895146,G2M
AAACCCACAGTTGAAA-1,0.0249879881914441,-0.03253153937934944,S
AAACCCAGTAAGCTCT-1,0.09180361508137524,0.120961130700519,G2M
AAACCCAGTAGGAGGG-1,0.04094916433137635,-0.05904730860379914,S
AAACCCAGTCGTCAGC-1,0.0587335349263548,-0.1510953667408968,S
AAACCCAGTCTAACGT-1,-0.04304395220758195,0.08339579735099573,G2M
AAACCCAGTGGGCTCT-1,0.06741870775588821,0.09120377673549473,G2M
AAACCCAGTTCCCACT-1,0.04008888210302952,3.1296901000232857e-06,S
AAACCCAGTTGCGTAT-1,0.059856826131511665,0.017937315184634928,S
AAACCCATCACCTCTG-1,0.008540644105857864,0.07906921893519192,G2M
AAACCCATCAGCCTTC-1,-0.018731403537651903,-0.07686652719602483,G1
AAACCCATCAGTGGGA-1,0.11962987772371864,0.30574357008811426,G2M
AAACCCATCGAGATAA-1,0.0320087058642754,0.18553666176214123,G2M
AAACCCATCGATGGAG-1,-0.045442345986501764,0.08295117866128976,G2M
AAACCCATCGTAACTG-1,-0.022758044218900486,-0.07406711948476569,G1
AAACGAAAGGCCCACT-1,0.053815468729082494,0.20107327498839422,G2M
AAACGAAAGGTTCATC-1,0.021148208714408145,-0.03118880156468945,S
AAACGAAAGTCGAAAT-1,0.025010357626138402,0.10112337533917432,G2M
AAACGAACAAGAGTGC-1,0.05263468529044668,0.018741943353453278,S
AAACGAACAATGTGGG-1,0.0282840356347821,0.07049175376074152,G2M
AAACGAACACAACATC-1,0.04509227686907824,0.05945814286963541,G2M
AAACGAACACCTATCC-1,0.08439201748497127,0.11378028413533187,G2M
AAACGAACACGACGCT-1,0.020421841756711356,-0.038270227065782925,S
AAACGAACATCCGTTC-1,-0.012108743197180971,0.22367159938840014,G2M
AAACGAACATGAAAGT-1,-0.08692299225685879,0.23128696721821712,G2M
AAACGAAGTACCTATG-1,0.3499175561086957,0.0844761041399617,S
AAACGAAGTCCTGTTC-1,0.020369248937010975,-0.05478689919691304,S
AAACGAAGTCGCACGT-1,-0.03447889914705715,0.07280943254223038,G2M
AAACGAAGTCTAACTG-1,-0.07057123383549196,-0.02463075056070191,G1
AAACGAAGTTGCCAAT-1,0.23575664568960542,-0.13178951878052808,S
AAACGAAGTTGTGTTG-1,0.05592127975251343,0.06100651082945979,G2M
AAACGAATCACCTTGC-1,0.03489622795586694,-0.04455138309155901,S
AAACGAATCAGGCGAA-1,0.02544471929269032,0.18220221216383073,G2M
AAACGCTAGCTCGGCT-1,-0.036357431841022914,0.12629936921219093,G2M
AAACGCTAGTAGGTTA-1,0.10612880291344545,-0.07992727803303412,S
AAACGCTCAAGCTACT-1,-0.013492778112661807,0.03133171577240185,G2M
AAACGCTCAGGAGGAG-1,0.0976758845267715,0.013386538087240274,S
AAACGCTCATCACCAA-1,-0.008850682880887084,0.2839189686529549,G2M
AAACGCTCATGGATCT-1,0.02441145684817475,0.038466725920471234,G2M
AAACGCTCATGTGACT-1,0.0030805046888449095,0.12221060227593689,G2M
AAACGCTGTATTAAGG-1,0.015007434485533655,0.07569618344765727,G2M
AAACGCTGTGATAGAT-1,0.02892293674046159,-0.011300193350141097,S
AAACGCTTCCAGTACA-1,-0.06792097625656873,0.23712688912503654,G2M
AAACGCTTCTGTCCCA-1,0.017628397245729233,0.28057274257553444,G2M
AAACGCTTCTTAGCCC-1,0.056523004907598096,0.1504718515212236,G2M
AAAGAACAGATGGTAT-1,-0.040042855066059535,0.15118029231623575,G2M
AAAGAACAGCTAAACA-1,0.20376533002608876,-0.08020576043284877,S
AAAGAACAGGACAACC-1,-0.04471364490511576,0.032845579017616255,G2M
AAAGAACAGGTCACCC-1,0.11119416324971138,0.08568272069865213,S
AAAGAACCACTAGGCC-1,0.011175460672541715,-0.00790089133840527,S
AAAGAACCAGCCGGTT-1,0.10198628175934321,0.3794477068665828,G2M
AAAGAACCAGGCGTTC-1,0.045874877332514497,0.02209607554239232,S
AAAGAACGTACGGCAA-1,-0.005912477165916752,0.13113409698497186,G2M
AAAGAACGTCAACCAT-1,0.016181701289961548,-0.0516144888917871,S
AAAGAACGTCCACATA-1,0.056008483355898364,-0.029400526484528344,S
AAAGAACGTGGGCTTC-1,0.09503813440508752,0.35323912958359993,G2M
AAAGAACGTTGGGATG-1,-0.08773121638664799,0.009142561080072498,G2M
AAAGAACGTTGTCTAG-1,0.03154386657073649,0.01684634408938157,S
AAAGAACTCAAATGCC-1,0.06657181285419389,-0.0005321875877203897,S
AAAGAACTCACCCTGT-1,0.04245636819512599,0.3011475781381857,G2M
AAAGAACTCCATCACC-1,0.04778354866415929,-0.06695551630295687,S
AAAGGATAGACTACCT-1,-0.003598211656060113,0.1756464904926291,G2M
AAAGGATAGCGTGAGT-1,0.12407662991525031,-0.06551450847372703,S
AAAGGATAGGGAGGTG-1,0.04338564168669612,-0.13048867052652596,S
AAAGGATAGGTGAGAA-1,0.006196967496057526,0.1602756427394662,G2M
AAAGGATCACAGACGA-1,-0.01407143598151711,0.1418664626048764,G2M
AAAGGATCATCACAGT-1,0.11768158775580706,-0.089234267110477,S
AAAGGATCATGTCTAG-1,-0.020392150875621462,-0.1278365015432276,G1
AAAGGATCATGTTCGA-1,0.09642609048576944,0.15679227998550382,G2M
AAAGGATGTCCAGAAG-1,-0.09932972939204904,-0.04103803253741323,G1
AAAGGATGTGAGATCG-1,0.028119486135253224,0.018868393794842786,S
AAAGGATTCCGGACGT-1,-0.07436546453954257,0.1577250106010611,G2M
AAAGGATTCGTTCATT-1,0.09497811096111258,0.07331547179338843,S
AAAGGATTCTCATGCC-1,0.024566361986930962,-0.041883628452654253,S
AAAGGATTCTTACGGA-1,0.1236354545882487,0.21560187151798987,G2M
AAAGGGCAGACAGTCG-1,0.01804912181916085,-0.05620537046002738,S
AAAGGGCAGACCGTTT-1,0.1288195036790667,-0.20935535713886175,S
AAAGGGCAGACGCAGT-1,0.015688435468258377,0.0004289646567520178,S
AAAGGGCAGCATTTGC-1,0.016795686106685637,0.10396165247279016,G2M
AAAGGGCCAATAGGAT-1,-0.02155313628755562,-0.10307495935063232,G1
AAAGGGCGTGGGCTCT-1,0.05704784284502201,0.10956862842484189,G2M
AAAGGGCTCGGCACTG-1,-0.039206820099078665,0.22043740637170317,G2M
AAAGGTAAGACCACGA-1,0.09648511383737901,0.07783145684943943,S
AAAGGTAAGCTATCCA-1,0.10074558101618991,0.02729056846169836,S
AAAGGTAAGGTCACAG-1,-0.007471771606487321,0.12831656708684497,G2M
AAAGGTAAGGTCGTCC-1,0.10543410916057744,-0.13275087951885184,S
AAAGGTACAATGAAAC-1,0.004583257798719709,0.05287135567626089,G2M
AAAGGTACACCTCAGG-1,-0.03698201327627443,0.13525242514175562,G2M
AAAGGTACACGGCTAC-1,0.05144387263798822,0.07820460782554278,G2M
AAAGGTACATCAGTCA-1,0.03270886491641617,0.18476077249683104,G2M
AAAGGTACATGAGATA-1,-0.017420752334422307,0.08469504510626547,G2M
AAAGGTAGTATGGTAA-1,0.006522355514781586,-0.21942505718977706,S
AAAGGTAGTTGGGAAC-1,0.04973043722169507,-0.02770005254479313,S
AAAGGTATCACGAGGA-1,-0.0008036700285199982,0.013316993297624924,G2M
AAAGGTATCAGGTGTT-1,0.013250750504589515,0.21323405237093934,G2M
AAAGGTATCCACTTTA-1,0.04814219959810795,0.07119380714922563,G2M
AAAGGTATCCGTGTAA-1,0.09646803458211778,0.20409956638726884,G2M
AAAGGTATCTGAGTCA-1,-0.1381857116119783,-0.11793010312940855,G1
AAAGTCCAGTCCGCGT-1,0.04771527606976511,0.2725782650091728,G2M
AAAGTCCAGTTCTCTT-1,0.051185567178882896,0.23131692075262106,G2M
AAAGTCCCAACAGATA-1,-0.01756020594964286,0.013215774775962419,G2M
AAAGTCCCAGTTGCGC-1,-0.012040997809995013,-0.018566961095071,G1
AAAGTCCCATGTGGCC-1,0.13301807463758047,-0.04966088984585576,S
AAAGTCCGTATATGGA-1,0.004473071369013981,0.34114043895587826,G2M
AAAGTCCGTCGCGTTG-1,0.009772071422033013,0.1868688909623722,G2M
AAAGTCCGTCTTCATT-1,0.1928760870674301,0.028922989268124144,S
AAAGTCCGTGCTGTCG-1,-0.003860518552180503,-0.059657192874828346,G1
AAAGTCCGTTGGAGAC-1,0.04131002456736976,0.14913554043700594,G2M
AAAGTCCGTTTCGACA-1,0.10534938531981997,0.09755103949961366,S
AAAGTCCGTTTCTATC-1,-0.03331547979517818,0.24518396610669474,G2M
AAAGTCCTCAGGAAAT-1,-0.030739894753043617,-0.1587593733024899,G1
AAAGTCCTCATTGCGA-1,0.00986772803750291,0.17924868508824976,G2M
AAAGTCCTCATTTGTC-1,-0.014721498728963445,0.2412200381332441,G2M
AAAGTCCTCTTGCAGA-1,0.06195229247904965,0.1198056840228871,G2M
AAAGTGACACAACGTT-1,0.004359085023553311,0.12046585701087215,G2M
AAAGTGACACTTCTCG-1,-0.05622463157748575,-0.09781320324605969,G1
AAAGTGACAGACACCC-1,-0.01876684496010772,0.05263337262107576,G2M
AAAGTGACAGCAGGAT-1,0.3486346107528733,-0.026665788137728852,S
AAAGTGACATATCGGT-1,-0.08038510511096647,-0.17384317369141228,G1
AAAGTGACATCATTTC-1,0.09991524329501744,0.16963007305067912,G2M
AAAGTGAGTATACCTG-1,0.027968479989432304,0.04530604953333456,G2M
AAATGGAAGCTCAGAG-1,-0.015573412528313235,0.13406518595843447,G2M
AAATGGACAACACAGG-1,0.17431451832262956,0.1151165728280501,S
AAATGGACACATACTG-1,-0.06759602412816573,0.006813406408390177,G2M
AAATGGACACCTGCGA-1,0.024801950974323028,-0.035080449592943375,S
AAATGGAGTCTAACGT-1,0.031320528991973795,0.07210846714621694,G2M
AAATGGAGTGGAACCA-1,0.17308106203883789,0.16648167932501184,S
AAATGGAGTGTTGATC-1,0.024894705240203985,0.05111915129692429,G2M
AAATGGATCACGGTCG-1,0.10073500225865417,0.09621121865580912,S
AAATGGATCCATTTGT-1,0.08723111777065101,-0.014368656855853035,S
AAATGGATCCCTCGTA-1,0.11941480966101181,0.16765762313803786,G2M
AAATGGATCCTGTACC-1,-0.09351077931865442,0.10355741037541671,G2M
AAATGGATCGGTCTGG-1,0.15217823637644812,0.1484904589186834,S
AAATGGATCTAGGCAT-1,0.08452787529246103,0.018310722706870786,S
AAATGGATCTGCCTCA-1,0.07778335244289203,-0.0511377469128777,S
AACAAAGAGGGAGATA-1,-0.03082612675953056,-0.03135178598887722,G1
AACAAAGAGGGTCTTT-1,-0.06417925378913047,-0.05654707936049164,G1
AACAAAGCACCTGCTT-1,0.051955785335202176,0.14173188386414193,G2M
AACAAAGCAGGAGGAG-1,0.06584488822295331,0.02399881997710962,S
AACAAAGCATAATCCG-1,0.027882436570383584,0.3014818290038581,G2M
AACAAAGGTGGCAACA-1,0.1383083761412009,0.14960906223454912,G2M
AACAAAGTCAGACCGC-1,-0.057939242082804876,0.12964873935221655,G2M
AACAAAGTCGCCGAAC-1,0.1672843534168924,0.08124155412380762,S
AACAAAGTCTGAGATC-1,0.03072410075012133,0.02333656072439233,S
AACAACCAGAATCTAG-1,0.01111346089955162,-0.06566327407988409,S
AACAACCAGGATGGCT-1,0.19844726486293096,-0.11748327172159906,S
AACAACCAGGTTATAG-1,0.02846953952679182,0.0013229170505914545,S
AACAACCAGTCAACAA-1,-0.048136475909819454,-0.053434629327116456,G1
AACAACCCAAAGGAGA-1,0.12441347483641374,0.1952469070324525,G2M
AACAACCCAACTGTGT-1,0.02348561558228579,-0.05585088927557452,S
AACAACCCACAGCCTG-1,0.0587279413153588,0.0785572168215686,G2M
AACAACCCATGGAATA-1,-0.005753648767912067,-0.09952561370552537,G1
AACAACCGTAGGTCAG-1,0.09271853424808718,0.34305777721997815,G2M
AACAACCGTGGTTTAC-1,0.0465918762615658,0.12129835948140344,G2M
AACAACCGTGTTTACG-1,-0.040888148103671806,0.021586320289282923,G2M
AACAACCTCCTACACC-1,0.022292477839283564,-0.08607046454802725,S
AACAACCTCGGCATAT-1,0.19535637874971573,0.08435886459298769,S
AACAACCTCTCTGCCA-1,-0.029836123473081788,0.18411817951917314,G2M
AACAAGACAGACGGAT-1,0.061351665918674025,-0.06210857009653295,S
AACAAGAGTCCACAGC-1,0.05347394238036074,0.04474824539174205,S
AACAAGAGTGCTGCAC-1,-0.009157034408118991,0.0692822289904047,G2M
AACAAGAGTGGGCTCT-1,0.0242904240334737,-0.019000553420897626,S
AACAAGATCACCTCAC-1,0.02879025428884796,0.18659866078620646,G2M
AACAAGATCCGATCTC-1,0.07880795472887664,0.391547304442558,G2M
AACAAGATCGACCAAT-1,-0.052936626097061346,0.17343340493402043,G2M
AACAAGATCTCGGGAC-1,-0.0314688458472559,0.018002527311638483,G2M
AACACACAGATCGACG-1,-0.03446432351013884,0.10671064303981576,G2M
AACACACAGCAAATCA-1,0.17680300183592146,0.08548540402991606,S
AACACACAGCCTCTGG-1,0.04730554910439344,0.19840505049810897,G2M
AACACACAGGCACGAT-1,0.059295401943642745,0.2403516395292254,G2M
AACACACAGTGATGGC-1,0.13049355236456922,-0.05832597596467781,S
AACACACCAATGTCAC-1,0.07181858297359556,0.06039729503413102,S
AACACACGTATCTTCT-1,0.07614989538658568,0.0503736391848123,S
AACACACGTATGGGAC-1,0.022833168905671775,-0.10735771536599625,S
AACACACGTCAGGAGT-1,0.08792230005251761,0.27143197155088217,G2M
AACACACGTGGACCAA-1,0.06695199917610617,0.0005491335423380428,S
AACACACGTTGTTGTG-1,0.07529544163101298,-0.09505191795699736,S
AACACACGTTTGCAGT-1,0.03920645072555484,0.1276569722375055,G2M
AACACACTCATCTCTA-1,0.00013965977623248138,0.17031502149256278,G2M
AACACACTCCCGTAAA-1,0.05292215388965682,0.06321835109994073,G2M
AACACACTCCTAAGTG-1,-0.060439805580263795,0.02389202742167784,G2M
AACACACTCGGCTGAC-1,0.07989687407704249,0.0714517630826324,S
AACACACTCTCACCCA-1,0.08111420952229054,0.03157028683576396,S
AACAGGGAGACTTGTC-1,-0.05715557747379102,-0.0643758720138134,G1
AACAGGGAGAGTCTGG-1,0.012022653421672969,-0.013875717156177247,S
AACAGGGAGCACGGAT-1,-0.009801425284683196,-0.00486577892244866,G1
AACAGGGAGCGTATAA-1,0.029854370508733186,0.13833872070095365,G2M
AACAGGGCAATTCTTC-1,-0.06893206019423415,-0.06228469166894929,G1
AACAGGGGTCATCAGT-1,0.11145502820948139,-0.13606522435732693,S
AACAGGGGTGGACTAG-1,-0.0032287286669692716,0.02484214445053501,G2M
AACAGGGTCATCCTGC-1,0.18440871688004828,-0.03691322321355284,S
AACAGGGTCCTTGACC-1,-0.013263146607782828,0.002051630109892677,G2M
AACCAACAGCCGGAAT-1,0.11682809594809074,-0.009292761623572177,S
AACCAACAGCCGGATA-1,-0.020348841829956665,-0.01161918070788126,G1
AACCAACAGCGAACTG-1,0.032673141783005843,0.15748192644771575,G2M
AACCAACAGGGTCTTT-1,-0.03160810040480161,0.10604141796434424,G2M
AACCAACAGTCGTCTA-1,-0.01725886013988598,0.01818778402981669,G2M
AACCAACGTACCAGAG-1,0.17115602741081726,-0.13832333979186093,S
AACCAACTCACTGCTC-1,0.07274294982487073,-0.09812924902080036,S
AACCAACTCAGGAGAC-1,-0.01640942930582434,-0.015458127628118046,G1
AACCAACTCCCATAAG-1,-0.07095760777982407,0.06230643819449522,G2M
AACCAACTCCGGCAGT-1,0.00148526034185692,-0.03867489500259513,S
AACCACAAGCACGTCC-1,0.11374367206491282,-0.03820193055599705,S
AACCACAAGCCTATTG-1,0.06522065526181203,0.425819846776551,G2M
AACCACAAGCTGACTT-1,0.01886982499284129,-0.02162088363507808,S
AACCACAAGGGAACAA-1,0.0016212393987926066,0.02180891443180208,G2M
AACCACAAGTAGACAT-1,0.040002853137013406,-0.05188595843436178,S
AACCACACACGCACCA-1,0.0989828431854961,-0.013050692490343019,S
AACCACACAGCTTCCT-1,-0.13166312784603862,-0.08823473284428895,G1
AACCACAGTAGCGATG-1,0.010937715309124463,-0.040080417933954005,S
AACCACAGTCATCAGT-1,-0.013164230053348824,0.37298273229841106,G2M
AACCACAGTGAATGAT-1,-0.07738377762423865,0.20471397790489054,G2M
AACCACAGTGGTACAG-1,0.07645054790243982,0.11433327555413547,G2M
AACCACAGTGGTTTGT-1,-0.014699909265307232,-0.04699283628351786,G1
AACCACAGTTCAGGTT-1,0.03361613251633111,0.003810195155495494,S
AACCACAGTTGGAGGT-1,0.0362666431465023,0.11022032993136899,G2M
AACCACATCAGCACCG-1,0.05709768227991158,-0.03061587125586296,S
AACCACATCCAATCTT-1,0.12290218951019344,0.018383079942835445,S
AACCATGAGAAACCAT-1,0.1848467623864381,0.15314655551310213,S
AACCATGAGGTAATCA-1,0.08824098186416135,-0.02005774618363279,S
AACCATGAGGTCCCTG-1,-0.0015380030296499037,0.0916781815476777,G2M
AACCATGAGTAGAGTT-1,0.13831762624624033,-0.07215247122314072,S
AACCATGCAAAGGCAC-1,0.29485787951779197,0.07590201382094047,S
AACCATGCACAATGAA-1,0.02707722129917861,0.02635682634253894,S
AACCATGCACGAGAAC-1,0.13369059201870542,0.15931332083215055,G2M
AACCATGCAGCCATTA-1,0.24473709541021715,0.1832574598423966,S
AACCATGCAGCCGGTT-1,0.0444668611407375,-0.09411725957521411,S
AACCATGGTACAAGCG-1,0.09322532441283315,-0.09178580046047052,S
AACCATGGTCGTTGCG-1,-0.06467547609770491,-0.03453334097003133,G1
AACCATGGTCTGTGAT-1,-0.007520792207284133,-0.10178917567181961,G1
AACCATGGTTCTGACA-1,-0.04213593966059698,0.064801382766358,G2M
AACCATGTCGAGTGAG-1,0.005602348223673448,-0.025032876969802553,S
AACCATGTCTATCGTT-1,-0.056329943516681746,0.15158123407314233,G2M
AACCCAAAGTGCCAGA-1,-0.0931866307911764,-0.013028965796386793,G1
AACCCAACACAAGCAG-1,0.05619814212521429,0.13998657825643063,G2M
AACCCAACACCCTTGT-1,0.023327329296179145,0.15296332433119558,G2M
AACCCAATCGTGGGTC-1,0.05027361347059789,-0.14709925214360892,S
AACCTGAAGAAGTCTA-1,0.035450467836909916,-0.005935577343723963,S
AACCTGAAGCTATCCA-1,0.12363740899135661,-0.13359243119311576,S
AACCTGACAAATTAGG-1,-0.002197262422339419,0.17687824656755852,G2M
AACCTGACAATGAGCG-1,0.0038537002519788977,0.20502197156073199,G2M
AACCTGACACAACGTT-1,0.04805659510780197,0.1839653325533482,G2M
AACCTGACACCAGCTG-1,-0.021749219429818112,-0.02525371896207057,G1
AACCTGACACCTCAGG-1,0.01397540403885944,0.012382612773993606,S
AACCTGACATCATGAC-1,-0.01849408351219961,0.12866682904661292,G2M
AACCTGACATCGCTGG-1,0.06690761543250767,-0.009473972080603632,S
AACCTGAGTACCCAGC-1,0.026229689848157933,-0.047211029941238936,S
AACCTGAGTGACACAG-1,0.007022485048771454,0.33824092403219536,G2M
AACCTGAGTGCCCACA-1,0.025883865405716966,0.1657084318865263,G2M
AACCTGAGTTCCTTGC-1,0.03551895673407457,-0.11880350675786755,S
AACCTGATCATCACAG-1,0.023178958940041072,-0.1173326670516297,S
AACCTGATCATTTGTC-1,0.0024351706697904874,-0.10015640115064012,S
AACCTGATCCAGCTCT-1,0.11023032988854847,0.3122495278238514,G2M
AACCTGATCCGTTTCG-1,0.007127121965654126,0.1497559853842425,G2M
AACCTGATCGACGATT-1,-0.02546287570947048,0.040105641742159914,G2M
AACCTTTAGAGTATAC-1,0.20438808487723864,0.1468245139664371,S
AACCTTTAGATCGCTT-1,0.07638787331243502,0.08767796201179456,G2M
AACCTTTAGATGCCGA-1,0.011672179783578485,-0.006307054601508766,S
AACCTTTAGCAGCAGT-1,0.015851338348575883,-0.02326393873824717,S
AACCTTTAGGCCCACT-1,0.005589466465740323,0.05083360829601152,G2M
AACCTTTAGTAGAGTT-1,0.11092887373218785,0.047989514399837785,S
AACCTTTCAAAGAACT-1,-0.028744786198274253,-0.04813401223555225,G1
AACCTTTCAAGGTTGG-1,-0.039469479000448005,0.2041169178871014,G2M
AACCTTTGTCCAAAGG-1,0.00870690074667152,0.3176856478452413,G2M
AACCTTTTCCGAGATT-1,0.16034957519981918,-0.1124900529989199,S
AACCTTTTCGGACCAC-1,-0.06098435125399615,0.008094448733463155,G2M
AACCTTTTCTCTCTAA-1,0.0663580225709513,-0.06307874315441409,S
AACGAAAAGGTAGTAT-1,0.15092859043796936,0.10980393452383885,S
AACGAAAAGTAAACTG-1,0.07872566831814287,-0.13393314550697166,S
AACGAAAGTAACATGA-1,-0.069235839738637,0.11934418343799102,G2M
AACGAAAGTAAGGCCA-1,0.1537572275903734,-0.03733264542131787,S
AACGAAAGTCGAATTC-1,0.029181599131986036,0.1518188501359698,G2M
AACGAAAGTCTCTCCA-1,0.14690020800206544,-0.03740321226259713,S
AACGAAAGTTCAAGTC-1,-0.00918339431687476,0.14525515021314317,G2M
AACGAAATCACTGAAC-1,0.00767201792012584,0.0678128805703655,G2M
AACGAAATCCTTCGAC-1,0.08565516653860139,-0.09368360960515548,S
AACGAAATCTTAGCCC-1,0.048630958824674275,0.06775233639246175,G2M
AACGGGAAGCCGAACA-1,0.020331980643035208,-0.0649939637871772,S
AACGGGAAGTAAACTG-1,0.12405541204234444,0.20745633404952177,G2M
AACGGGAAGTAGCATA-1,0.12224652916895518,0.18002144780937301,G2M
AACGGGAAGTCTGCGC-1,-0.04375676550557328,-0.09686459261612107,G1
AACGGGAAGTCTGTAC-1,0.15039629461259585,0.06111118464323256,S
AACGGGACAAGCAGGT-1,0.06843860254137235,-0.0367787423662333,S
AACGGGACACAAGCAG-1,-0.12094555624185271,-0.13646293495301343,G1
AACGGGACACCTAAAC-1,-0.011902989990741575,-0.05995134037997746,G1
AACGGGACACCTCAGG-1,0.07517188068529745,0.22068445018105692,G2M
AACGGGAGTACTCCGG-1,0.02840876037809198,-0.0707860641131591,S
AACGGGAGTGACAACG-1,-0.0231488982748298,0.3043566742935247,G2M
AACGGGAGTTAAGCAA-1,0.23247548745650737,0.09110843295988724,S
AACGGGATCAGCAATC-1,0.2225947527573075,0.0326801688784997,S
AACGGGATCATCACTT-1,0.006052475233441212,-0.20419028816878237,S
AACGGGATCGTAGCTA-1,0.2660141979108557,0.0397971360735333,S
AACGGGATCTTGGTCC-1,0.07876111741877223,0.15051468414645164,G2M
AACGTCAAGAACCGCA-1,0.07341645403606134,0.06789249792617458,S
AACGTCAAGCTCGAAG-1,0.026361665127672684,0.09245427057847239,G2M
AACGTCACACGAAGAC-1,0.008546638501087389,0.11839333066640828,G2M
AACGTCACAGACCGCT-1,-0.001753103940157874,-0.007896659530067685,G1
AACGTCACAGTTTGGT-1,-0.07902062321865061,0.29579773268744824,G2M
AACGTCAGTACCCAGC-1,0.11763321210105582,0.02238246550331302,S
AACGTCATCCTATGGA-1,0.1028545927293637,0.026422946774856626,S
AACGTCATCTGCACCT-1,-0.02808790515062609,0.05224668549009359,G2M
AACTTCTAGCCGGATA-1,0.07147107233034306,0.16052027776630612,G2M
AACTTCTAGCGTTCCG-1,0.06531265131832309,0.07264782195681724,G2M
AACTTCTAGGAAAGTG-1,-0.015202405237010552,0.025754964119180324,G2M
AACTTCTAGGTTACAA-1,0.020097051280549727,0.16256072002211153,G2M
AACTTCTCAGCAGACA-1,-0.022159389470967406,0.18148557657350578,G2M
AACTTCTCAGTCAGTT-1,0.08699433427297054,0.20337630174110732,G2M
AACTTCTGTAACTAAG-1,0.06374667362307324,-0.033166329011984685,S
AACTTCTGTCTGTTAG-1,0.04080063113226401,-0.0984658561599952,S
AACTTCTGTGGAGAAA-1,0.0016746369896208924,0.14966254713757293,G2M
AACTTCTGTGTGCCTG-1,-0.003149479692406698,0.007831105392957949,G2M
AACTTCTTCATTCTTG-1,-0.048595979735019446,0.053408976101766564,G2M
AACTTCTTCCGTGACG-1,-0.03912924377560967,-0.05116861035639464,G1
AACTTCTTCGAACACT-1,0.008440019712123159,0.12833812220516583,G2M
AAGAACAAGCAATAAC-1,-0.026079415961943853,0.22067574679645274,G2M
AAGAACAAGCACCGTC-1,-0.006207732788043874,0.09781104693849663,G2M
AAGAACAAGCAGTAAT-1,0.05637793990250922,-0.060020056529902666,S
AAGAACAAGGGCATGT-1,0.052823212904670735,-0.051795663880190024,S
AAGAACAAGTGCCCGT-1,0.023810750714000795,-0.07629719463982632,S
AAGAACACAAGTGGCA-1,-0.04409430248884688,0.0021339813259069196,G2M
AAGAACAGTCGCTTGG-1,-0.0921131506691506,0.07373817383150033,G2M
AAGAACAGTGTTTACG-1,0.11149634129956987,0.0922052920016938,S
AAGAACATCAGCCTCT-1,0.0878923755825019,-0.022272841703158852,S
AAGAACATCAGTCACA-1,0.1258572218808343,-0.06548138493835562,S
AAGAACATCTTTCCGG-1,0.09769652004922308,-0.0023611125537075783,S
AAGACAAAGCACGATG-1,0.08011815649206727,0.2256113789313739,G2M
AAGACAAAGCGATGGT-1,0.11864435537006207,0.2266931308973214,G2M
AAGACAAAGGTAAAGG-1,0.0031177768834971253,-0.037171422831858925,S
AAGACAAAGTAAACTG-1,0.006084429204850195,-0.1250835445040484,S
AAGACAACACACAGCC-1,-0.06288357182159632,0.2635729662571143,G2M
AAGACAACAGACCGCT-1,-0.0432058691200885,-0.07852166973022845,G1
AAGACAACAGCTTTCC-1,0.048617324523617,0.10973143612273256,G2M
AAGACAAGTATTGACC-1,0.0567556267120537,0.04027156466511861,S
AAGACAAGTGTTGATC-1,0.1512840072184778,-0.05360896167685425,S
AAGACAATCCCAGGAC-1,0.03525391566910702,-0.090280093365185,S
AAGACAATCCTCACGT-1,0.027232497741266903,0.019538796675520997,S
AAGACAATCGTAGTCA-1,0.013130201209521186,-0.15270902956215618,S
AAGACAATCTCTTAAC-1,0.2677691134483061,0.05947327218278253,S
AAGACTCCAAGTGGGT-1,0.07585519403004293,0.05504908832656025,S
AAGACTCCAATGCAGG-1,-0.06809163154643277,0.07521173737420056,G2M
AAGACTCCACGATAGG-1,-0.008599680514468355,0.07896887272589614,G2M
AAGACTCCAGTTCCAA-1,0.1463954554685435,0.02431886325134336,S
AAGACTCCATGGAAGC-1,0.0050169706390796875,-0.03637296537166923,S
AAGACTCCATTCACAG-1,0.23921420277377548,-0.04200730021999738,S
AAGACTCGTCCTCATC-1,-0.03787862028656913,-0.07881005389165852,G1
AAGACTCGTGCCTGAC-1,-0.009630481426886162,0.12203508407115576,G2M
AAGACTCGTGTTAAAG-1,0.08810437746721156,-0.1158094841004158,S
AAGACTCTCATTGAGC-1,0.05696436065114763,0.24321244386832308,G2M
AAGACTCTCCTAACAG-1,0.03275847096767859,-0.12252035819829918,S
AAGACTCTCGGTCATA-1,0.2604917102056825,-0.15101249899370256,S
AAGACTCTCTCAGAAC-1,0.06614901702160181,0.11820479294587638,G2M
AAGACTCTCTCGGTAA-1,-0.08116879829756735,-0.07149386844676336,G1
AAGATAGAGCGTTACT-1,0.0018133213093387557,0.02018571657912549,G2M
AAGATAGAGGAATCGC-1,-0.048769154656529534,0.007178222534361289,G2M
AAGATAGAGTACCATC-1,-0.017708865161132292,-0.05358607941497934,G1
AAGATAGAGTACGAGC-1,0.15210631488406445,0.13247175584623266,S
AAGATAGAGTCGGCCT-1,0.04630162611055527,0.07321672521924097,G2M
AAGATAGCAAGACAAT-1,0.012846828484754325,0.06409569276396593,G2M
AAGATAGCAGCCGTTG-1,0.04781707091277376,0.04895857627184941,G2M
AAGATAGCAGTACTAC-1,0.0046237056777261865,-0.0076040021391103885,S
AAGATAGCATTCCTAT-1,-0.0029831437652130255,-0.0351533023719125,G1
AAGATAGGTAGCGTAG-1,-0.011941208735843256,-0.029591427618571864,G1
AAGATAGGTCAGACTT-1,-0.03782364386617926,0.1420732314780715,G2M
AAGATAGGTCGCTTGG-1,-0.002761431700949335,0.009802770986273579,G2M
AAGATAGTCACCGGGT-1,0.07530492532497823,0.0091495773916484,S
AAGATAGTCATAGGCT-1,0.03195127255153962,0.09343504092235394,G2M
AAGATAGTCCATTTCA-1,0.057810728961529945,0.03265750732402134,S
AAGATAGTCCGTTTCG-1,0.15057105468686927,-0.07123174865057452,S
AAGATAGTCGATGGAG-1,0.01991031456950354,0.12300956311307165,G2M
AAGATAGTCGGCTGGT-1,0.1290334309786998,0.029136627180980923,S
AAGCATCAGACCCGCT-1,0.051475114756486806,0.12576809011483842,G2M
AAGCATCAGAGTGAAG-1,0.11928483489470582,-0.057318255184330646,S
AAGCATCAGCACCGAA-1,0.06064713897123669,-0.046128313691228745,S
AAGCATCAGGTTGGAC-1,-0.04048344167834539,0.24973831344539849,G2M
AAGCATCAGGTTGGTG-1,-0.0055002482245920525,-0.17345147422636809,G1
AAGCATCAGTAGGCCA-1,-0.022885183439833034,-0.20486196494380832,G1
AAGCATCCAAGGCCTC-1,0.002686092394857398,0.22868172588294722,G2M
AAGCATCGTAATCAAG-1,0.1754299405496056,0.29017162801053475,G2M
AAGCATCGTGTACAGG-1,0.008163221187335756,0.07348396807329755,G2M
AAGCATCGTTAGAGTA-1,-0.056017676593181964,0.011769474456768347,G2M
AAGCATCTCATTGCCC-1,0.0446304954594669,-0.037976144021011016,S
AAGCATCTCGTCTAAG-1,-0.039915237704321704,0.019593983147447425,G2M
AAGCCATAGCCGATTT-1,0.08560307107567,0.10108395362400746,G2M
AAGCCATAGTCTACCA-1,0.05505028532243883,0.1486956174236147,G2M
AAGCCATCATGGGTCC-1,0.009439181068178482,0.003290617790973477,S
AAGCCATGTCATAGTC-1,-0.015472353804527994,0.06562707106565385,G2M
AAGCCATGTCGAGTTT-1,0.27886821554748653,0.046576657388833376,S
AAGCCATGTGCGGTAA-1,0.1484698729861723,0.028975686582540183,S
AAGCCATGTTAGGAGC-1,0.14104751457329484,0.20975644299863772,G2M
AAGCCATTCCAAGCAT-1,0.03978832451732073,0.01507020927309033,S
AAGCCATTCTCCACTG-1,0.02294188071546488,-0.027549796947813454,S
AAGCCATTCTTCTGGC-1,-0.026335079924060922,0.11678843622987028,G2M
AAGCGAGAGCAGTCTT-1,0.10024296120827625,-0.016029426472557395,S
AAGCGAGAGCTTAGTC-1,0.009728728625252647,0.07360453574963782,G2M
AAGCGAGAGGCTTTCA-1,0.015373922247877703,-0.03455568913604462,S
AAGCGAGAGGTAAACT-1,0.10748221304379035,-0.14387102430254864,S
AAGCGAGCAAGAGTGC-1,-0.018910773800815073,0.19444607857154894,G2M
AAGCGAGCACCAACAT-1,0.014267965689636064,0.01406747499639091,S
AAGCGAGCACGCAGTC-1,0.1715903180850591,-0.15200579565434424,S
AAGCGAGCACGCCACA-1,0.0423926570927563,0.09542487567533847,G2M
AAGCGAGCACGCGTCA-1,0.020420010040140713,0.10841267109148556,G2M
AAGCGAGCAGAGGTAC-1,0.041063801884494544,-0.0760931203029222,S
AAGCGAGCATCGCTAA-1,0.15599112947659555,0.011816164187404832,S
AAGCGAGCATTGCTTT-1,0.032929983133495044,0.08278629166902352,G2M
AAGCGAGGTAAGATAC-1,0.06665272897784352,-0.05731561901706539,S
AAGCGAGGTCGCTTGG-1,0.08856489616628743,-0.12201578759510201,S
AAGCGAGGTCGTCTCT-1,-0.013366507716069398,0.10084093072344152,G2M
AAGCGAGGTTAGGCCC-1,0.15583338361893717,0.0016699200293976424,S
AAGCGAGGTTCTCCAC-1,0.16417819898875236,-0.10393034261802991,S
AAGCGAGTCCACGTCT-1,0.3004288657284927,0.23748161365512366,S
AAGCGAGTCGCAATTG-1,0.03918159684742151,0.15124877292362504,G2M
AAGCGAGTCTAAACGC-1,0.10870832747449,-0.08583608032495016,S
AAGCGTTAGCATTTGC-1,0.054548979262331765,0.13239323848054346,G2M
AAGCGTTAGCTGGTGA-1,-0.018406530777748453,-0.04614930470414397,G1
AAGCGTTAGGACAACC-1,0.1545867319217712,-0.010113690773129458,S
AAGCGTTAGTGGTCAG-1,0.07088018079067104,0.08669107076957577,G2M
AAGCGTTCAGAAGTGC-1,0.028855551324116435,-0.03877585636127934,S
AAGCGTTCAGGTGAGT-1,-0.01626981584499143,0.06761849243834206,G2M
AAGCGTTCATAGTCGT-1,-0.017738095926647712,-0.06374290500605212,G1
AAGCGTTCATCAGTCA-1,-0.008029618217155088,-0.048389807790214234,G1
AAGCGTTGTAATACCC-1,0.008926937121419898,-0.03544398422194328,S
AAGCGTTTCCATAGGT-1,0.0627700324525895,0.04394663816312433,S
AAGCGTTTCCGTGTCT-1,0.019949583705166085,-0.06939498012122408,S
AAGCGTTTCTCATTGT-1,0.09290235501876659,-0.02535673605162414,S
AAGGAATAGCGTTGTT-1,0.028965930447235555,0.0489936514762182,G2M
AAGGAATCAAGAGAGA-1,-0.0055545181708991365,-0.018371884624915125,G1
AAGGAATCACCTCGTT-1,-0.0621688340941155,0.01835562608316138,G2M
AAGGAATCATCTCAAG-1,0.1581025825615291,-0.0926707675557932,S
AAGGAATCATTCCTCG-1,-0.008456725036228296,0.07714938676386957,G2M
AAGGAATGTTCCTTGC-1,0.05199351715271189,0.08418954420720443,G2M
AAGGAATTCAGTAGGG-1,0.14348682706339067,0.05735165179729973,S
AAGGAATTCCCGTGTT-1,-0.026968179779581603,-0.013552879910123494,G1
AAGGTAAAGACCAAAT-1,-0.037346013474638395,0.11297749826876574,G2M
AAGGTAAAGATAACAC-1,0.007219887153428917,-0.0002784466844478195,S
AAGGTAAAGGTACAGC-1,0.016182851743136606,0.034574963806602355,G2M
AAGGTAAAGTATTCCG-1,0.09013961975282925,-0.0009720426555561712,S
AAGGTAAAGTCGAATA-1,0.030104896582035467,0.13173113738706732,G2M
AAGGTAAAGTGTACAA-1,0.0008585206007717394,-0.06994049601765989,S
AAGGTAACAATTGCCA-1,-0.05726621408261129,0.06610704565537068,G2M
AAGGTAAGTCAAGCGA-1,0.04031521930193238,0.17425669620171313,G2M
AAGGTAAGTCGCATCG-1,-0.02488067672447325,0.039982051737716184,G2M
AAGGTAAGTCGTACAT-1,-0.03661262681865929,0.1283407243071265,G2M
AAGGTAATCCCTCTCC-1,-0.05940756757654625,-0.03551513021966357,G1
AAGGTAATCGATGGAG-1,0.09757472812183765,-0.03858621094005621,S
AAGGTAATCTCGGGAC-1,0.13342925823869362,0.1880829920802202,G2M
AAGGTAATCTGGGCAC-1,-0.03299417539456179,-0.013039383904128399,G1
AAGTACCAGACACACG-1,0.047176472355910715,0.030403903144354538,S
AAGTACCAGCAGTAAT-1,0.002156394091478331,0.14783034690589714,G2M
AAGTACCAGTCTCTGA-1,0.06683104523718764,-0.04643135549473054,S
AAGTACCCAAGATGTA-1,0.05299790724228215,0.20490845233362937,G2M
AAGTACCCACACCTAA-1,0.005715221603512122,-0.13124856394925086,S
AAGTACCCACGTCTCT-1,0.0677264192642068,0.25624487217391495,G2M
AAGTACCGTAACTAAG-1,0.05078530740145626,0.07310729919524389,G2M
AAGTACCGTAGACGTG-1,-0.011278585317719803,0.13748002316779728,G2M
AAGTACCGTCGCCACA-1,0.02648534317579948,0.22395757615521916,G2M
AAGTACCTCGGTAGAG-1,0.0853609467718831,0.21168853248030428,G2M
AAGTACCTCTGGGCAC-1,-0.003942584677347982,-0.21251120813597427,G1
AAGTCGTAGCGGCTCT-1,0.07443753569472006,0.11602454726613745,G2M
AAGTCGTAGCGTGAAC-1,0.040858065964210544,0.03475787382778789,S
AAGTCGTCAACTCATG-1,-0.03333380295560884,0.21685995863918217,G2M
AAGTCGTGTACTGACT-1,0.0793989834081184,-0.11578825119145375,S
AAGTCGTTCAACCTTT-1,0.2479929435913435,-0.14553444441275992,S
AAGTGAAAGAAAGTCT-1,0.04665680499086389,0.35220452338232544,G2M
AAGTGAAAGAGGGTAA-1,-0.027580995912600936,-0.036475467302524656,G1
AAGTGAAAGATACAGT-1,0.045831990093676,0.044776883286764546,S
AAGTGAAAGATCCCGC-1,-0.0068753698071147284,0.10770383030287004,G2M
AAGTGAAAGCTAAGTA-1,-0.04275336688582054,0.029869952241475595,G2M
AAGTGAAAGGTCCAGA-1,0.030127901087904974,-0.03009596204376791,S
AAGTGAACAAATGCTC-1,0.05777535056579258,0.19807569337791003,G2M
AAGTGAACAGCGTAGA-1,0.20294962025195817,0.15097684062339567,S
AAGTGAACAGCGTTGC-1,0.24528921783987945,0.03985102954431602,S
AAGTGAACATCGGCCA-1,0.09492505100462034,-0.04579284887319085,S
AAGTGAACATGACTCA-1,0.025426630378141524,-0.04920582282296829,S
AAGTGAAGTGTTCAGT-1,0.051127117226701935,0.10819533191929004,G2M
AAGTGAATCGTCAACA-1,0.20372469327222575,0.15181696172450038,S
AAGTTCGCAAGAGAGA-1,0.06453639680370821,0.1701127815931281,G2M
AAGTTCGCATTCATCT-1,-0.05420236154549335,-0.051197301238463916,G1
AAGTTCGGTCAACATC-1,0.15461451713767804,0.03773210375680869,S
AAGTTCGGTCTCAGGC-1,0.14754602418578083,0.047525387255048485,S
AAGTTCGGTCTGCATA-1,0.2504143040601017,0.036029031385344856,S
AAGTTCGGTTTCAGAC-1,0.09806431149973455,0.09847607974544087,G2M
AAGTTCGTCAAAGAAC-1,0.08136340156426913,-0.1200803936092601,S
AAGTTCGTCATGAGAA-1,-0.060078155190413984,-0.0776104237892114,G1
AAGTTCGTCTCCAAGA-1,0.019951652336502423,-0.03328326331285697,S
AATAGAGAGACATGCG-1,0.007940600984019996,0.15325991664264815,G2M
AATAGAGAGGGAGTTC-1,0.031151501721253694,-0.098876354106127,S
AATAGAGAGTAGGAAG-1,0.13502092689722905,0.025765641595123623,S
AATAGAGCACATCCCT-1,0.0036129634803718225,-0.006998096522937647,S
AATAGAGCACGGATCC-1,0.17928771704946667,0.028596748329104082,S
AATAGAGCAGCGCGTT-1,-0.005955151017227045,-0.0011261745418460478,G1
AATAGAGCAGGCTATT-1,-0.08351926855118852,-0.06414666870873198,G1
AATAGAGCAGTAACGG-1,0.27238015555961814,-0.08820644426899443,S
AATAGAGCAGTGGGTA-1,0.013419380850692608,0.04813491606873488,G2M
AATAGAGCATGAGGGT-1,0.03208771114921327,0.18020583958649078,G2M
AATAGAGGTACCGCGT-1,0.13835386907292435,0.23269319002272326,G2M
AATAGAGGTATAATGG-1,-0.01947775801280327,0.05631289622911734,G2M
AATAGAGGTGCTGTCG-1,0.07269144648461467,-0.08515971726508559,S
AATAGAGTCCCTATTA-1,0.013531556953832735,-0.023670783554426977,S
AATAGAGTCCCTCGAT-1,0.19526975766102428,-0.050369276420129616,S
AATAGAGTCTAACACG-1,-0.029786673982651557,-0.009712647483418324,G1
AATCACGAGCCGTCGT-1,0.01682343728405855,0.12028379866856431,G2M
AATCACGAGCCTGTGC-1,0.10307782474350546,0.09569335160397768,S
AATCACGAGTTGTCAC-1,-0.03013368057639565,-0.07570575331543616,G1
AATCACGCAACAGCTT-1,0.16934778227748715,0.07692206511579691,S
AATCACGCACAACGTT-1,0.1968849322060539,0.1418658983144171,S
AATCACGCACATCCCT-1,-0.08716428362252837,0.005231197675840238,G2M
AATCACGCACGCGCAT-1,0.07005532405359649,-0.003949730498281623,S
AATCACGCACTCCCTA-1,-0.06536116320932961,0.12959679366430327,G2M
AATCACGCATCTTCGC-1,-0.004876158192445579,0.03442418620393711,G2M
AATCACGGTAGCTGCC-1,-0.03831946163355282,0.025673292297035577,G2M
AATCACGGTATGTCTG-1,-0.08098538512704018,-0.08541790189404086,G1
AATCACGGTTTCGCTC-1,0.06854535202352546,0.2790223306665939,G2M
AATCACGTCGGCCAAC-1,-0.03168273742490518,0.18226300258654365,G2M
AATCACGTCTCGACGG-1,-0.03493305186015311,-0.09402361166268633,G1
AATCACGTCTTAGGAC-1,0.16136432343288087,-0.16033621311789167,S
AATCGACAGAAACTAC-1,-0.03833846708387284,0.06617113863919499,G2M
AATCGACAGAGCCGTA-1,-0.02763893270000861,-0.14746869145110206,G1
AATCGACAGATCCGAG-1,0.10963152736657,0.19275800554384015,G2M
AATCGACAGCTAGATA-1,-0.042202906883373914,0.00443654664718357,G2M
AATCGACAGGGACCAT-1,-0.09502311187383472,0.05325966326093412,G2M
AATCGACAGTTAACGA-1,-0.023621822849319962,0.14315141018016586,G2M
AATCGACCATCGCTAA-1,-0.026735598624279933,-0.07575378780057185,G1
AATCGACCATCTAGAC-1,-0.0008276876426960289,0.1590946778948536,G2M
AATCGACCATGACGGA-1,0.14248624226840284,-0.0006434100514908225,S
AATCGACGTATGACAA-1,-0.054076778735498154,-0.0986617241203081,G1
AATCGACGTATGCGGA-1,0.03750571447448031,0.0175204404263003,S
AATCGACGTCGATTCA-1,0.25164256308267785,0.03939414506263739,S
AATCGACGTCGGCTAC-1,0.1796617348828034,-0.10926198310120475,S
AATCGACGTGTTTCTT-1,-0.00299666416651978,0.011903284576900597,G2M
AATCGACGTTATGTGC-1,0.06232450117867899,0.18607140827262228,G2M
AATCGACGTTCAAAGA-1,0.12656269147804478,0.2059642528601665,G2M
AATCGACGTTCCTAGA-1,-0.07292897989759511,-0.09020218877402819,G1
AATCGACGTTCTTGCC-1,0.11459781795446938,-0.05390391567693231,S
AATCGACGTTTACCAG-1,0.0316473089362711,0.019414896428525286,S
AATCGACGTTTCAGAC-1,0.017395299640874273,0.1417164902326064,G2M
AATCGACTCCTCTAGC-1,0.04297688804273192,0.10145858012590142,G2M
AATCGTGAGATGAAGG-1,0.01080562530866419,0.0003113531209700815,S
AATCGTGAGCGTCTCG-1,-0.08129823672087039,0.04966645138849937,G2M
AATCGTGAGCTAGCCC-1,0.07421997099382804,-0.03347507628365634,S
AATCGTGAGTCTTCCC-1,0.022508766074623376,0.08417322848385295,G2M
AATCGTGCAGGTTCAT-1,0.06306097901804397,0.12136313836681967,G2M
AATCGTGGTCTTGCGG-1,-0.07667593965950642,0.14515957342406716,G2M
AATCGTGTCACCTCGT-1,0.16104164071799876,0.15892741980934655,S
AATCGTGTCGGAATTC-1,0.11715577222676155,0.08290460576123154,S
AATCGTGTCTAGATCG-1,0.0503452107141244,0.06631849049665978,G2M
AATCGTGTCTTTCTAG-1,0.004557188551944258,0.04553354793854664,G2M
AATGAAGAGACGACGT-1,0.03328454492679955,-0.00824362963099734,S
AATGAAGAGGGCAACT-1,0.026875323480218483,0.3684041335470853,G2M
AATGAAGAGGGCAATC-1,0.006700351425945106,0.1351421631684468,G2M
AATGAAGAGTAAATGC-1,0.016601289124175078,0.3562249180909822,G2M
AATGAAGAGTAAGAGG-1,-0.025233814524538767,0.0024814140611222335,G2M
AATGAAGAGTACTGTC-1,-0.022004678298476854,0.05580598713297541,G2M
AATGAAGCAGTGCGCT-1,0.004650230851981352,0.10138796979699938,G2M
AATGAAGGTAACTTCG-1,0.0727761877757665,0.2029376189885513,G2M
AATGAAGGTGTGTGTT-1,0.06100133118571871,-0.06092871751726986,S
AATGAAGGTGTTAACC-1,0.022002308042206487,-0.06194048266196317,S
AATGAAGGTTACCCAA-1,0.0619946145714696,-0.019617994915509585,S
AATGAAGTCAAGAGTA-1,0.15490293692708967,-0.028056675725988522,S
AATGAAGTCACTGAAC-1,0.06960048872213315,-0.07202564287122443,S
AATGAAGTCACTTGTT-1,0.06079110509419838,0.17098429258472453,G2M
AATGAAGTCCCATGGG-1,0.15210328216976465,0.20128887878854207,G2M
AATGAAGTCCTAGCCT-1,0.15122000865678836,0.15304741668676497,G2M
AATGAAGTCGTAGGAG-1,-0.013101904881828719,0.03214146480928559,G2M
AATGAAGTCTGGGAGA-1,0.1446956667533525,0.031306552970237045,S
AATGAAGTCTTCTTCC-1,-0.003660496301605698,-0.09193573995486393,G1
AATGACCAGACCGCCT-1,0.0765994542936328,0.23961791802199023,G2M
AATGACCAGACTAAGT-1,0.022670640572406697,0.026857592673163067,G2M
AATGACCAGCCAGAGT-1,-0.027194104286922816,0.003795786534038559,G2M
AATGACCCAACATCGT-1,-0.03001305384263614,0.3331542013996203,G2M
AATGACCCACACGGAA-1,0.07630152872010965,0.1563718858139469,G2M
AATGACCCAGAGATTA-1,0.0696179723338265,0.19484096000436735,G2M
AATGACCCAGTAACCT-1,0.09099819459353264,-0.04334742081997672,S
AATGACCCAGTGGCTC-1,-0.006728854735844614,0.01604630392645845,G2M
AATGACCCATCCGGTG-1,0.034323399914757635,-0.10254898415488967,S
AATGACCCATGACCCG-1,0.0001430991052505659,0.05469263678268482,G2M
AATGACCGTAATCAGA-1,0.07774371532973717,0.0075074119033682885,S
AATGACCGTACCAGAG-1,-0.00612823646953875,-0.008202268275324498,G1
AATGACCGTATTAAGG-1,-0.049708286512296584,0.05343719577539485,G2M
AATGACCGTCACTCAA-1,0.04381642487273241,0.05804476335946879,G2M
AATGACCGTCAGACTT-1,0.04120549038198512,0.019621384174286105,S
AATGACCGTCATCACA-1,0.0383161778799328,-0.0035888404719121025,S
AATGACCTCCTTCTGG-1,-0.016681488221385488,0.02215115604022505,G2M
AATGACCTCTCTGCTG-1,-0.02514975478420073,-0.04549601731812797,G1
AATGCCAAGACTTGTC-1,0.0005305595316650868,-0.06562504022450902,S
AATGCCAAGGCCTTGC-1,-0.03528286213690357,0.10814024284730184,G2M
AATGCCAAGGCGTTGA-1,-0.042497077255211235,0.03093575581569441,G2M
AATGCCAAGGTCACAG-1,0.028866297564378085,-0.07608180503935275,S
AATGCCAAGTGCCCGT-1,0.08914784371161272,0.0930270443935412,G2M
AATGCCACAATGGCAG-1,0.016707636343943455,-0.07926877975032076,S
AATGCCACAGCGGATA-1,0.05408787164324114,0.14918614982120632,G2M
AATGCCACAGCTAACT-1,0.07519364177871468,0.10132921185007243,G2M
AATGCCACAGTAGAGC-1,0.009518550450462127,-0.029400785127936258,S
AATGCCACATCGCTCT-1,0.031438643156364576,0.07841248008150903,G2M
AATGCCACATGAAGCG-1,0.05747222087407544,-0.07949370871555264,S
AATGCCAGTGACAGGT-1,-0.013733501006072957,-0.05212714075984348,G1
AATGCCATCAGTCTTT-1,0.025412586957721195,0.07158576957559776,G2M
AATGCCATCGCCACTT-1,0.06771352424397392,-0.053753593553142354,S
AATGCCATCGTTAGAC-1,0.02203522314027684,-0.04107213923232622,S
AATGGAAAGAAGTGTT-1,0.26872444214421654,0.06364131070198059,S
AATGGAAAGACAGCGT-1,0.1740049413876844,-0.016185172736608133,S
AATGGAAAGACTTCCA-1,0.06713847101069603,0.15802733174371497,G2M
AATGGAAAGCTCGCAC-1,-0.07707707556990878,-0.02131567898544867,G1
AATGGAACAAGACTGG-1,0.35956330856045027,-0.13023081988868257,S
AATGGAACAAGAGTGC-1,0.044750569775330706,-0.025864064479482585,S
AATGGAACAAGGCCTC-1,0.24423581341112444,-0.13667827054864473,S
AATGGAACACCGCTGA-1,-0.018845243505098863,-0.027860982533487566,G1
AATGGAACATGGAACG-1,0.0872404679793643,-0.048639488321994384,S
AATGGAAGTCCAGCCA-1,0.010305381012669146,0.007778285665509921,S
AATGGAAGTCCTACAA-1,-0.033499118917517445,0.18293618642359732,G2M
AATGGAAGTGACTGTT-1,-0.051648090620321996,0.043650520637817936,G2M
AATGGAAGTGAGCCAA-1,0.07215310703336958,0.2100925071748138,G2M
AATGGAAGTTGCTCCT-1,-0.027446652183444886,-0.038449680036847844,G1
AATGGAATCCCTCTCC-1,-0.017940977619371412,-0.000695852793680618,G1
AATGGAATCGGTCAGC-1,-0.03978980147763911,-0.05055385661277079,G1
AATGGAATCTATGTGG-1,0.061834998606372926,0.27818389713199393,G2M
AATGGCTAGACAGCTG-1,-0.01584375190254461,0.06876735959284819,G2M
AATGGCTAGATCGCCC-1,0.06172151351835753,0.08834415217551,G2M
AATGGCTAGCCTCGTG-1,0.11645107709858243,0.0036783099949412035,S
AATGGCTAGGTTCTTG-1,0.028972980078076638,0.08871619458733815,G2M
AATGGCTAGTAATCCC-1,0.048048070857048264,-0.023073081461933986,S
AATGGCTGTACCATAC-1,0.07563370935468272,0.06267702488128019,S
AATGGCTGTCCGTTTC-1,-0.007520432215913475,0.15455897422438436,G2M
AATGGCTGTCTAGTGT-1,0.10723429015872837,-0.050080679416085905,S
AATGGCTGTTATAGCC-1,0.0804236700308325,0.07764167257624599,S
AATGGCTTCAGCTGAT-1,-0.01702752163743132,0.07954177493740033,G2M
AATGGCTTCATAGACC-1,0.0048096265725713905,0.05913646042044318,G2M
AATTCCTAGAAGGCTC-1,0.12732732189491264,0.2608682281399394,G2M
AATTCCTAGGAAGTCC-1,-0.011423004001261616,-0.12185393387995061,G1
AATTCCTCATTGAGGG-1,0.03668588611986362,-0.052323072178159236,S
AATTCCTTCCGATAAC-1,-0.09398556794426943,0.20329504258874537,G2M
AATTTCCAGATGGTCG-1,0.06368734417101685,-0.032048834229551904,S
AATTTCCAGGCGCTCT-1,0.09070048368038991,0.0750939263505147,S
AATTTCCAGGTGCTAG-1,0.04943082947121591,0.011639110160164667,S
AATTTCCCACGAAGAC-1,0.021848887706181153,0.04515144307679453,G2M
AATTTCCCACTAGAGG-1,0.09439316696749384,0.12068518662081817,G2M
AATTTCCGTCCGGCAT-1,0.012808888289006282,0.2282151537159583,G2M
AATTTCCTCCACCTGT-1,0.09408732063944336,-0.08445853578801843,S
AATTTCCTCTAGTTCT-1,0.0227749786974783,0.02500674007572823,G2M
AATTTCCTCTCAACCC-1,-0.029514382135120587,-0.21796290062789347,G1
ACAAAGAAGGACGCTA-1,0.001488856888663237,0.06498495253487702,G2M
ACAAAGACAATCGCCG-1,0.019211713940227915,0.10544519528376978,G2M
ACAAAGACAGGCTATT-1,-0.010034992736273729,-0.24876752258569235,G1
ACAAAGAGTACTGCGC-1,0.1332417956733618,-0.010643764831537006,S
ACAAAGAGTTGCATTG-1,0.07758610542091571,-0.10493292681616712,S
ACAAAGATCACTAGCA-1,0.005853147795979785,0.05528994088632305,G2M
ACAAAGATCATTTCGT-1,0.029379696460354654,0.044248705196186344,G2M
ACAAAGATCCACGTAA-1,0.1090090793960023,-0.06418531816390696,S
ACAAAGATCCTGTTAT-1,0.09204278624466056,0.06252294342212744,S
ACAACCAAGCATGCGA-1,0.04779665029706137,-0.025747024728835388,S
ACAACCAAGCATTGAA-1,0.03585416694335469,0.05075554610077476,G2M
ACAACCAAGCGAGTCA-1,0.0024055371902330647,-0.07580932686150849,S
ACAACCAAGCTTGTTG-1,-0.037696908714260347,0.0008144986871983506,G2M
ACAACCAAGGGCTTCC-1,0.0962329299766132,0.08182963993088177,S
ACAACCAAGGGTACGT-1,0.07295881842955099,0.03934681177686733,S
ACAACCACACTCCTGT-1,0.05705945914141641,0.01920009082673163,S
ACAACCAGTGCCTACG-1,-0.015349822555258463,0.02150557438339748,G2M
ACAACCATCAGCGTCG-1,0.13503123129350575,-0.03638888384638081,S
ACAACCATCATACAGC-1,0.05513161557474122,-0.05779350242270542,S
ACAACCATCCATTTGT-1,0.0581925321753935,0.03757828377855421,S
ACAACCATCTTTACAC-1,0.1476851983072734,0.10207096755683881,S
ACAAGCTAGACGAGCT-1,0.012139088036931756,-0.13264889341751435,S
ACAAGCTAGGCCATAG-1,-0.02613390943753746,0.049002641879133224,G2M
ACAAGCTAGGTCACCC-1,-0.06299841487877045,-0.13088827955742469,G1
ACAAGCTCACAATTCG-1,0.18710018477650203,0.10132063572073902,S
ACAAGCTCACCGAATT-1,0.1583248206833281,-0.08747237416682499,S
ACAAGCTGTCGCACAC-1,0.013461975703041196,0.02515553723354358,G2M
ACAAGCTGTGAGTTGG-1,0.05753693391649939,-0.0921379460511535,S
ACAAGCTGTTTGCAGT-1,-0.017010627664298283,0.0009434107747794407,G2M
ACAAGCTTCAGCTTCC-1,-0.015503867861760223,-0.0725455706195332,G1
ACAAGCTTCCATCCGT-1,-0.006814537239678231,0.10071821722591534,G2M
ACAAGCTTCCCTATTA-1,-0.011928079633967525,0.28093180803396595,G2M
ACAAGCTTCGCCAGTG-1,0.018795004394589143,-0.027383757934491326,S
ACAAGCTTCGCGGACT-1,0.21643976323189318,-0.10929915955965658,S
ACAAGCTTCGGAACTT-1,0.07145504367094135,0.08042522488526788,G2M
ACAAGCTTCTCTATGT-1,0.07205574968193607,-0.029605844027705885,S
ACACAGTAGAATAGTC-1,0.05156134101460852,-0.016849960162327315,S
ACACAGTAGCGCCTAC-1,0.012268316870733709,0.04031961127127254,G2M
ACACAGTAGCTGTTAC-1,-0.04885139815982309,-0.10408564034271955,G1
ACACAGTAGGCATGGT-1,0.032128437002736876,0.029501294770504005,S
ACACAGTCAAGATCCT-1,0.021648971102346648,-0.08370226625675858,S
ACACAGTCAGCTGAAG-1,0.10942734806252208,0.030993245034356465,S
ACACAGTCAGCTGGTC-1,-0.0341427042017588,0.13179540364285275,G2M
ACACAGTGTAGACGGT-1,-0.05546446552580042,-0.0078955148803182,G1
ACACAGTGTCATCGCG-1,0.017304301172083703,0.058990901949365515,G2M
ACACAGTGTCGCCTAG-1,0.06457004744616546,-0.06254603774013773,S
ACACAGTGTCGTTCAA-1,0.06745143590891034,-0.05221115782939345,S
ACACAGTGTCTACAGT-1,0.06525202006684783,0.07855113978096165,G2M
ACACAGTGTGAGTTTC-1,-0.04501562993308278,0.02678594672199147,G2M
ACACAGTGTGGCTACC-1,0.11826259124508193,-0.06008471445187433,S
ACACAGTGTGTCTTAG-1,0.06572070891738135,0.21571677796941907,G2M
ACACAGTGTGTTCCTC-1,0.018110360262240166,0.16278594507328625,G2M
ACACAGTTCGAGATAA-1,0.035580154035282974,0.04313639762357552,G2M
ACACCAAAGAAACCAT-1,-0.09820842703913157,-0.009282446390274535,G1
ACACCAAAGGTTGGTG-1,-0.05979940497246228,0.021066101975800444,G2M
ACACCAAAGTCCGTCG-1,-0.016758608288896693,0.22960078022712183,G2M
ACACCAACAGCTTCCT-1,-0.015047798643706978,0.13487799294626168,G2M
ACACCAACAGTAGTGG-1,0.060840636334593634,0.12065499526154916,G2M
ACACCAAGTGCGACAA-1,-0.06546773500540842,-0.042642767180068986,G1
ACACCAATCACCTACC-1,0.0007598883029967807,-0.08321006029505984,S
ACACCAATCTAGAGCT-1,0.05363840824117588,0.15879832192783633,G2M
ACACGCGAGAAGTCAT-1,-0.0415542922723004,0.1815772722310327,G2M
ACACGCGAGACATCAA-1,0.06744313867752216,-0.05126512342473791,S
ACACGCGAGGTTATAG-1,-0.07171324806146862,0.0059567651304219815,G2M
ACACGCGCAAGAGTTA-1,0.08542959120338622,0.3466329958571418,G2M
ACACGCGCACGGTAGA-1,-0.05054059296643021,0.1361612445967868,G2M
ACACGCGGTACGATGG-1,-0.011706417210943343,0.20948733582093693,G2M
ACACGCGGTCACTGAT-1,0.023652845092849595,0.38270289200651725,G2M
ACACGCGGTGGTCCCA-1,0.13739774090259382,-0.08062825286678699,S
ACACGCGGTGGTTTGT-1,0.10503385710238416,0.024654793510314854,S
ACACGCGGTTAGGGAC-1,0.05110277092921567,0.04070433442718535,S
ACACGCGGTTATCTTC-1,0.07951964319497778,-0.023443235261817852,S
ACACGCGTCGAGAATA-1,0.12189322704776451,-0.08671412451455918,S
ACACGCGTCTGCCTGT-1,-0.03667976480894236,0.15039978873656074,G2M
ACACGCGTCTGCGTCT-1,0.10134430367695191,-0.1587057070468261,S
ACACGCGTCTGGAGAG-1,0.03515231142546432,0.1568392577522465,G2M
ACACTGAAGGAGACCT-1,0.024712030406126906,0.0389228642655739,G2M
ACACTGACAAGCCCAC-1,0.05911671183526196,0.21288095242740968,G2M
ACACTGACATCCCACT-1,0.019494952235368568,0.07607080020338891,G2M
ACACTGAGTAGTTACC-1,0.08154104054301342,0.10557023552332984,G2M
ACACTGATCGTAGGAG-1,0.009683846867929113,-0.25853097238722933,S
ACACTGATCTGACGCG-1,-0.004906493711632709,-0.01435256258011297,G1
ACAGAAAAGCTATCCA-1,0.05133002922152219,-0.0018403657576595012,S
ACAGAAACAATGCAAA-1,0.011578692683254288,-0.1351769827827939,S
ACAGAAACACTGTCCT-1,0.20697278276166375,0.19293558685079681,S
ACAGAAACAGCATGCC-1,0.012712740311491166,-0.007368234562413534,S
ACAGAAACAGTAGTTC-1,-0.055797882142488986,-0.03448266925357152,G1
ACAGAAACAGTCCGTG-1,0.02746290412577479,-0.0239190778642549,S
ACAGAAACAGTTACCA-1,0.1439402653368118,0.05103857699751657,S
ACAGAAACATCCTCAC-1,0.0899554978909925,0.3035118182847179,G2M
ACAGAAAGTATGAGCG-1,-0.10285492900872784,0.0787784682760217,G2M
ACAGAAAGTTAGGGAC-1,-0.09341324528711054,-0.18785683738086964,G1
ACAGAAATCAGTGTGT-1,0.022414473053498196,0.12425431150085597,G2M
ACAGAAATCGTCGGGT-1,0.0806057024029791,-0.0665581619510914,S
ACAGAAATCGTCTACC-1,-0.02473902719268689,0.4600374040387433,G2M
ACAGCCGAGAATCGTA-1,-0.011442645508190907,-0.07704782425819459,G1
ACAGCCGAGAGGCTGT-1,0.1872260831306869,0.21530092840866139,G2M
ACAGCCGAGGTAGCAC-1,0.06625797670911421,-0.061317122378512307,S
ACAGCCGAGTGAGCCA-1,0.06932783082691824,0.11305305847610125,G2M
ACAGCCGCAAGGCTTT-1,0.3167236645434759,-0.15104334297573724,S
ACAGCCGCAGGAATCG-1,0.09370488510540786,0.08456432054092244,S
ACAGCCGGTCCACATA-1,0.11507399548776598,0.08564770736390848,S
ACAGCCGGTGACACGA-1,0.12982560177217667,0.0016324925764247267,S
ACAGCCGTCATCTATC-1,0.03515267086252827,0.1456247840275111,G2M
ACAGCCGTCATGCCGG-1,-0.04726211636622746,-0.05382737681302896,G1
ACAGGGAAGAGGTATT-1,0.1006046667413722,0.40017300170866854,G2M
ACAGGGAAGCCTTCTC-1,0.14784015419588248,-0.019644926029283166,S
ACAGGGAAGGGCAGTT-1,0.053243628831950884,0.1363750741019224,G2M
ACAGGGAAGGTATAGT-1,-0.009295316670751008,0.06330648055649801,G2M
ACAGGGAAGTTCGCAT-1,0.4484812958418656,0.16098674269466756,S
ACAGGGACAACTGAAA-1,0.22308522856890145,0.12666197049194072,S
ACAGGGACACGTACTA-1,0.21720631865308687,0.09058973529445935,S
ACAGGGACAGAGTTCT-1,-0.020934480841987735,0.18016393155130378,G2M
ACAGGGAGTATCATGC-1,-0.04234195626534176,-0.13694578395123153,G1
ACAGGGAGTCACGCTG-1,0.07944205496418094,0.24471897176935808,G2M
ACAGGGAGTCTTTCAT-1,0.02844640305488122,-0.06118901172772534,S
ACAGGGAGTGCGTCGT-1,0.03983296833338479,-0.06339640888936932,S
ACAGGGAGTGTCCATA-1,0.006384285572124226,0.15147493224931852,G2M
ACAGGGATCAAAGGAT-1,0.00010902158508768744,0.11786324223549555,G2M
ACAGGGATCCAAGCAT-1,0.07547846982531092,0.13221061168406767,G2M
ACAGGGATCTTACCGC-1,-0.0782918195700057,0.1449006080226492,G2M
ACATCCCAGCGCCATC-1,0.048122629042429144,0.1593202733001951,G2M
ACATCCCAGCGTTAGG-1,-0.0855466073068446,0.029128864917882857,G2M
ACATCCCAGGTAAGGA-1,0.1067294439679134,0.03791795779753426,S
ACATCCCCAATTGAAG-1,0.11623080352165005,0.10098316957762377,S
ACATCCCCATAGATGA-1,0.17212941767548218,-0.01845183566341324,S
ACATCCCCATCCGATA-1,0.14560444867795963,-0.01808896164533097,S
ACATCCCCATTCTCCG-1,0.035236154821972065,0.20903107003550964,G2M
ACATCCCGTATGCGGA-1,0.04487203733067979,0.031317485542725454,S
ACATCCCGTATGCGTT-1,0.05680512777353164,0.06544791270010197,G2M
ACATCCCGTCCAGCCA-1,0.0347149139240715,-0.00905741555297293,S
ACATCCCGTCCCTGAG-1,0.010425512155228966,0.031916109295242356,G2M
ACATCCCGTGCATGAG-1,0.1359906104107148,0.042146999921324035,S
ACATCCCGTGTGGTCC-1,0.17772490120143491,-0.2578118486109258,S
ACATCCCTCAGCGCAC-1,0.16387926494667449,0.06349628179294858,S
ACATCGAAGCCTGGAA-1,0.049243567359590346,0.08261453511277667,G2M
ACATCGAAGTGGATTA-1,0.009038717654914763,0.10157790454970478,G2M
ACATCGACAACACGAG-1,-0.02659167228821746,-0.019385790532659486,G1
ACATCGACATCATTGG-1,0.07682171249365011,0.1215505637294752,G2M
ACATCGACATCTATCT-1,0.017478459105102484,0.2053706192352659,G2M
ACATCGATCTGGTCAA-1,0.04998387972808094,0.08337490213421983,G2M
ACATGCAAGAAGCGGG-1,0.09592825155213225,0.14862648875811812,G2M
ACATGCAAGAATCCCT-1,-0.08107356882669148,-0.01497887064586273,G1
ACATGCAAGAATTGTG-1,-0.06765301884063679,0.0667005586252496,G2M
ACATGCAAGAGTCTTC-1,-0.0024984882555025845,0.05333532194768792,G2M
ACATGCAAGCTGTGCC-1,0.07806109874992151,0.2180712620841359,G2M
ACATGCAAGGGCCTCT-1,0.07955063916026661,0.17194588217280826,G2M
ACATGCACAAAGTGTA-1,0.1688098223004647,-0.04228450192474026,S
ACATGCACAACCTATG-1,0.04759068132162819,0.10754925629241452,G2M
ACATGCACAACGCATT-1,0.07387455062040083,-0.0999935298867986,S
ACATGCACAACTGTGT-1,0.02077887161061409,0.08223326169736273,G2M
ACATGCACAAGGATGC-1,-0.06113062419591214,0.05323845067703842,G2M
ACATGCACAATTCACG-1,0.15955330623255282,0.03372705607699383,S
ACATGCACACGAAGAC-1,0.07753857354405613,-0.05814792941726232,S
ACATGCACAGCTACAT-1,0.009695310422048076,0.10900078925211742,G2M
ACATGCACAGCTGAGA-1,0.0010153175265150693,0.038658604878340774,G2M
ACATGCAGTAACGATA-1,0.11427687132799691,0.11225447665981553,S
ACATGCAGTACAGAGC-1,0.06878824471950046,0.055929101641900375,S
ACATGCAGTATAGGAT-1,0.08944748155888976,-0.019329462402685238,S
ACATGCAGTCCAGCCA-1,0.11385158033537057,0.13586683804728011,G2M
ACATGCAGTCGTCTCT-1,0.031076225277641145,0.0931669965698187,G2M
ACATGCAGTTCTTAGG-1,-0.006639162541985821,-0.03157316513039321,G1
ACATGCAGTTGAGTCT-1,0.03281147762861358,0.14651973191780648,G2M
ACATGCATCGATTGGT-1,-0.08487724319144968,0.11573629248809597,G2M
ACATTTCAGCTCCCTT-1,0.006704761941263682,0.3224871489152051,G2M
ACATTTCAGTACCGGA-1,0.17058768219124876,-0.007010889563784539,S
ACATTTCCACACCGCA-1,0.04165281017760791,-0.09352910804322911,S
ACATTTCCAGCGCGTT-1,0.026988520944675076,0.07472216383242936,G2M
ACATTTCGTCGCAGTC-1,0.05943374637073845,0.015799720345691992,S
ACATTTCGTGTTTCTT-1,-0.018159013850448713,0.13568122358942997,G2M
ACATTTCTCAATCAGC-1,0.20191381908301198,0.25767382839542513,G2M
ACATTTCTCCAACTAG-1,0.0449579314154126,0.03650474141221671,S
ACATTTCTCCAAGGGA-1,0.05872083650021176,0.05195778555311967,S
ACATTTCTCTTCTAAC-1,-0.048864591314911054,0.19601049108934887,G2M
ACCAAACAGCACCGTC-1,0.046397407917207256,-0.045076927590202875,S
ACCAAACCAACGAGGT-1,0.28021373719626874,0.020342052917786457,S
ACCAAACCAACGCATT-1,0.010510237925794752,0.07459530278769022,G2M
ACCAAACCACTGAGTT-1,0.024994180946332878,0.20371098751385047,G2M
ACCAAACCAGAGGCAT-1,0.0397352041619341,0.1633550534060677,G2M
ACCAAACCAGCACAGA-1,0.06145941898327145,-0.2149487989176515,S
ACCAAACGTATCCCAA-1,-0.07914123759342495,-0.05080204630556551,G1
ACCAAACGTCTATGAC-1,0.0483495516712677,0.050231535296472396,G2M
ACCAAACGTGTACAGG-1,-0.015288186448486674,-0.049762973493632345,G1
ACCAAACTCACACGAT-1,0.12827239308478267,-0.14502622084924338,S
ACCAAACTCCGAAATC-1,0.012418469835979828,0.14898392013056816,G2M
ACCAAACTCTCCACTG-1,-0.03447222020365187,0.015144121607942707,G2M
ACCAAACTCTCCCAAC-1,-0.02504822990905764,0.15013793076053517,G2M
ACCAAACTCTCGTCGT-1,0.024851342857922065,-0.03205893720623931,S
ACCAACAAGCGTATGG-1,0.09959667891426283,0.10273621067732924,G2M
ACCAACAAGCGTTACT-1,0.004055495750038496,0.09504226759085277,G2M
ACCAACAAGGACTTCT-1,0.04217256056547214,0.08547104876561334,G2M
ACCAACAAGTAGTCCT-1,0.14646454548046894,-0.06543699409916903,S
ACCAACACACTGCTTC-1,0.19285245122682282,0.05487671532554894,S
ACCAACACATGTTCGA-1,-0.003168840022158226,0.12673704844929684,G2M
ACCAACAGTGCAATAA-1,0.029980636101334834,-0.1460034185769599,S
ACCAACAGTGGTTCTA-1,-0.006361915357294579,-0.04698987779894581,G1
ACCAACATCAAAGACA-1,0.04016317069008257,0.1191867413725452,G2M
ACCAACATCATCTCTA-1,0.005021448287091779,-0.02504991360074016,S
ACCACAAAGCCAGTAG-1,0.03809010087667464,0.03766218494279455,S
ACCACAAAGGATACGC-1,0.0856784692203858,0.044231211513416746,S
ACCACAACAACTCCCT-1,0.15623213445049894,-0.05651220416834568,S
ACCACAACACGGTGAA-1,0.011270297776433014,0.16726543331149324,G2M
ACCACAAGTCGACTGC-1,0.02646828161729098,-0.028302695941564204,S
ACCACAAGTGAGATCG-1,0.047705335750304334,0.007790090026046137,S
ACCACAATCATCGCCT-1,0.005218247922016528,0.17463922714964242,G2M
ACCACAATCCGATGTA-1,0.05384746782515831,-0.022640624409802024,S
ACCACAATCGAGATAA-1,0.0852327684107616,0.15311752373124882,G2M
ACCACAATCTCAACGA-1,0.18708272875696175,-0.0078110562417636475,S
ACCATTTAGCCAGTAG-1,0.1064285044854566,0.16384417800752815,G2M
ACCATTTAGGGAGATA-1,-0.03133259875226291,-0.010737404478332269,G1
ACCATTTAGGTAGTAT-1,0.003898834485713931,-0.08304858849993235,S
ACCATTTCAAGCACCC-1,0.16557849294990012,0.27077992788003746,G2M
ACCATTTCACCAAATC-1,0.122160110053181,-0.004860646025891868,S
ACCATTTGTAACAGTA-1,0.042156593824175526,0.1879589635601583,G2M
ACCATTTGTCACCGAC-1,0.030064104745491316,-0.250978215538566,S
ACCATTTGTCCCTGTT-1,0.03773984378770928,-0.03612081622334093,S
ACCATTTGTCTACGTA-1,-0.016754460925525017,-0.1517453248872242,G1
ACCATTTGTGAAAGTT-1,-0.032842719336514614,0.12513303045799185,G2M
ACCATTTTCTCTGGTC-1,0.03549090779138436,-0.0838995514046787,S
ACCCAAAAGACCCGCT-1,0.04591766196303404,0.04717498841721657,G2M
ACCCAAACAAGGTCTT-1,-0.024509434489273008,-0.011419782801705525,G1
ACCCAAACACGGGCTT-1,-0.02625412779100933,0.14067120945456346,G2M
ACCCAAACAGAAGCGT-1,-0.012801821166711025,0.01907236249691835,G2M
ACCCAAACATATCTGG-1,0.2830664969526333,0.01678718506937127,S
ACCCAAAGTAGATCGG-1,0.014208680910589133,-0.11484707663659965,S
ACCCAAAGTGGTCTGC-1,0.11446863941886293,0.1845971478793188,G2M
ACCCAAAGTTGAGTCT-1,0.13018238674572202,0.1199374217573157,S
ACCCAAATCGGTAACT-1,0.16284574624825027,0.11863429854547741,S
ACCCAAATCTTGATTC-1,0.03706480640540055,0.12335048316039426,G2M
ACCCTCAAGCAAATGT-1,0.016900059625262975,0.06387879300181493,G2M
ACCCTCAAGCTCCATA-1,-0.058084206327263854,0.05176951313792938,G2M
ACCCTCACAACTTGGT-1,-0.026117275023623043,0.008760000986183347,G2M
ACCCTCACACATAACC-1,0.022619196029714628,0.1650038037223467,G2M
ACCCTCAGTATCCTTT-1,0.036968731965900226,0.005185526758427594,S
ACCCTCATCAACTACG-1,0.2687963564100839,0.0923622933617192,S
ACCCTCATCCGCACTT-1,0.40312174688516655,0.01007383319478089,S
ACCCTCATCCTACAAG-1,0.00300182936006943,0.3024558296202379,G2M
ACCCTCATCGGCTGGT-1,0.00656706588870265,0.10255777667369959,G2M
ACCCTCATCTGAGAAA-1,-0.10022416399248557,0.03283749679664616,G2M
ACCCTTGAGGGCCCTT-1,0.032529473302182255,-0.11244158544954,S
ACCCTTGAGGTCGTCC-1,0.08855070624467393,-0.004728458703464444,S
ACCCTTGCAGAGTTCT-1,0.1189063488981596,-0.015675968295879195,S
ACCCTTGCAGCTGAAG-1,0.08624253897015827,-0.08558109752620116,S
ACCCTTGGTACTGCCG-1,0.06698288070786779,0.1813965388733188,G2M
ACCCTTGGTTCATCGA-1,-0.009064217936714747,0.00821265278039579,G2M
ACCCTTGGTTGTCAGT-1,0.07009845875955678,-0.0716204023319569,S
ACCCTTGTCATGCATG-1,0.04965016610568057,-0.033008583242551404,S
ACCCTTGTCCACCTGT-1,0.009106830321577108,0.1421145645822106,G2M
ACCCTTGTCCAGCAAT-1,0.042918744314177026,0.10510074388726032,G2M
ACCCTTGTCCTTCTGG-1,0.0034077260254699593,-0.062170679181171334,S
ACCGTTCAGACGTCGA-1,0.04250561809410458,-0.057370421487113604,S
ACCGTTCAGAGACAAG-1,-0.05785103785327783,0.10703857462956923,G2M
ACCGTTCAGCACTGGA-1,0.08026437322318358,0.1845760183228562,G2M
ACCGTTCAGCCAGACA-1,-0.06930791848986856,-0.0032552903738133354,G1
ACCGTTCAGTGGTTAA-1,0.07864364403286217,0.03172778413974353,S
ACCGTTCAGTTCCAGT-1,0.06964349068191705,0.009932803173144766,S
ACCGTTCAGTTGCGCC-1,-0.028717193347302772,0.13224462477264354,G2M
ACCGTTCCAAAGACTA-1,0.08302224360659333,-0.010112213859435976,S
ACCGTTCCAGAAACCG-1,0.1371731178661934,-0.06996796807428254,S
ACCGTTCCATATGCGT-1,-0.022497783063305077,0.056291175826987366,G2M
ACCGTTCCATGCAGCC-1,-0.012960163622557586,0.01222280800440867,G2M
ACCGTTCGTGACCTGC-1,0.037886538782810175,0.0766929097396275,G2M
ACCGTTCTCCCAGGAC-1,0.16540103327909011,0.20992312818868766,G2M
ACCGTTCTCGGCAGTC-1,-0.05085446733813842,-0.031146508864515032,G1
ACCGTTCTCTTAATCC-1,0.07231451813079848,0.1610946114299746,G2M
ACCTACCAGTCTGGTT-1,0.06343498408179793,0.1937489388834971,G2M
ACCTACCCAACCGTGC-1,-0.08265637822796129,-0.11746562311802838,G1
ACCTACCCAATAGAGT-1,0.03998835009373558,-0.03910664777113293,S
ACCTACCCAGACACAG-1,-0.03533929934006985,-0.13468658658473598,G1
ACCTACCCATGATCTG-1,0.016806205491820714,-0.10660403910038221,S
ACCTACCCATGGATCT-1,0.04974319448646186,0.04643117247660716,S
ACCTACCGTATTCCTT-1,0.05305372891871485,-0.015828058268643697,S
ACCTACCGTCTACAGT-1,0.05497498531052902,0.017311686805756427,S
ACCTACCTCATGAGGG-1,0.087828362896258,-0.050396507043339756,S
ACCTGAAAGAGGTGCT-1,0.12131808648039533,-0.04224221730524469,S
ACCTGAACAGGATGAC-1,0.03992526761616011,0.13619679242834182,G2M
ACCTGAAGTCCATACA-1,0.006119060436290902,-0.03156399217198905,S
ACCTGAAGTTAGGGAC-1,0.1765227540456561,-0.09147754310308615,S
ACCTGAATCAGGACAG-1,-0.03875322411515225,0.00730977462907223,G2M
ACCTGAATCAGTGTCA-1,0.08523610570629736,0.11727915269422295,G2M
ACCTGAATCGCTATTT-1,0.09886171966980417,0.0983584245369824,S
ACCTGAATCTAACGCA-1,0.10161102630297925,0.08879826227021997,S
ACCTGAATCTACTATC-1,0.08878891743097106,-0.04521588408497082,S
ACCTGAATCTGTTGGA-1,0.04571737968105344,-0.1212549424873881,S
ACCTGTCAGTGGTTGG-1,0.09985000464671567,0.14241435801449692,G2M
ACCTGTCCAACCCGCA-1,-0.05889412351484319,0.1741361593676587,G2M
ACCTGTCCACAACGCC-1,0.008681492233415966,0.028441806647760637,G2M
ACCTGTCCATCGAAGG-1,0.017136797423440042,0.0035803002429993236,S
ACCTGTCCATGCGGTC-1,0.05177878927004553,0.1976003018593226,G2M
ACCTGTCGTGAATGTA-1,0.013703399322170129,0.16494223869562818,G2M
ACCTGTCGTTGACTGT-1,0.15569328224507822,-0.020923238133540634,S
ACCTGTCTCACTACTT-1,0.053336045997272596,-0.024980658790295013,S
ACCTGTCTCAGGAAGC-1,0.03870798000552245,0.3623770249352172,G2M
ACCTGTCTCGGCCTTT-1,-0.03476138781431615,0.13014655648179663,G2M
ACGATCAAGAGAACCC-1,-0.13208433528214697,-0.07261915931086049,G1
ACGATCACAACAAGAT-1,0.06104013113160178,0.07995854051404355,G2M
ACGATCACAAGTCCAT-1,0.04351449593238582,0.10386700708990029,G2M
ACGATCACAATCCTAG-1,0.0409748742642671,0.10546174010361953,G2M
ACGATCACAATCTGCA-1,-0.032632793145418615,0.004165159515196304,G2M
ACGATCACAGACGATG-1,0.11045219888318208,0.2071273808398965,G2M
ACGATCAGTTGCTCCT-1,0.06448847966320104,-0.14928909390706965,S
ACGATCATCTTGGTCC-1,0.153599482061193,0.23911385378743982,G2M
ACGATGTCAAGAATAC-1,-0.07938061257731632,-0.05862681820431087,G1
ACGATGTCAGACGCTC-1,0.09253614925479531,0.03916931004300778,S
ACGATGTCAGCGTGCT-1,0.008629439144148043,0.021858691629449423,G2M
ACGATGTCATTGCTTT-1,0.02126479122689162,4.1144657773439786e-05,S
ACGATGTGTACGGCAA-1,0.05481872253109199,0.1332196744585295,G2M
ACGATGTGTATTGGCT-1,0.05254538731126124,0.2414777228395903,G2M
ACGATGTGTGACATCT-1,0.0383927123943289,0.2562488750091234,G2M
ACGATGTGTTAGGGAC-1,0.08154350868573124,0.07376045460711939,S
ACGATGTGTTTCACTT-1,0.04459553579107445,0.21108939949080802,G2M
ACGATGTGTTTCCCAC-1,-0.016652680494489036,-0.10761786390833633,G1
ACGATGTTCACTGTTT-1,0.15967624643694645,0.0099973874745804,S
ACGATGTTCGCCAATA-1,0.20562904926505593,0.07313100880143297,S
ACGCACGAGATCGACG-1,0.1314063564613659,0.15148007634162503,G2M
ACGCACGAGGTTTACC-1,-0.07219545663582289,-0.06498921401349345,G1
ACGCACGAGTTGGCGA-1,0.10006494550631262,0.20390078446322335,G2M
ACGCACGCATTCTCCG-1,0.06506449463903652,-0.07759298435802242,S
ACGCACGGTACCGGAA-1,0.049287052592648595,0.024807721067032384,S
ACGCACGGTAGGCTCC-1,0.19251449260096187,0.04637196546600028,S
ACGCACGGTCTGATCA-1,0.1731042546804884,0.0773609980301323,S
ACGCACGGTGACCGTC-1,0.04159076462299488,-0.023927019953299794,S
ACGCACGGTTGCCAAT-1,0.18998538801863207,-0.0259509224628115,S
ACGCACGTCACAGTGT-1,0.13064003721586226,-0.06444319236525659,S
ACGCACGTCAGTGATC-1,0.24019213543768048,0.08929635624015653,S
ACGCACGTCGGCCAAC-1,0.12049337242595698,-0.10730687336927705,S
ACGCACGTCTTCGTGC-1,0.1711812431895997,-0.05652711690696255,S
ACGGAAGCAACGGCTC-1,0.005972050266538076,0.06508413219640041,G2M
ACGGAAGCAAGCACCC-1,-0.00958589135803678,0.0043973238956018235,G2M
ACGGAAGGTACAACGG-1,0.03159405152343425,-0.17006479549953868,S
ACGGAAGGTAGCACAG-1,-0.03188838946011713,-0.04568962976666585,G1
ACGGAAGGTATCTCGA-1,0.19817717402337498,0.011754913196839412,S
ACGGAAGGTCAAGCCC-1,0.028882684141632975,-0.07464080398000461,S
ACGGAAGGTCACGACC-1,0.04073858138955633,0.33019248652992533,G2M
ACGGAAGGTGAGATAT-1,0.0841172898498066,0.07019934193606303,S
ACGGAAGGTGATAGTA-1,0.0639229478577999,-0.020263858871778256,S
ACGGAAGTCAAGTCTG-1,0.03329368605925864,0.14163593826301346,G2M
ACGGAAGTCCAGCTCT-1,0.2386252497060279,0.26996963608060986,G2M
ACGGAAGTCCATGAGT-1,0.14261738489721854,-0.12445283558339304,S
ACGGAAGTCCGGTAGC-1,0.07637084702425301,-0.16989270732703593,S
ACGGAAGTCGCGGACT-1,-0.07224580742885656,0.14737994226507695,G2M
ACGGGTCAGACGACTG-1,-0.03952233932442889,0.2256165891803833,G2M
ACGGGTCAGAGATGCC-1,-0.015186102462708462,0.052223637851882776,G2M
ACGGGTCCAACGAGGT-1,0.06109271639630787,0.2412535454391766,G2M
ACGGGTCCACGCTTAA-1,0.012325439894927959,0.21665493926380172,G2M
ACGGGTCCAGTACTAC-1,0.16896943465230324,0.12080757861835811,S
ACGGGTCGTCTGTGGC-1,0.03454041396332325,-0.16625254029525383,S
ACGGGTCGTGAATTAG-1,0.40791979251378957,-0.11214139082851168,S
ACGGGTCGTGTCCAAT-1,-0.006512919121650029,0.12904716158725904,G2M
ACGGGTCTCATTTACC-1,0.0949429766245376,-0.08749704768696934,S
ACGGGTCTCCACGTAA-1,0.17341761904902425,-0.11681976994113855,S
ACGGGTCTCCATCAGA-1,0.08108283018210272,0.27173757418936645,G2M
ACGGGTCTCCTGGGTG-1,0.0500105181861904,0.02077353600137799,S
ACGGGTCTCGGTTCAA-1,0.15054454835904008,-0.06232253009537936,S
ACGGTCGAGAACTTCC-1,0.10860148704498757,-0.03761254477742254,S
ACGGTCGCAACGATCT-1,0.03438827321339133,-0.12588571337068888,S
ACGGTCGCACTTTATC-1,0.018448467401222024,0.1845605963164177,G2M
ACGGTCGCAGTTTGGT-1,0.030205439472163587,0.1325341966088116,G2M
ACGGTCGCATAGAAAC-1,0.006218745300793582,0.03675076850562209,G2M
ACGGTCGGTAACTTCG-1,0.18695448925787034,0.09844236110816673,S
ACGGTCGTCACCTCGT-1,0.01817807510097097,0.05976961130991176,G2M
ACGGTCGTCAGTGATC-1,0.049996135489043914,-0.062049121436617505,S
ACGGTCGTCCCAGCGA-1,-0.0033362191133965435,0.04174559904615238,G2M
ACGGTTAAGCACGATG-1,0.07728317486899305,0.009446264913237024,S
ACGGTTAAGCGCAATG-1,0.03702038702193777,0.08201802408767311,G2M
ACGGTTAAGGATTTAG-1,-0.007995284217254817,-0.1840118967250396,G1
ACGGTTAAGTTTCAGC-1,0.05343550597751673,0.2872564778985346,G2M
ACGGTTACAACATACC-1,0.1974884535610244,-0.0599579410917534,S
ACGGTTACAATGTTGC-1,-0.03313404644374518,-0.008841873468238892,G1
ACGGTTACACCTGTCT-1,0.17240473665318679,-0.08913874512814268,S
ACGGTTACACGGGCTT-1,-0.014939060514613245,0.08461354233068874,G2M
ACGGTTAGTACGGGAT-1,-0.02682271637172462,0.15031805285498856,G2M
ACGGTTAGTAGTCACT-1,0.08150852163048466,-0.10404248749746017,S
ACGGTTAGTCAAGGCA-1,-0.05793199084858419,0.36284854463662586,G2M
ACGGTTAGTCGCTTGG-1,-0.011458536412126574,0.12219692063799636,G2M
ACGGTTATCCGAGAAG-1,0.11496452694675413,-0.1387320654014656,S
ACGGTTATCGACGTCG-1,0.3002769824642618,0.08698574441327678,S
ACGGTTATCTCGTCAC-1,0.046973998714996745,-0.0250521459036952,S
ACGGTTATCTTACCGC-1,0.09304831299132954,0.26175763694077503,G2M
ACGGTTATCTTCCTAA-1,0.056550730874283694,0.2921640890149896,G2M
ACGTAACAGATGCTAA-1,0.24661394613252563,0.07623351253693217,S
ACGTAACAGATTACCC-1,0.07045891406428173,0.041519875028479536,S
ACGTAACAGGACGCAT-1,0.06569049431916196,-0.11361194490434157,S
ACGTAACAGGCACAAC-1,0.08738396914170088,0.19234642134782687,G2M
ACGTAACAGGCTATCT-1,0.006197095068705194,0.10821450447103986,G2M
ACGTAACAGGGAGGTG-1,0.032345502088573674,0.012754844063979365,S
ACGTAACAGTCGTTAC-1,-0.011990551676218542,-0.19052353929545746,G1
ACGTAACCAACCGTGC-1,0.009855868790559441,-0.1316979963332776,S
ACGTAACCAATATCCG-1,-0.027147037124329976,0.047129048215807434,G2M
ACGTAACCACAGTCGC-1,-0.029870203395240158,0.12669327587456958,G2M
ACGTAACCATGCTGCG-1,-0.045954860701791,0.09415259351551775,G2M
ACGTAACGTCCCTAAA-1,0.029304745579511127,0.025050774162195977,S
ACGTAACGTGGCTCTG-1,0.05346126863112821,0.2691597209888598,G2M
ACGTAACGTGTGTGTT-1,-0.03831982993952304,0.06470912812324481,G2M
ACGTAACTCCATGATG-1,0.02925963474983445,-0.03117703671312122,S
ACGTAACTCTGGACCG-1,0.026425513205373174,0.08032604602564392,G2M
ACGTAACTCTTAGGAC-1,0.03398733656596248,-0.035786708172872495,S
ACGTACAAGATCCGAG-1,0.04823064456095755,-0.004452259928168278,S
ACGTACAAGTAGCTCT-1,-0.009514121088717742,0.04236361824761792,G2M
ACGTACACACGAAGAC-1,0.07406532260169746,-0.016976349258410517,S
ACGTACACACTGCATA-1,0.05970741511597372,0.154121131399795,G2M
ACGTACAGTACTGACT-1,0.07189844690005526,0.229584044339312,G2M
ACGTACAGTACTGAGG-1,0.08832899931287913,0.014659030714818722,S
ACGTACAGTCAGACGA-1,0.0018208593869829537,-0.00026436829134390827,S
ACGTACAGTCAGTTTG-1,0.08239785318130532,0.03362902855989536,S
ACGTACAGTCGTCTCT-1,0.06651694088981164,-0.005003182785711713,S
ACGTACAGTGTTTGCA-1,-0.041994202096703515,0.08334391279249259,G2M
ACGTACAGTTCTCCTG-1,0.037902967035712665,0.17479036076481164,G2M
ACGTACAGTTTCGTAG-1,-0.0448940949165621,-0.02217362921002236,G1
ACGTACATCAGCACCG-1,0.29959254326113216,0.12662895314655903,S
ACGTACATCATCCTAT-1,0.2536880036251149,0.04069078405401283,S
ACGTACATCATGGGAG-1,-0.002546154726227323,0.14204769455898103,G2M
ACGTACATCCCTCTTT-1,0.16306637766091625,-0.0573705236059216,S
ACGTACATCGTGGAAG-1,0.03922581754274718,0.24102091823943173,G2M
ACGTACATCTTACGTT-1,-0.02715345533831376,0.06917636398587335,G2M
ACGTAGTAGAATTCAG-1,0.030182388486655498,0.043240287580656955,G2M
ACGTAGTAGAGCCCAA-1,-0.04907500759519989,0.01578107664661521,G2M
ACGTAGTAGCGAAACC-1,-0.06301308721140342,0.019834278664688065,G2M
ACGTAGTAGTCGGCAA-1,0.014598083463245981,-0.1471801056119658,S
ACGTAGTCAACCCTAA-1,0.0662947549960165,0.012400100072409992,S
ACGTAGTCAAGCCCAC-1,0.10753540874382078,-0.1782619251107989,S
ACGTAGTCAAGGTTGG-1,-0.0057530770929929975,-0.05324509857751153,G1
ACGTAGTCACGACTAT-1,0.2792533607787574,0.01054399022232233,S
ACGTAGTGTACGATGG-1,0.0757655251170633,-0.10905393454302276,S
ACGTAGTGTGACAACG-1,0.03473939990683206,-0.1301935099139759,S
ACGTAGTTCTGTTGGA-1,0.03571685406039399,0.03803608896414579,G2M
ACGTAGTTCTTGCAAG-1,-0.04024192920591446,0.09199645552334945,G2M
ACGTCCTAGACGGATC-1,0.08421242258390804,0.0010305415272832685,S
ACGTCCTAGATTGAGT-1,0.0898356201281586,-0.13971701001740072,S
ACGTCCTAGCTAAATG-1,-0.026874590768954265,0.08513936326873939,G2M
ACGTCCTCAATAAGGT-1,0.12133894101556086,0.13969382556281046,G2M
ACGTCCTCACCCTCTA-1,-0.023207580460964827,0.21946874881121492,G2M
ACGTCCTCACTAGAGG-1,-0.014545141594598743,0.04152411547265711,G2M
ACGTCCTCATACCACA-1,0.07714857562500377,0.1436087092130066,G2M
ACGTCCTGTGACACGA-1,0.056415047899215476,0.10213116256922605,G2M
ACGTCCTGTTTACGTG-1,0.08419952583916562,0.07443028280348796,S
ACGTCCTTCAAGTCTG-1,-0.03104534937106551,0.15169300374074585,G2M
ACGTCCTTCGTAGCCG-1,0.05385067721956849,0.0875346255115062,G2M
ACGTTCCAGAGGGCGA-1,0.16122526867208553,0.002356478099330095,S
ACGTTCCAGTTAGTAG-1,0.18288773443127487,-0.06174333124619391,S
ACGTTCCCAATCCAGT-1,-0.08546235117771561,0.08833407180621805,G2M
ACGTTCCCACGCGCAT-1,0.32638854229896497,-0.061323503369844934,S
ACGTTCCCAGAAATTG-1,-0.04718913501901034,0.10171356696498984,G2M
ACGTTCCCAGTCGAGA-1,0.08170364643814898,0.11841565998778497,G2M
ACGTTCCCATAGGCGA-1,-0.022464065226564578,0.21341278619242843,G2M
ACGTTCCGTAACACGG-1,0.14252931357810683,0.04487248388608517,S
ACGTTCCGTAGTTAGA-1,0.16680405849384272,-0.10055795870462308,S
ACGTTCCGTCCAGAAG-1,0.02974057250435236,0.09810158574200628,G2M
ACGTTCCGTCGGCTAC-1,-0.06979815065289763,0.08170359173458247,G2M
ACGTTCCGTCGTTGGC-1,0.05557329404793693,0.030365985268196533,S
ACGTTCCGTGGCAGAT-1,-0.028329857003457082,0.09359573401145188,G2M
ACGTTCCGTGTCATGT-1,0.14392709406657134,-0.17351529104836622,S
ACGTTCCGTGTTCAGT-1,-0.01762261073602106,0.1635958674438157,G2M
ACGTTCCTCCACAGGC-1,0.205299586764019,-0.22733827015240277,S
ACGTTCCTCCCATGGG-1,-0.021861567244838565,0.10531172365772318,G2M
ACGTTCCTCCTAGCGG-1,0.07463757757185618,0.09358352851614771,G2M
ACGTTCCTCGAGCCTG-1,0.10668603453115638,0.11148205699743624,G2M
ACGTTCCTCGGCTATA-1,0.06036791270652697,-0.022162058849907795,S
ACTACGACAAAGGCGT-1,-0.014070585264527313,0.053509517696942344,G2M
ACTACGACAACCGTAT-1,0.154740291245055,0.08376982625276175,S
ACTACGACAACTGAAA-1,0.02779626065151708,0.15865181117034516,G2M
ACTACGACATCCGATA-1,-0.007648861903773507,-0.04093507161166199,G1
ACTACGACATCGCTCT-1,-0.007389818477755883,-0.03876132901244356,G1
ACTACGAGTAGAGGAA-1,0.03145215226623971,0.04482680760211477,G2M
ACTACGAGTGGTCTAT-1,-0.03541257104131912,0.15034878330656953,G2M
ACTACGAGTTACACAC-1,0.030018703171714844,0.03483315515917601,G2M
ACTACGATCCCATTCG-1,0.09796023566435508,0.27138837431454915,G2M
ACTACGATCCCGTGTT-1,0.05776365173929787,0.0003395698954234416,S
ACTATCTAGCAATAGT-1,0.03300714364486135,-0.12526661021709212,S
ACTATCTCAACGACAG-1,-0.09177573592075705,0.0430357660922947,G2M
ACTATCTCACAGTCGC-1,-0.016364515768253207,0.01643106406227185,G2M
ACTATCTCATCGGTTA-1,0.0789144334630289,0.05957382654666457,S
ACTATCTGTGGACTAG-1,-0.00794379742407858,-0.07561644053290306,G1
ACTATCTGTGGAGGTT-1,-0.01193793138754451,0.15886953278688343,G2M
ACTATCTGTGTTAAAG-1,0.13160016185497797,-0.015658715059569034,S
ACTATCTGTTAAGAAC-1,-0.010583063430725348,-0.17203876902109394,G1
ACTATCTGTTCTAACG-1,0.04426695122964247,0.06278197439424488,G2M
ACTATCTTCGGCCAAC-1,0.07079350418919572,-0.009829351700839234,S
ACTATGGAGACTTCGT-1,0.214563312020966,0.019851298795002803,S
ACTATGGAGCACACAG-1,-0.0551260341995512,0.156960876564526,G2M
ACTATGGAGCATCTTG-1,0.046116337535881846,0.25636607785377735,G2M
ACTATGGAGCTGAAAT-1,0.041737984772316494,0.01835289061915721,S
ACTATGGAGGAAAGGT-1,-0.01369659929355782,-0.21796352152936824,G1
ACTATGGAGGAATCGC-1,0.08971311934522475,0.021146468182306533,S
ACTATGGAGGGTATAT-1,0.21512349411029458,0.10153831742735964,S
ACTATGGCAACCGTAT-1,0.09958717403346584,0.009830669499180766,S
ACTATGGCAACGGGTA-1,0.04147306056340139,0.06880820273643656,G2M
ACTATGGCACGCGGTT-1,0.2615684113214982,0.09231523395544622,S
ACTATGGCACGGGCTT-1,0.06931211545341986,0.1238240187444391,G2M
ACTATGGCACGTAGAG-1,-0.03138777521576169,0.02460498469932465,G2M
ACTATGGCAGAACATA-1,-0.011659493839599855,0.1074791419691512,G2M
ACTATGGCAGAGATGC-1,0.06123881393096581,-0.023054697979221744,S
ACTATGGCATCTAGAC-1,0.11222018948787538,0.043573363725351255,S
ACTATGGGTCTGTGGC-1,0.05563803780305482,-0.048388451932492194,S
ACTATGGGTGCGCTCA-1,0.019341934408086403,0.06751996851465508,G2M
ACTATGGTCAGCCTTC-1,-0.033568866665600994,0.05669498033401116,G2M
ACTATGGTCCACGGAC-1,0.011952899637805992,0.0836226651239918,G2M
ACTATGGTCCCATTCG-1,0.037618814627326136,0.004191031782459276,S
ACTATGGTCCTATTGT-1,0.00951437787640308,-0.03523491969573839,S
ACTATGGTCGAGATGG-1,-0.06413200358216575,-0.0950066091588612,G1
ACTATGGTCGGCTGTG-1,0.005147255078030932,0.08844848826625423,G2M
ACTATGGTCTCCCAAC-1,0.005525762836245285,0.09916777660280679,G2M
ACTATGGTCTCCGAAA-1,-0.0645712600638042,-0.1333406600786834,G1
ACTATGGTCTGACGCG-1,0.09835948828713897,0.026860646352449974,S
ACTATTCAGACCATAA-1,0.0464155198252168,-0.0565140695406276,S
ACTATTCAGATCCAAA-1,0.01897566216837754,0.15005066639924972,G2M
ACTATTCAGGAACTAT-1,-0.061864201800265306,-0.07895893612791899,G1
ACTATTCAGGATATGT-1,0.011089907260566578,0.158556081403532,G2M
ACTATTCAGTCGTCTA-1,-0.04492703707300855,0.08436893910224535,G2M
ACTATTCAGTTGAAAC-1,-0.01003758643971131,-0.008895578801078718,G1
ACTATTCAGTTGGCGA-1,0.03959334157109756,0.13336268976725446,G2M
ACTATTCCAAGCTGTT-1,0.32898508329385123,-0.10166623617744491,S
ACTATTCCAAGTGGAC-1,0.02595308126578061,0.07496486011318959,G2M
ACTATTCCACAATGAA-1,0.027187828673455816,-0.0036013655549808066,S
ACTATTCCACAGACGA-1,0.02342417726033663,0.1237011379583553,G2M
ACTATTCCAGCGTACC-1,-0.019515577082284685,0.0382973954801028,G2M
ACTATTCCAGTTCACA-1,0.04492895743758252,-0.013251087543036888,S
ACTATTCCATAACTCG-1,0.02037650440038602,0.16907283733241218,G2M
ACTATTCCATAATGCC-1,-0.020389369693358916,0.03503896267832546,G2M
ACTATTCCATCACAGT-1,-0.036225207041398644,0.15975800496918668,G2M
ACTATTCGTAGTATAG-1,-0.05843352963536241,0.25563397766381735,G2M
ACTATTCGTCCATACA-1,0.10630803283437817,0.0017194379359490308,S
ACTATTCGTTCCCACT-1,-0.027528209167694606,-0.0789174079000593,G1
ACTATTCTCCACTTTA-1,0.05854824294372207,0.10506067411398612,G2M
ACTATTCTCCTACCGT-1,-0.05784358019115693,0.15811288768911047,G2M
ACTATTCTCGCAGAGA-1,0.024387553297988085,0.015504518589532834,S
ACTATTCTCTCGACCT-1,-0.07502027859824434,-0.07356022917157579,G1
ACTCCCAAGACCAACG-1,0.1268334447756303,0.026032750285237355,S
ACTCCCAAGACTTCCA-1,0.10891132893850869,-0.06197850763795831,S
ACTCCCAAGGTGCTAG-1,0.0441590191034692,0.25399010869441296,G2M
ACTCCCACAAATGAGT-1,0.0646452098668483,-0.07091283984813601,S
ACTCCCACAGACGGAT-1,0.09325478901363299,0.11610224237648967,G2M
ACTCCCACAGAGGACT-1,0.03736926803439411,0.1659535920958073,G2M
ACTCCCACATATCTGG-1,0.06245242143820312,0.07563563408824947,G2M
ACTCCCAGTCCTCAGG-1,0.03558196854781781,0.0014309548633087421,S
ACTCCCATCCACATAG-1,0.06264890047858873,0.2304668871876278,G2M
ACTCCCATCGAAGCAG-1,0.04651849612151293,0.13548076816296184,G2M
ACTCTCGAGACATCAA-1,0.05132158474986542,-0.12672920599625592,S
ACTCTCGAGATGGTCG-1,0.1041409083517022,-0.08090284327856806,S
ACTCTCGAGATGTTAG-1,-0.03399777810180893,0.05090242107481785,G2M
ACTCTCGAGCGACCCT-1,0.01852052402124743,0.14233538554003977,G2M
ACTCTCGAGCTTGTTG-1,0.12558264530449514,0.17049829946221673,G2M
ACTCTCGAGTCAACAA-1,-0.07330685127072217,0.21251863816597066,G2M
ACTCTCGCAGGGATAC-1,-0.05203754260891946,0.06225486717866874,G2M
ACTCTCGCAGGTCCCA-1,-0.003063689263016367,0.03736483051846204,G2M
ACTCTCGGTATCATGC-1,0.2603490834107526,0.07757264763335625,S
ACTCTCGGTCCCTGTT-1,0.042348611394091296,0.023856693913166305,S
ACTCTCGGTGCCCGTA-1,-0.020597877516401686,-0.10104178534161362,G1
ACTCTCGGTTAATGAG-1,-0.013416463678533386,0.1737146266222825,G2M
ACTCTCGGTTGCATTG-1,0.04016724238033237,0.06504839289593572,G2M
ACTCTCGTCCATTGTT-1,-0.03071505270011865,0.20889870296424112,G2M
ACTCTCGTCCGATAAC-1,0.1028011330151315,0.041593747638467876,S
ACTCTCGTCGCAATGT-1,-0.021371034524429122,-0.043979628583190655,G1
ACTCTCGTCTCGCTCA-1,0.02035189757877698,-0.0258426190054874,S
ACTCTCGTCTTCCACG-1,0.045787388281737784,0.03219750946781191,S
ACTCTCGTCTTCGGAA-1,-0.021887177238294364,-0.11281227632927665,G1
ACTGATGAGAGGTTTA-1,0.049613148892084624,0.01854335764802939,S
ACTGATGAGGTAAGGA-1,-0.007754585425917837,0.10606915449356685,G2M
ACTGATGCAAATAGCA-1,0.010962699018191857,-0.007275391926544472,S
ACTGATGCAGCTCTGG-1,0.006809081917925175,-0.016011196183478293,S
ACTGATGCATGATGCT-1,0.12394024740519716,0.1321778895918871,G2M
ACTGATGGTCGCTTGG-1,0.15363034897568312,0.002136111263315754,S
ACTGATGGTGGATCAG-1,-0.010925038069813153,0.034889231677783406,G2M
ACTGATGGTTCGGTCG-1,-0.007832014468058424,-0.06328474871188011,G1
ACTGATGGTTGAAGTA-1,0.03374287234906159,-0.0397539705366734,S
ACTGATGGTTTCGTGA-1,0.10422914579856812,0.052973649822637414,S
ACTGATGTCCGATTAG-1,0.1390980224990409,-0.0878868835840052,S
ACTGATGTCGGCTGAC-1,0.07916247258824716,0.06634523606324255,S
ACTGATGTCGTGACTA-1,0.019585172375511217,0.03590237954382963,G2M
ACTGCAAAGCCTCAGC-1,0.16474537564779546,0.26372586620998606,G2M
ACTGCAAAGGACTGGT-1,0.12164702185634346,-0.07153277978378636,S
ACTGCAAAGGGAGTGG-1,-0.010380780471296924,0.12528407379779077,G2M
ACTGCAACAAACTCGT-1,-0.00917901324139797,0.08373528542183517,G2M
ACTGCAACAAGTTCGT-1,0.3005889873854879,0.061773899559878886,S
ACTGCAACAGGAATCG-1,0.03314770895285157,-0.10066720217313108,S
ACTGCAACAGGCTACC-1,-0.027026381977222513,-0.011646890959476464,G1
ACTGCAACATGGGATG-1,0.13845038683456085,-0.03456718815795229,S
ACTGCAAGTAAGATTG-1,0.01601674813201648,0.12834023181750837,G2M
ACTGCAAGTACAGTCT-1,-0.0880746308269792,0.32448440928773914,G2M
ACTGCAAGTACAGTTC-1,0.14623304887744137,0.06889220015945058,S
ACTGCAAGTGTAGCAG-1,0.05151117384078324,-0.06446078344796438,S
ACTGCAATCATCTACT-1,0.017299982959086357,0.24940695725160905,G2M
ACTGCAATCGCTCTCA-1,0.01518660556784257,0.046052629559589275,G2M
ACTGTCCAGGCCTGAA-1,0.05327727598432924,-0.0039321487607864025,S
ACTGTCCAGGCTATCT-1,0.126514936318257,0.019766995354830036,S
ACTGTCCAGTAGGTTA-1,0.05284354043792672,0.07768242880627324,G2M
ACTGTCCAGTGGTCAG-1,-0.01724692464498412,-0.0822189136347338,G1
ACTGTCCCACGGGTAA-1,0.059396062182540454,-0.1297842643342765,S
ACTGTCCCACGTGTGC-1,0.05848776377756615,-0.05068905472828683,S
ACTGTCCCAGACACCC-1,0.050700299878876254,-0.020854650009943382,S
ACTGTCCCAGGACGAT-1,0.185879797154632,0.007069599581799507,S
ACTGTCCCATGACTCA-1,0.09205856103161919,0.08181013998826914,S
ACTGTCCGTCCACAGC-1,-0.015352094103886493,-0.016183949870822056,G1
ACTGTCCGTGTCATCA-1,0.008952055342232867,0.09622991413908366,G2M
ACTGTCCTCTTCGGAA-1,0.11241720103217723,0.41805716200273674,G2M
ACTGTGAAGACCGCCT-1,0.09242249179794348,0.09561219564990375,G2M
ACTGTGAAGCACTCTA-1,0.2127637125931342,0.015412071552241446,S
ACTGTGACAAGATGGC-1,-0.03763496001960104,0.09534568511507902,G2M
ACTGTGACACGGTCTG-1,0.0766485144144402,0.017968496828013547,S
ACTGTGACAGTGTATC-1,-0.007046916175704132,0.09705484504436929,G2M
ACTGTGACAGTTGGTT-1,0.03619238748936998,0.1587514266950502,G2M
ACTGTGAGTAGCGCTC-1,0.026627510553170752,0.06850965502406997,G2M
ACTGTGAGTGAGAACC-1,0.02516551922410204,-0.0559336068054162,S
ACTGTGATCCTACGAA-1,0.03281654029596387,0.015016477785992244,S
ACTGTGATCGGAGATG-1,0.09728192627151522,0.11269949552817848,G2M
ACTGTGATCTTAGCCC-1,0.11766001570148543,0.10736147633600018,S
ACTTAGGAGCACGGAT-1,-0.0033387908088072793,-0.012177596390314793,G1
ACTTAGGAGTCTCTGA-1,0.13263703998014403,0.08765629401070801,S
ACTTAGGCACAAGCCC-1,-0.05998192065894281,-0.08615425178086422,G1
ACTTAGGCACAGAAGC-1,0.051695390468526226,-0.04047925282348147,S
ACTTAGGCACCTCTAC-1,0.060652090654079005,0.21184278536088086,G2M
ACTTAGGGTATGAAAC-1,0.2876003976453634,0.08892140503067864,S
ACTTAGGGTATTAAGG-1,-0.0023571660109947823,-0.07925909872694412,G1
ACTTAGGTCACCTCAC-1,0.03960717209670689,0.20411240738787012,G2M
ACTTAGGTCCGAGATT-1,-0.020759711775628742,0.2049280211162237,G2M
ACTTAGGTCGACACCG-1,-0.049413708006530166,0.061423426762245936,G2M
ACTTAGGTCTCGGTCT-1,0.014486678215879012,-0.04216443124099184,S
ACTTAGGTCTCTCGAC-1,0.14380435415164516,-0.034184922546207086,S
ACTTAGGTCTTCTAAC-1,-0.012907797042087554,-0.10732882269827271,G1
ACTTATCAGAAGTCTA-1,0.11927409859090393,-0.024482735069775552,S
ACTTATCAGACTTAAG-1,0.09238522600861249,-0.0792321505882288,S
ACTTATCAGCATGATA-1,0.06770184689172926,0.15607152960247322,G2M
ACTTATCAGGAAACGA-1,0.011892695366685802,0.05993480515207855,G2M
ACTTATCCACATGAAA-1,-0.07249242091844577,-0.12156394716877625,G1
ACTTATCCATAGAAAC-1,0.026946370071418757,-0.0373077029564422,S
ACTTATCGTCCAGGTC-1,0.09360870953573985,0.15040536742751515,G2M
ACTTATCGTCTACATG-1,-0.07610859781708335,0.15456051655456576,G2M
ACTTATCGTGAGGCAT-1,0.23970242596528696,-0.0501176184197801,S
ACTTATCTCCCATGGG-1,0.1596295668784069,0.29186486240223003,G2M
ACTTATCTCTTAGCCC-1,0.039890619878699296,-0.07472071899471305,S
ACTTCCGAGAAACCCG-1,0.04004677791471045,0.03821897785836553,S
ACTTCCGAGACGCCAA-1,0.018185405046735104,-0.09311037494465366,S
ACTTCCGAGATACGAT-1,0.03034296882213383,-0.014613208454310078,S
ACTTCCGAGGGTACGT-1,0.08185651324766535,0.09204496741622559,G2M
ACTTCCGAGGTGATAT-1,0.07194654297895908,-0.04163995070867815,S
ACTTCCGCAAATGCTC-1,0.23223521067729547,0.1417199268651338,S
ACTTCCGCAACAAAGT-1,0.1498398494533637,-0.08895363167238157,S
ACTTCCGCAACTACGT-1,-0.022329486964108358,0.02267293293777356,G2M
ACTTCCGCAATACGCT-1,-0.06709799065342625,-0.01179565345056266,G1
ACTTCCGCATCATTGG-1,0.05691061433985051,-0.005382665035383094,S
ACTTCCGCATTACGGT-1,-0.05131497408882668,0.0956830010871052,G2M
ACTTCCGGTCGGTAAG-1,0.06627959573579151,0.09710168658073604,G2M
ACTTCCGGTTTAGAGA-1,0.2285447165318984,-0.2445338659316416,S
ACTTCCGTCAGGAAGC-1,0.04774559787499533,-0.12887795784700035,S
ACTTCCGTCGAGAGAC-1,0.055938991122647885,0.18652434802595874,G2M
ACTTCGCAGCTTAAGA-1,-0.0004915255862586454,-0.0896199527615999,G1
ACTTCGCCACTTGGGC-1,-0.06768559018646819,-0.036958930956654645,G1
ACTTCGCGTACCACGC-1,0.08363661303000897,-0.01153372999636465,S
ACTTCGCGTATCATGC-1,0.07634427093590607,0.008521101267424697,S
ACTTCGCGTCAGGAGT-1,0.0780572189318901,0.007327819401802771,S
ACTTCGCGTTCGTGCG-1,0.06385874050727458,-0.03493086006596591,S
ACTTCGCGTTGGTACT-1,-0.005974782464517214,-0.055364232118655377,G1
ACTTCGCTCCCGTGTT-1,0.1398327815361517,0.0016089374438236215,S
ACTTCGCTCCTGTAAG-1,0.15348429956305382,-0.02114830866486389,S
ACTTCGCTCGAGTGAG-1,0.10268492903249649,-0.10612097616464933,S
ACTTCGCTCTAAACGC-1,-0.036663405043705244,0.028541087194400627,G2M
ACTTCGCTCTACACTT-1,-0.027390086832794425,0.1227792840599069,G2M
ACTTTCAAGACGTCCC-1,0.2430447752585111,0.15262535040068842,S
ACTTTCAAGACTCGAG-1,0.007794422992779104,0.21184433469226127,G2M
ACTTTCACAACGGGTA-1,0.1212106787693672,0.0254041886045131,S
ACTTTCACAAGAGTGC-1,0.01668642142733967,0.19737024554914534,G2M
ACTTTCACACGTACTA-1,0.03402741794562775,-0.13335020257393376,S
ACTTTCACAGAGGTAC-1,0.02843163447819097,-0.029295647014394466,S
ACTTTCACATGACTGT-1,-0.06940102344708632,0.08127606250864966,G2M
ACTTTCAGTAATGTGA-1,0.11849907176285662,0.04741891792677094,S
ACTTTCAGTAGGTACG-1,-5.290955462283753e-05,-0.06693990435430186,G1
ACTTTCAGTCTTCGAA-1,-0.0004148169785165301,0.037049515428312085,G2M
ACTTTCAGTGACTGTT-1,-0.007491014258991346,0.024404474188534198,G2M
ACTTTCAGTGTGTGTT-1,0.1116627293726477,-0.1340360499836295,S
ACTTTCATCCATAAGC-1,0.09618512669479679,-0.08374320020003609,S
ACTTTCATCTGACGCG-1,-0.0877546485092987,-0.06688888962536155,G1
ACTTTGTAGACCTCCG-1,0.08325066828325844,0.022406068395193546,S
ACTTTGTAGGAACGTC-1,0.36372208621451463,-0.0877042133307489,S
ACTTTGTAGGGAGTGG-1,-0.004798725085389588,-0.11655590861986595,G1
ACTTTGTCAAACTAAG-1,-0.0174065711995956,-0.026435685749176707,G1
ACTTTGTCAATACCCA-1,0.22194095537911074,-0.0395677929295285,S
ACTTTGTCAGTCCCGA-1,-0.0652687288810318,0.04901702696792615,G2M
ACTTTGTGTAACCAGG-1,-0.03623993714510182,0.3168074223955191,G2M
ACTTTGTGTGTCCCTT-1,0.020171842356840664,0.3055506864427876,G2M
ACTTTGTGTTCTTGTT-1,0.02856937836536233,0.05355145867169048,G2M
ACTTTGTTCACCTCAC-1,0.02599337397998641,0.1405317725911956,G2M
ACTTTGTTCCATCTCG-1,-0.005788557070555367,-0.2648113753639022,G1
ACTTTGTTCGTAGCTA-1,0.08928183449114563,0.07211915911803451,S
ACTTTGTTCTCGTTTA-1,-0.0572046181528062,0.0649857200451569,G2M
AGAAATGAGCATCAGG-1,-0.019088128728199094,0.17374579663811934,G2M
AGAAATGAGCATTTCG-1,-0.014073726458690428,-0.051825847374676215,G1
AGAAATGAGCGTGCCT-1,0.08377029959784366,0.1171396146990003,G2M
AGAAATGAGGAGGCAG-1,-0.03160323277127053,0.18510164187027828,G2M
AGAAATGAGGTACAAT-1,0.011393930905191585,0.1409292872149987,G2M
AGAAATGCAATAAGGT-1,0.10229871234701232,0.012739988722856255,S
AGAAATGCAATTGAAG-1,0.04878534870460988,0.17923776408161846,G2M
AGAAATGCAGCAGGAT-1,0.10691291343135972,0.15513792525580405,G2M
AGAAATGCAGGTCCGT-1,0.02077069357568434,0.08065296349020101,G2M
AGAAATGCATGGCCAC-1,0.04549004436065318,0.043786235330777246,S
AGAAATGCATTGACTG-1,0.025215250836084224,0.013909533563497112,S
AGAAATGGTAGGAGTC-1,0.15063032558772016,-0.11610196023126002,S
AGAAATGGTTGCTCGG-1,0.10715910318431421,0.09690526085310724,S
AGAAATGTCAGAACCT-1,-0.045474905342885674,0.056602965767249935,G2M
AGAAATGTCAGTCAGT-1,-0.04977060819373791,0.006877752946645332,G2M
AGAAATGTCCTCTCTT-1,-0.02967194675503615,-0.006619669819652341,G1
AGAAATGTCGGCCCAA-1,0.019041719835540927,0.10519686683153168,G2M
AGAAATGTCGTGTGGC-1,0.017886883203501847,-0.18250839328022572,S
AGAAATGTCTGGTCAA-1,0.1236429807996246,0.2397295585837857,G2M
AGAACAAAGAATAACC-1,0.0707328461257028,0.0010560122279862916,S
AGAACAAAGACTTCGT-1,-0.04831690970266389,0.16817313670757372,G2M
AGAACAAAGCATGCAG-1,0.02281163298393135,0.08539669153078966,G2M
AGAACAAAGGAATGTT-1,0.03090101034344145,0.19832253399828548,G2M
AGAACAAAGGACAGCT-1,0.018657110310846936,-0.08403678916681204,S
AGAACAACAAATACGA-1,0.08312941715385913,0.10218732563128718,G2M
AGAACAACAACCAATC-1,0.0014020445025899053,0.04778205860725543,G2M
AGAACAACAACCCGCA-1,-0.03868718213281386,-0.20262828369328145,G1
AGAACAACAAGTTCGT-1,0.12544586406319586,0.042797784887646795,S
AGAACAACACTAGAGG-1,0.029270622503553945,-0.09613124991383903,S
AGAACAACACTGCATA-1,0.05636849234112529,-0.02888689013071216,S
AGAACAACATCCAATG-1,-0.04107800465781031,0.04360011104994438,G2M
AGAACAATCACCGGTG-1,0.05685511255994119,0.1860272962476985,G2M
AGAACAATCCAACACA-1,0.04660399944059146,-0.1002088275464185,S
AGAACAATCGATACTG-1,0.003013415806024544,-0.012918996932740123,S
AGAACCTAGACGCATG-1,-0.023431836012590135,-0.045429453188688074,G1
AGAACCTAGATAGCTA-1,0.0787015858706192,-0.039457900678119495,S
AGAACCTAGGTAGATT-1,-0.03322169636662797,0.18743133952040048,G2M
AGAACCTCAATTGGTC-1,0.12151118400389282,0.021063759041566543,S
AGAACCTCAGCAGACA-1,0.09196064325563846,-0.17005946009253392,S
AGAACCTCATAACTCG-1,0.034462920334193736,-0.08641627084614792,S
AGAACCTGTAGGAGGG-1,0.030235045770165447,-0.12509593637928512,S
AGAACCTGTATACGGG-1,-0.08967980469471337,0.09801064439426088,G2M
AGAACCTGTATGAGCG-1,0.11728984808209941,-0.08952156142889922,S
AGAACCTGTGGTCAAG-1,0.05490981798301531,-0.05241838412452787,S
AGAACCTTCGCGTGAC-1,0.041635821089560765,-0.032490322519785175,S
AGAACCTTCGGACTGC-1,-0.04479048880473885,0.04239508219043764,G2M
AGAACCTTCTCGGGAC-1,0.006351751549606821,-0.06798300140598978,S
AGAACCTTCTGTGTGA-1,0.12289626319203167,0.2270695693835008,G2M
AGAAGCGAGAAACTCA-1,0.23421266936943808,0.05135227296019368,S
AGAAGCGAGCACTGGA-1,0.07602229165668528,0.08051450824426037,G2M
AGAAGCGAGCCAGACA-1,0.18104648427901865,-0.03860685531652236,S
AGAAGCGAGGATTTCC-1,0.16050282049812425,0.006875477248594275,S
AGAAGCGAGGGCCCTT-1,0.041344569819691035,0.09161899945763763,G2M
AGAAGCGAGTTTCGGT-1,0.11458054346009,0.08984428218363993,S
AGAAGCGCAAGTAGTA-1,0.02585343109676791,-0.017488151884129888,S
AGAAGCGGTAACAGTA-1,0.01018627234003916,0.12837782304301837,G2M
AGAAGCGGTAGCGATG-1,0.08344305670484903,0.0015721148697579734,S
AGAAGCGGTCACTCAA-1,0.06564402437065348,-0.041885885444858995,S
AGAAGCGGTCAGGCAA-1,0.13922034130515654,0.26153735424251595,G2M
AGAAGCGGTCATTGCA-1,-0.0232608510539819,0.06312272076865671,G2M
AGAAGCGGTCCTACGG-1,0.08576235827533707,0.15386347580856652,G2M
AGAAGCGGTGACGCCT-1,0.03854397040066504,-0.06860804395107237,S
AGAAGCGGTGAGGAAA-1,0.020810964487162187,-0.17778993679170127,S
AGAAGCGTCATCAGTG-1,0.09035740983069673,0.4657148262078949,G2M
AGAAGCGTCTAAGAAG-1,0.09623068055919132,0.10765536248362012,G2M
AGAAGTAAGCAGGCTA-1,0.11623958603824025,0.1573515926849749,G2M
AGAAGTAAGCCTGAAG-1,0.13668959289567867,0.34274565489240255,G2M
AGAAGTAAGTAGCTCT-1,0.27912362797756646,0.09739837178915328,S
AGAAGTAAGTCCTACA-1,-0.032369786796432654,-0.09877679722802821,G1
AGAAGTAAGTCTAGAA-1,0.05360298135387209,0.03938352486081867,S
AGAAGTACAAGAGCTG-1,0.1640503369930154,0.19832177657343303,G2M
AGAAGTACACAGGATG-1,0.1316118392072227,-0.050499616104589334,S
AGAAGTAGTATTGGCT-1,0.04241945634085231,-0.1257413894546236,S
AGAAGTATCACTTTGT-1,0.041373890218643794,0.1547881636195949,G2M
AGAAGTATCCTAGCCT-1,-0.02134454113042139,0.03817568114926445,G2M
AGAAGTATCGCGTGCA-1,0.08032839186309143,-0.062077749986427455,S
AGAAGTATCGGCTCTT-1,0.11630824796119743,0.05057892460574931,S
AGAAGTATCGTTTACT-1,-0.05109752899499054,0.009846474998599697,G2M
AGAAGTATCTACTGAG-1,0.017959792306086297,0.15302294617054524,G2M
AGACAAAAGCACTAAA-1,0.13263604707323517,0.14007394797496403,G2M
AGACAAAAGGAGAATG-1,-0.004236183251086989,-0.04654691700546598,G1
AGACAAAAGTCTCCTC-1,-0.03683479218257857,0.040812842893182544,G2M
AGACAAACAATCTAGC-1,-0.022666641434737733,0.09776092683631671,G2M
AGACAAACACATCATG-1,-0.02274369338412119,0.2553766030458116,G2M
AGACAAACAGTGCGCT-1,0.1997880764244483,-0.008559598053285489,S
AGACAAACATCCCGTT-1,-0.0509760457548164,-0.04187145608196491,G1
AGACAAACATGAAAGT-1,-0.05085102817335929,-0.02648350779264841,G1
AGACAAAGTGGCACTC-1,-0.01045196699412998,0.06669760189868779,G2M
AGACAAAGTTTCACTT-1,0.11461534262591405,0.00958165878474046,S
AGACAAATCCCAGGAC-1,0.03804763564996139,-0.16285254457882786,S
AGACAAATCGTGCAGC-1,0.16123662386952053,0.22803468766833468,G2M
AGACAAATCTGCGGGT-1,0.1446887428064103,0.1972801743548066,G2M
AGACACTAGAGAGCGG-1,0.018370880114799426,0.09693163023633122,G2M
AGACACTAGATACATG-1,0.005185742477086197,0.057107791682888265,G2M
AGACACTAGCGGTAGT-1,0.12134259040626727,-0.03230981730245874,S
AGACACTAGTCGGCAA-1,-0.04573966239755267,-0.009948866729968253,G1
AGACACTCACGTTCGG-1,-0.00816003351353406,-0.18315977913137976,G1
AGACACTCACTGGCGT-1,-0.05408110275845035,-0.05655357255605967,G1
AGACACTCATGACACT-1,-0.09650526329449316,-0.07524890436407072,G1
AGACACTTCAGAGTGG-1,-0.08017678312435861,0.041556345907961145,G2M
AGACACTTCATTCATC-1,0.048098088573378384,0.0346984156067639,S
AGACACTTCCCGTGAG-1,-0.011443003508163574,-0.053004796136177756,G1
AGACACTTCTTACCAT-1,0.056438742044669865,-0.09103380286336188,S
AGACACTTCTTACCGC-1,0.13555921227278145,-0.0058907116721277075,S
AGACAGGAGCTTTCCC-1,0.0612072776193483,-0.06789177745038039,S
AGACAGGAGGTGCCTC-1,0.09513324734838885,-0.0071895324622153756,S
AGACAGGCAACCGATT-1,-0.0308747846179534,0.024454328368526734,G2M
AGACAGGCACCTTCCA-1,0.07594796381650992,-0.06070504293864004,S
AGACAGGCAGAGTGAC-1,-0.05410667339613434,-0.03525732328533909,G1
AGACAGGCATGACTGT-1,0.04437948118572027,-0.01343520329711867,S
AGACAGGGTAGGACTG-1,0.01908903138577439,-0.022973453754526085,S
AGACAGGGTTTGTGGT-1,0.008538825569467334,-0.08720335552190533,S
AGACAGGTCAGGCGAA-1,0.10637241136300729,0.024369769615912806,S
AGACAGGTCATACGGT-1,0.051951679319000243,0.12365635810541903,G2M
AGACAGGTCATTGTTC-1,-0.0173846058339151,0.0868280304730823,G2M
AGACAGGTCCGATAGT-1,0.1483107219817007,0.2164817435756614,G2M
AGACAGGTCCGGTAAT-1,-0.015753068403107306,0.1487526823757946,G2M
AGACAGGTCGAAGTGG-1,0.11613928207480562,-0.022698014979413206,S
AGACAGGTCGCAGTGC-1,0.052668411606025756,-0.11143838737425865,S
AGACAGGTCTGCGGCA-1,0.08688973057342675,0.22827819312730285,G2M
AGACCATAGGATACAT-1,0.09803808992128132,0.029983559985938213,S
AGACCATAGGTCATTC-1,0.10460283425057881,0.17006151570003408,G2M
AGACCATCAGACCAAG-1,0.12579714329361313,-0.11727234313390933,S
AGACCATCATGGGCAA-1,0.11153658026656099,-0.11419467346807269,S
AGACCATCATGTTCGA-1,0.015817233092550842,0.1481170199681584,G2M
AGACCATCATTGCTTT-1,0.06386545299649676,0.02029389824026334,S
AGACCATGTAGCGATG-1,0.13423231237094224,-0.18572816573950118,S
AGACCATGTGTACATC-1,0.07094817450723367,0.08212588594515047,G2M
AGACCATGTTATGTGC-1,0.037726838070386515,-0.014781718613247785,S
AGACCATTCACGATAC-1,0.03665038433957324,-0.029978854285880763,S
AGACCATTCCCAAGCG-1,0.022860765041423314,0.20258264827533967,G2M
AGACCATTCGATCCCT-1,0.0035523964463477498,0.03264327749529472,G2M
AGACCATTCTCCGCAT-1,0.1938830628537866,0.0683169411346839,S
AGACCCGAGACAGTCG-1,0.0942193833762287,0.059219767531418444,S
AGACCCGAGAGCCCAA-1,0.13084307501776093,0.0009427975992972737,S
AGACCCGAGCATGTTC-1,0.06295952156301265,0.17779786563398442,G2M
AGACCCGAGTCTAACC-1,-0.054531541103783165,0.23810818702621517,G2M
AGACCCGCACCGGCTA-1,0.026865410917149557,0.07301016394547111,G2M
AGACCCGCAGAGGCTA-1,0.13106595835249374,0.18665096560169442,G2M
AGACCCGCAGCGAACA-1,-0.016360313261635395,0.01582566515401096,G2M
AGACCCGCATTAGGCT-1,-0.014131558831150304,-0.08184442303937178,G1
AGACCCGGTCCTGGGT-1,0.26452739532367564,0.3152933125353882,G2M
AGACCCGTCAAGAAAC-1,-0.016465651130064485,0.07105188119003195,G2M
AGACCCGTCGGTCGGT-1,-0.02420910967129497,0.21625186059912976,G2M
AGACCCGTCTGCGGCA-1,0.03247341881695903,0.04770783929913347,G2M
AGACTCAAGACTCTAC-1,0.08664430974643716,0.10308638566185152,G2M
AGACTCACAAGGTCTT-1,-0.014933702381291603,-0.032776662207780194,G1
AGACTCACACCTCGTT-1,-0.019516740222922935,-0.11621100920831429,G1
AGACTCACAGTGTGCC-1,0.037527181333718795,0.18045006672410221,G2M
AGACTCACATCACAGT-1,0.03255195051872406,0.05587389240836704,G2M
AGACTCAGTTCTCAGA-1,0.05462626689468841,-0.008960333367352608,S
AGACTCATCAGCTTGA-1,0.07111230967281079,-0.09290454660696132,S
AGACTCATCCCAACTC-1,0.007472332359512557,-0.04926773811010443,S
AGACTCATCTCTCAAT-1,0.12556517277893475,0.03702639056101781,S
AGAGAATAGTCTTGGT-1,0.03396963960780075,-0.06517226399697146,S
AGAGAATCACTACAGT-1,0.07286049506534581,-0.011416847263793994,S
AGAGAATCACTAGGCC-1,-0.005560651471267719,0.08617219613111249,G2M
AGAGAATCAGTGACCC-1,0.06548980189132436,0.13395376049073948,G2M
AGAGAATCATATAGCC-1,0.09924843868028721,0.11059436870266653,G2M
AGAGAATGTAAGATCA-1,-0.03710506187841184,-0.024008346974111416,G1
AGAGAATGTAGCACAG-1,0.10528637079613312,0.17746758836503357,G2M
AGAGAATGTCCTGGTG-1,0.008145879642382392,0.057902652346560834,G2M
AGAGAATGTGCCGTAC-1,0.10628553931711515,-0.09999158454046977,S
AGAGAATGTGTGGACA-1,0.013056407433532535,0.05178682226046122,G2M
AGAGAATGTTCAGCGC-1,-0.002878415449323657,0.047299762302797255,G2M
AGAGAGCAGAAGTCTA-1,-0.03757089235434996,0.038413649245940984,G2M
AGAGAGCAGATCCCGC-1,-0.0014032461162152843,0.16106876503938938,G2M
AGAGAGCAGGCCTGCT-1,0.09982152486405371,-0.04849161666406743,S
AGAGAGCCAACCCTAA-1,-0.05094455715463003,-0.15720810687718145,G1
AGAGAGCCAACTGCCG-1,-0.13084930302244624,0.21017906703660905,G2M
AGAGAGCCACAAGCTT-1,0.04297805935426069,0.10651186854876105,G2M
AGAGAGCCACGAAGAC-1,0.04384175003469254,0.0053461096480386106,S
AGAGAGCCACGCCACA-1,0.03027453658742607,-0.031632420871811506,S
AGAGAGCCAGCCGGTT-1,0.09833148656316287,0.10673016595993123,G2M
AGAGAGCGTACAGCGA-1,0.2172191099563877,0.0697793963038672,S
AGAGCAGAGAGTGACC-1,-0.0021425308412472144,-0.029527672635356605,G1
AGAGCAGAGCGTACAG-1,0.05999006330036688,0.1252045533176011,G2M
AGAGCAGAGGGAGGCA-1,0.09241704908153398,0.019669729796400026,S
AGAGCAGAGTGAGGTC-1,0.025909075887791455,0.32664401370608276,G2M
AGAGCAGCAACGGTAG-1,0.06705282509110089,0.00307018674132023,S
AGAGCAGCACATACGT-1,0.05453460087645917,0.055584603149220646,G2M
AGAGCAGCACCGTCTT-1,0.01979766492425028,-0.09850239046663745,S
AGAGCAGCATAGATGA-1,-0.055246936115764755,0.11677501739904633,G2M
AGAGCAGGTAATTGGA-1,-0.04271577245423913,0.002393299994865483,G2M
AGAGCAGGTACATTGC-1,0.05891729225971831,-0.08444583771056924,S
AGAGCAGGTATGTCTG-1,0.41036663433580234,-0.08741468334756242,S
AGAGCAGGTCTGTAAC-1,0.005503448257378918,0.034484364561490066,G2M
AGAGCAGGTGAGTAGC-1,-0.0005583367819801399,-0.0008697255625190747,G1
AGAGCCCAGAGCTGCA-1,-0.04002887134651778,0.13966235532816446,G2M
AGAGCCCAGATGTTAG-1,0.012834611935854001,-0.047413520280033594,S
AGAGCCCCAGTAGTTC-1,-0.038860191788824494,0.05092974900543945,G2M
AGAGCCCTCCTCTAGC-1,0.06766798208160851,-0.219800002731985,S
AGAGCCCTCTGGAAGG-1,0.004560453664437025,-0.1951952900616203,S
AGATAGAAGAGTGAAG-1,0.0025237396330893835,-0.11966056567122652,S
AGATAGAAGGTGCAGT-1,0.009431418455283724,0.08089059549849015,G2M
AGATAGAAGTCTGGAG-1,0.08086219035218772,-0.026526540368414675,S
AGATAGAAGTTTCGAC-1,0.002501208997811033,0.049608212548083175,G2M
AGATAGACACTACGGC-1,0.011402324914413842,0.12892470938557737,G2M
AGATAGAGTAGTAAGT-1,0.051097577445497255,0.13121707050578493,G2M
AGATAGAGTGACATCT-1,0.15249834517869276,0.0019557404875126805,S
AGATAGAGTTATGACC-1,-0.08320468078682924,0.08366555721314667,G2M
AGATAGATCATCTGTT-1,-0.03070106085074603,0.019913738046309748,G2M
AGATAGATCCTACAAG-1,0.07636816101849431,-0.008288722286395267,S
AGATAGATCTTGAGCA-1,0.07218473129497471,-0.0017163726445416083,S
AGATCCAAGAATTGCA-1,-0.006648394416495562,-0.013105722067562053,G1
AGATCCAAGATGGGCT-1,-0.05030428492014133,-0.07517141338338643,G1
AGATCCAAGGTGAGAA-1,-0.11307162834908036,-0.12490211074886837,G1
AGATCCAAGTTAGTAG-1,0.0419669234349499,-0.010288853242987062,S
AGATCCACAAACGAGC-1,0.023503305478170256,0.18599459472732247,G2M
AGATCCACAGACGATG-1,0.05674299862126486,0.12261952558459294,G2M
AGATCCAGTACCCGCA-1,0.05553017445196523,0.07724338125116187,G2M
AGATCCAGTACTCGCG-1,0.2829245604542442,-0.09376595508450464,S
AGATCCAGTATGAAAC-1,0.06530658966722064,0.141829075154348,G2M
AGATCCAGTGCACATT-1,0.08229630950079603,0.43053150803100354,G2M
AGATCCATCAACCTTT-1,0.08419710425820603,-0.0031144206395359864,S
AGATCCATCCCAGCGA-1,0.02376131682627608,-0.06247689875789658,S
AGATCCATCCGCCTAT-1,0.037833676200542954,0.18056145607548063,G2M
AGATCCATCGGTAGGA-1,-0.09427651633688283,-0.11115619677559097,G1
AGATCCATCGGTATGT-1,0.0019022531176610125,0.13114573337842014,G2M
AGATCCATCGTAACCA-1,0.020944384454030796,-0.014185588397845894,S
AGATCCATCGTGGCTG-1,0.0540996391627,0.17911158579255804,G2M
AGATCGTAGACGAAGA-1,0.0672560189200549,-0.04336863391277018,S
AGATCGTAGACGGTTG-1,0.11685219412149916,0.06252219500322242,S
AGATCGTAGCTAGCCC-1,0.011861358687579593,-0.07129549589237602,S
AGATCGTAGCTGAGTG-1,0.14219265523245395,-0.07750201068756163,S
AGATCGTAGGGAGTTC-1,-0.07173764603265209,-0.05592508431081766,G1
AGATCGTAGGGTGAAA-1,0.0321216223157933,-0.010684184140435204,S
AGATCGTAGGTCTTTG-1,0.036292098303635445,-0.078537314880604,S
AGATCGTAGTCTTCCC-1,-0.08118233384992235,0.08590748681661547,G2M
AGATCGTGTACGGGAT-1,-0.0049591654892350845,0.08109475634800561,G2M
AGATCGTGTGGTCAAG-1,0.08350737828360288,0.06330905866316044,S
AGATCGTTCCCATGGG-1,0.020668857837163157,0.29266305569824264,G2M
AGATCGTTCCTTCAGC-1,-0.01624494624097328,-0.08913192815025928,G1
AGATCGTTCGAGAATA-1,0.006628701584876939,-0.2113593090922561,S
AGATCGTTCTATTGTC-1,-0.014500956374898344,0.2519766639558222,G2M
AGATGAAAGAATTGTG-1,0.04671620642066454,-0.07424904844368502,S
AGATGAAAGAGAGGGC-1,-0.046967020158585226,0.24872881570218136,G2M
AGATGAAAGTTACTCG-1,-0.03141422771425689,-0.08580451343058076,G1
AGATGAACAAGGGCAT-1,0.051613379979321916,0.1894988208071372,G2M
AGATGAACACAAAGCG-1,0.07570679308438999,-0.08622793569774856,S
AGATGAACACTTGGGC-1,0.05226644045815998,0.17304024530264384,G2M
AGATGAACAGACAAGC-1,0.11265640705519153,-0.08515195700673606,S
AGATGAACATCGGCCA-1,0.41577459514388726,0.02360556303832173,S
AGATGAAGTAACGATA-1,0.039183870736455295,0.020117026213351097,S
AGATGAAGTTGCATTG-1,0.17712725488099662,-0.028674581705423197,S
AGATGAATCATTTCCA-1,-0.10897883468045538,0.0071315325569865085,G2M
AGATGAATCCGAGAAG-1,0.06014597415667455,0.02439814559824499,S
AGATGAATCGATTTCT-1,0.07154635846405688,-0.11043478737002041,S
AGATGAATCTGAATCG-1,0.17327604490294157,-0.05219174473865745,S
AGATGCTAGAAGCCAC-1,-0.0030173552428149897,0.006581753824873693,G2M
AGATGCTAGAAGGGAT-1,0.03820256542456846,0.202621429797182,G2M
AGATGCTAGAGGGTAA-1,0.042152242845496624,0.013230597239208997,S
AGATGCTAGTCAGGGT-1,0.053079379232846446,0.06108583080395008,G2M
AGATGCTAGTGGTCAG-1,0.04984307787486264,0.2648410731116649,G2M
AGATGCTCAACGCCCA-1,-0.06516511463937785,0.032757430469684046,G2M
AGATGCTCAACGGGTA-1,0.14732498353057233,0.155250129367844,G2M
AGATGCTCAAGGGTCA-1,0.05322832697120916,0.24675630447507613,G2M
AGATGCTGTAGTCTGT-1,0.023224402641122466,0.326567972112352,G2M
AGATGCTGTCAAACGG-1,-0.03718991419513151,0.15654366741412973,G2M
AGATGCTGTCGAATTC-1,-0.03374612670389954,0.0942702573598162,G2M
AGATGCTGTCTCAAGT-1,-0.04049845414995912,0.24475935548625855,G2M
AGATGCTGTTGTGCCG-1,0.01996996408232221,0.053708778293262094,G2M
AGATGCTTCTTACCGC-1,0.018347313213514682,0.15300621003599724,G2M
AGCATCAAGAATCCCT-1,-0.006726748206357658,0.09747227474795073,G2M
AGCATCAAGCGAATGC-1,0.02019334781224552,0.08902605805675079,G2M
AGCATCAAGCGACTTT-1,0.019823404009564505,0.07155327941740564,G2M
AGCATCAAGTCTTCCC-1,0.09964996166096629,0.05273924166594657,S
AGCATCACAACGTAAA-1,0.07369687288125115,0.16063702692093731,G2M
AGCATCACAAGTGCAG-1,0.013157295430871407,0.29376578171384826,G2M
AGCATCACACAGTCCG-1,0.0560062096721633,0.015133739786150235,S
AGCATCACATGCAGGA-1,0.026764190951720557,0.2743065610346312,G2M
AGCATCACATGGGATG-1,-0.02472644554047687,-0.025232585087687942,G1
AGCATCAGTAAGAACT-1,0.045513755381665466,0.11774583435132613,G2M
AGCATCAGTACGTGTT-1,0.030571368041752978,-0.05731431446548557,S
AGCATCAGTCATGACT-1,-0.004047044092925223,-0.10613345800683344,G1
AGCATCAGTCTACAGT-1,0.055772809128462275,-0.15351885012230046,S
AGCATCAGTCTGTGTA-1,0.015314260006536018,-0.03575773122860326,S
AGCATCAGTGGGCTCT-1,0.0045127497472191025,-0.10879830175081304,S
AGCATCATCGTTAGTG-1,0.06424083906393008,0.11785432070340451,G2M
AGCCAATAGCAATAAC-1,-0.005751123141542358,-0.017973012724644744,G1
AGCCAATAGCGCAATG-1,0.024149710458720997,0.08196610486244099,G2M
AGCCAATAGCTGTGCC-1,0.01693333025972077,0.11888829540887913,G2M
AGCCAATAGGACTATA-1,-0.07082320459614794,0.12277139901366946,G2M
AGCCAATAGGTGCTTT-1,0.03827915245438668,0.030300549195356463,S
AGCCAATAGTATGAAC-1,-0.025170514594519744,0.09836361146922373,G2M
AGCCAATAGTTCGCAT-1,0.05242603470264817,0.2960495374353933,G2M
AGCCAATAGTTGCGCC-1,0.06804372348013071,0.346747588272418,G2M
AGCCAATCACCTTCCA-1,0.03897747527338408,0.24537634609749565,G2M
AGCCAATCAGAACCGA-1,0.35069887037541847,-0.01805017167270223,S
AGCCAATGTATCCCTC-1,-0.02486140680829435,-0.17923559713346685,G1
AGCCAATGTCAAGCGA-1,-0.0607383727124029,-0.0413422746918326,G1
AGCCAATGTCGTCGGT-1,0.05907743329691628,0.007929231728739772,S
AGCCAATGTGCCCAGT-1,0.027572535140222898,0.07753392616144411,G2M
AGCCAATGTGTTCGAT-1,0.07179004213508333,0.31871234201327836,G2M
AGCCAATGTTTCCCAC-1,0.00952901239300502,0.05649251189323934,G2M
AGCCAATTCACAAGAA-1,-0.047832064496901916,0.20348072943344014,G2M
AGCCAATTCACGGAGA-1,0.025163675148546227,-0.036171848686595565,S
AGCCAATTCCGATGTA-1,0.0023589206584121447,0.2278365499162685,G2M
AGCCAATTCCGTGGGT-1,0.025400929478396117,0.18398572374549094,G2M
AGCCAATTCGAGAAGC-1,0.0663072521883179,0.3340110475937348,G2M
AGCCACGAGATGCCGA-1,0.11114240640654999,0.04713959035580101,S
AGCCACGAGTTGCTGT-1,0.03269930579568758,-0.08619016287286022,S
AGCCACGCACCCAATA-1,0.13278698805723055,0.04970717455559631,S
AGCCACGCATGGACAG-1,0.028863567788924294,-0.0416790718657708,S
AGCCACGGTAGAATAC-1,-0.018321017275851725,-0.11597853514051798,G1
AGCCACGGTATGTCTG-1,-0.04456808500684295,0.11081665991225548,G2M
AGCCACGGTCGACGCT-1,0.2813248743454668,-0.041444929816321086,S
AGCCACGGTCTTCGAA-1,-0.061701315898154974,0.12820159531145459,G2M
AGCCACGGTGATCATC-1,0.15321296001433754,0.053594114817359706,S
AGCCACGGTTGCACGC-1,0.060998976942751415,0.09908339911030595,G2M
AGCCACGTCAGCTCTC-1,0.16248407072983256,0.037332718116585284,S
AGCCACGTCCGACAGC-1,0.04469506134374157,0.14231834314159475,G2M
AGCCACGTCCGGTTCT-1,0.11775395913988701,0.02947287190789752,S
AGCCACGTCCGTTGGG-1,-0.08059098034698714,-0.054717400023038265,G1
AGCCACGTCCTACACC-1,-0.017748065439591842,0.04222832137510313,G2M
AGCCACGTCCTGTTAT-1,0.0596408855901468,-0.017683474506568042,S
AGCCACGTCGTTCTAT-1,0.08530443369029622,-0.09471745335428502,S
AGCCACGTCTACACAG-1,0.02545206500539904,-0.02500621606529399,S
AGCCAGCAGAGATGCC-1,-0.07845601550401493,-0.02752046806222197,G1
AGCCAGCAGATCCCAT-1,0.07192115376378672,0.05564790552189308,S
AGCCAGCAGCTTCTAG-1,-0.03943481385365266,-0.1711250254717802,G1
AGCCAGCAGGGAGAAT-1,-0.014710568869493512,-0.0045630960614679306,G1
AGCCAGCAGTAGACCG-1,0.10641437024086609,-0.013595199473928732,S
AGCCAGCAGTTCCGTA-1,0.12585248806103305,0.025046700513099596,S
AGCCAGCCACAATGAA-1,0.12479272232710975,0.25654235940512976,G2M
AGCCAGCCAGAACCGA-1,-0.03528088847677219,0.14603411044484144,G2M
AGCCAGCGTCTTCAAG-1,0.008487109252280634,0.12407778962641347,G2M
AGCCAGCGTTCAAAGA-1,0.030108645255220834,0.0799368098105902,G2M
AGCCAGCTCACCCATC-1,0.07122158129125478,-0.1443267534013623,S
AGCCAGCTCACCTTAT-1,0.006760602915779512,0.12675471885836348,G2M
AGCCAGCTCAGTAGGG-1,-0.04020889823722562,0.010716719636787275,G2M
AGCCAGCTCCGTGTGG-1,0.022894522110756266,0.08619200869113308,G2M
AGCGATTAGCCGCACT-1,-0.03913544761663129,-0.10305343993225718,G1
AGCGATTAGCGAGTCA-1,0.039558315591206705,-0.01631769852227888,S
AGCGATTAGGAACGAA-1,-0.004661293745046091,0.07758245063797281,G2M
AGCGATTCAAGTACCT-1,-0.024708114044916685,-0.07870427294777682,G1
AGCGATTCAGCTCATA-1,0.11461442181992876,0.01869616334687607,S
AGCGATTCATGTGGCC-1,0.11001000621871948,0.19284738861594242,G2M
AGCGATTGTACTGACT-1,-0.03687710869087235,0.12036356098311618,G2M
AGCGATTGTCGCATTA-1,-0.06936226858481026,0.0976782312353402,G2M
AGCGATTGTGAATAAC-1,-0.0201189915381923,0.09409620043168976,G2M
AGCGATTGTGATCGTT-1,-0.03424553186175483,0.02235666278540438,G2M
AGCGATTGTGGCTAGA-1,0.032895324268841564,-0.015408110570014732,S
AGCGATTTCACTACGA-1,0.044711061014958864,0.10361425677916003,G2M
AGCGATTTCCTCTAGC-1,-0.05184583532754522,-0.07480824816786363,G1
AGCGATTTCGCCAGAC-1,0.030461625467960274,-0.03996086250143066,S
AGCGATTTCTACGGTA-1,-0.014487850225423649,0.18492366189593656,G2M
AGCGATTTCTGGTGGC-1,-0.026517520717554866,-0.04486818582851787,G1
AGCGCCAAGTCAGGGT-1,0.08026496321075183,-0.1527882730940413,S
AGCGCCACAGGTCCCA-1,-0.0782692123993507,0.2090784116486969,G2M
AGCGCCACATTACTCT-1,-0.0055463292961949184,0.015887314164273414,G2M
AGCGCCACATTCAGGT-1,0.13925529637485679,-0.034828532579078475,S
AGCGCCAGTACGAGTG-1,0.1261103411648571,0.027219735143070634,S
AGCGCCAGTGTGTCCG-1,0.08163725117770931,0.05517622257226623,S
AGCGCCAGTTGTACGT-1,0.04915024232210502,0.11067682598530137,G2M
AGCGCCATCATGACAC-1,-0.005443821655901515,0.09801525843104525,G2M
AGCGCCATCCACAGCG-1,0.006831651765266011,-0.016719989474973773,S
AGCGCCATCGAATCCA-1,0.2631276525486309,-0.0401448264652034,S
AGCGCCATCTCGAGTA-1,-0.012754040939944977,0.030984641455388817,G2M
AGCGCTGAGAGCATTA-1,-0.02941634376664992,0.051222810677077846,G2M
AGCGCTGAGAGTCTTC-1,0.08200215608663608,0.12823201259046652,G2M
AGCGCTGAGATCGCTT-1,0.07816584197050064,0.1204148807576833,G2M
AGCGCTGAGTACAGAT-1,-0.04175351693720397,0.01511198277422715,G2M
AGCGCTGCAAAGCACG-1,0.005157277722293352,0.055995361203768856,G2M
AGCGCTGCACAATGTC-1,0.05946827396736659,-0.08085033965370622,S
AGCGCTGCAGGAATAT-1,0.19898853860825172,-0.019666453543758344,S
AGCGCTGCAGTTGAAA-1,0.08401121456877181,0.010784293851084148,S
AGCGCTGCATGGCCAC-1,0.2204758581262054,0.06528435618235656,S
AGCGCTGGTATCGGTT-1,0.18956647923058767,0.25528443469941386,G2M
AGCGCTGGTCTTGCTC-1,0.1116695699272347,0.009971480478903755,S
AGCGCTGGTTGCTCCT-1,-0.012213774492976004,-0.09560192174526894,G1
AGCGCTGGTTGTTTGG-1,-0.016013748840354336,0.12946634516825956,G2M
AGCGCTGTCAAGAGTA-1,0.02257202679257969,0.3484049996576852,G2M
AGCGCTGTCCGCACGA-1,0.02000604316271759,-0.07213572130209106,S
AGCGCTGTCGTAGTCA-1,0.050551423256002925,-0.07784344145229333,S
AGCGCTGTCGTCTCAC-1,0.015577064423664466,-0.10005882645998043,S
AGCGCTGTCTGGCCGA-1,0.2916027085762056,-0.01049583952345412,S
AGCGTATAGATCGGTG-1,-0.05037930125022855,0.13750322002098642,G2M
AGCGTATAGCTACTAC-1,-0.013008880586492522,-0.09319048685651407,G1
AGCGTATCAGCCGGTT-1,0.011567654138622152,0.010746936039992327,S
AGCGTATCATGCAGCC-1,0.06719020498357586,0.17187621321215063,G2M
AGCGTATGTAGTCACT-1,-0.02336162338600095,0.2166771620250813,G2M
AGCGTATGTCCTGGTG-1,0.018576649006063872,0.13372364706064904,G2M
AGCGTATGTCTCACAA-1,-0.02009722286925092,0.22523864460370813,G2M
AGCGTATGTGCGGTAA-1,0.07150998096138816,-0.035150727442005536,S
AGCTACAAGAAACCAT-1,0.02278835428104181,0.0067365727230777606,S
AGCTACAAGGCCCACT-1,0.03837673883711368,0.08198807474782005,G2M
AGCTACAAGTTAGAAC-1,-0.02716774261259791,0.03084493247053416,G2M
AGCTACACAAGGACAC-1,0.040072406672472694,0.10229994537396941,G2M
AGCTACACAATCACGT-1,0.032784846109602084,0.05463341324061277,G2M
AGCTACAGTATAGCTC-1,0.048824346271076624,0.12603068731876776,G2M
AGCTACAGTATTCCGA-1,0.10573415423846899,0.06415003903034505,S
AGCTACAGTCGTGGTC-1,0.00838069329848834,-0.10522462374750513,S
AGCTACAGTGTTGAGG-1,0.05861837558591543,0.21728812346293896,G2M
AGCTACAGTTCTCTAT-1,0.03946419391242417,0.034112456190235674,S
AGCTACATCCAACTGA-1,0.04822206906763399,-0.031475260704856955,S
AGCTACATCCCAAGCG-1,0.0721744614710087,0.03486513022035442,S
AGCTACATCGAGAAGC-1,0.025401184336273253,0.11701515910580806,G2M
AGCTACATCTCTCTAA-1,0.12795021433728948,0.003879122976027549,S
AGCTACATCTGTAAGC-1,-0.024719335182263436,-0.11325347541139685,G1
AGCTCAAAGCCAGAGT-1,0.22862286485876432,-0.03615164769882878,S
AGCTCAAAGTGATTCC-1,0.09141066664964537,-0.020092701025981652,S
AGCTCAACACAACGTT-1,-0.04287320461539673,-0.06427018079014085,G1
AGCTCAAGTACATTGC-1,-0.03956652437989028,-0.05095498653846248,G1
AGCTCAAGTAGCACGA-1,0.009222653885615273,-0.017246694784724848,S
AGCTCAAGTATTTCGG-1,0.3041991107628538,0.08779366684663159,S
AGCTCAATCCATCTCG-1,0.17713605956985257,0.17859790817176363,G2M
AGCTCAATCGGAGTAG-1,-0.02342413546150962,0.16094851007298389,G2M
AGCTCAATCTCCCATG-1,0.1035338570077825,0.3307431870762733,G2M
AGCTTCCAGTCCTACA-1,0.03326145074643294,-0.07013394629745945,S
AGCTTCCCAACCTAAC-1,-0.034147997912330474,0.18210328543989246,G2M
AGCTTCCCACGACTAT-1,0.04858892907768453,0.03311106608203196,S
AGCTTCCCAGACCGCT-1,0.073646725662465,0.10721579005449056,G2M
AGCTTCCCAGGCTCTG-1,0.058005508620923796,0.16865683140126597,G2M
AGCTTCCCATCGCTGG-1,-0.03458793777194169,0.1484588138391197,G2M
AGCTTCCCATCTGTTT-1,-0.019046239610857996,0.1755015825161993,G2M
AGCTTCCGTACTGAGG-1,0.022703297856297877,-0.09339076068360397,S
AGCTTCCGTGGTTTGT-1,-0.02534804989739181,0.055759354306356035,G2M
AGCTTCCTCCACGTGG-1,0.006550999700688287,-0.02137204409532345,S
AGCTTCCTCCCGAGGT-1,0.005778995855779567,0.10042515172983357,G2M
AGCTTCCTCTGAGGTT-1,0.05124144309524714,-0.021336162087602806,S
AGCTTCCTCTGTCCCA-1,-0.0733244358483443,-0.10126729531382367,G1
AGGAAATAGAATTCAG-1,-0.02603537584740495,0.29857597703909966,G2M
AGGAAATAGCCAAGCA-1,0.11394941907132983,0.19879031709509587,G2M
AGGAAATAGTGCAGCA-1,0.20613873796083415,0.11976544221134322,S
AGGAAATCAAATCAGA-1,0.12612934320721764,-0.1493990452831403,S
AGGAAATCAAGCTCTA-1,0.10385883163692922,-0.10013253853587162,S
AGGAAATCAAGGATGC-1,0.14179123366936092,0.01529808312144637,S
AGGAAATCAGGCAATG-1,-0.017684785095074262,0.07612375535931348,G2M
AGGAAATCAGTCCCGA-1,0.16506435543005532,0.06795431382404504,S
AGGAAATGTAGCTCGC-1,0.03037845081162399,-0.03408790537612505,S
AGGAAATGTCCCTGAG-1,0.03702299772411255,0.18024601937419815,G2M
AGGAAATGTGACTGAG-1,-0.028725376720000195,0.09363965974896993,G2M
AGGAAATTCCTACTGC-1,-0.00020894535575399775,0.04636329122735605,G2M
AGGAAATTCTAGTGTG-1,-0.048657407340373604,-0.15340268792720857,G1
AGGAAATTCTCCATAT-1,0.067845614121255,-0.10541242840859033,S
AGGAAATTCTTTCCAA-1,-0.06281792286319848,0.020372544002388027,G2M
AGGAATAAGTAGCCAG-1,0.11166456540049235,0.16755903546334644,G2M
AGGAATAAGTCGGGAT-1,0.030278320530937874,0.18082692759538438,G2M
AGGAATACAATACAGA-1,-0.03343706732712104,-0.1862279345997632,G1
AGGAATACACTGCTTC-1,0.1430178787562879,0.11182955792494514,S
AGGAATACACTTGGGC-1,0.1351397641649021,0.22637327730314477,G2M
AGGAATACAGGAGACT-1,0.07410527710673076,0.188154861082802,G2M
AGGAATACATGTGGTT-1,0.17353548853835632,0.14301603086622128,S
AGGACGAAGCGTGCTC-1,0.13573938644481764,-0.12589001002493214,S
AGGACGAAGTCGAGGT-1,0.027022437900680152,0.021928416260432793,S
AGGACGACACATCCCT-1,0.058742367494781955,-0.013312040180751467,S
AGGACGACACGCTGAC-1,0.24169352368035824,0.17078643762557594,S
AGGACGACAGGTGAGT-1,-0.015286798998426387,0.04188781350408666,G2M
AGGACGAGTCAGTCCG-1,0.035786263311886723,0.20826818196563257,G2M
AGGACGAGTTCGAACT-1,0.10026567242434137,-0.10721500832591696,S
AGGACGAGTTGCGAAG-1,0.07885257091172793,-0.12643351588334487,S
AGGACGATCATCTGTT-1,0.060911655497880024,-0.07044884578780952,S
AGGACGATCTCCGTGT-1,0.15217564267301043,-0.02799895155079396,S
AGGACTTAGCGCATCC-1,0.008765269154186184,0.1636341297049359,G2M
AGGACTTCAAGTAGTA-1,0.14719128702627793,-0.16493130192858893,S
AGGACTTCAATCGCCG-1,-0.07995203274113905,-0.1351415547426766,G1
AGGACTTCACTTGAGT-1,0.03803795963212048,0.027319372380744805,S
AGGACTTCAGAAGTTA-1,-0.04818125945221757,0.1679396155133353,G2M
AGGACTTCATTGACTG-1,-0.10170497109635263,0.04504189497903066,G2M
AGGACTTGTACCTATG-1,0.040246178684887834,0.008213162757590042,S
AGGACTTGTGACATCT-1,0.036624156807456065,-0.02229260986570919,S
AGGACTTGTTGAGTCT-1,0.02173550559602233,-0.09081761491032275,S
AGGACTTTCATGCCAA-1,-0.03622024431348325,-0.03842807109873847,G1
AGGACTTTCGTGCTCT-1,0.22793441042254325,0.011081508621546943,S
AGGAGGTAGGGCAACT-1,0.02040900458966821,-0.030578354452788337,S
AGGAGGTAGGGTCTTT-1,0.02292827532047259,0.08034001622400949,G2M
AGGAGGTCACTGGCGT-1,0.08077986275852322,0.04627198254798787,S
AGGAGGTCATGATGCT-1,0.028980615795809628,0.06412628269809317,G2M
AGGAGGTCATGTTTGG-1,0.021539943502005388,0.21612539677218834,G2M
AGGAGGTGTAACGTTC-1,-0.04436436261570892,0.10965709801012602,G2M
AGGAGGTTCAGTAGGG-1,0.03790469507641103,-0.09600099467555756,S
AGGATAACAAGTGGGT-1,-0.014169105592360176,0.12993104267943856,G2M
AGGATAACAGATTCGT-1,0.02453763317687674,0.1404843890324997,G2M
AGGATAACAGGACTTT-1,-0.01757141620615532,0.10782551422321468,G2M
AGGATAACAGTCGCTG-1,0.014637866174279313,-0.011137581284868692,S
AGGATAACATCGTCCT-1,-0.043852813748952335,0.020270588010831925,G2M
AGGATAACATGCAGCC-1,-0.02965218013904425,-0.23731364166322932,G1
AGGATAAGTCGCTTGG-1,-0.04713868658588771,-0.011905413681567667,G1
AGGATCTAGAGAGGTA-1,0.12319899292071024,-0.08073295377550771,S
AGGATCTAGCTCGAAG-1,0.07516221370060183,0.07748591002746841,G2M
AGGATCTAGGCTAACG-1,0.05268341754913902,-0.04054559365477284,S
AGGATCTCACATATCG-1,0.04637499385056315,0.0992770416609147,G2M
AGGATCTCACTACTTT-1,0.02979373272875757,0.055264672048380065,G2M
AGGATCTCAGCGTGAA-1,0.03518529792644237,0.06160917411950517,G2M
AGGATCTGTACATTGC-1,-0.0574327754278402,0.23138570509483997,G2M
AGGATCTTCTCCGCAT-1,0.06829385258775611,-0.010080559311290621,S
AGGATCTTCTCTAGGA-1,0.022634182715804474,-0.0022746235058003217,S
AGGCATTAGACTTCGT-1,0.07984773183673216,0.01775255937601894,S
AGGCATTAGATAGCTA-1,-0.016215649020250245,0.07222264831045547,G2M
AGGCATTAGGGAGTGG-1,0.08057791406653103,-0.12286380930237742,S
AGGCATTCACGACTAT-1,0.07692893338280926,-0.08148894938100706,S
AGGCATTCATTAAGCC-1,0.011998070168361297,0.29885373883975097,G2M
AGGCATTGTACAACGG-1,0.07975414455061436,0.015274298876925885,S
AGGCATTGTACCTATG-1,0.00816973145728217,-0.27724959698335916,S
AGGCATTGTGCCTTTC-1,0.1642629771105012,-0.06706562593079551,S
AGGCATTGTTGATGTC-1,0.033058414094207345,0.18475148687155718,G2M
AGGCATTTCAAACCTG-1,0.07144565585149576,0.09193509889795548,G2M
AGGCATTTCCGGCAGT-1,0.002510001245562332,-0.005630524098875045,S
AGGCATTTCCTGGGAC-1,-0.014024332645283188,0.04274919736948607,G2M
AGGCATTTCTAAACGC-1,0.04679656881250649,0.12764370289924037,G2M
AGGCCACAGAGGATCC-1,-0.0676283269637527,0.08423157644427604,G2M
AGGCCACCACTTGACA-1,-0.027953562201605275,0.08951022818427717,G2M
AGGCCACCAGACGCTC-1,-0.00910953624131533,0.05823711553052807,G2M
AGGCCACCATGACTTG-1,-0.025989428651121638,-0.061139068475211694,G1
AGGCCACCATTAAAGG-1,0.09811295186670321,0.07008704307652136,S
AGGCCACGTACGGGAT-1,0.026886850594832756,-0.1431209673637414,S
AGGCCACGTAGGCTGA-1,0.1936444174606181,-0.005005361793197105,S
AGGCCACGTCATTGCA-1,-0.034525663760871794,0.03995416463645471,G2M
AGGCCACGTCCCAAAT-1,0.17821076460691265,0.10110220719901225,S
AGGCCACGTGGCTTGC-1,-0.0013937665282252043,0.06295280500339018,G2M
AGGCCACTCGCGCTGA-1,-0.02075165441530835,0.332958431409828,G2M
AGGCCACTCTGATGGT-1,0.14819097565113115,-0.19600701100004084,S
AGGCTGCAGCTGAAGC-1,0.054115640969024215,-0.1208722493552995,S
AGGCTGCAGGTAAGTT-1,0.046457035175640704,-0.0936704002859784,S
AGGCTGCAGTTGCGAG-1,-0.027510761031626585,0.10587347777084644,G2M
AGGCTGCAGTTGTACC-1,-0.03792131766511708,-0.0700566794322443,G1
AGGCTGCCAACACTAC-1,0.1630029547980016,0.0043141987541122084,S
AGGCTGCCAGCAGTTT-1,0.11200427579958794,0.07906555425480394,S
AGGCTGCCAGTTCCAA-1,0.003446950323884035,0.12666487651378477,G2M
AGGCTGCCATATACCG-1,0.054904663136523146,-0.10181953165178864,S
AGGCTGCCATCTGGGC-1,0.03834920868438263,-0.16502761732872312,S
AGGCTGCGTCTGGTTA-1,0.0026683522828969686,0.34927618017419026,G2M
AGGCTGCGTGGACTAG-1,0.006017605896501965,-0.04518878389378689,S
AGGCTGCGTTGGTACT-1,0.0810209735434061,-0.18544295628248714,S
AGGCTGCGTTTGATCG-1,0.09792260624986548,-0.01892352317769841,S
AGGCTGCTCCGAGGCT-1,0.0039873283917872815,0.07646787187028475,G2M
AGGCTGCTCTGTGCAA-1,0.2101610070103488,0.0007501317621924075,S
AGGGAGTAGAGAGCAA-1,0.021164221114148285,-0.07976095172382064,S
AGGGAGTAGTACAGCG-1,0.052972462309027135,0.20992837754571542,G2M
AGGGAGTAGTGTACAA-1,0.0683994951400706,-0.10493053669323604,S
AGGGAGTCAGGTCCCA-1,0.2609483565596018,-0.02522339707824839,S
AGGGAGTCATAGAGGC-1,0.043304587068504985,0.22321615468630301,G2M
AGGGAGTGTAATCAAG-1,0.024068873169794114,0.24120970744796139,G2M
AGGGAGTGTAGGCTCC-1,0.0523190285149292,0.10165453646478406,G2M
AGGGAGTGTATGCTAC-1,0.04927039477467582,-0.1995658788153319,S
AGGGAGTGTCAACCTA-1,0.01433039605623937,0.18846264926733614,G2M
AGGGAGTGTGAATGAT-1,-0.03429143263998913,-0.13190687238227455,G1
AGGGAGTGTGCTGTCG-1,0.07011423954123913,-0.09481228832470512,S
AGGGAGTGTGTAGTGG-1,0.013559815095956385,0.0038048017958358105,S
AGGGAGTGTTCTCCTG-1,0.05177840712693904,0.11062986120316093,G2M
AGGGAGTTCACGGGCT-1,0.007693075331523136,0.02515920385699555,G2M
AGGGAGTTCCCTCGAT-1,0.11958195725737158,0.12248005019921021,G2M
AGGGAGTTCGTGGTAT-1,0.1305969933340722,0.04926465752092324,S
AGGGCCTAGGTGCCTC-1,-0.08756798420712403,-0.14329431171169882,G1
AGGGCCTAGTTGCGCC-1,0.10596024130136616,0.025248769299533125,S
AGGGCCTGTACCGGCT-1,0.08142084945321659,0.1325837897396979,G2M
AGGGCCTGTAGCGAGT-1,0.10750184867917523,0.27145213481853353,G2M
AGGGCCTGTCGCTGCA-1,0.06589181512543535,0.11529416715045138,G2M
AGGGCCTGTTCGCGTG-1,0.10574993411683675,0.018384633869716283,S
AGGGCCTGTTTCACAG-1,0.08407304961003925,0.03837432163058779,S
AGGGCCTTCAGCTTGA-1,0.01308037992304184,0.0014690724432666613,S
AGGGCCTTCGAGTGGA-1,0.08049477743152456,0.17141925510993605,G2M
AGGGCCTTCGCATTAG-1,0.21494888993989736,-0.12746120092149488,S
AGGGCCTTCGGAACTT-1,0.16933577964989166,0.12936073186762187,S
AGGGCTCCAAGTGCAG-1,0.049476032192616315,0.2600251219990545,G2M
AGGGCTCCAGCATACT-1,0.04184349478375343,0.026233613971041403,S
AGGGCTCGTCCTCCAT-1,0.04386561301784486,-0.141453179369028,S
AGGGCTCTCAAGCTTG-1,-0.00292881994851224,0.18217073005490475,G2M
AGGGCTCTCGACATAC-1,0.02392240601525386,0.17970323672112187,G2M
AGGGCTCTCGTGACTA-1,-0.04877767554038365,0.05946021621144992,G2M
AGGGTCCAGAAGCGAA-1,0.20100131102702318,-0.1961011611791914,S
AGGGTCCAGACCTGGA-1,0.21635890409917846,0.07938996353216032,S
AGGGTCCAGGGCGAAG-1,0.011332995113540023,0.10883990509505953,G2M
AGGGTCCAGTCACTGT-1,-0.051055363299163936,0.10539674708021363,G2M
AGGGTCCAGTCGGCCT-1,0.008010911353347416,-0.08769564953832976,S
AGGGTCCCACCTGCAG-1,0.002844875052298912,0.4107035795462046,G2M
AGGGTCCCACTACAGT-1,-0.07128787310165063,0.22244664749180543,G2M
AGGGTCCCAGGACAGT-1,0.016502792816296796,-0.014780506449734887,S
AGGGTCCGTAGTCCTA-1,0.030390677666521926,-0.12951450444128323,S
AGGGTCCGTCGAACAG-1,0.05384088857482949,0.05002109267525734,S
AGGGTCCTCAATCTTC-1,0.14128585924484388,0.056462684565468546,S
AGGGTCCTCAGCATTG-1,0.08344616677572053,-0.11207629130669328,S
AGGGTCCTCGGCCTTT-1,-0.04090388552625657,0.07843661432428772,G2M
AGGGTCCTCGTAGGGA-1,-0.0016091038607818353,0.09000505478415033,G2M
AGGGTGAAGAGACAAG-1,-0.06362571003511314,0.0856677201212056,G2M
AGGGTGAAGCAACAAT-1,-0.0012982245515812951,0.13618421272358516,G2M
AGGGTGAAGCATCCTA-1,0.05458250959971733,0.04803322340861421,S
AGGGTGAAGCCATCCG-1,-0.02392611416246454,0.23251277696214656,G2M
AGGGTGAAGCCTAACT-1,0.06759517731185244,-0.11272568809257849,S
AGGGTGAAGCGTATAA-1,-0.020838286959670493,0.06550227370909373,G2M
AGGGTGAAGGGAACAA-1,0.0375552907163631,-0.14840306996998479,S
AGGGTGAAGGTAGGCT-1,-0.03556234346478915,-0.057812700604394696,G1
AGGGTGACAACACGAG-1,-0.0764902721854469,0.06409057356138392,G2M
AGGGTGACAAGAGGTC-1,-0.027856656466377694,-0.07839365120534889,G1
AGGGTGACAAGTGCTT-1,0.05753158021763083,-0.16909230489062482,S
AGGGTGACAATTCTCT-1,0.017944837441303874,0.0703608442033688,G2M
AGGGTGACACCATAAC-1,0.24126796608676593,-0.18846637356586232,S
AGGGTGACACGTAGTT-1,-0.047593776898407436,0.13659681477671143,G2M
AGGGTGACATGGGTTT-1,-0.08521750514618615,0.015036604875642456,G2M
AGGGTGACATTCAGGT-1,0.2372324112924239,-0.09563774583117707,S
AGGGTGAGTCCGGTCA-1,0.04323114714545406,0.07446105649595347,G2M
AGGGTGAGTCGTTCAA-1,-0.0653754608717308,-0.006850659910871748,G1
AGGGTGAGTGCTCTCT-1,0.04678637601663427,0.05398407672055383,G2M
AGGGTGATCAAGCCCG-1,0.04945277032422479,0.08543072078072322,G2M
AGGGTGATCTGCGGAC-1,-0.12869763509312548,0.048682742360793174,G2M
AGGGTGATCTGTAAGC-1,0.016202019666893053,0.06730703901825885,G2M
AGGGTTTAGATTACCC-1,-0.05439236714652956,0.2024700173060655,G2M
AGGGTTTAGCATTGAA-1,0.06739251167554072,0.0476885338479745,S
AGGGTTTAGCCAAGCA-1,0.1626092964842294,0.18233374843644906,G2M
AGGGTTTAGCGACCCT-1,0.06014099685254731,0.11815475562439132,G2M
AGGGTTTAGGTTACAA-1,-0.07501033207876107,0.047555604552679875,G2M
AGGGTTTAGTGAACAT-1,0.053237956345172366,0.24222913665391504,G2M
AGGGTTTCAAAGCTAA-1,0.22953430203537645,-0.02807464246773622,S
AGGGTTTCACCCATAA-1,0.027251621197312614,0.2420509127170934,G2M
AGGGTTTCACTGTGAT-1,0.008237251262193879,-0.27418363398511875,S
AGGGTTTGTCACGTGC-1,0.05081881285663248,-0.15474744600410936,S
AGGGTTTGTCGCTTAA-1,0.058576871773281636,0.1627033415982171,G2M
AGGGTTTGTCGGTGTC-1,-0.04600973529399738,-0.11830541829327895,G1
AGGGTTTGTGGATCGA-1,0.3618112810075884,0.07962382047552097,S
AGGGTTTGTTCTCCCA-1,0.11976899723574186,-0.08913502218667702,S
AGGGTTTTCACTTGTT-1,0.02477999324575625,-0.06981699133839955,S
AGGGTTTTCTGCGGCA-1,-0.029416733505810422,-0.08224380306629919,G1
AGGTAGGAGCATATGA-1,0.07291649399672534,0.009424074875622579,S
AGGTAGGAGCGTTGTT-1,0.060376600210852394,-0.06941184616347942,S
AGGTAGGCACGTCGGT-1,-0.004328296163650658,0.016301811445014247,G2M
AGGTAGGCAGACCGCT-1,0.0525905249940154,0.05470983872827384,G2M
AGGTAGGCAGCACGAA-1,0.0796429806524665,-0.06681064479752996,S
AGGTAGGCATTATGCG-1,0.03935897530204313,-0.19415454647680683,S
AGGTAGGGTGTCATGT-1,2.8626858691482848e-05,0.045996287180479045,G2M
AGGTAGGTCTCAAAGC-1,0.020692212480062977,0.05135854267255943,G2M
AGGTAGGTCTCGAACA-1,-0.03673008365748942,-0.06378309398476062,G1
AGGTCATAGAGAGGGC-1,0.07188029565680382,-0.1499704452285922,S
AGGTCATAGCAAGTCG-1,0.19578303571815237,0.20080119359655563,G2M
AGGTCATAGTCATAGA-1,0.14185074825983646,0.0794204647947162,S
AGGTCATCAAAGGGTC-1,0.003083899385913247,-0.11653558124041236,S
AGGTCATCAATTCTCT-1,0.029595661226972658,-0.04423044190586145,S
AGGTCATCAGCCGGTT-1,0.07675041523266746,0.20464694589797644,G2M
AGGTCATCAGCTGAAG-1,0.07215777992049971,0.03886459251643887,S
AGGTCATCATGGAGAC-1,-0.030169086030509273,0.06106252896362041,G2M
AGGTCATGTACAGAGC-1,0.007256271389896818,-0.07962674469431358,S
AGGTCATGTAGAGATT-1,-0.015615680298681933,-0.009713123904205645,G1
AGGTCATGTCAGTCCG-1,0.14236054892555683,0.25271835862570524,G2M
AGGTCATGTCGAAGCA-1,0.0314876328596983,-0.034347396438039524,S
AGGTCATGTCGACTGC-1,-0.08851925546051864,-0.04570311512430009,G1
AGGTCATGTCTTGCGG-1,0.031465464823084766,-0.08783198079942273,S
AGGTCATTCACCACAA-1,0.15862062630082546,0.12342468544357454,S
AGGTCATTCTGCTCTG-1,0.08301927293357791,0.17598639888213818,G2M
AGGTCATTCTTACTGT-1,0.02014227559937931,0.029040814078311772,G2M
AGGTCTAAGAATCGTA-1,0.02777614999586797,0.033756894292091555,G2M
AGGTCTAAGACATCAA-1,0.07041542932394057,0.04584627128974389,S
AGGTCTAAGCATCAGG-1,-0.01254384504787176,-0.07890713914608627,G1
AGGTCTAAGGCTAAAT-1,0.35258234612967865,0.08326986873023806,S
AGGTCTAAGGGCCAAT-1,-0.0952857294690942,0.07379526706605621,G2M
AGGTCTACAAACCACT-1,0.09001578584188608,0.25986658999807394,G2M
AGGTCTACAACGGCTC-1,-0.07554602321709913,-0.04847010262767115,G1
AGGTCTACAACTTCTT-1,0.06425184172233944,0.05055474678282096,S
AGGTCTACACGTCGGT-1,0.022699762858058914,-0.0446956479446472,S
AGGTCTACATCGGCCA-1,0.024512747066838536,-0.03490742529538482,S
AGGTCTAGTGACTGTT-1,0.04627719982867323,-0.07076971640635737,S
AGGTCTAGTTGGACCC-1,-0.03271500708569114,-0.07738377175800382,G1
AGGTCTATCAAGCCCG-1,0.010600292143481793,0.13324978760176198,G2M
AGGTGTTAGGCTTAAA-1,-0.053294020520496976,-0.019178191045868043,G1
AGGTGTTCACTCTAGA-1,-0.008535457848655725,0.1164463244057855,G2M
AGGTGTTCATCATCTT-1,0.07720320582956974,-0.03365876206543311,S
AGGTGTTCATCCGAAT-1,-0.027760187976442918,-0.11281546054853783,G1
AGGTGTTGTCCGGCAT-1,0.005708047684803486,-0.08890505790988029,S
AGGTGTTGTGTTAAAG-1,0.011455962540548925,-0.14005648152593272,S
AGGTTACAGCGGTAGT-1,-0.0008000591518604327,0.06790437091079649,G2M
AGGTTACAGCTATCCA-1,-0.024561655964581486,0.0662569494343973,G2M
AGGTTACAGTATGGCG-1,0.01491615007663416,-0.013629460534481608,S
AGGTTACAGTCTCGTA-1,0.03205672236938095,0.04263269877758391,G2M
AGGTTACCAATACGAA-1,0.023397927022176856,-0.04821944687823801,S
AGGTTACCATAAGCGG-1,0.08079225418090497,0.07984881161880086,S
AGGTTACGTCAAATCC-1,-0.027463399511675646,0.13213933587116689,G2M
AGGTTGTAGACCATAA-1,-0.127765958476954,0.01943109063327103,G2M
AGGTTGTAGCGAACTG-1,0.3576565837895008,0.0756713147266867,S
AGGTTGTCAACATCGT-1,-0.06812648031243662,0.1910207392554794,G2M
AGGTTGTCACAACGTT-1,0.12827400570651976,0.19920606018828332,G2M
AGGTTGTCAGAGTCAG-1,0.06155673662992539,0.03718683247054083,S
AGGTTGTCAGATTAAG-1,0.10407050196414613,-0.0005822291962831461,S
AGGTTGTCAGGCACTC-1,0.028391904364699128,0.217238240630463,G2M
AGGTTGTCATAACAGA-1,0.2015115804308657,-0.07133287683518214,S
AGGTTGTGTAGGGTAC-1,-0.07204991771908309,-0.15114897815897663,G1
AGGTTGTGTCGCCACA-1,0.07061744490226773,0.09161524490282918,G2M
AGGTTGTTCACTGGTA-1,0.08147079613617675,0.023811708989872338,S
AGGTTGTTCGAATCCA-1,0.09650438917344517,-0.028391240535287132,S
AGTAACCCAGAGGTAC-1,0.021532025375302077,-0.02277697827829045,S
AGTAACCCAGTCTGGC-1,0.14404997645883488,-0.0829321605677068,S
AGTAACCCATGGCTGC-1,0.07562529953745617,0.16030749927374066,G2M
AGTAACCCATTAGGAA-1,-0.010983948466046611,0.03940346726686206,G2M
AGTAACCGTACGATTC-1,0.08054035617812849,0.0650747117286535,S
AGTAACCGTGAGATCG-1,0.09976826827241186,0.11515768368267842,G2M
AGTAACCGTTCCGCTT-1,0.016414098292278023,0.1458996145156442,G2M
AGTAACCGTTCGGGTC-1,0.06617327931083666,0.06097318015729758,S
AGTAACCTCACTCACC-1,0.06979583209085433,0.16955556185116516,G2M
AGTAACCTCAGCCCAG-1,0.06692393680687725,-0.0015693604840115727,S
AGTAACCTCCTCAGAA-1,-0.012625151690817182,-0.060142261222241505,G1
AGTACCAAGCCTTTGA-1,-0.014708617463747409,-0.06511313316681022,G1
AGTACCAAGTCGAAGC-1,0.19220352718946254,0.030181445448107358,S
AGTACCACAAGCTGCC-1,0.05367092534707568,-0.024040587032208682,S
AGTACCACACCCATAA-1,-0.023748482204937638,-0.07774957150615075,G1
AGTACCACAGTGGGTA-1,0.02071052293250053,-0.010373170562188505,S
AGTACCACAGTTAGAA-1,0.04427365591751198,0.08749093790727608,G2M
AGTACCACATATTCGG-1,0.004381178495658333,0.23781493820358707,G2M
AGTACCAGTATCTCGA-1,0.14187370250857034,0.0004436924341814641,S
AGTACCAGTCTGTGCG-1,0.033548230937850754,-0.1307436818698103,S
AGTACCAGTCTTCATT-1,-0.01973743486760615,-0.1126301824874979,G1
AGTACCAGTGCGTCGT-1,0.03335341896443256,0.17873180930748098,G2M
AGTACCAGTGTTACTG-1,-0.10880825422198837,0.047008828008657966,G2M
AGTACCAGTTACACAC-1,0.24736160840181953,0.01340160463633594,S
AGTACCATCATAGACC-1,-0.03380381988380199,-0.013995562290290198,G1
AGTACCATCGGTGTAT-1,0.07180046240197846,0.1422416710081748,G2M
AGTACTGAGCATGCAG-1,0.14547073094577373,0.011412909382439274,S
AGTACTGAGCGAGAAA-1,0.24610691301723042,0.2004485844154762,S
AGTACTGAGGTTTGAA-1,-0.05830070376203711,-0.07128005584320046,G1
AGTACTGAGTTCCGGC-1,0.04743306118892865,-0.029854842451495334,S
AGTACTGCAATTGCTG-1,0.018543873182670423,-0.05401087817335831,S
AGTACTGCACGGGCTT-1,0.1229245066347644,0.17049191803909208,G2M
AGTACTGCATCGATCA-1,0.07720821355897267,-0.031118248540754234,S
AGTACTGCATCTCAAG-1,0.018234515260439343,0.2269893453290895,G2M
AGTACTGGTATCGCTA-1,0.09237253994145461,0.17571170113920292,G2M
AGTACTGGTCCCTCAT-1,-0.02733513968800727,0.0758233166138832,G2M
AGTACTGTCGCGTGAC-1,0.022373984320039064,0.06399797632216109,G2M
AGTACTGTCTAGCCAA-1,0.13486638070281975,0.2832498633997634,G2M
AGTAGCTAGCCGGAAT-1,0.34688081360093215,-0.05959855820451737,S
AGTAGCTCACGCTGCA-1,0.08714471446288108,0.2313353653647437,G2M
AGTAGCTCAGCGAGTA-1,0.01703202406500337,0.09420617035939527,G2M
AGTAGCTCAGCGTGAA-1,0.13217986448920815,0.10495079896462456,S
AGTAGCTCATACTGAC-1,-0.02340092109925057,0.06166207394436912,G2M
AGTAGCTCATAGGTAA-1,0.01506470585860975,0.08816022371120813,G2M
AGTAGCTGTAGACTGG-1,0.1483124069507198,-0.0317892050096186,S
AGTAGCTGTAGCGTAG-1,-0.08322818178721286,0.010593199644332085,G2M
AGTAGCTGTCCATAGT-1,0.022306075720341212,-0.17924179552304692,S
AGTAGCTGTGCTCTTC-1,-0.031081270412477657,-0.017539161755410204,G1
AGTAGCTTCAGGAGAC-1,0.13424024622353037,0.11064281635106155,S
AGTAGCTTCATTTCGT-1,0.012406592851223752,0.09574077757081634,G2M
AGTAGCTTCTCTGCCA-1,0.0246151863015861,0.0023555027120445993,S
AGTAGTCAGAAGGCTC-1,-0.022783440537409883,0.08286533976876526,G2M
AGTAGTCAGAGCATTA-1,-0.054531030197296326,0.15706963799895063,G2M
AGTAGTCAGCATTTGC-1,-0.024757976103729207,0.005663093953533427,G2M
AGTAGTCCAGCATACT-1,-0.05140814946351813,-0.0007502082510608687,G1
AGTAGTCCAGTAGATA-1,0.03444145409085153,-0.003142419513240846,S
AGTAGTCCAGTTTCAG-1,-0.03629826404120784,0.05179765687785026,G2M
AGTAGTCCATTCATCT-1,0.011512316556658742,-0.023844409492452923,S
AGTAGTCGTAATTAGG-1,0.041552739967338104,-0.06313063536180391,S
AGTAGTCGTCGTATGT-1,-0.03870670124062414,0.12357122729008974,G2M
AGTAGTCGTGAATGTA-1,0.13639438096112694,0.09813710331727898,S
AGTAGTCGTGAGTAAT-1,0.08843660735443448,0.09480368345036147,G2M
AGTAGTCTCGCGTGAC-1,0.07718152660929678,0.12340293475432007,G2M
AGTAGTCTCTACACTT-1,0.06304317362107875,0.24607250842435563,G2M
AGTAGTCTCTGTCCCA-1,0.04725996181736114,0.22720728641933285,G2M
AGTCAACAGACCTGGA-1,0.10408264111541504,0.04487211985458692,S
AGTCAACAGGACATCG-1,0.03626191643003812,-0.024607268848161945,S
AGTCAACGTGATAGTA-1,0.023982900743055646,0.3510399691936196,G2M
AGTCAACGTGGACAGT-1,0.0774656336466581,0.08463221329434611,G2M
AGTCAACGTTCGGACC-1,0.06127911506242073,-0.003674223114504216,S
AGTCAACTCAAGCTGT-1,-0.05327826733096763,0.10303028635079492,G2M
AGTCAACTCCAATCTT-1,0.12503584512193178,-0.054693935967706886,S
AGTCAACTCGCATGAT-1,0.11844768322566546,0.07711238838877538,S
AGTCAACTCGCGTAGC-1,-0.052460183399890115,0.17169922568087842,G2M
AGTCAACTCGCTAATG-1,0.12186978209394145,0.05645303500122334,S
AGTCAACTCGGCTGGT-1,0.07369214530253215,0.15241771399568088,G2M
AGTCACAAGATCCTAC-1,0.0007893149235265184,-0.1324492802398949,S
AGTCACAAGCCGCACT-1,0.12023925263897128,-0.06411000737813602,S
AGTCACAAGCGATGGT-1,0.2696762327213471,0.151875268510472,S
AGTCACAAGCGTATGG-1,0.14576690146128202,-0.13745793483261998,S
AGTCACAAGGGCAGTT-1,-0.01159961090209427,0.030790459010568705,G2M
AGTCACAAGGGTATAT-1,0.08995732578900628,-0.03771169473782482,S
AGTCACACAAATCCCA-1,0.12901773609401734,-0.03607839215045058,S
AGTCACAGTAATGTGA-1,-0.04841687075558454,-0.03508681459255089,G1
AGTCACAGTCGGCTAC-1,0.04903813885366526,0.07914746556729718,G2M
AGTCACAGTGACAGGT-1,0.04333062979068103,0.2572638666886939,G2M
AGTCACAGTGGACTAG-1,0.1172232050671197,0.025109122554411056,S
AGTCACAGTGTTGACT-1,0.004399923339736045,0.022127527703458882,G2M
AGTCACATCATCGCAA-1,0.03139943606198631,0.00672735291524168,S
AGTCACATCGCGCTGA-1,0.05272057354469473,-0.12345382497295296,S
AGTCACATCTCCCATG-1,0.18998587125084654,0.27104705155950204,G2M
AGTCATGAGACAGCGT-1,0.03325756838269689,0.007124294612745441,S
AGTCATGAGATACAGT-1,0.045696832354947925,0.19841788051885645,G2M
AGTCATGAGCAATTCC-1,-0.0040280940322098835,0.03314882222124371,G2M
AGTCATGAGGGCGAAG-1,-0.06770494053870019,-0.05068078241088883,G1
AGTCATGCAATACCTG-1,0.08396652287703765,0.29888870763823405,G2M
AGTCATGCACGACAAG-1,0.11858672373872692,0.09636425875602722,S
AGTCATGGTAGGAGTC-1,0.04068067133204689,-0.14338508782189852,S
AGTCATGGTCTAGGTT-1,0.02201761097050181,-0.0736369387166882,S
AGTCATGTCAGGAAAT-1,-0.028374217876774077,0.13006948635952198,G2M
AGTCATGTCCGCGGAT-1,0.011814932016049107,0.013648399054967508,G2M
AGTCATGTCTTGCAAG-1,0.0976857916288934,-0.09806748520012934,S
AGTCTCCAGAATCGAT-1,0.07969155318872578,0.007901573708555432,S
AGTCTCCAGACATATG-1,0.0672333415782847,0.11449704482196771,G2M
AGTCTCCAGAGCACTG-1,0.14952549702296963,0.08529179574508672,S
AGTCTCCAGCATGCAG-1,0.0314561895894776,-0.07803138909821511,S
AGTCTCCAGTCCGTCG-1,0.03324226853388301,0.2235993056258595,G2M
AGTCTCCCAACACAAA-1,0.10295665770447693,0.06000482386425621,S
AGTCTCCCAAGCTCTA-1,0.04003270862664665,-0.20384662975828072,S
AGTCTCCCAGCATTGT-1,0.1206122134711271,0.03156254085739274,S
AGTCTCCGTAATGATG-1,0.3025555271811139,0.034889116790269126,S
AGTCTCCGTGCTCTTC-1,0.12066119229362682,0.018119101590509723,S
AGTCTCCGTTCGAAGG-1,0.005883291073410901,0.1681151932437277,G2M
AGTCTCCTCAGGTGTT-1,-0.013133239672186214,0.12676299038928318,G2M
AGTCTCCTCCTCTCGA-1,0.014042619878431306,0.09696681671966684,G2M
AGTCTCCTCCTTATAC-1,0.4413207015973144,0.11484228257339363,S
AGTGACTAGGGCTAAC-1,0.03506873155044127,-0.16567945626847536,S
AGTGACTCAACCAATC-1,0.20234538958978188,-0.022922787389202864,S
AGTGACTCAATACCCA-1,0.07996064249882517,0.03828168010184263,S
AGTGACTCACCTGTCT-1,0.08693504629126303,0.056769557073382215,S
AGTGACTCAGAGAATT-1,0.03842574545706501,0.12357812905341659,G2M
AGTGACTCATCGATGT-1,0.13532841060604672,0.03569340529299497,S
AGTGACTCATGTGACT-1,0.033166604075619555,0.011476066888895797,S
AGTGACTGTAATACCC-1,-0.012314691273200673,0.0423578981756258,G2M
AGTGACTGTCTTCTAT-1,0.008990126477528282,0.0931580865727425,G2M
AGTGACTGTTAGGAGC-1,0.05229512931707614,0.08826154632558492,G2M
AGTGACTGTTGCGGCT-1,0.06497302151951956,-0.03519465447489961,S
AGTGACTTCACGGTCG-1,-0.009347271257675205,0.2738973019768529,G2M
AGTGATCAGATGAATC-1,0.15201198503234226,0.11435966298009664,S
AGTGATCAGTAACGTA-1,0.08986276403180804,0.32787022384456527,G2M
AGTGATCAGTAATCCC-1,0.02362809920186254,0.05051092186873485,G2M
AGTGATCCAGAAACCG-1,-0.034775018276286596,-0.04015271673920831,G1
AGTGATCGTGTATTCG-1,0.09611389767512096,0.06275525806614893,S
AGTGATCTCCCTCAAC-1,0.08358181045660662,-0.005888351450792695,S
AGTGATCTCCTAGCGG-1,-0.010135026855021989,-0.07304056139289317,G1
AGTGATCTCGAAGCAG-1,0.216181329214706,0.1836465003631475,S
AGTGATCTCTCCGCAT-1,0.12507284385863948,-0.1036634406174938,S
AGTGATCTCTTCTAAC-1,0.1249988759482451,0.23928047491806237,G2M
AGTGATCTCTTGGCTC-1,-0.006483551791401365,0.050143854718541214,G2M
AGTGATCTCTTTACAC-1,0.1276164003648565,-0.10585460173683145,S
AGTGATCTCTTTGCGC-1,-0.030316798486250296,0.37634061854868206,G2M
AGTGCCGAGGCACTCC-1,-0.026063030164824252,0.11994305337363242,G2M
AGTGCCGAGTGGCAGT-1,-0.0318666509495632,0.029297170037305087,G2M
AGTGCCGAGTTAACAG-1,-0.105332916171405,0.07173312861931502,G2M
AGTGCCGCACTACAGT-1,-0.0014066218436784572,0.0747244669801147,G2M
AGTGCCGCACTGGCCA-1,0.0684222511933843,-0.11133660591919739,S
AGTGCCGCAGTTAGAA-1,0.05199443007522492,-0.09676309250439014,S
AGTGCCGCATCGTCCT-1,0.14801297119953932,-0.09089487267706364,S
AGTGCCGTCACCGACG-1,-0.02224169600097936,0.036739337984430964,G2M
AGTGCCGTCATGGCCG-1,0.09015846318137011,0.056523970777924204,S
AGTGCCGTCCTATGGA-1,0.10533629699027741,0.08849620208414538,S
AGTGCCGTCCTCTAAT-1,0.09030590254870452,0.042332590198822184,S
AGTGCCGTCGTCTCAC-1,0.035114198450282186,-0.20253233559392783,S
AGTGTTGAGGTGCTTT-1,0.25865538779843356,0.00921217421619297,S
AGTGTTGAGTGGATAT-1,-0.021223553933104267,0.2578886576224097,G2M
AGTGTTGCAAAGAACT-1,-0.010904588014258865,-0.011178534165309562,G1
AGTGTTGCACCAAAGG-1,0.008549391270002094,0.1300209902578961,G2M
AGTGTTGCAGACAATA-1,-0.048450861393313394,-0.04127107576875,G1
AGTGTTGCAGCTGTTA-1,-0.018109897518841678,-0.009511674122446245,G1
AGTGTTGCAGTCGCTG-1,0.0841833130267789,-0.1853153301794298,S
AGTGTTGCATGCTGCG-1,-0.031051432044760685,0.04366042952400134,G2M
AGTGTTGGTACGATTC-1,0.034595225118213724,0.04043995052964483,G2M
AGTGTTGGTCGAAACG-1,-0.008945787612238076,-0.12960500776688694,G1
AGTGTTGTCCGATGTA-1,0.0006350758560578207,-0.07729858539571799,S
AGTGTTGTCGAAACAA-1,-0.06832923845636818,-0.043964300244773824,G1
AGTGTTGTCTAGCAAC-1,0.054150657628351584,0.01741667895818111,S
AGTGTTGTCTAGGCAT-1,-0.023872427387807038,-0.054881182275472784,G1
AGTTAGCAGATGCTTC-1,-0.10221046709879367,-0.0430997411043762,G1
AGTTAGCAGCTGACCC-1,0.03271026608043337,0.10635350741404337,G2M
AGTTAGCAGCTTCGTA-1,-0.03204411341243629,-0.007035329916248889,G1
AGTTAGCAGGTCACTT-1,0.09550483460868031,0.04896905984234243,S
AGTTAGCAGTTGAAAC-1,0.15007705180156838,0.16758643063015077,G2M
AGTTAGCCAAGACCGA-1,0.22506835921404572,0.21949765457148873,S
AGTTAGCCACGCTGTG-1,0.005949162822019849,-0.10742621697698207,S
AGTTAGCCAGGATCTT-1,0.12627870482787473,-0.2678920325176254,S
AGTTAGCCATTCACAG-1,0.10760227109999265,0.12559201489837746,G2M
AGTTAGCGTAGGAAAG-1,-0.060007995120306745,0.17033131979002275,G2M
AGTTAGCGTATACCCA-1,0.018766672180673794,0.06058030526190275,G2M
AGTTAGCGTATGAGCG-1,0.1820340766600433,0.03905092192931403,S
AGTTAGCGTTACACAC-1,0.0663732879706338,0.10421490252108573,G2M
AGTTAGCTCAGTAGGG-1,-0.02117592129561474,0.242930279022964,G2M
AGTTAGCTCCGCAAAT-1,-0.010700498836365313,-0.23844916831860663,G1
AGTTAGCTCGAGTCCG-1,0.04361504112186004,0.11538061715202497,G2M
AGTTCCCAGCAAGGAA-1,0.09112505271940685,0.17432645713406686,G2M
AGTTCCCAGCAATAAC-1,0.06387459770115422,-0.16344100407103562,S
AGTTCCCCAACCGTAT-1,-0.014326580086121476,-0.07140241493202149,G1
AGTTCCCCAAGACAAT-1,0.07017214906497182,0.01642089128949184,S
AGTTCCCCAAGGCGTA-1,-0.019499925556699826,0.058522210362187244,G2M
AGTTCCCCATCTCCCA-1,0.05629608971057454,0.2272642162823013,G2M
AGTTCCCCATTCGGGC-1,0.02225496811396932,0.014876112199717129,S
AGTTCCCGTAACCCTA-1,0.017832566613317336,-0.273912144996483,S
AGTTCCCGTCATCAGT-1,0.11332148826897537,0.07347366576291764,S
AGTTCCCGTCTATGAC-1,-0.035669910939310046,0.20770405657421492,G2M
AGTTCCCGTTTAGAGA-1,-0.10325544064666958,0.18599524802861833,G2M
AGTTCCCTCAATCCGA-1,0.00019509183668392494,0.10353903913709195,G2M
AGTTCCCTCCATGAGT-1,0.28863384547465665,-0.16390507727266723,S
AGTTCCCTCCCTCTTT-1,0.13607002424017933,0.09865099899303342,S
AGTTCCCTCTTGGAAC-1,-0.08007285264049918,-0.015983364690857926,G1
AGTTCGAAGGTTCACT-1,0.16557499605511045,0.17474717767869108,G2M
AGTTCGACAACACACT-1,0.0021893685619492342,0.13254497728304293,G2M
AGTTCGACAAGAGGTC-1,-0.025639639992330265,0.08436236621021109,G2M
AGTTCGACACCCAACG-1,0.009703380839369391,0.17806689888272637,G2M
AGTTCGACATCTCATT-1,0.05242951209405583,0.008187821255221855,S
AGTTCGATCAAGCCTA-1,0.20226945824313414,0.055650495718731485,S
AGTTCGATCCACGGAC-1,0.03905523960945473,-0.027398122944956305,S
AGTTCGATCCACTTTA-1,0.027346921085662057,0.22309362840145108,G2M
AGTTCGATCGTAACTG-1,0.09522120768299247,-0.1315112261224551,S
ATACCGAAGACATACA-1,0.07355723129448849,0.03554646622868213,S
ATACCGAAGTAGAGTT-1,0.16695766700670883,0.07846637944316831,S
ATACCGAAGTGCTAGG-1,-0.05472771022516526,0.25983838509790047,G2M
ATACCGACACCAGGTC-1,-0.0021363702361438808,0.01477755388688165,G2M
ATACCGACAGCGACCT-1,0.23577903733762523,0.03655125068463955,S
ATACCGAGTAGGTAGC-1,-0.009247589883251472,0.16966592949014486,G2M
ATACCGAGTATGAAAC-1,0.10753574268277916,0.08018841201724491,S
ATACCGAGTCCGTTTC-1,-0.017650588193684036,0.17532123132524768,G2M
ATACCGAGTTTGAAAG-1,0.036886299669869616,-0.037096682073212484,S
ATACCGATCAATCGGT-1,-0.012024306117727424,0.09756040028753776,G2M
ATACCGATCACTACGA-1,-0.010264839969086725,0.37339648828481486,G2M
ATACCTTAGACCAACG-1,0.09503842982999905,0.0791509407526817,S
ATACCTTAGGAGTACC-1,-0.13096490217441303,-0.007701882877771182,G1
ATACCTTCAACTCATG-1,-0.07211940350595247,-0.03972046199704948,G1
ATACCTTCAATAGGGC-1,0.04577239202872585,0.08668828691402541,G2M
ATACCTTCACGCACCA-1,0.10514313898576594,0.0033605740012590535,S
ATACCTTCACGTCATA-1,0.11700665774474839,0.1116051047019703,S
ATACCTTGTACCACGC-1,-0.015640768012099626,0.06866066280271355,G2M
ATACCTTTCTGTGTGA-1,0.11283196093763925,0.054406833842988056,S
ATACTTCAGAACTGAT-1,0.02946587976997639,-0.05437990806492987,S
ATACTTCAGGGAGGGT-1,-0.051067938771881316,0.07656701951751554,G2M
ATACTTCAGTAAACAC-1,0.013003215880536989,-0.051176810456580624,S
ATACTTCCACTGTGTA-1,-0.0018318916494729498,-0.057138076864390375,G1
ATACTTCCATCTCATT-1,0.06929696461044388,-0.0505338419740943,S
ATACTTCGTAGGCTGA-1,-0.018532313302374592,0.023471629888311807,G2M
ATACTTCGTCTCAAGT-1,-0.05984766307314526,0.2493991640228561,G2M
ATACTTCGTGTTATCG-1,0.05449330174668626,0.00198100500753573,S
ATACTTCGTTACGATC-1,0.06336136632896355,-0.013144536097173642,S
ATACTTCGTTATCTTC-1,0.008454494957949255,-0.012471576946171348,S
ATACTTCTCACTCGAA-1,0.0008419453539592059,-0.15834252007207072,S
ATACTTCTCTCGGTCT-1,0.060669637990506564,-0.09062774976865623,S
ATAGACCAGCATCGAG-1,0.07558319625245163,-0.011599660070094914,S
ATAGACCAGCTACAAA-1,0.11198106336713726,-0.11969611259293406,S
ATAGACCAGTACAGCG-1,0.026576402700440316,0.14739567661134273,G2M
ATAGACCAGTCATAGA-1,0.006439025940003118,0.14009339002660637,G2M
ATAGACCAGTCATGAA-1,-0.00907587648359326,-0.13721074071338676,G1
ATAGACCAGTGCAGCA-1,-0.028786121214269933,0.07730183395198714,G2M
ATAGACCAGTGTACCT-1,-0.02622715210916149,0.07719783959376858,G2M
ATAGACCCAATAGAGT-1,0.15784258519430666,-0.050019181224600584,S
ATAGACCCAATTGCTG-1,0.09634888751862025,0.22547134267902552,G2M
ATAGACCCACAGAAGC-1,0.07436150219141086,0.031217754637029582,S
ATAGACCCAGAGCGTA-1,0.1764279875645372,-0.16256168564781368,S
ATAGACCGTACTAGCT-1,-0.06447329412473507,0.154160723580275,G2M
ATAGACCGTTAGGCTT-1,0.11457066046004222,0.16769665429734082,G2M
ATAGACCTCAAGAGGC-1,0.053281533223595745,0.13748025695232297,G2M
ATAGACCTCCAACTAG-1,0.06557737815301312,0.04340545539193463,S
ATAGACCTCCCTCGAT-1,-0.03222226268177131,0.13124061680207116,G2M
ATAGACCTCTAGTGAC-1,0.02995975606806367,0.05624807043258456,G2M
ATAGACCTCTGGCTGG-1,0.058594990415090475,-0.006727015284740012,S
ATAGACCTCTTCTAAC-1,-0.017768560825111634,-0.006299772922906621,G1
ATAGAGAAGACCAAGC-1,0.07282448911236766,0.2747783683095118,G2M
ATAGAGAAGACGCTCC-1,0.07903288234651323,0.04642352210932166,S
ATAGAGAAGACTACGG-1,-0.1031787558125235,-0.11266285274921739,G1
ATAGAGAAGGTTCCAT-1,0.03375861494517507,-0.022359792197923833,S
ATAGAGACAGCGACCT-1,0.024085842220682663,0.0009036433792743437,S
ATAGAGAGTAGCGTCC-1,0.22545288132252894,0.013223401456372519,S
ATAGAGAGTATAATGG-1,-0.011633013091995714,0.02897355374595656,G2M
ATAGAGAGTTGAGGAC-1,0.07714490841436528,0.015179167481297773,S
ATAGAGAGTTGTGCCG-1,0.04219322762181266,-0.11179374870501876,S
ATAGAGATCACTCTTA-1,0.02647606227594651,-0.0359252786764348,S
ATAGAGATCCTCACCA-1,-0.023240399027559477,0.2298586850240188,G2M
ATAGAGATCTCGAACA-1,0.2092989312920599,0.05699787104115528,S
ATAGGCTAGAAGTCCG-1,0.009836228269064162,-0.15413110750674017,S
ATAGGCTAGATACATG-1,0.1985709430752967,0.12189107949611672,S
ATAGGCTAGCGTGTCC-1,0.11164273758497917,-0.029746193036252477,S
ATAGGCTAGGAAGTGA-1,0.07932706359918462,0.009865710376085524,S
ATAGGCTAGTAAGAGG-1,-0.027032492202010816,-0.00959437493576909,G1
ATAGGCTCAGATAAAC-1,0.13939720860693272,0.10604686344746672,S
ATAGGCTCAGGTTCCG-1,0.1006558893150481,0.08103186106266225,S
ATAGGCTCATGCGTGC-1,0.02524450599109207,-0.032332734416116476,S
ATAGGCTGTAGCTGAG-1,-0.013182202317143787,0.01305411928418132,G2M
ATAGGCTGTCGAGCAA-1,0.0938568196122086,0.1687818670144831,G2M
ATAGGCTGTCGTACTA-1,-0.05697309993181954,0.2582774427690349,G2M
ATAGGCTGTCGTTATG-1,-0.03165367184276979,0.020886614214637222,G2M
ATAGGCTGTGAGATCG-1,0.07268284142827008,0.029229239903031168,S
ATAGGCTGTGGCCCAT-1,0.05167537166354119,0.02694073693686977,S
ATAGGCTTCACCCTGT-1,-0.03056071348791628,0.26099755946671005,G2M
ATAGGCTTCAGGAACG-1,0.11838266256358387,-0.28244540165591864,S
ATAGGCTTCCAATCCC-1,0.013533296080664003,0.012470874543956567,S
ATAGGCTTCGATTGAC-1,0.03107756768515424,0.07873384966655506,G2M
ATAGGCTTCGTAGCTA-1,-0.018366731807053505,-0.020376951272488952,G1
ATAGGCTTCTACGGGC-1,0.06622925101960098,0.06051416493631079,S
ATAGGCTTCTGAGCAT-1,0.07217120563801971,-0.030370832935295133,S
ATATCCTAGCCATGCC-1,0.06725323498678898,0.010739859308378674,S
ATATCCTAGCTGCCAC-1,0.047156668950381564,0.09928186965063501,G2M
ATATCCTAGGCCGCTT-1,-0.05970337344040216,-0.058547500635518834,G1
ATATCCTCAAGAGTGC-1,0.004275772817049717,0.21212228722160742,G2M
ATATCCTCACGCTGAC-1,0.033870785792666946,-0.09460848968699301,S
ATATCCTGTGACTATC-1,0.1725254530614434,0.002320347256048405,S
ATATCCTTCCGAGATT-1,0.029752643907031417,0.07561307002623618,G2M
ATATCCTTCGGTGTAT-1,-0.06267395086869243,0.13414987431033293,G2M
ATATCCTTCGTCCTCA-1,-0.03600868201447238,0.15892962271960331,G2M
ATATCCTTCGTGAGAG-1,0.013010435252390484,-0.05662551669044946,S
ATCACAGAGACATCCT-1,0.06418019327730284,0.056635317227683224,S
ATCACAGAGCAACAAT-1,0.0046761141802023065,0.12283308565152046,G2M
ATCACAGAGGTGATAT-1,0.054107782296841045,0.036858823651703954,S
ATCACAGAGGTTCTAC-1,0.0374712604158669,0.12061053490385054,G2M
ATCACAGAGTCGAATA-1,-0.00831500373199634,0.10738122526838534,G2M
ATCACAGCAGACGCTC-1,-0.027442196379220518,0.05742582320735201,G2M
ATCACAGCAGCAAGAC-1,-0.05166154052203553,-0.0659496411558288,G1
ATCACAGCAGGTGGAT-1,0.05815551857505574,0.043649843711331154,S
ATCACAGGTTCTGACA-1,0.038799425368647444,0.14977235208989226,G2M
ATCACAGTCATGCAGT-1,0.025594821754442276,0.12413126897782589,G2M
ATCACAGTCCGTAGTA-1,0.13596477504028348,-0.08756325267341325,S
ATCACAGTCGAGATGG-1,-0.010221660343758376,0.2092558036457039,G2M
ATCACAGTCGCTGCGA-1,0.14241255097755373,-0.0051944735195083025,S
ATCACAGTCTAAACGC-1,-0.006134127188895999,0.33937563269618165,G2M
ATCACGAAGACTACGG-1,0.19659845577467705,-0.035890837435248735,S
ATCACGAAGCTGGCTC-1,0.07254156283027802,0.030849920655086405,S
ATCACGACATACCGTA-1,-0.011195521769070793,0.11720253882188086,G2M
ATCACGACATGATAGA-1,0.01053738072083088,0.1300031297369803,G2M
ATCACGAGTAATCAGA-1,-0.002494952436068565,-0.021105941912361537,G1
ATCACGAGTACCACGC-1,0.07295627949982186,0.13659417362841697,G2M
ATCACGAGTGTGGACA-1,-0.06989297338587586,-0.0415665843131251,G1
ATCACGAGTTTCCAAG-1,0.05274191246174781,-0.1160844034528845,S
ATCACGATCCGAGGCT-1,0.09993707784433004,-0.10115245125633848,S
ATCACGATCGTTCTAT-1,-0.048077363499609005,0.03951208284811758,G2M
ATCACTTAGCCAAGGT-1,0.06418978869485165,-0.09674631777072162,S
ATCACTTAGTCGGCCT-1,0.0032725500562122978,0.2606626300707521,G2M
ATCACTTGTATTAAGG-1,0.012552123597073028,-0.02009225782233598,S
ATCACTTGTGCCCGTA-1,0.0054399323530675,0.05267054374381219,G2M
ATCACTTGTTCTCACC-1,0.02098560844445857,0.023780074828477826,G2M
ATCACTTGTTGCATCA-1,-0.05263879134770838,-0.01411961603934192,G1
ATCACTTTCAATCTTC-1,0.0352122520929804,0.10866491386157212,G2M
ATCACTTTCCCTCAAC-1,0.01631475447007069,0.07321164685184528,G2M
ATCACTTTCGTAGCTA-1,0.15105852307697037,0.29959568505931616,G2M
ATCACTTTCTCCTACG-1,0.16238954724032273,0.05599763585318221,S
ATCACTTTCTTGCAGA-1,0.0818299045578757,-0.11072281163281858,S
ATCAGGTAGAGCCGTA-1,0.1237177149671001,0.026169006938841166,S
ATCAGGTAGATCACCT-1,0.13543220497683017,-0.009047501577812422,S
ATCAGGTAGCCGGAAT-1,0.032913154835434444,0.046075432063313326,G2M
ATCAGGTAGGAAGTCC-1,0.0820938722388217,-0.09124745989843575,S
ATCAGGTAGGTCCAGA-1,0.17967126665773747,0.004791601590677486,S
ATCAGGTCAAACCGGA-1,0.06103620569618662,0.17766258834632104,G2M
ATCAGGTCACAAGCCC-1,0.04308920190133797,-0.10946443027622049,S
ATCAGGTCATCGTGCG-1,0.02240819358041446,0.11975885571786088,G2M
ATCAGGTGTATGCAAA-1,0.1590749101998271,-0.017491999366745226,S
ATCAGGTGTCAGGCAA-1,0.011519398255165791,0.010154891255440002,S
ATCAGGTGTTGAGTCT-1,0.05686164639818497,-0.04270336601050312,S
ATCAGGTTCACGGGAA-1,-0.00489775406142301,-0.008360952945619282,G1
ATCATTCAGAGAACCC-1,0.13312503652182772,0.08421781726882926,S
ATCATTCAGGACCCAA-1,0.058466666784568355,-0.10590367064138756,S
ATCATTCAGGCTGAAC-1,0.013110928911876707,0.23173089152470255,G2M
ATCATTCCACACACTA-1,0.005387610199248605,0.2977717749873006,G2M
ATCATTCCACTGAGGA-1,0.014557748662794912,0.04445572882666132,G2M
ATCATTCCATCCCGTT-1,0.020265356228122755,0.08985981383440406,G2M
ATCATTCGTCAGTCTA-1,0.02280308473375292,0.12929697096268775,G2M
ATCATTCGTTAATGAG-1,-0.03157106734214171,-0.06936929164314165,G1
ATCATTCGTTCGGCTG-1,0.03776852213532911,0.11285575352743371,G2M
ATCATTCGTTCGGGTC-1,0.0024712720456309123,-0.050405623560361074,S
ATCATTCTCACCCTCA-1,0.0880883064752061,0.10256988177736381,G2M
ATCATTCTCATTGCTT-1,0.08077890384908859,0.03961993162846572,S
ATCATTCTCCCGTGTT-1,0.23770901026300895,-0.16179118426765743,S
ATCATTCTCCCTCTCC-1,0.10002659528788677,-0.11199103158603088,S
ATCATTCTCGGTTAGT-1,0.03167175677452261,-0.09228156497425205,S
ATCCACCAGACCCTTA-1,0.11624946415217763,-0.013886694388295373,S
ATCCACCAGGTTTACC-1,0.03581185688144195,0.009985644736931032,S
ATCCACCCAAGACAAT-1,0.12154387442300346,0.04316533909921627,S
ATCCACCCACCGTGGT-1,-0.011592704282367305,0.004774919676867884,G2M
ATCCACCCACCTGCAG-1,-0.021221931415966955,-0.03692121879854232,G1
ATCCACCCAGATTAAG-1,-0.042395347040251274,0.017394435810150655,G2M
ATCCACCCATGTTCAG-1,0.08128319992135402,0.07223138555988934,S
ATCCACCCATTACGGT-1,-0.06767404730490939,0.09146934988072986,G2M
ATCCACCGTATAGCTC-1,0.00661972210465922,-0.051514986219005465,S
ATCCACCGTGTTAAAG-1,0.05197341897922719,0.16604746090078534,G2M
ATCCACCGTGTTCCTC-1,0.009339594603370138,0.01256003743298112,G2M
ATCCACCGTTCTTGTT-1,0.050913851769202045,-0.09170157585317995,S
ATCCACCTCGAAGCCC-1,0.035987622632207006,0.29587914873451765,G2M
ATCCACCTCTGGCTGG-1,0.02252964795558332,0.00803576323506533,S
ATCCATTAGAAGGATG-1,-0.05047850618782673,-0.11585213211914275,G1
ATCCATTAGAGGCCAT-1,0.1780149270430234,-0.038236856452860735,S
ATCCATTAGCGTATGG-1,-0.050575263574172524,0.022938007301564256,G2M
ATCCATTCAAGACCTT-1,0.06745473719504419,-0.008277328066574358,S
ATCCATTCACAGTCGC-1,0.09123918519652302,0.16592909425332247,G2M
ATCCATTCACCAGTAT-1,-0.005865531663367229,-0.1554730401295577,G1
ATCCATTCAGTATACC-1,-0.006397487103401378,0.12141495624430099,G2M
ATCCATTCATAGGTAA-1,0.08795213649042621,0.13707093691934585,G2M
ATCCATTCATCAGCAT-1,0.045547908431241124,0.14761255373525606,G2M
ATCCATTCATGGGAAC-1,-0.039051551786821015,-0.05307247112764313,G1
ATCCATTGTACAGCGA-1,-0.010833151191181112,0.04453155674503673,G2M
ATCCATTGTATAGCTC-1,-0.048789949449756786,0.10730877673925499,G2M
ATCCATTGTGTACATC-1,-0.024041410190816404,0.2552826532489913,G2M
ATCCATTTCATTGCTT-1,0.03620199592286,0.19253340421620935,G2M
ATCCCTGAGACACACG-1,0.031125857730323725,0.058076261012906805,G2M
ATCCCTGAGCAATTCC-1,-0.01971275590401389,0.06711578705321541,G2M
ATCCCTGAGCGACTTT-1,0.10699553989895483,0.08011511150081418,S
ATCCCTGAGCTTAGTC-1,0.046268727600624504,0.09855768716889296,G2M
ATCCCTGCAACAAAGT-1,0.05108121262991072,-0.03972035256861978,S
ATCCCTGCAAGGCTTT-1,0.017083015431218984,-0.02943189509384292,S
ATCCCTGCAGCAGGAT-1,0.12815785128300466,0.009504419029894406,S
ATCCCTGCATCAGCAT-1,0.17204754247815895,0.13556123439100048,S
ATCCCTGCATTGACAC-1,0.06928118148835571,0.07774795133004014,G2M
ATCCCTGGTGAGTAGC-1,0.1237784079724415,0.23657521828038008,G2M
ATCCCTGTCCATTGGA-1,0.07696669484545943,0.04677211543974813,S
ATCCCTGTCGAAACAA-1,0.013441214660929623,0.20373839261187093,G2M
ATCCCTGTCTTCCCGA-1,0.035326570119113165,0.035752175545993914,G2M
ATCCGTCAGCCGTAAG-1,-0.05560712921291705,0.05734299850056751,G2M
ATCCGTCAGTGCGACA-1,-0.04785245230587304,-0.15592543128344766,G1
ATCCGTCCAAGTTCGT-1,0.03742973209056155,0.20533518582859092,G2M
ATCCGTCGTTGTCCCT-1,-0.03069969618884777,-0.059191819701696374,G1
ATCCGTCTCAACCTTT-1,0.018928265090681906,-0.005417182950491428,S
ATCCGTCTCTCTCGAC-1,-0.015165827280635424,0.033870579327322126,G2M
ATCCGTCTCTGCCTGT-1,-0.06502809307535345,0.037920515517445796,G2M
ATCCGTCTCTGCGATA-1,0.04070758275538372,0.0597594819939124,G2M
ATCCTATAGTCGAATA-1,0.012265239935081551,0.08624655950355109,G2M
ATCCTATAGTGAGCCA-1,-0.040867928064844905,0.02971309284849133,G2M
ATCCTATCAGTCAGTT-1,-0.00880203795628598,0.003036110287268412,G2M
ATCCTATCATCGAAGG-1,0.07266031715725324,0.2953545973266314,G2M
ATCCTATCATGGTGGA-1,-0.05352900670967847,-0.0749321762654433,G1
ATCCTATGTACGAGCA-1,0.05170405017539992,0.0059840120075166925,S
ATCCTATGTCGACTGC-1,0.0192562350697546,0.01637853625705804,S
ATCCTATGTTCCAGGC-1,0.05645011781304038,-0.12346514338243555,S
ATCCTATTCCTGGCTT-1,0.05491074597445722,0.2706565631168062,G2M
ATCCTATTCTAACGGT-1,-0.06218715031544819,0.2642718058794275,G2M
ATCGATGAGATACATG-1,0.08250429906765638,0.03056135511017416,S
ATCGATGAGTTAGAAC-1,-0.04928152504679262,0.2026636806443748,G2M
ATCGATGCAATGACCT-1,0.0031434275671665124,-0.022633191418946152,S
ATCGATGCATGAAGGC-1,0.16928094841678282,0.2269224073603045,G2M
ATCGATGCATGACACT-1,0.05545845136030053,0.24917322213527693,G2M
ATCGATGCATTGGGAG-1,0.0029671769828566452,0.161952763054674,G2M
ATCGATGGTCCAAAGG-1,0.056457720847211235,-0.008273027634151109,S
ATCGATGGTCCAAGAG-1,0.12746283898858507,-0.07414007206937134,S
ATCGATGGTTCTAACG-1,0.05098622381023793,-0.12701863709907438,S
ATCGATGTCCACGTAA-1,-0.005870551915994393,-0.028293241979094996,G1
ATCGATGTCCATACTT-1,0.030999090716037903,0.015504975826418521,S
ATCGATGTCTAGGCCG-1,-0.026019678950794767,0.2284050853844351,G2M
ATCGCCTAGAATCCCT-1,-0.028248821313811345,0.3571887289096404,G2M
ATCGCCTCAAAGACGC-1,-0.023745738633407287,0.04118124810509932,G2M
ATCGCCTCAAGTTTGC-1,0.11036696282202568,-0.05151883623068823,S
ATCGCCTCAATACGAA-1,-0.0678861702337662,0.0510013493100282,G2M
ATCGCCTCAGAACTAA-1,0.016700006128217204,0.06719437720669891,G2M
ATCGCCTCAGTCAGCC-1,0.10654490764894581,-0.14237815462244863,S
ATCGCCTCATGGCCCA-1,-0.009164382871831023,-0.019795001939106327,G1
ATCGCCTGTTGCCAAT-1,0.04199295769881717,0.007353129506724121,S
ATCGCCTTCCCAAGTA-1,-0.028767348736979448,0.048131567737671466,G2M
ATCGCCTTCGCACGAC-1,0.09404300714907948,0.1857587056782833,G2M
ATCGCCTTCTATTTCG-1,-0.0465229021613186,-0.07289339073385698,G1
ATCGGATCAAGTGGCA-1,0.03318691054522316,-0.07682383255918307,S
ATCGGATCAATACGAA-1,0.07944039109987411,-0.022040052380939146,S
ATCGGATCAATTGAAG-1,0.10428664562810108,-0.2487031899187552,S
ATCGGATCAGGCAATG-1,0.09620232748692226,-0.15252271526200095,S
ATCGGATCATAACTCG-1,0.1052266833030443,0.024248420426894957,S
ATCGGATGTGGCAACA-1,0.07957800269252635,-0.20098892025750023,S
ATCGGATGTGGTGATG-1,0.004496295996210875,0.06887358489696122,G2M
ATCGGATTCCAATGCA-1,0.0365791171343286,0.24838537112124653,G2M
ATCGGATTCGAGAATA-1,-0.03695430237851777,0.05743897975537832,G2M
ATCGGCGAGAATCCCT-1,-0.06852911876338252,0.028506552470246582,G2M
ATCGGCGAGCTAGAAT-1,0.1514202314021295,0.13926085982886027,S
ATCGGCGCAATGTGGG-1,-0.03778007417321244,0.06655670875511566,G2M
ATCGGCGCACAAACGG-1,0.06257482445786883,0.24260920040404121,G2M
ATCGGCGCATGCTGCG-1,-0.007959826494077782,-0.10315257940628231,G1
ATCGGCGGTACCCGCA-1,0.006826712359289444,0.08252804655834595,G2M
ATCGGCGGTAGGAGGG-1,0.058002154408770434,-0.09621675305724131,S
ATCGGCGGTCCAGGTC-1,0.03297778251463501,0.12066240064855932,G2M
ATCGGCGGTCTCTCTG-1,0.039480722145821434,-0.1762099347321669,S
ATCGGCGGTGTCCAAT-1,0.0874284907639446,0.1074255503209765,G2M
ATCGGCGTCTCCTGTG-1,0.1280041915275687,0.14054032793282834,G2M
ATCGGCGTCTGAGAAA-1,0.06658243439599054,-0.05026836949807967,S
ATCGTAGAGTCGAATA-1,0.26896438572354575,-0.1562308683759633,S
ATCGTAGAGTTAACGA-1,0.05588697375536367,-0.05338399027263718,S
ATCGTAGCACGGCTAC-1,0.035648287272880885,-0.15551381919058693,S
ATCGTAGCAGTCTTCC-1,-0.006339491805847974,0.12190753289943163,G2M
ATCGTAGCATCCGAAT-1,0.0435332627023709,0.2338801481094525,G2M
ATCGTAGGTACGGCAA-1,-0.005505066873839781,-0.03498901671169069,G1
ATCGTAGTCAAGAGTA-1,0.07084831526196667,0.026285670598656385,S
ATCGTCCAGAACAAGG-1,0.03366768422497435,0.2803317595837453,G2M
ATCGTCCAGCTGCCTG-1,-0.044894029672617075,0.1700364570522681,G2M
ATCGTCCAGGGAGGTG-1,0.1680080151939265,0.13597636014499714,S
ATCGTCCAGGGCATGT-1,0.11783571284140593,-0.03255452098422662,S
ATCGTCCAGTATGTAG-1,0.032271930774318114,0.07086615721122524,G2M
ATCGTCCAGTTCAACC-1,-0.012683727819614299,0.27292183012176013,G2M
ATCGTCCCAATGTTGC-1,-0.03973242047502673,-0.1837014796365985,G1
ATCGTCCCAATTCTCT-1,0.015256509342981506,0.016113139437170354,G2M
ATCGTCCCAGGCAATG-1,0.0871065353814992,0.046482684830406185,S
ATCGTCCCATAAGCGG-1,0.20053862100617248,0.08882434620808977,S
ATCGTCCCATATCTGG-1,0.06835518871198398,0.12251152021796019,G2M
ATCGTCCGTACAAACA-1,-0.024588110639243488,-0.08586182000122683,G1
ATCGTCCGTAGTGGCA-1,0.2849139073815148,-0.10416866240929035,S
ATCGTCCGTCGAGTGA-1,-0.010270209065361913,0.1766603855438889,G2M
ATCGTCCGTCTTCTAT-1,-0.0361101605742159,-0.1485233008023017,G1
ATCGTCCGTTCGGCTG-1,-0.015736992483931678,0.09432790782194794,G2M
ATCGTCCTCTCTCTTC-1,0.058949299033967784,-0.16506254499901823,S
ATCGTGAAGCTGACTT-1,-0.008443744077935633,0.011142094498221011,G2M
ATCGTGACAACTGCTA-1,0.14222629470665882,0.06836666380317019,S
ATCGTGACACAAATCC-1,0.09418926703399466,0.0214225612610896,S
ATCGTGACAGCGTGAA-1,-0.02016227629701406,0.018176450415087197,G2M
ATCGTGACAGTGTATC-1,0.005561867045208557,0.08542554760414123,G2M
ATCGTGACATCCTATT-1,-0.050559419806831485,0.029495848855589535,G2M
ATCGTGAGTCAGCGTC-1,-0.053809041153475456,0.028975745892255655,G2M
ATCGTGAGTGCCGTAC-1,0.25686965876522977,0.007132732167689171,S
ATCGTGATCCGCGAGT-1,0.09553564637992429,0.21094069155972517,G2M
ATCGTGATCGGAGTGA-1,0.2770404282307657,-0.08095621557640675,S
ATCTCTAAGTCTAGCT-1,0.031261299561471945,0.11233206619702385,G2M
ATCTCTACACGAGAAC-1,0.08409395243147255,0.059573805913175404,S
ATCTCTACACTCACTC-1,0.06676192783840795,-0.05977280814366781,S
ATCTCTACACTCCTGT-1,-0.08920881384974633,-0.06573772920812262,G1
ATCTCTACAGCATCTA-1,-0.0511446512187102,0.11685984592913334,G2M
ATCTCTACATCCCGTT-1,0.04428867660107594,0.15236462202337692,G2M
ATCTCTAGTCAACACT-1,0.037138559121637826,-0.10234844835342502,S
ATCTCTAGTCCTTGTC-1,0.08339314315710833,-0.059903235420218914,S
ATCTCTAGTGCATTTG-1,-0.03211569768108136,-0.0674399660312244,G1
ATCTCTATCGATGCTA-1,0.016009504206431546,0.02085501037120957,G2M
ATCTCTATCGTACACA-1,-0.022264438258216557,0.05926940661731045,G2M
ATCTTCAAGTAGTCTC-1,0.006844860646238793,0.03240362957352699,G2M
ATCTTCACAACGAGGT-1,-0.03554961518820682,-0.021733036795662075,G1
ATCTTCACACATTCTT-1,-0.00698507234764989,0.0012206537156583264,G2M
ATCTTCACACCATTCC-1,0.0641879223649105,-0.10025862170732294,S
ATCTTCACACTACACA-1,-0.010405564178315063,0.0032112792648483768,G2M
ATCTTCACACTTGGCG-1,0.0039205940804502015,0.15209522502071735,G2M
ATCTTCAGTCGTGTTA-1,-0.008025640964333558,0.019108496763693805,G2M
ATCTTCAGTTCCCACT-1,0.11687623748013942,-0.030452563727890125,S
ATCTTCAGTTCTTAGG-1,0.08090420223818556,0.12560187508459175,G2M
ATCTTCATCCAACCGG-1,-0.014397619081267687,0.1970717234358758,G2M
ATCTTCATCCTAAACG-1,0.02122873156775862,0.0516764823795387,G2M
ATCTTCATCCTAGCGG-1,-0.08075274435297947,0.18410319146369464,G2M
ATCTTCATCGACTCCT-1,-0.10260630759464473,-0.10943055509892521,G1
ATCTTCATCTGGGCGT-1,0.006336754311160986,0.19119442604533504,G2M
ATGAAAGAGCAACAGC-1,0.07703103149314205,0.04736890968956131,S
ATGAAAGAGCCAAGCA-1,-0.011047093682922116,-0.06277839863216667,G1
ATGAAAGAGGCTCCCA-1,0.17314402577161214,-0.19146450312039454,S
ATGAAAGCAAGATTGA-1,0.08336207164187681,0.09523755884668633,G2M
ATGAAAGCATGTGCCG-1,0.03291645690170353,-0.055620321970407616,S
ATGAAAGGTGCTTCAA-1,0.11397492009220533,0.008752943716051953,S
ATGAAAGGTGGAAATT-1,-0.03476507415879876,-0.005566321809990171,G1
ATGAAAGTCACAACCA-1,-0.005789399657714356,-0.10333184673762955,G1
ATGAAAGTCAGGTAAA-1,0.01531959995038773,0.08052978411994918,G2M
ATGAAAGTCATTTGTC-1,0.023499838351700386,0.11574784289325163,G2M
ATGAAAGTCGTTCCTG-1,-0.0485057311815289,0.07200946871396435,G2M
ATGAAAGTCTAGGCAT-1,-0.04273468445256495,-0.0026954555761297128,G1
ATGACCAAGCGCTGAA-1,0.06731622261633863,0.18091559349181702,G2M
ATGACCACAAAGCTAA-1,0.2304746934811378,0.08879177949934453,S
ATGACCACAAGTGACG-1,0.11755060242689908,-0.1250451770398916,S
ATGACCACAGCTGAGA-1,0.21377335763287086,0.10822479086680037,S
ATGACCAGTAGTCGTT-1,0.023021033199611574,-0.005138327143123733,S
ATGACCATCAAGCCAT-1,0.014886965544398889,0.12774340456644942,G2M
ATGACCATCCTACGGG-1,0.0245548450140754,-0.021581129285859868,S
ATGACCATCTCTTAAC-1,0.3686730657032282,0.15366389457584445,S
ATGAGGGCAATAGGAT-1,0.01850618123417941,-0.03424613967194279,S
ATGAGGGCACTGTCGG-1,0.08434381773019506,-0.03148310389811276,S
ATGAGGGGTCCACATA-1,0.05266451150447721,-0.08272197000507181,S
ATGAGGGGTCTACATG-1,0.06367769718242017,-0.023367166326400735,S
ATGAGGGGTGTCTTGA-1,0.017641560673557155,-0.025134499602513516,S
ATGAGGGTCCACTTTA-1,0.15391188945010248,-0.104453385190457,S
ATGAGGGTCGAGATAA-1,-0.025554146609711725,-0.04305853741446786,G1
ATGAGGGTCTAAGAAG-1,-0.02842997303640943,0.12659487535086777,G2M
ATGAGGGTCTGCGGCA-1,0.045819717169736984,0.10984278534829728,G2M
ATGAGTCAGCGTCAAG-1,0.142774423459599,-0.04043446121963437,S
ATGAGTCAGGCGCTTC-1,0.1877063801067242,0.02421041162767873,S
ATGAGTCAGTCATGCT-1,0.1452967778187948,0.06950224302151292,S
ATGAGTCCAAACGAGC-1,0.009568643429316626,-0.09829617138802749,S
ATGAGTCCACCAAAGG-1,-0.07961576772737489,-0.09740021665131521,G1
ATGAGTCCACCAGCCA-1,-0.036304148191004804,0.05345323299290633,G2M
ATGAGTCCATGAAAGT-1,0.03358104194945122,0.0968873065716429,G2M
ATGAGTCCATTCTCCG-1,0.010113796089354143,-0.05762788770670785,S
ATGAGTCGTAGGCTGA-1,0.18234851658876766,-0.07191866526207841,S
ATGAGTCGTATACCCA-1,0.2044299682872744,-0.08435440063476562,S
ATGAGTCGTATCGTTG-1,0.005615167488664918,0.16786019860154106,G2M
ATGAGTCGTTGCCTAA-1,0.09648330778315295,0.06861190984653226,S
ATGAGTCTCGAAGTGG-1,0.2155287077877901,-0.132724541995709,S
ATGAGTCTCGGCTATA-1,0.030953116974625217,-0.18361326238747494,S
ATGAGTCTCGTTGTAG-1,0.12500179702108077,-0.06490243110028793,S
ATGAGTCTCTTGAACG-1,-0.02704446321359777,0.051319720438899874,G2M
ATGATCGAGAGTGAAG-1,0.06426712785719635,-0.05236025921551507,S
ATGATCGAGATCCGAG-1,-0.019896526746035703,0.006108087191956935,G2M
ATGATCGCAAATCAAG-1,0.11282694967709778,-0.01702874980835345,S
ATGATCGCAAATGAAC-1,0.030539511587253765,0.2091475087316929,G2M
ATGATCGCAAGCGATG-1,-0.010109708262622086,0.05124270385883323,G2M
ATGATCGCAAGTGATA-1,0.06411450083662829,0.020447064485429933,S
ATGATCGCAATCCTTT-1,0.04596028013732145,-0.11205401204234627,S
ATGATCGCACAAGTTC-1,0.013063709335486506,0.10145692167451431,G2M
ATGATCGCACCTGCAG-1,0.14964690237279538,0.043828818040964196,S
ATGATCGCAGCGTTGC-1,0.03384580163194234,0.05230957846226558,G2M
ATGATCGGTCTATGAC-1,0.015869017938462737,0.007025760464840852,S
ATGATCGGTTCGTAAC-1,0.06795815660055693,0.2212294572414631,G2M
ATGATCGGTTGCAAGG-1,0.25899739943235733,0.014282379571079362,S
ATGATCGTCACACCCT-1,0.18731680612960522,0.04269123829944346,S
ATGATCGTCCCTCGTA-1,0.038969629699261654,-0.0703212375578568,S
ATGATCGTCTGTAACG-1,0.005649756921278726,0.1662044135608416,G2M
ATGCATGAGTTTCGGT-1,0.02808660084656245,-0.014276100760239385,S
ATGCATGCACCAGTAT-1,-0.0736281856244273,0.12900105838436987,G2M
ATGCATGCACGAGGTA-1,0.05806323657843576,-0.028995570573294493,S
ATGCATGCAGGTGACA-1,0.09872432380508583,0.20204037439660844,G2M
ATGCATGGTGATGTAA-1,-0.04652482531795571,0.028730761545687766,G2M
ATGCATGTCACCGGGT-1,-0.05451435673555838,0.13497886739138476,G2M
ATGCATGTCACTTGGA-1,-0.004306878986711338,-0.09998661621834953,G1
ATGCATGTCCAATCTT-1,0.18880296338067215,0.027685283161120233,S
ATGCATGTCGGTCGGT-1,-0.05604831221809231,-0.03840798370310994,G1
ATGCATGTCGTACACA-1,0.016071395458498783,0.06175885339753412,G2M
ATGCATGTCTCACGAA-1,-0.04694606096211329,0.053169800930554345,G2M
ATGCCTCAGAATAACC-1,0.15521582056805588,-0.0011066008553283213,S
ATGCCTCAGACAGCGT-1,-0.03384390200254278,-0.013287523956264258,G1
ATGCCTCAGCTGTACT-1,-0.07351831962502181,-0.02408793885419247,G1
ATGCCTCAGGGTCTTT-1,0.0892832139345544,0.06625338304837394,S
ATGCCTCCACGGTGCT-1,0.00955167298239662,-0.07245012642144347,S
ATGCCTCCAGTTACCA-1,0.030676015018274883,0.17440364433365796,G2M
ATGCCTCCATCTTCGC-1,0.03986227017332988,0.03194362844803528,S
ATGCCTCGTAACCCTA-1,-0.03678782746406545,0.11947352225943714,G2M
ATGCCTCGTACGGGAT-1,0.03253512205642445,0.1679117026896076,G2M
ATGCCTCGTAGAATGT-1,0.08940889898333054,0.15002950032552081,G2M
ATGCCTCGTCAACCTA-1,0.02176517832870206,0.07526145495370967,G2M
ATGCCTCGTCGCAGTC-1,0.08724032242254548,0.05220837832260539,S
ATGCCTCGTTCTCCCA-1,0.024257439913961287,0.0662046251265846,G2M
ATGCCTCTCAATCTCT-1,-0.019972286709280918,0.1790248310383593,G2M
ATGCCTCTCACCCATC-1,0.055977161253004004,-0.13786746790868562,S
ATGCCTCTCGGCATAT-1,-0.02340456170317018,-0.17404527689783666,G1
ATGCCTCTCTCCCTAG-1,0.1020101493822474,0.07313895454528874,S
ATGCCTCTCTGTACAG-1,-0.048072338484050736,-0.025629325724331242,G1
ATGCCTCTCTTCGCTG-1,0.07531156386558824,0.0437238566228772,S
ATGCGATAGGACGCAT-1,-0.02240236083742614,-0.028224782344459964,G1
ATGCGATAGTCGGCCT-1,0.058573138127965385,0.009197865677953165,S
ATGCGATAGTCTCGTA-1,0.09970914879992432,-0.06144273033202541,S
ATGCGATCAAACACGG-1,-0.036908673251598856,0.19589068497072726,G2M
ATGCGATCAAAGCTAA-1,0.09132479449081987,0.09252725326514893,G2M
ATGCGATGTCACAGAG-1,0.08838763124187848,0.026522668582078246,S
ATGCGATGTGAATATG-1,0.0331588210354985,0.12411627543242051,G2M
ATGCGATGTTCCGGTG-1,-0.026220763376079204,0.06896572243191557,G2M
ATGCGATGTTGGGCCT-1,-0.0523639856579563,0.016160242608646735,G2M
ATGCGATTCATGCGGC-1,-0.05920641827685447,-0.01754036907668427,G1
ATGCGATTCATTGGTG-1,-0.018085153023886025,0.1080318148179858,G2M
ATGCGATTCGACATAC-1,0.07775006238717169,-0.014647572497255013,S
ATGGAGGAGACCACGA-1,0.11606315269697681,-0.015412483389282527,S
ATGGAGGAGGAAGTCC-1,0.08762818843718462,-0.09093585680073998,S
ATGGAGGAGTCGCCAC-1,-0.03837195861979331,-0.14603400630586374,G1
ATGGAGGAGTGCGCTC-1,-0.028678481187168203,0.2025010809160166,G2M
ATGGAGGCAAAGCTCT-1,-0.08371012677849293,0.16026059367794654,G2M
ATGGAGGCAAATACAG-1,-0.011223958644292487,0.0396938331068335,G2M
ATGGAGGGTACTCGCG-1,0.10564627548959149,0.034455464321985374,S
ATGGAGGTCCTCTCTT-1,-0.013418684189890229,0.02534990682935334,G2M
ATGGAGGTCCTTCTGG-1,0.03133416448376386,0.13804121200350805,G2M
ATGGAGGTCGCGGTAC-1,0.0658330506555585,0.14685385571326176,G2M
ATGGAGGTCTCTAGGA-1,-0.05811187871097373,-0.06982420215685026,G1
ATGGAGGTCTTCCAGC-1,0.10401611146640893,0.10068006026035858,S
ATGGATCAGAACGCGT-1,-0.02527431935342045,-0.03226191050438587,G1
ATGGATCAGCAAATGT-1,0.03437536320634904,-0.027780769273876293,S
ATGGATCAGCACCGTC-1,0.050280042811774284,-0.03648468562993104,S
ATGGATCCACATGACT-1,0.13365097670827852,-0.21352110131584706,S
ATGGATCCATTGCTGA-1,0.031169546660808733,-0.032082288332541564,S
ATGGATCGTCACGTGC-1,0.014066251284585551,0.15361126184517476,G2M
ATGGATCGTGGACTAG-1,-0.05126129527976098,-0.04568403195349424,G1
ATGGATCTCGACGTCG-1,0.2077928090242822,-0.0633497688148128,S
ATGGATCTCTAGTACG-1,-0.054377111149530144,0.1072846212769838,G2M
ATGGGAGAGACTGAGC-1,0.08731477508436519,0.106943634394428,G2M
ATGGGAGAGGGTGAAA-1,0.04591383704189034,0.05272254254214148,G2M
ATGGGAGAGTGGGAAA-1,0.04148502755113265,0.04357970206180273,G2M
ATGGGAGCACCTGAAT-1,0.08195002748848523,0.19382437408704867,G2M
ATGGGAGCAGCTGTTA-1,0.05495227491565896,0.13648502802248164,G2M
ATGGGAGGTGTTCCTC-1,0.22016100275491624,-0.11654394835157547,S
ATGGGAGTCAACACCA-1,0.10046215922502011,-0.10626262898456079,S
ATGGGAGTCCGTATGA-1,0.10660585025651603,0.07939645133032835,S
ATGGGAGTCGCCGAGT-1,0.28992117264503126,-0.044155742198297265,S
ATGGGAGTCTAGAACC-1,0.06672969790440964,0.16582191120371126,G2M
ATGGGTTAGCCTTTCC-1,0.04125142606100818,-0.08059800910647452,S
ATGGGTTAGTACGTCT-1,0.1281982332200503,0.09912450749755142,S
ATGGGTTCACATAACC-1,0.10642091130562614,-0.005209714142464517,S
ATGGGTTCAGACCCGT-1,-0.012695346456414403,0.06378136145020319,G2M
ATGGGTTCATGCCGGT-1,0.13961572741326855,0.027861752634519454,S
ATGGGTTGTAATTGGA-1,-0.05030641368348371,-0.013787417912837163,G1
ATGGGTTGTACGAGCA-1,0.03249537145411663,-0.053687744193673725,S
ATGGGTTTCCACTTTA-1,-0.058952487282605825,-0.08478536020139954,G1
ATGGGTTTCGCTAATG-1,0.0666617493125139,-0.17309471672701843,S
ATGGGTTTCTACGGTA-1,0.06032219575279979,-0.03424456714716362,S
ATGGGTTTCTTAAGGC-1,0.007721503091480009,0.09040445535204006,G2M
ATGGTTGAGATGAAGG-1,0.004317710959733989,-0.09517892396047936,S
ATGGTTGAGATTGATG-1,0.006521098675790649,0.07382376604742386,G2M
ATGGTTGAGGCGATAC-1,0.014997312969389831,-0.05491589918500844,S
ATGGTTGAGTTGTACC-1,-0.08286630556873031,-0.15605461757436984,G1
ATGGTTGCACAGTGTT-1,0.061764294289260446,0.15828589508509655,G2M
ATGGTTGCACCCTATC-1,0.011855827323166757,0.06705907743500922,G2M
ATGGTTGCACGGGCTT-1,0.008349190286329189,0.024477309911719314,G2M
ATGGTTGCAGTCAGAG-1,0.09061106404116104,-0.12916587005977448,S
ATGGTTGCATTGTGCA-1,0.130250567530512,0.05764327933349489,S
ATGGTTGGTCCACATA-1,-0.03523063056089626,0.12394442511562515,G2M
ATGGTTGGTGCGCTCA-1,0.06078602263604782,0.04342912576673627,S
ATGGTTGGTGTTAACC-1,-0.06055519768843398,0.0023724135681411074,G2M
ATGGTTGGTTCTCTAT-1,-0.15297780402255406,-0.10062971920404384,G1
ATGGTTGTCAACTCTT-1,-0.01134421419789916,0.20623962148450053,G2M
ATGGTTGTCGCAACAT-1,-0.06252453870348146,-0.06830253892842242,G1
ATGGTTGTCGCCACTT-1,0.021816964611705236,0.03573279570324184,G2M
ATGGTTGTCGCTTGCT-1,0.0961082665765719,0.009221962169774167,S
ATGTCCCAGCGCATCC-1,0.013344006972290101,0.026038677432335733,G2M
ATGTCCCAGGAGGTTC-1,0.01307353932739519,0.31685355246203906,G2M
ATGTCCCCAAGATGGC-1,0.021995983198097424,0.041462711596881446,G2M
ATGTCCCCAAGTAGTA-1,0.0067108237976648555,0.22246150526946912,G2M
ATGTCCCCACAGCTTA-1,0.09413993719168001,-0.03833151173612431,S
ATGTCCCGTACGTGTT-1,-0.06810966503031707,0.3122145426789569,G2M
ATGTCCCGTGCGAACA-1,0.05156634825129447,-0.09224831544814349,S
ATGTCCCTCGCAAGAG-1,0.02861138881426889,-0.13996270567960384,S
ATGTCTTAGAGCTGAC-1,0.06596835370474685,0.11136680782652814,G2M
ATGTCTTAGAGTACCG-1,0.03924517848839498,0.13092142505250354,G2M
ATGTCTTCAAAGAGTT-1,0.10924052869819623,-0.13015159032835288,S
ATGTCTTCATAGGTAA-1,-0.022576844292154286,0.12486460699208063,G2M
ATGTCTTCATGTCTAG-1,0.06832245045826313,-0.018660963477988457,S
ATGTCTTGTTTAAGGA-1,-0.0649263107145091,-0.16931024761550933,G1
ATGTCTTTCAGGTAAA-1,0.033962536886701145,0.06314307507342576,G2M
ATGTCTTTCATCGCCT-1,0.028724244990071812,0.07712511955999718,G2M
ATGTCTTTCCACATAG-1,-0.0314693932558619,-0.021363674455092907,G1
ATGTCTTTCGATCCAA-1,0.02714004969901218,0.13081616915227262,G2M
ATTACCTAGCAGAAAG-1,0.06742752086199327,-0.06361870765531824,S
ATTACCTAGCGGCTCT-1,0.033904112802163544,-0.09272181466913348,S
ATTACCTAGGGTGGGA-1,0.011137740803419838,-0.06175228294204038,S
ATTACCTAGTAAGACT-1,-0.09879286230243017,0.3409251418514196,G2M
ATTACCTAGTACCATC-1,0.007181197206619805,-0.00032330277951425623,S
ATTACCTAGTCCCGGT-1,0.27314867905681695,0.20286644807026416,S
ATTACCTCAAAGACTA-1,0.08946398466371902,0.051032023351068545,S
ATTACCTCAAGTTGGG-1,0.09696244592982584,0.045177613218852886,S
ATTACCTCACGGCTAC-1,0.03172802941020525,-0.052936452884907836,S
ATTACCTCATAACTCG-1,0.09315329095050756,-0.0987327476741541,S
ATTACCTGTACCCGAC-1,0.00825568824025541,0.10199273788799063,G2M
ATTACCTGTACCGGAA-1,0.17370798486535466,0.10795671329712336,S
ATTACCTGTACGATCT-1,-0.022207262595420996,-0.020950885991191825,G1
ATTACCTGTCCCTAAA-1,0.06162691702460965,-0.013142313632907743,S
ATTACCTGTCGATTCA-1,-0.05936156189064701,0.2763976050874348,G2M
ATTACCTTCACTTTGT-1,0.04591255228226837,0.2608828698982339,G2M
ATTACCTTCCTAACAG-1,0.043933978653635686,-0.07456811093323323,S
ATTACTCAGGTAAACT-1,-0.06821090039315292,-0.06949623778174707,G1
ATTACTCCAACACGAG-1,0.06367589457721334,0.024956152589550695,S
ATTACTCCAAGTGCAG-1,0.05976484961944217,0.15569018697697007,G2M
ATTACTCCACAGTATC-1,0.041011792482802234,0.13741529538804848,G2M
ATTACTCCACGCGGTT-1,0.002160395774852053,0.20306625457504102,G2M
ATTACTCCACTGCTTC-1,0.006336348763996136,0.061811274241700964,G2M
ATTACTCCAGCCTTCT-1,0.07542543807686786,-0.01386404513988898,S
ATTACTCCAGGGTTGA-1,-0.08781849434924272,-0.036776840970161595,G1
ATTACTCCATCGTCCT-1,0.3099629780711022,0.01087006899260412,S
ATTACTCGTAAGCAAT-1,-0.02382656512361958,-0.13124931801229417,G1
ATTACTCGTGGAGAAA-1,0.020890774871705986,0.16476169942841834,G2M
ATTACTCGTGTAACGG-1,0.07992978437112186,0.10980211717299576,G2M
ATTACTCTCGTTAGTG-1,-0.09592080039798184,0.23501888847702673,G2M
ATTATCCAGACTAAGT-1,0.00272491447194656,-0.05555231257145937,S
ATTATCCAGCCGTTGC-1,-0.059312861904919245,0.19348346134934763,G2M
ATTATCCAGTATGTAG-1,0.15303932859051117,0.03670928606313556,S
ATTATCCAGTTGGAGC-1,0.02439104428017347,0.07077745029455257,G2M
ATTATCCCAACGATTC-1,-0.03911842584502201,-0.11043335096766924,G1
ATTATCCCATACAGGG-1,0.2037786677936213,-0.01938105833907855,S
ATTATCCCATGAATCC-1,-0.02386135845895887,-0.09832211496265497,G1
ATTATCCGTAGTGTGG-1,0.06616007400206225,0.22808105596066958,G2M
ATTATCCGTGGTTTAC-1,-0.047776994419219065,0.056226987108708215,G2M
ATTATCCTCAAACCCA-1,-0.010071133118878028,0.0987290311478839,G2M
ATTATCCTCATGCTAG-1,-0.05832955435531406,0.1984624232563001,G2M
ATTATCCTCCGGACGT-1,0.10764625196531019,0.02163874637663843,S
ATTATCCTCGCCAACG-1,0.013558905376104047,0.05010381362859273,G2M
ATTCACTAGGCACTCC-1,0.03077548230715471,-0.013678137017215486,S
ATTCACTAGGCTTCCG-1,-0.017242082016841687,0.0034710661505462648,G2M
ATTCACTAGTATGACA-1,0.1056257000786161,-0.07318850825973389,S
ATTCACTAGTTGCTGT-1,-0.003867548392221476,0.2135230344717624,G2M
ATTCACTCAAGTTCCA-1,0.3251969786225931,-0.020668314397768783,S
ATTCACTCACACACTA-1,0.053119121212606535,0.11612586824587301,G2M
ATTCACTCAGATGCGA-1,0.07412237401768523,0.16369315742933593,G2M
ATTCACTCATACACCA-1,0.022470014907724933,0.16961239480767187,G2M
ATTCACTGTCCTGGGT-1,0.024279848560718187,0.021208909685100308,S
ATTCACTGTTCGGCTG-1,0.025868872437485257,-0.07190410443394146,S
ATTCACTTCAAATGCC-1,0.27014992137675137,-0.11456705249260701,S
ATTCACTTCAGTGTTG-1,0.14542125107112736,-0.033438875412964864,S
ATTCACTTCATTGTGG-1,-0.11600469711960998,0.06430395252240984,G2M
ATTCACTTCGGTATGT-1,0.03356209500927693,0.052283495326295226,G2M
ATTCACTTCTACACTT-1,0.02920423134908945,-0.008343741346394817,S
ATTCAGGAGACTCAAA-1,0.06367400935978651,-0.05651339073276146,S
ATTCAGGAGTCTGGTT-1,-0.041716477551342335,-0.10951493458075345,G1
ATTCAGGAGTCTTCGA-1,0.06707383125992844,0.04267221197097021,S
ATTCAGGAGTTAACAG-1,-0.017507728466784278,-0.005644438873653235,G1
ATTCAGGCACTCGATA-1,0.030954859755774333,-0.02451371557518789,S
ATTCAGGTCGATACAC-1,0.008199704500983895,-0.019114567204051636,S
ATTCAGGTCTCTCTTC-1,-0.05539821633542641,0.08548406695514599,G2M
ATTCAGGTCTGGACTA-1,0.06243629743805862,-0.04373478864020447,S
ATTCAGGTCTTTCTAG-1,0.2242706862906989,0.28293694805533753,G2M
ATTCATCAGAGCCATG-1,0.1231664377113611,-0.08124192316717727,S
ATTCATCAGCAGATAT-1,0.01308066216777315,0.127163395552103,G2M
ATTCATCAGGATTACA-1,-0.012479950490532798,0.00846742122525912,G2M
ATTCATCAGTAGCTCT-1,-0.024428678703952766,-0.09996920445269078,G1
ATTCATCCAAGCCCAC-1,0.046270544084027476,0.263822056143702,G2M
ATTCATCCACAAGCCC-1,0.0015829364401407364,0.1760236399551786,G2M
ATTCATCCACAGACGA-1,0.10590059646935901,-0.007561883790377144,S
ATTCATCCATGACACT-1,0.009970771466492612,0.04373180221252154,G2M
ATTCATCGTACAAGTA-1,0.026702591880844506,-0.07210929893182025,S
ATTCATCGTATGGAAT-1,0.07654490994500712,0.22153160603742456,G2M
ATTCATCGTTGCCGCA-1,0.06576260160692077,0.1891730436435674,G2M
ATTCATCTCACAGTGT-1,0.10348356217918997,-0.03075445616277267,S
ATTCATCTCCCTCGTA-1,0.06359055578455874,-0.04973366228067061,S
ATTCATCTCGCGATCG-1,-0.1040090078625246,0.051728259483518224,G2M
ATTCATCTCTGGACTA-1,0.016540510550311582,0.3021863283706526,G2M
ATTCATCTCTTTCTAG-1,-0.02180453019976386,-0.018969854736870906,G1
ATTCCATAGCAAGTCG-1,0.06832954825219262,-0.0019482388108865711,S
ATTCCATAGCGAATGC-1,0.09851848622085718,-0.09855109305736615,S
ATTCCATAGGGCAGTT-1,0.028561409242447877,0.03233808000107552,G2M
ATTCCATAGTCGGGAT-1,0.009753421959757813,0.028585755891739173,G2M
ATTCCATAGTTATGGA-1,0.15396865246239633,0.1089072546541473,S
ATTCCATCACAATTCG-1,0.01554971099210356,0.002023137605405012,S
ATTCCATCACTTGACA-1,-0.053804480236287366,0.1947154932776805,G2M
ATTCCATCATAGAGGC-1,-0.09468122604698925,0.19545939674869678,G2M
ATTCCATCATCCTGTC-1,-0.04338181261851748,0.08029653871742959,G2M
ATTCCATCATTCTCCG-1,0.16439011230757805,0.04289136349755851,S
ATTCCATGTAGCTCGC-1,-0.004488256127344714,0.03745624560371594,G2M
ATTCCATGTATGATCC-1,0.10076302254163799,0.0004933272021534485,S
ATTCCATGTGATAGAT-1,-0.025805988812285907,-0.020723351130398138,G1
ATTCCATGTTACGATC-1,0.060384139561348804,0.06256523013889842,G2M
ATTCCATTCCGAGAAG-1,0.354980467600327,-0.016553918879151086,S
ATTCCCGAGCGGCTCT-1,0.10645807822307568,0.05136851173204232,S
ATTCCCGAGGGATCTG-1,0.07305453413000323,0.01728278614988088,S
ATTCCCGCACTAGAGG-1,-0.08606441667707987,-0.06892352376987032,G1
ATTCCCGGTCGCAGTC-1,0.21454714942465525,0.1119207320085785,S
ATTCCCGTCCCAGCGA-1,0.04189108972839117,-0.11573124468540535,S
ATTCCCGTCGGCTATA-1,0.024125520229349884,-0.040930511703089034,S
ATTCCTAAGACCATTC-1,0.03232322454560299,-0.06368288631901226,S
ATTCCTAAGCTAGAGC-1,-0.04405797668040523,0.16348155112868124,G2M
ATTCCTAAGGTCCTGC-1,0.10619472401587565,-0.13495094358780335,S
ATTCCTAAGTAGGGTC-1,0.12153362094081854,0.039916313102053236,S
ATTCCTACAACCAATC-1,0.06877863895489433,-0.21236266977577828,S
ATTCCTACAATGGCAG-1,-0.04772844935193338,0.1149663427067984,G2M
ATTCCTACACCCAATA-1,-0.0476492086303808,0.22940179758148083,G2M
ATTCCTACATGTCGTA-1,0.026771855000681966,-0.0009285636377043271,S
ATTCCTAGTCAAAGCG-1,-0.010606154613730157,-0.1127411916151781,G1
ATTCCTAGTGGTTTGT-1,0.05647753000110556,-0.10332537013521123,S
ATTCCTATCATACGAC-1,0.3028190132722355,-0.020223703757899503,S
ATTCGTTCAATCGAAA-1,-0.001461653817912023,0.03710290379498171,G2M
ATTCGTTCACATACTG-1,-0.02129910572340976,0.022252866928136605,G2M
ATTCGTTCACCACATA-1,0.04093927931940067,0.1162392264145597,G2M
ATTCGTTCACTGAGTT-1,0.03754063558776605,-0.05802714032415299,S
ATTCGTTGTATCTCGA-1,0.09571756542715698,-0.023773917968035463,S
ATTCGTTGTGTCTCCT-1,0.018913213612304358,0.42373393265944487,G2M
ATTCGTTTCACACCCT-1,0.2450202111009402,0.07827920063374472,S
ATTCGTTTCACCTTAT-1,-0.019517060365804806,0.2791387884233097,G2M
ATTCGTTTCATTTGTC-1,0.10575982697122499,0.17390213488900208,G2M
ATTCGTTTCCAATCTT-1,0.02339640670276094,0.04421970024712163,G2M
ATTCGTTTCCCATACC-1,0.15924202663183568,-0.06351604107292058,S
ATTCGTTTCGACCCAG-1,-0.05703686461716484,0.11397908441053739,G2M
ATTCTACAGCGATTCT-1,-0.04691216572671675,-0.04217271341250012,G1
ATTCTACAGCTAAATG-1,-0.034556241265704,0.12321453551565092,G2M
ATTCTACAGCTACTGT-1,-0.036364274407537645,0.09743391447004651,G2M
ATTCTACAGCTTACGT-1,-0.038446515039604945,0.2441798608903955,G2M
ATTCTACAGGGCAGAG-1,0.040546298080929466,0.1470481099897652,G2M
ATTCTACAGTGATAAC-1,0.022392283090977294,0.03837081779271978,G2M
ATTCTACCAAGATTGA-1,0.027013936438088415,-0.14638273221185533,S
ATTCTACCACTACCCT-1,0.07762967991787345,0.042552627423329215,S
ATTCTACCAGAGGAAA-1,0.01721891011036547,0.004066772901365312,S
ATTCTACGTCGTACAT-1,0.04256494984550707,-0.01033097640311692,S
ATTCTACGTCTCCTGT-1,0.03910621832926697,0.016984068897469756,S
ATTCTACTCGAGAATA-1,0.08923388187501324,0.04061974699124571,S
ATTCTTGAGCCTCTGG-1,0.05333755030338544,0.23839182557766997,G2M
ATTCTTGAGGCACCAA-1,0.023394964520052075,0.0789203251484954,G2M
ATTCTTGAGTCATCCA-1,-0.08220843184000193,-0.008426497768358798,G1
ATTCTTGAGTCGGCCT-1,-0.15585697829714373,0.23856686412322364,G2M
ATTCTTGCAAATAAGC-1,0.12314628969133834,0.10932901119114852,S
ATTCTTGCATTCTCTA-1,0.11445488871341042,-0.1457904146581282,S
ATTCTTGGTCCGAAGA-1,0.14842884308518944,-0.14711211408612213,S
ATTCTTGGTCTCTCCA-1,-0.0827254399907778,0.07570910260261043,G2M
ATTCTTGGTGCTAGCC-1,0.10734664162806673,0.00929314961952643,S
ATTCTTGGTTAACCTG-1,0.08802376485724439,0.07455406477031795,S
ATTCTTGTCATTCGTT-1,0.14289354666738086,-0.08931650357776733,S
ATTCTTGTCCAACACA-1,0.016517517459053055,0.2234852183455387,G2M
ATTCTTGTCTCTGCTG-1,0.02583203017949015,0.06210385264556462,G2M
ATTGGGTAGATTACCC-1,0.0700009117531315,0.07253561701203548,G2M
ATTGGGTCAGACCTGC-1,0.046883455434610366,-0.07884955283590878,S
ATTGGGTGTCACTCAA-1,-0.035718647796694536,-0.06005888928078168,G1
ATTGGGTTCGATGCTA-1,0.11212587581369521,0.1179032608105755,G2M
ATTGGGTTCTGACGCG-1,-0.09338534415952537,-0.001495062219638188,G1
ATTGTTCGTCACGCTG-1,0.06183352538249198,0.13149237824744697,G2M
ATTGTTCGTGCATACT-1,0.03473343852364258,0.08055894855447329,G2M
ATTGTTCGTGCCTGAC-1,-0.002555070728069264,0.08720606745324544,G2M
ATTGTTCGTGTTTCTT-1,0.010267138740329806,-0.16676273205923287,S
ATTGTTCGTTATAGCC-1,0.0694050944393203,0.09289817307946185,G2M
ATTGTTCGTTGAAGTA-1,0.12244465100999524,-0.10811205617491931,S
ATTTACCAGGACTAAT-1,0.056945480433069406,0.12773719252915794,G2M
ATTTACCAGTACCATC-1,0.007128440065794384,-0.130362032533197,S
ATTTACCCAAAGAACT-1,-0.026548982834201595,-0.04583740237459233,G1
ATTTACCCAACAAGAT-1,0.0010515842089146576,0.1487668945318915,G2M
ATTTACCCAAGCTGTT-1,-0.004358433446358001,0.010304511593860921,G2M
ATTTACCCAATAGGAT-1,0.0830526770122279,0.10904781396081897,G2M
ATTTACCGTTAGAAAC-1,0.04215785152542145,0.04872974643600564,G2M
ATTTACCGTTCCTAGA-1,-0.020322481305304674,-0.03895481326502093,G1
ATTTACCTCCCTCGAT-1,-0.02339229075009913,0.2923145980121887,G2M
ATTTACCTCCTCGCAT-1,-0.0019158362582679667,-0.18733761615993128,G1
ATTTACCTCCTTATGT-1,0.11948200800912956,-0.03202989925592892,S
ATTTCACAGAACGTGC-1,0.0355733418940441,-0.09498921663878881,S
ATTTCACAGAGCAGCT-1,0.12567685275709833,-0.08510033175475015,S
ATTTCACAGCGTATAA-1,0.09099335804223335,-0.19028926018289002,S
ATTTCACAGGGATCTG-1,-0.02382592746568002,0.08216751035467812,G2M
ATTTCACAGTTACGGG-1,-0.06297163152079832,0.08431620968100995,G2M
ATTTCACCAAGGTCAG-1,-0.09344310024296704,-0.021297192797924996,G1
ATTTCACCAGCAGTTT-1,-0.0027648474616701613,0.09494444502074284,G2M
ATTTCACCATCTATCT-1,0.1212119837714466,0.04098630169686218,S
ATTTCACGTCGTTGGC-1,-0.014512245260834888,0.16590234757641736,G2M
ATTTCACGTGGCCCAT-1,-0.07384589530730168,0.11735783006969047,G2M
ATTTCACTCGCCGATG-1,0.0936469641670643,0.031492349675153464,S
ATTTCACTCTCCAAGA-1,-0.034516535336405696,-0.11216551427649035,G1
ATTTCTGAGACTCATC-1,0.2811967130652019,0.07190243833366744,S
ATTTCTGAGTACGAGC-1,-0.02814379855844462,-0.08757665827289662,G1
ATTTCTGCAATTTCTC-1,0.03830696522138666,-0.006249880991956336,S
ATTTCTGCACAAAGTA-1,0.03941941505083779,-0.11438685575982224,S
ATTTCTGCACCAAATC-1,0.15471270081660893,0.0925826867220993,S
ATTTCTGCACCTCGTT-1,0.1970311077952993,0.19864080868332984,G2M
ATTTCTGCACTGGCCA-1,0.05696554497861761,-0.06295235250079537,S
ATTTCTGCAGGACGAT-1,0.01939718013938585,0.11919910561309388,G2M
ATTTCTGCATACAGGG-1,0.059941366394120454,0.03299349411690261,S
ATTTCTGTCAGTAGGG-1,0.06762262559143911,-0.09966708904350371,S
ATTTCTGTCGCCGATG-1,0.04471699394374057,0.17753716547736442,G2M
ATTTCTGTCGGCTGAC-1,0.25521787579748945,-0.11220078560695398,S
ATTTCTGTCGTGGCTG-1,0.11745737141624446,-0.018957689614118756,S
CAAAGAAAGTGGCGAT-1,0.043141441483996845,-0.0009736418589125218,S
CAAAGAAAGTGTAGTA-1,-0.06851165301268103,0.10712572731093811,G2M
CAAAGAACAATTCTTC-1,0.2566337433938736,0.11495837099373812,S
CAAAGAAGTTGAGGAC-1,0.03251726759305634,0.07397084855920749,G2M
CAAAGAATCTTCTGGC-1,0.051040827120666654,0.15382827671073604,G2M
CAACAACAGAGGTCGT-1,0.06203062471254234,0.004875270697560163,S
CAACAACAGCGTCAAG-1,0.07570417786564265,0.08300051065054298,G2M
CAACAACAGGATTCAA-1,0.04127729115869955,0.05254158776765855,G2M
CAACAACAGGCATCAG-1,-0.03576060646925461,0.20970661898240067,G2M
CAACAACCACTGCATA-1,0.30796747390562784,-0.0736943974323297,S
CAACAACCAGGCGTTC-1,0.04825443297960125,0.14333126533463642,G2M
CAACAACCATCCTTGC-1,0.04377630124258297,0.16961126567159213,G2M
CAACAACGTCGTCATA-1,0.21020171282671363,0.2671050868711814,G2M
CAACAACTCGCCTAGG-1,-0.045872671397369336,-0.038245989778927736,G1
CAACAACTCGTCTACC-1,-0.02557173213170799,0.08684460826333545,G2M
CAACAACTCTGCATGA-1,0.057342320508039,0.19568059885549288,G2M
CAACAGTAGACTGGGT-1,0.043273766017757176,0.10608387332673341,G2M
CAACAGTAGATTGACA-1,0.2016503905987217,-0.01750675459380896,S
CAACAGTCAATAGTCC-1,-0.03633334799746768,0.3839059493345946,G2M
CAACAGTCACAATGAA-1,0.13215705785028076,-0.11827199461620419,S
CAACAGTGTAGGAGTC-1,0.11122148678977328,0.030979650834295935,S
CAACAGTGTATAATGG-1,0.36641399718674617,-0.25788825645679947,S
CAACAGTGTCACAATC-1,0.16572166850840786,0.03824512733609242,S
CAACAGTGTCACTTCC-1,0.05776911539618057,0.005736584458444105,S
CAACAGTGTCTGTTAG-1,0.01725165374291393,-0.11080548889805625,S
CAACAGTTCATCCTGC-1,0.12655456119560599,0.10381573783499715,S
CAACAGTTCATGAGGG-1,-0.02487141405514992,-0.030056222868954208,G1
CAACAGTTCCGAGGCT-1,-0.06202523504533164,0.1308959569733948,G2M
CAACCAAAGCGTGAGT-1,-0.06954539088805833,0.1294696276818853,G2M
CAACCAAAGTATCTGC-1,-0.013712892131400145,-0.12716641635351336,G1
CAACCAACACCCTGAG-1,0.036824913124266945,-0.13344040541856894,S
CAACCAACACTTTATC-1,0.02673116470490311,-0.2090469398410943,S
CAACCAACAGCTACTA-1,0.0416794310210839,-0.2617199854957021,S
CAACCAAGTAGCTTTG-1,0.05711038419613351,0.023501914175387717,S
CAACCAATCCCAAGCG-1,-0.06024040049881252,0.1942360805418824,G2M
CAACCAATCCTTATCA-1,0.24330433542150043,0.06250580075541157,S
CAACCAATCGCGTTTC-1,-0.028564007175039763,0.13307917359798926,G2M
CAACCAATCGGAGATG-1,0.07780585704628795,0.017130035319460446,S
CAACCAATCTCCCTAG-1,0.10561804522703894,-0.11270873993273745,S
CAACCTCAGAGAGTGA-1,0.01250731541882405,0.2079999624905991,G2M
CAACCTCAGCCTATTG-1,0.05259078358832986,-0.08453833053323379,S
CAACCTCAGGTCATTC-1,0.061050691206950614,0.23235735744127067,G2M
CAACCTCCAACCAATC-1,-0.07435753380749566,-0.031864486279322146,G1
CAACCTCCAACGATCT-1,-0.01058070727847965,0.11552065500817216,G2M
CAACCTCCAATGGCCC-1,0.11294876981253227,-0.04967184642906358,S
CAACCTCCAGGCAATG-1,0.010466936537773586,0.07893190303412764,G2M
CAACCTCCATGAAGGC-1,-0.04935257319826347,0.1289503026535238,G2M
CAACCTCCATGGAACG-1,0.10634374997306478,0.004666812808272858,S
CAACCTCCATGGACAG-1,-0.04403574118262005,-0.11996087481737222,G1
CAACCTCCATTCAGCA-1,0.2777267983918852,-0.17193411235563202,S
CAACCTCCATTGTCGA-1,-0.08652560608719523,-0.08234017916405162,G1
CAACCTCGTAGGAGGG-1,-0.06234064111000703,-0.03735068273021536,G1
CAACCTCGTCAGTCCG-1,-0.020348018171343185,0.0450130397384208,G2M
CAACCTCGTGAATGAT-1,0.25663460585395226,-0.10735087115437458,S
CAACCTCGTTATGTGC-1,0.03490212335603582,0.2156947017398389,G2M
CAACCTCTCCCACAGG-1,-0.026673458550119156,0.059101275417537236,G2M
CAACCTCTCGCTACGG-1,-0.09978919921977486,-0.10965857406023544,G1
CAACCTCTCGTTGTTT-1,-0.00173098168516711,0.09218289417960054,G2M
CAACCTCTCTACCTTA-1,0.04032951749811042,-0.005088209970961044,S
CAACCTCTCTAGCCTC-1,0.08610372806322669,-0.01607816659834782,S
CAACCTCTCTTCGATT-1,0.06104771375907625,0.14283164063121778,G2M
CAACGATAGCCGATAG-1,0.127634840504519,0.041612935796414285,S
CAACGATCAAAGGAGA-1,-0.0035628514497926256,0.044385557722750046,G2M
CAACGATCAACAGCCC-1,0.03180658533722358,-0.11719160550917757,S
CAACGATCACCATTCC-1,0.05210028038988157,-0.06754524780813304,S
CAACGATCACGAGAAC-1,0.14191765652081045,-0.16224959794070376,S
CAACGATGTATTGGCT-1,0.0693119980225308,-0.12389689345998392,S
CAACGATGTCAACATC-1,0.07130639887142465,0.20335517560813843,G2M
CAACGATGTCAAGCCC-1,0.16830189987201338,-0.010094948995584108,S
CAACGATGTCCCGTGA-1,0.11978101990049611,0.007298104802586247,S
CAACGATGTTGGGACA-1,-0.026744495574397398,-0.14307504554433453,G1
CAACGATTCAAGTGGG-1,0.07106710259907673,0.17254888062597246,G2M
CAACGATTCCATCTAT-1,0.0680287220125303,-0.05014508227235476,S
CAACGATTCTTTCTAG-1,0.02974195141398428,-0.07654269059822949,S
CAACGGCAGAAATGGG-1,0.06736544295229613,0.07412878632186931,G2M
CAACGGCAGGGACAGG-1,0.03031323388393059,-0.12124401521977285,S
CAACGGCAGTGTACCT-1,0.05107751474763789,0.21849011056370216,G2M
CAACGGCCAATGAAAC-1,0.058777613965538045,0.021366024020418206,S
CAACGGCCATGAGATA-1,-0.011435189878527652,-0.018812744256838765,G1
CAACGGCGTCTGTGAT-1,0.13046058696830343,0.027892878114095743,S
CAACGGCGTGACATCT-1,0.28828510825345,-0.054771506058854,S
CAACGGCGTTACGTAC-1,-0.11591604648846543,0.14648379787914978,G2M
CAACGGCTCACGGACC-1,0.059675108892957185,-0.0889752369094167,S
CAACGGCTCCTATTGT-1,0.09477711830437252,-0.0032388282421316195,S
CAACGGCTCCTTGAAG-1,0.0746013302696592,-0.18977266152776895,S
CAACGGCTCGGTGCAC-1,0.03748700789809084,0.018949455679945326,S
CAAGACTAGCGGGTAT-1,-0.003804956989273134,0.1551718755803284,G2M
CAAGACTAGGTCTTTG-1,0.060896729251744275,0.20905616066672583,G2M
CAAGACTCACGTCATA-1,0.014205212223848851,0.03209787627047711,G2M
CAAGACTCATATGAAG-1,-0.040987269956862915,0.008047343557238185,G2M
CAAGACTCATCAACCA-1,0.14474066105545463,-0.13693143548765288,S
CAAGACTCATCCTTCG-1,0.07569600923339603,0.37821825668430203,G2M
CAAGACTGTCCAGGTC-1,-0.021951948831923807,0.13115657505869255,G2M
CAAGACTGTGACAACG-1,0.0004885676828259022,-0.013887749132782068,S
CAAGACTGTTACACAC-1,0.054557262738703094,0.021599815393079425,S
CAAGACTTCCATCTCG-1,0.05707346265175839,-0.0007296634026507376,S
CAAGACTTCCCTGTTG-1,0.006167949378994675,0.13373231294103377,G2M
CAAGACTTCGCCACTT-1,0.10397307871181155,0.05336100086466172,S
CAAGAGGAGAGCAGTC-1,0.06625601627022282,-0.1255482184517211,S
CAAGAGGAGAGGCGGA-1,0.04366461317564824,0.08404560073073342,G2M
CAAGAGGAGGGCCAAT-1,0.06836797241923082,0.08267012956645847,G2M
CAAGAGGAGGTGCTAG-1,-0.018774836994363553,0.1266015606321912,G2M
CAAGAGGCAAGATGGC-1,0.041304271480299304,0.0478304753825225,G2M
CAAGAGGCACTACGGC-1,0.06968949714795158,-0.011892126701515127,S
CAAGAGGCAGCGCGTT-1,0.037110760602371506,0.07532558914282772,G2M
CAAGAGGCAGGCTTGC-1,0.04611744007232699,0.24825533042190445,G2M
CAAGAGGGTACCAATC-1,0.1808402389714585,-0.056849764750539766,S
CAAGAGGGTCAACGCC-1,0.14320736326801897,0.06087869691230369,S
CAAGAGGGTCGCGTTG-1,-0.03394533005879208,-0.02495774448328525,G1
CAAGAGGGTCGTAATC-1,0.021465304141495944,0.0470869128421324,G2M
CAAGAGGGTCTTGTCC-1,0.11256150712988067,-0.011538648261455176,S
CAAGAGGGTGCGACAA-1,0.2570513428685648,0.05880221085014675,S
CAAGAGGGTTCCCAAA-1,0.10363150580133162,-0.05172925972968609,S
CAAGAGGTCAGGAGAC-1,0.03721046607886935,0.052453170367521895,G2M
CAAGAGGTCCGCTGTT-1,0.00011564667862901112,0.059101847202671975,G2M
CAAGAGGTCGGTCTGG-1,-0.00968133934890969,-0.048015174749755696,G1
CAAGAGGTCGTGCTCT-1,0.13094378814161844,-0.00417289445202923,S
CAAGAGGTCTTCCGTG-1,0.03721242352039894,-0.07924820479983974,S
CAAGCTAAGTGCCAGA-1,0.04108788392142071,0.07229106254524587,G2M
CAAGCTACAAGACCTT-1,0.0032823406307596614,0.024651642292299436,G2M
CAAGCTACAAGGTACG-1,0.08763248423155756,0.1483593864831998,G2M
CAAGCTACAGTTGTCA-1,0.1042182135576325,0.1641321963177651,G2M
CAAGCTACATATAGCC-1,0.11443570333925962,0.19295412324956163,G2M
CAAGCTAGTAACACGG-1,0.005069658512104502,0.09961257895832404,G2M
CAAGCTAGTCACTCAA-1,-0.12402315689765875,0.04149827796465011,G2M
CAAGCTAGTGTGTGGA-1,0.05821348081950939,0.18497003734368156,G2M
CAAGCTAGTGTTGACT-1,0.07994449201514103,0.19505513124202856,G2M
CAAGCTAGTTCGGTAT-1,-0.024663000792714662,-0.1873826584267449,G1
CAAGCTAGTTGGCCTG-1,0.03628279978914911,-0.11802631314145243,S
CAAGCTATCATTCCTA-1,0.018895926758939807,0.20281793728771036,G2M
CAAGCTATCCGGGACT-1,-0.018312876235757947,0.02531893926227985,G2M
CAAGCTATCGCACGAC-1,0.14205666008009576,0.08695874239308826,S
CAAGCTATCTGTCCCA-1,0.03090767742057865,-0.020574152714445654,S
CAAGGGAAGGTACATA-1,-0.04123520823933163,-0.08835261551460455,G1
CAAGGGAAGTTCCTGA-1,0.14182438748882586,0.01735596456170252,S
CAAGGGACAATGTTGC-1,0.0711765441638319,0.04655711158374193,S
CAAGGGACACTTCCTG-1,0.05829622225440839,-0.127972340067964,S
CAAGGGACATACCACA-1,0.09786349067805417,-0.028734601780365965,S
CAAGGGACATACTTTC-1,0.045486904028744946,-0.04620338077667918,S
CAAGGGACATAGTCAC-1,0.14024300339470724,-0.2060890157042089,S
CAAGGGAGTGTGTTTG-1,-0.01400340572177583,-0.05381808876663574,G1
CAAGGGATCAGTGGGA-1,0.03866750979001121,0.02773030768590906,S
CAAGGGATCCAGTGCG-1,-0.0278466063120818,0.12062743314545221,G2M
CAAGGGATCCCGAGGT-1,-0.0051594258042487184,-0.020774676795841773,G1
CAAGGGATCCCTCATG-1,-0.02609435243195768,-0.014376893534989887,G1
CAAGGGATCCGTAGTA-1,0.030547325504307832,-0.06954821202961692,S
CAATACGAGAGGGTAA-1,0.00440755642964491,0.02846488380203896,G2M
CAATACGAGATGACCG-1,0.004304873833750611,-0.11550285589424719,S
CAATACGAGGGCCTCT-1,-0.0055327901716414885,-0.028256224790206536,G1
CAATACGAGTGACCTT-1,0.06685457764828118,0.06856869394421977,G2M
CAATACGCAAACGGCA-1,0.017906434666396187,0.04705608949358692,G2M
CAATACGCACCTGCTT-1,0.2245125914996523,-0.08864083466980605,S
CAATACGCAGCCCACA-1,0.2147448806642801,0.042194384096865545,S
CAATACGCAGCTGGTC-1,-0.15168920812639042,-0.08803285506413078,G1
CAATACGCATGTGCTA-1,-0.06585488844859144,0.11931275542643416,G2M
CAATACGGTAGCGTCC-1,0.02757230803873778,0.1903457191304191,G2M
CAATACGGTCAAAGCG-1,0.024837804800922125,0.06115030151324752,G2M
CAATACGGTTGCGTAT-1,0.31699676641778307,-0.03045154633341146,S
CAATACGGTTTGGCTA-1,0.0172024905621303,-0.05903042350101123,S
CAATACGTCAGAACCT-1,0.021859806931175618,0.07795740203250445,G2M
CAATACGTCTACGGGC-1,0.2064065021495759,-0.17903920012000596,S
CAATCGAAGAGCAGCT-1,0.021077452990487022,-0.0780745903504419,S
CAATCGAAGGTAAAGG-1,0.065765099723257,-0.06400567790306205,S
CAATCGACAGGAGGTT-1,0.028783921273848434,-0.16041713024472626,S
CAATCGACAGGCATTT-1,0.20304308628862983,-0.11856980276140172,S
CAATCGAGTATTGAGA-1,0.07877644613259133,0.032239097267546424,S
CAATCGATCACCATGA-1,0.05792304844532198,0.09538699817173246,G2M
CAATCGATCACCCATC-1,-0.07186547563224505,0.14881621680582469,G2M
CAATGACAGCAAGCCA-1,0.011643945702469072,-0.0246788848823164,S
CAATGACAGCAGCACA-1,0.10251895935828542,0.05105407802189105,S
CAATGACAGGTCGTGA-1,-0.007374556896630247,0.10529480450505185,G2M
CAATGACAGTGGTGGT-1,0.08684092600851212,0.047176747229401406,S
CAATGACCAAGTTCGT-1,-0.005682749375920726,-0.037789526109395344,G1
CAATGACCACCTAAAC-1,0.03747760020572555,-0.007916251105111183,S
CAATGACCACCTGTCT-1,0.06020792724472723,0.12537028742408673,G2M
CAATGACCATGACTGT-1,0.048694615728172075,0.05668941015552753,G2M
CAATGACCATGGAGAC-1,0.07279096234718052,-0.04287028020452449,S
CAATGACGTCCCAAAT-1,0.05561608557649478,0.07641675136772558,G2M
CAATGACTCCATACAG-1,0.0825245218574866,0.0352457797271708,S
CAATGACTCGCCAGAC-1,0.07426481119868306,0.0011138656632002086,S
CAATGACTCGTGGCTG-1,-0.027062230917711094,0.06505522936614372,G2M
CAATTTCAGGCCTAGA-1,-0.008522932694663643,0.08489555376651875,G2M
CAATTTCAGGTCCGAA-1,0.02968988124385985,-0.07899330259198334,S
CAATTTCAGGTCGTGA-1,0.04370355256044722,-0.014415650383003742,S
CAATTTCAGTGTTCAC-1,-0.10126491148597627,0.026402486095044142,G2M
CAATTTCCAAGGATGC-1,0.14732580957065144,0.07932394299800605,S
CAATTTCCACTACGGC-1,-0.026328907575868643,-0.031727192337965365,G1
CAATTTCCAGGACAGT-1,0.07462740354029024,-0.19861876832332792,S
CAATTTCCAGGACTTT-1,0.11305089502230098,0.049034295841275166,S
CAATTTCGTCTGATCA-1,0.04583212398952541,0.08831994344861133,G2M
CAATTTCGTCTTCCGT-1,0.09168645030055678,0.032474155826358264,S
CAATTTCGTGTGGTCC-1,0.3600958610092701,0.025805954374766904,S
CAATTTCGTTAAGACA-1,0.08338915633736466,0.07505377984163364,S
CAATTTCTCAGCTAGT-1,-0.030812878994973203,-0.172216391934294,G1
CAATTTCTCAGGACGA-1,0.16574952496298334,0.14940523525277638,S
CAATTTCTCTGTCCGT-1,0.019409174596090817,-0.043800967117703815,S
CACAACAAGTCTGCAT-1,0.04283805015954367,-0.05210379114481323,S
CACAACAAGTTGCCCG-1,-0.061566156065379574,0.0620548004266851,G2M
CACAACACAACGGTAG-1,0.02059424906616858,0.03991678788819947,G2M
CACAACACATATCTGG-1,0.1350129449226124,0.06512520656460474,S
CACAACAGTACTGGGA-1,0.06580578459914865,-0.015920840006419634,S
CACAACAGTTTCCCAC-1,-0.03198843084644132,0.1383290177178697,G2M
CACAACATCCCAGTGG-1,-0.0010696739035988,-0.0039081915218853736,G1
CACAACATCGCGTTTC-1,0.03362228679823276,0.03718758616347673,G2M
CACAACATCGGAGATG-1,0.12571026989274925,0.23551563655129965,G2M
CACACAAAGAAGATCT-1,0.18389693811974345,-0.08171546397898954,S
CACACAAAGACGTCCC-1,0.10116015097924186,-0.005377451023614865,S
CACACAAAGAGACAAG-1,-0.038477470889516585,0.031269565328258336,G2M
CACACAAAGAGGGTGG-1,-0.007822210261673623,-0.0006528891812652149,G1
CACACAAAGCTGGCCT-1,-0.03455137979113565,0.0670138451257416,G2M
CACACAAAGGCATGCA-1,0.14532987727514912,0.11581914794463932,S
CACACAAAGTAAACGT-1,0.00407609994389968,0.0052583285550983905,G2M
CACACAAAGTGCTCGC-1,-0.000605852111759897,0.10891680401180626,G2M
CACACAACAAGCCTGC-1,0.07905743106857394,-0.025577344444420225,S
CACACAACAGACCGCT-1,0.001120307967857448,0.018636601711668088,G2M
CACACAAGTGGGTCAA-1,0.03166750109552674,-0.059679086086285166,S
CACACAAGTGGTACAG-1,0.062171057808133146,-0.001035105383668744,S
CACACAAGTTGTCTAG-1,0.0006155305931859201,0.03938064847841122,G2M
CACACAATCACACGAT-1,0.029721103366259494,0.07492855883543703,G2M
CACACAATCAGCTGTA-1,0.06982746296307929,-0.0915188502997053,S
CACACAATCCAACACA-1,0.008951364306616472,-0.07333158112016391,S
CACACAATCGCGTTTC-1,0.03767907794236891,-0.07040883689720734,S
CACACAATCGGCATTA-1,0.013555767179302791,-0.13066926154709121,S
CACACAATCGTGCTCT-1,-0.019994991889562552,0.05564333349230188,G2M
CACACAATCTCTGAGA-1,0.05441043241066146,-0.07261036393913917,S
CACAGATAGATCCGAG-1,0.03528816701572751,-0.07415421492285229,S
CACAGATAGATGAATC-1,0.03250349919085099,-0.023802731941666988,S
CACAGATAGCAGTAAT-1,0.017121564707319736,0.14475521175115202,G2M
CACAGATAGCGTGCTC-1,-0.11212690602338826,0.3822796557800169,G2M
CACAGATAGCTTACGT-1,-0.003616958881603405,0.018520022929823132,G2M
CACAGATAGGGACTGT-1,0.04277430600407395,-0.08609347394180383,S
CACAGATCATAATCGC-1,0.24314000284063836,-0.11749102576522799,S
CACAGATGTACCCACG-1,0.004165382607797752,0.23284362851445728,G2M
CACAGATGTCATTGCA-1,-0.06327282972074877,0.17867808910865934,G2M
CACAGATGTCTTCATT-1,0.11987558966434586,-0.0693437358639935,S
CACAGATGTGTTGAGG-1,0.061396573543640975,0.06444971248614001,G2M
CACAGATTCCAACACA-1,0.19431007856127136,-0.21613984706157324,S
CACAGATTCGAGTACT-1,0.07318762742548957,0.0722807392004271,S
CACAGATTCGAGTCCG-1,0.09217282871849675,-0.12970863545659186,S
CACAGATTCTGCCTCA-1,0.012138831618784096,-0.02546207630550651,S
CACAGGCAGATTGTGA-1,0.23587264392182605,-0.035326594781460774,S
CACAGGCAGCTGGTGA-1,-0.03813500106982659,0.08132242944392393,G2M
CACAGGCCATCGCTAA-1,0.00033138450800102026,-0.042830830916354146,S
CACAGGCGTCAAGCCC-1,0.040822034923724326,0.0933408305082194,G2M
CACAGGCGTCAGTCCG-1,0.07816816496699708,0.04157728223750384,S
CACAGGCTCATTGTTC-1,-0.02470455342539285,0.03820716794621787,G2M
CACAGGCTCCACTGAA-1,-0.06532225839684136,0.025418157168237532,G2M
CACAGGCTCTGTTCAT-1,0.02696287756964144,-0.019752049013542883,S
CACAGGCTCTTAATCC-1,0.22099040595614627,0.10261530173109767,S
CACATGAAGTATGGAT-1,0.032726057907188966,0.14653683384186295,G2M
CACATGACAAAGCTAA-1,0.017626562203318707,-0.03985247697278432,S
CACATGACAAGATGTA-1,-0.010260014544980045,-0.001157385146131007,G1
CACATGACATGTCGTA-1,0.04984284202765055,-0.10338096535995017,S
CACATGAGTAGATCGG-1,0.11239581575866475,0.12143240631607849,G2M
CACATGAGTCATCAGT-1,0.0759935064305326,0.2695460534952408,G2M
CACATGAGTGCCTGAC-1,0.02035896375669799,0.005007085383491594,S
CACATGAGTGCGTTTA-1,0.020218087174732113,0.2043309402182072,G2M
CACATGATCATGGTAC-1,0.04389043499255124,0.05345279080705617,G2M
CACATGATCCTAGCTC-1,0.028196413919948482,-0.054225900719789666,S
CACATGATCTAGAACC-1,-0.03501943521288381,-0.17498992318373938,G1
CACATGATCTGAGTCA-1,-0.005289357375696246,-0.08977616079635228,G1
CACCAAAAGAAGTATC-1,0.10767479649920014,-0.11617610323556715,S
CACCAAAAGAGGCGTT-1,0.05892832283875865,0.1072759107986539,G2M
CACCAAAAGATACAGT-1,-0.033228272783834,0.04778262295939939,G2M
CACCAAAAGCAAGCCA-1,0.06437339973232092,0.20675542256582385,G2M
CACCAAAAGGACGGAG-1,-0.009090789672728139,0.0014341443257584463,G2M
CACCAAAAGTCCTACA-1,0.09325379561400704,0.2169004195234815,G2M
CACCAAAAGTGGATAT-1,-0.08302913261168693,0.06865737813012779,G2M
CACCAAAAGTTGGACG-1,0.06942049045007204,-0.006677046957448085,S
CACCAAACAAGGTCGA-1,-0.06628207537523967,0.03381281820306925,G2M
CACCAAACAATTGCAC-1,0.07852169246516327,0.19674404456781153,G2M
CACCAAACAGAATTCC-1,-0.03253302065940644,-0.12042688392759326,G1
CACCAAACAGACCAGA-1,0.00851601071858965,0.11423749347880585,G2M
CACCAAACAGCAAGAC-1,0.22320155716788215,0.020127289477397337,S
CACCAAACAGGCTATT-1,0.11877205086850695,0.02882435718054127,S
CACCAAACAGTATACC-1,0.2401153798575827,0.04879920841408386,S
CACCAAACATACTGAC-1,0.09295192797586938,-0.0968060130609747,S
CACCAAACATGTCGTA-1,0.09262762771208005,0.07278452770494326,S
CACCAAATCACCTGGG-1,0.07095373013795947,0.03444482271562038,S
CACCAAATCGGTGCAC-1,0.045158461534052896,0.00980020876338833,S
CACCAAATCGTTGCCT-1,-0.061164029958011845,-0.012250779181741,G1
CACCGTTAGCACTAAA-1,-0.01216670827475741,0.013526943922698265,G2M
CACCGTTAGTAACCTC-1,0.007383310917752961,0.1069874707201598,G2M
CACCGTTCACTAAACC-1,-0.04562465124175619,-0.17867745967929266,G1
CACCGTTCATGAATCC-1,0.041153433350981095,0.15534207756200635,G2M
CACCGTTGTACGACTT-1,0.05011889133515368,0.025752240652825387,S
CACCGTTGTCACGTGC-1,0.1101640016786829,-0.0384346442991956,S
CACCGTTGTGACGTCC-1,0.1260426792932055,-0.08798038511904505,S
CACCGTTGTTTCAGAC-1,0.012460168148656026,0.0948226455343536,G2M
CACCGTTGTTTGCAGT-1,-0.07668963637138582,0.07864735503619413,G2M
CACCGTTTCGATTTCT-1,0.06821585839919692,0.1986257574628501,G2M
CACCGTTTCGCGGTAC-1,0.054450675114090075,-0.018290449517313234,S
CACCGTTTCGTCAAAC-1,-0.016263298348528743,-0.025023297941864753,G1
CACCGTTTCTAGGAAA-1,-0.017100493376666637,-0.05256689244433754,G1
CACGAATAGTAGAATC-1,0.1097215042276854,0.06219685752727763,S
CACGAATAGTGGATTA-1,0.09041200045366227,0.06249427915695066,S
CACGAATCAAAGGGCT-1,0.06656910007747718,0.03861950016018642,S
CACGAATCAAGCAATA-1,0.12584654659182304,-0.006132295795486409,S
CACGAATCAAGCCTGC-1,-0.032503065066099124,0.041153954471099485,G2M
CACGAATCAGACACCC-1,0.06367778911520372,-0.02684029243320951,S
CACGAATCAGCTGTAT-1,-0.035263243582375314,-0.02740811970081175,G1
CACGAATCATTGTCGA-1,0.06403117031747552,0.0014375867257932495,S
CACGAATGTGATGTAA-1,0.1286652500353862,0.34205304164904365,G2M
CACGAATTCAAGTCGT-1,-0.00700913685206217,-0.11116678727628854,G1
CACGAATTCACGAACT-1,0.058721347940475455,0.03709449797675002,S
CACGAATTCATGCTAG-1,0.05614043580619138,0.29712570262970744,G2M
CACGGGTAGCGCCCAT-1,-0.017939084066815103,-0.09492350764256247,G1
CACGGGTAGTCTAGAA-1,0.007431678976450196,0.06920130657411819,G2M
CACGGGTCAAACTGCT-1,-0.03602785683626708,0.17943085048413127,G2M
CACGGGTCACAGTCCG-1,0.04330983561335,0.08815024863747961,G2M
CACGGGTCAGAGGACT-1,0.051014338612769494,0.019156559407836338,S
CACGGGTCATAACAGA-1,0.059444041569630734,0.06243454983223529,G2M
CACGGGTCATCACAGT-1,0.044572194225705575,0.18080088788535226,G2M
CACGGGTGTAATCAAG-1,0.28139557981225227,-0.030519296225367698,S
CACGGGTGTCAAACGG-1,0.15809153371089946,-0.06125343359826335,S
CACGGGTTCAGTCCGG-1,0.0476858632863717,-0.005207528904837444,S
CACGGGTTCATTCTTG-1,-0.011575214101113784,0.04230944704205247,G2M
CACGGGTTCCTATTGT-1,-0.04332665697231258,0.026807101908393527,G2M
CACGGGTTCGATACTG-1,0.03842703309086959,-0.04089663561594631,S
CACGGGTTCGTGGCGT-1,-0.10485282178418137,-0.03329605693970733,G1
CACGTGGAGCTCCACG-1,0.047991919758229806,-0.0014055021436583104,S
CACGTGGCACCAGGTC-1,0.01416606848466706,-0.03155216227404023,S
CACGTGGCAGTCTTCC-1,-0.00855177893560699,0.11901314254488837,G2M
CACGTGGTCCTCAGGG-1,0.15262157337618287,0.20160436779834107,G2M
CACGTTCGTCCGGATC-1,0.07333486822786611,0.012195998995244206,S
CACGTTCGTGACACAG-1,0.00978225144832262,0.09390212716856106,G2M
CACGTTCGTGATACTC-1,0.01738986016818511,-0.18730902192987478,S
CACGTTCGTGTCTAAC-1,0.0011020107982494531,0.02100504689543392,G2M
CACGTTCGTTATGGTC-1,0.09325074323208632,-0.015692208578999778,S
CACTAAGAGAGTCCGA-1,0.041244687580963224,-0.005878896686424051,S
CACTAAGAGCGGCTCT-1,0.00039307534742150096,-0.05048182232637985,S
CACTAAGAGTGGAAGA-1,0.09599395626967244,-0.19888842554235206,S
CACTAAGCAGTCCGTG-1,0.08875726931365036,0.029106621060479843,S
CACTAAGCAGTTGGTT-1,0.19111020036439985,0.08286544136325436,S
CACTAAGGTACCTAAC-1,0.23380572108168413,0.11031724792808134,S
CACTAAGGTCTCGGAC-1,0.012091801163608917,0.04407682542500807,G2M
CACTAAGGTGGATCGA-1,0.27796536712649766,0.14824700360927184,S
CACTAAGGTGGTTTAC-1,-0.019881218274673873,-0.11609252386431476,G1
CACTAAGGTGTCCAAT-1,-0.03351648472878399,0.0423994648175523,G2M
CACTAAGGTTTACCAG-1,-0.07443263841604841,0.27338669997963166,G2M
CACTAAGTCGCGTGCA-1,-0.015945222373517143,0.07709571316774166,G2M
CACTAAGTCGGTGTTA-1,-0.007302832819531535,0.02659780677441831,G2M
CACTAAGTCTACCACC-1,0.07989127972697097,0.047974088106321644,S
CACTGAAAGACATAGT-1,-0.004600965473476493,0.11749198010265355,G2M
CACTGAAAGAGGGTCT-1,0.06205777682814201,0.16481245096471359,G2M
CACTGAAAGGCATGCA-1,-0.03758682140279479,-0.08923838643699855,G1
CACTGAAAGGTCGTCC-1,0.057593774285364774,0.03711109424153225,S
CACTGAACAATGCTCA-1,0.1946596363205505,0.04725233901923753,S
CACTGAACAGTCGAGA-1,0.06851944102103202,0.037648421233531765,S
CACTGAACATCCCACT-1,0.040034732256495564,0.047156674730596926,G2M
CACTGAAGTAGACGGT-1,0.02853954278970844,-0.05645303447690447,S
CACTGAAGTGAATGTA-1,0.20390736371290952,0.010365844193114315,S
CACTGAAGTTCCATTT-1,0.05156547010639079,-0.08472779205732839,S
CACTGAATCCCAAGCG-1,-0.05183980927524723,0.036884567368320076,G2M
CACTGAATCCCTCGAT-1,0.031810634116132,0.17307696810191525,G2M
CACTGAATCGCTGTCT-1,0.15377048931524617,-0.039952913287817776,S
CACTGAATCGGTGAAG-1,0.09358146261317407,-0.02186123195431186,S
CACTGAATCGTTCCTG-1,0.08515058575801965,-0.1133459161414408,S
CACTGAATCTAAGGAA-1,0.017660954343826862,0.1185772887393044,G2M
CACTGGGAGCACAAAT-1,0.08416698298880176,-0.08747917669509753,S
CACTGGGCAGCTGAAG-1,0.033944446699300024,0.04527967148342832,G2M
CACTGGGCAGCTTTCC-1,0.12965565131400558,0.1907206811655393,G2M
CACTGGGGTTTCGGCG-1,-0.017415928634825217,-0.0460786636563254,G1
CACTGGGTCAAATGAG-1,-0.07222584610752353,0.06490558688296166,G2M
CACTGGGTCCGCAGTG-1,0.13108891666614286,0.16366409915395935,G2M
CACTGGGTCCGTGGGT-1,0.12019811080910603,0.10801116165146818,S
CACTGGGTCGCTAGCG-1,0.03966390373935058,-0.13757271632652865,S
CACTGTCAGACTGTTC-1,0.3303884355495239,-0.07753626656661056,S
CACTGTCAGGCCTAGA-1,-0.04927309166126881,-0.045911715720843405,G1
CACTGTCCAAGTGACG-1,0.05029084994364741,0.10876295349968884,G2M
CACTGTCCACCCTTAC-1,0.026946571962216392,0.12412641230477989,G2M
CACTGTCGTGGAACAC-1,0.09232411842296101,0.23993976751300183,G2M
CACTGTCGTGTAAACA-1,-0.02134028717593517,-0.01809544210303493,G1
CACTGTCGTTACGGAG-1,0.0005808603139215718,0.1301807630440307,G2M
CACTGTCGTTTCTATC-1,0.06827209596985179,-0.06709201792141495,S
CACTGTCTCGCACGAC-1,0.13658825291259613,-0.07748922532644384,S
CACTGTCTCTCGGCTT-1,0.06143472954944251,0.1138628793755107,G2M
CACTTCGAGACAAGCC-1,0.07577962437874552,0.11300630505614473,G2M
CACTTCGAGACCAGCA-1,-0.014459932181220936,0.02760069803835208,G2M
CACTTCGAGAGTTCGG-1,0.11612336686349717,0.0643004418375544,S
CACTTCGAGTTAGTAG-1,-0.04702083906352278,0.211355299718483,G2M
CACTTCGCACAGCCTG-1,0.044505879976155405,0.2043744921163802,G2M
CACTTCGCAGGTATGG-1,-0.04013667639276047,0.14112672213305827,G2M
CACTTCGCATACTGAC-1,0.1266052065512963,-0.04551372643426321,S
CACTTCGCATATCTCT-1,-0.01953212613297589,0.12879997402201152,G2M
CACTTCGGTAGGAAAG-1,-0.06138812073685468,-0.0045341653189426845,G1
CACTTCGGTTGCTAGT-1,-0.013782424110489966,-0.059573954850573096,G1
CACTTCGGTTGTGTAC-1,-0.008976714432905486,0.001026048361416565,G2M
CACTTCGTCCGAGCTG-1,-0.07911823518160271,-0.07041510849095256,G1
CACTTCGTCCGTATAG-1,-0.025148605029041426,0.1422212349096641,G2M
CACTTCGTCGGTCACG-1,0.05947396135883476,-0.08363379280477956,S
CAGAGCCAGATCGCTT-1,0.05167636801946912,0.2355860343151685,G2M
CAGAGCCAGGGCAACT-1,0.07590471262403486,0.23536693491204308,G2M
CAGAGCCAGTCTAACC-1,0.131444326712852,0.05905771796775283,S
CAGAGCCAGTGGTGAC-1,0.12490138938177381,0.1040222207693614,S
CAGAGCCAGTTCACTG-1,0.00897541768383614,0.14540190952861487,G2M
CAGAGCCAGTTCCGTA-1,0.03394124223206002,-0.020993702516746704,S
CAGAGCCCAATAGTGA-1,0.001001931103177145,0.26054908172853175,G2M
CAGAGCCCAGCTGAAG-1,0.1886056768181552,-0.028550773275912045,S
CAGAGCCCATTCCTAT-1,0.0011737164805795675,0.0532271935511775,G2M
CAGAGCCCATTGGCAT-1,0.05192005206003325,-0.083651069064856,S
CAGAGCCGTCACCACG-1,-0.05336300903271701,0.0646767338228767,G2M
CAGAGCCTCATTGGTG-1,0.019782338345538164,0.0617347832141828,G2M
CAGAGCCTCGAATGCT-1,0.043335023184083166,-0.04727558935295001,S
CAGAGCCTCTACGGGC-1,-0.06723273746616204,-0.034515451241470985,G1
CAGAGCCTCTGCTAGA-1,-0.05194273326142018,-0.11109174404734606,G1
CAGAGCCTCTGGGCAC-1,0.010521042306664397,-0.014773754734128008,S
CAGATACAGAGCTGAC-1,-0.006823725755090493,0.15507503142004814,G2M
CAGATACAGTATCTGC-1,-0.017073429580592214,-0.05508176039255347,G1
CAGATACAGTGATGGC-1,0.30696726739413005,0.08284505831347505,S
CAGATACCACTTCAGA-1,0.07274104986699326,0.11046261150675557,G2M
CAGATACGTCCCTGTT-1,-0.004845701136394098,0.007775208006345902,G2M
CAGATACGTCGTGGTC-1,0.1272984347173971,0.016904997049168036,S
CAGATACGTGACACAG-1,0.07729623244478179,-0.07546246870265486,S
CAGATACGTGTTCCAA-1,0.07633821404773478,0.17208032230831072,G2M
CAGATACTCACCTCGT-1,-0.00545343862981984,0.06312969257481438,G2M
CAGATACTCACTGGGC-1,-0.034634224409190006,-0.09250196527414645,G1
CAGATACTCTGCGGGT-1,0.07872037801553061,0.07684645648607286,S
CAGATCAAGCCTCTGG-1,0.07003393237476285,0.12636715830469236,G2M
CAGATCAAGCTGACTT-1,0.09945870854150252,0.3229339991676511,G2M
CAGATCAAGGACAACC-1,0.1320749323937725,-0.09068159231882514,S
CAGATCACAACCGCTG-1,0.16881380148309455,-0.06742430749529682,S
CAGATCACAAGTTTGC-1,0.12329742451842024,-0.10312173610277794,S
CAGATCACAATGCAGG-1,0.02815679672077298,-0.05783639589976314,S
CAGATCACACACGCCA-1,0.08820840259379797,0.04980021339466589,S
CAGATCACAGCAGAAC-1,0.013549248984824236,0.08018043607879144,G2M
CAGATCACATCCTTGC-1,-0.0037983879628223916,0.06846222964323478,G2M
CAGATCACATGTGACT-1,-0.019614844738653103,0.00871392325902215,G2M
CAGATCAGTAGGTTTC-1,0.04971719175648376,0.017931005438982295,S
CAGATCAGTTCCGCTT-1,-0.016797040462586288,0.024819449432176677,G2M
CAGATCATCATTTCGT-1,0.028198692982510876,0.004672766387210064,S
CAGATCATCCTATGGA-1,0.05441172012658563,0.18441666200010545,G2M
CAGATTGAGAATCCCT-1,-0.029825092976160983,-0.009338715179691037,G1
CAGATTGAGCATCAGG-1,0.0015046198914731579,-0.1253634985435256,S
CAGATTGAGCTGACAG-1,-0.11184385604879749,0.08102491729214234,G2M
CAGATTGAGTAATCCC-1,0.026259302674660367,0.09427587642332264,G2M
CAGATTGCAACGCATT-1,0.0306854774022291,0.10285615589465938,G2M
CAGATTGCACTTGAGT-1,0.01740866442572314,0.08043672039115507,G2M
CAGATTGGTATCAAGA-1,0.3120175135127181,-0.02430984777365003,S
CAGATTGTCCCATGGG-1,0.034567949412762256,0.02278061890169547,S
CAGATTGTCCTTATCA-1,-0.08087788322494222,-0.08863920598122466,G1
CAGCAATAGGAATTAC-1,0.08697105129986693,0.09543456499528996,G2M
CAGCAATAGGTGATAT-1,0.024997891721367627,-0.09659204151169232,S
CAGCAATCAACTTGGT-1,-0.015358696552974949,0.053434776167238685,G2M
CAGCAATCAATTGCCA-1,-0.06365121655799527,0.055873840655011664,G2M
CAGCAATCACTGCTTC-1,0.11519557636802896,0.07736362446665646,S
CAGCAATGTAGCTCGC-1,0.04894164383913102,0.18156674489533625,G2M
CAGCAATTCAACTACG-1,-0.03574797041287392,-0.0907193190036541,G1
CAGCACGAGCAGGTCA-1,0.04522788967303132,0.25236636166399695,G2M
CAGCACGAGGATGTTA-1,-0.04253123051008567,-0.10865820011281901,G1
CAGCACGAGGCACAAC-1,0.08540259536120043,-0.10110166385046498,S
CAGCACGAGGCTCCCA-1,0.05070629743570676,0.11067692640778365,G2M
CAGCACGAGTAGCATA-1,0.23798940061273127,-0.09962406252824663,S
CAGCACGCAAGCGCAA-1,0.005957871348937993,0.08571326165522969,G2M
CAGCACGCATTCATCT-1,0.18667529157074758,0.15439227117665094,S
CAGCACGGTATGTGTC-1,0.22455133129299965,0.05453751217574487,S
CAGCACGGTCCAATCA-1,0.28363985532149205,-0.003859050076273296,S
CAGCACGGTTTGAAAG-1,-0.04275294310812605,0.13732322222094445,G2M
CAGCACGTCAACTGAC-1,-0.04807788376771932,0.16286807900539774,G2M
CAGCACGTCTAGTGTG-1,-0.06203668673318258,-0.016835246202241805,G1
CAGCACGTCTCAGGCG-1,0.03740519761623451,0.04350748016178782,G2M
CAGCAGCAGATTCGAA-1,-0.06902255375126143,-0.05567590726393051,G1
CAGCAGCAGCAAGCCA-1,0.05926121621050495,-0.06239328183616133,S
CAGCAGCAGCAAGGAA-1,0.09955029239916913,0.04100405334450946,S
CAGCAGCAGTCGGCAA-1,0.03859515819673148,-0.013540303628860495,S
CAGCAGCAGTGCCAGA-1,0.05457841011201581,0.02207414396313212,S
CAGCAGCCAGGCGTTC-1,0.170728967194562,0.12382536667569377,S
CAGCAGCGTCTTAGTG-1,-0.06819204501622433,0.3281777859551452,G2M
CAGCAGCTCTCGGTAA-1,-0.009892794235610847,-0.17864827917593773,G1
CAGCAGCTCTCTAGGA-1,-0.006901244307489174,0.11070661001050314,G2M
CAGCAGCTCTGGTGGC-1,-0.0024425331348778556,0.03393111412917105,G2M
CAGCCAGAGATCGACG-1,0.19942488132569025,0.022442579863123147,S
CAGCCAGAGCTTTGTG-1,0.20426796658638102,0.1488949080603208,S
CAGCCAGAGGTGCTTT-1,0.07205168566985976,-0.09692667867699323,S
CAGCCAGCAGTGGCTC-1,-0.01056311771209778,0.24215075610460518,G2M
CAGCCAGCATATGAAG-1,0.24151497711686842,0.04378799926278154,S
CAGCCAGGTCACAGTT-1,-0.03251846448481022,-0.0225955933156064,G1
CAGCCAGGTCGTCTCT-1,0.06993354670242291,0.06165915080505652,S
CAGCCAGGTGGAATGC-1,-0.01375355380853227,0.02037409259355344,G2M
CAGCCAGGTGTGTTTG-1,-0.06607457544591494,0.006464045598526147,G2M
CAGCCAGTCATGGAGG-1,-0.04686338916455257,-0.1671623776382402,G1
CAGCCAGTCCTAGCCT-1,0.005178507379347885,0.0267759156386721,G2M
CAGCCAGTCGCATAGT-1,0.028961054232216343,-0.14139958125939442,S
CAGCCAGTCTTAGCCC-1,-0.04244159189920249,-0.008092808448182331,G1
CAGCGTGAGATTGATG-1,-0.07526966390847267,0.09918574664467905,G2M
CAGCGTGCAACCGGAA-1,0.18725079490102053,0.0010337304037295048,S
CAGCGTGCAAGGCAAC-1,0.10216587990412673,-0.1906806550649417,S
CAGCGTGCACCTCAGG-1,-0.0012026296899775302,-0.0516908242582893,G1
CAGCGTGCACGGTCTG-1,0.04061751823169907,0.1412178502308436,G2M
CAGCGTGCAGTGTGGA-1,0.12364936563203055,0.08192726541878603,S
CAGCGTGGTAACGTTC-1,0.11705949499314894,0.06791290861064186,S
CAGCGTGGTTACACTG-1,0.17009593985056232,-0.0002945256315718403,S
CAGCGTGTCACCATAG-1,0.07063679110746479,0.02801597932999561,S
CAGCGTGTCATTCATC-1,0.061391605683256634,-0.01491143404984474,S
CAGCGTGTCCGGACGT-1,0.10909047045779663,0.07336364149110469,S
CAGCGTGTCTCGTCGT-1,0.0878074342071814,0.2666073791083465,G2M
CAGGCCAAGACTTCAC-1,0.046903304375403854,0.13268248477638594,G2M
CAGGCCAAGACTTGTC-1,-0.0006535631733746716,0.038711226629156825,G2M
CAGGCCAAGTAGCTCT-1,0.015505359110872141,0.08730365503598053,G2M
CAGGCCACAAGGACAC-1,-0.005965648106917076,0.14164097875608228,G2M
CAGGCCACAGGCACAA-1,-0.06763874022996019,0.0025803401682147897,G2M
CAGGCCACATCCGGCA-1,-0.0009115226630145301,0.13900592890683588,G2M
CAGGCCAGTATGACAA-1,0.029296991240156278,0.022286583067185672,S
CAGGCCAGTCTGTGAT-1,-0.022133742277376856,-0.1070265514121736,G1
CAGGCCATCAAGGCTT-1,-0.05649302389830474,0.2483482753153718,G2M
CAGGCCATCATAAGGA-1,0.0683496139474139,-0.0899285776973453,S
CAGGCCATCATGAGAA-1,-0.013167439981535689,0.04030900195678072,G2M
CAGGCCATCGTTAGAC-1,0.004244789169686403,0.07383211406721207,G2M
CAGGCCATCTATGTGG-1,-0.0465265539745503,0.07808552042470512,G2M
CAGGCCATCTTCTGGC-1,0.00581470823153496,-0.20441188852659253,S
CAGGGCTAGAGGTTTA-1,0.06631381246904161,-0.015212369664497738,S
CAGGGCTAGCACCCAC-1,0.07569918504092948,-0.05492595850444043,S
CAGGGCTAGCCAAGTG-1,0.031750645490826235,0.0770202265192576,G2M
CAGGGCTAGGCTAGCA-1,-0.011231517251812317,0.10366545565196716,G2M
CAGGGCTAGTAGCAAT-1,0.08897529971424312,-0.08680247961327875,S
CAGGGCTCACCTAAAC-1,0.019896453208020803,-0.03881162779940575,S
CAGGGCTGTGGAACAC-1,0.15746432252174852,0.03394010030669298,S
CAGGGCTGTGGGTTGA-1,-0.002341067303657185,0.24428813779251163,G2M
CAGGGCTTCCGATGTA-1,0.02605126416457626,0.024830477708277565,S
CAGGGCTTCCTGATAG-1,0.12246916491338683,-0.024256583701391887,S
CAGGGCTTCTCCCAAC-1,0.10635445942378918,0.00694430634296983,S
CAGGGCTTCTGCATGA-1,0.03586041541632612,0.13072699590024012,G2M
CAGGTATAGCCTGACC-1,0.04557402009273981,-0.05705597010433261,S
CAGGTATAGGATTCAA-1,0.05372678229383476,0.06976986403283453,G2M
CAGGTATCAGAACGCA-1,0.09475279824406746,0.040130372783167056,S
CAGGTATCAGATTAAG-1,-0.020835204152473974,0.07982599992407569,G2M
CAGGTATCAGCAATTC-1,0.024011624625939754,0.1164679045680424,G2M
CAGGTATCATCTCATT-1,0.07977279783144653,0.21313756610454232,G2M
CAGGTATGTCTCCTGT-1,0.03459689382757131,0.2611284049029708,G2M
CAGGTATTCAAGGTGG-1,0.08633674416447512,0.24936870547686596,G2M
CAGGTATTCATTGTGG-1,-0.04181148550485925,-0.02908256756280514,G1
CAGGTATTCTACCCAC-1,0.25234037232630463,0.11635829987468416,S
CAGTGCGAGTGTGTTC-1,0.12431267782748406,-0.08776828262769776,S
CAGTGCGCAAGATGGC-1,-0.025291212833836396,0.2912485665443208,G2M
CAGTGCGCATACTTTC-1,-0.0496802509140255,0.1840541865260391,G2M
CAGTGCGCATGAAGCG-1,-0.0003490337547315536,0.15402539086902417,G2M
CAGTGCGGTAAGATAC-1,0.007642627596416318,-0.1271105691935636,S
CAGTGCGGTACCTTCC-1,0.11396005461450165,0.047060378113414736,S
CAGTGCGTCAACACGT-1,0.08860263911098964,0.3120824559640655,G2M
CAGTGCGTCCCTCAAC-1,0.06744141305934925,-0.010522886326641445,S
CAGTTAGAGTGATGGC-1,0.1396051242662406,-0.12898685930540205,S
CAGTTAGCAAATTGCC-1,0.15988680843829312,-0.024496480196561143,S
CAGTTAGCACCTCTGT-1,0.15789374461808492,0.2772208961700739,G2M
CAGTTAGGTCAACCAT-1,0.02168266571979771,-0.0025345236752135625,S
CAGTTAGGTGAGGCAT-1,0.02030577581696058,-0.0004517596349583597,S
CAGTTAGTCAGACATC-1,0.039220444997452864,0.0841559556626914,G2M
CAGTTAGTCGGCATCG-1,0.07569908419818006,0.06506558127091905,S
CAGTTAGTCTTTCTAG-1,-0.007914535576331316,0.09560982517350874,G2M
CAGTTCCAGCATGAAT-1,0.06968800064319142,-0.11408507781150423,S
CAGTTCCAGCGTGTTT-1,-0.022226657702782038,0.13295388625003607,G2M
CAGTTCCAGGAATGTT-1,0.011195257672749648,0.08524459714757832,G2M
CAGTTCCAGTCGCTAT-1,0.015101777024718988,-0.01686130284468873,S
CAGTTCCCAAACCACT-1,0.07517609185552276,0.05460613197436953,S
CAGTTCCCAACACGAG-1,-0.014164969274061745,-0.11212220128266248,G1
CAGTTCCCAAGGCGTA-1,-0.011343110963438208,-0.14297898898808312,G1
CAGTTCCCAATTCTTC-1,-0.027178366125262587,0.15133370671843327,G2M
CAGTTCCGTAGGAGGG-1,0.23654351952879038,0.014051330386040561,S
CAGTTCCGTCGATTAC-1,0.2599658952514735,0.003369740575310032,S
CAGTTCCGTGGATACG-1,0.11818251779071065,0.4123164916199665,G2M
CAGTTCCTCCATCTGC-1,-0.046393786529251246,-0.027675941063621312,G1
CAGTTCCTCGTCCTTG-1,0.0404962683340922,0.3253805409666445,G2M
CAGTTCCTCTACCACC-1,0.09732478361885466,-0.08205983327333449,S
CAGTTCCTCTGGGATT-1,-0.10252195618636256,0.08217498754252939,G2M
CATAAGCAGACCAGCA-1,0.021517742863949196,0.41527318160278914,G2M
CATAAGCAGCACTCCG-1,0.032836612683924515,-0.06680841005803434,S
CATAAGCAGCGTGCTC-1,0.006586457711283522,0.04412765351185638,G2M
CATAAGCAGGTGCTTT-1,0.08160437093936801,-0.029953122798230897,S
CATAAGCAGTAAATGC-1,0.01251623560876075,-0.06047364471145383,S
CATAAGCAGTATGATG-1,0.11190920268424553,0.1773563459771466,G2M
CATAAGCAGTTTCAGC-1,-0.005588953342026748,0.027511745370346896,G2M
CATAAGCCAACTGCCG-1,-0.022055820230800882,0.02642746816141467,G2M
CATAAGCCACGACGCT-1,0.05001175277079617,0.010435367763237169,S
CATAAGCCACTTCATT-1,-0.10353626639399599,-0.004013619861335693,G1
CATAAGCCAGACCATT-1,-0.04447970073030588,-0.06392683010854489,G1
CATAAGCCAGCCTTCT-1,-0.11382495164948203,0.14429824041759692,G2M
CATAAGCCATCAGCGC-1,-0.02805393949775592,-0.056362832511274386,G1
CATAAGCTCCATCACC-1,0.20413552084423447,0.0924156371304437,S
CATAAGCTCGTCTAAG-1,0.06457503665762054,0.2642255677415384,G2M
CATAAGCTCTTGGGCG-1,0.006694595875289533,-0.16443318152681352,S
CATACAGAGAGAGAAC-1,0.08059585569975147,0.09345306620276,G2M
CATACAGAGCTGACAG-1,0.05521577648630677,0.0922364912251753,G2M
CATACAGAGGTACAAT-1,0.21418406153290825,-0.17093607338513978,S
CATACAGAGTCAATCC-1,-0.043083590634648894,0.2525136186505909,G2M
CATACAGGTGAATGAT-1,0.06606983575456926,-0.14127373867319276,S
CATACAGGTGCATGAG-1,0.05850849032948646,0.11145755727357187,G2M
CATACAGTCAAGTAAG-1,0.036110759677048965,0.05771003437668337,G2M
CATACAGTCATTTACC-1,-0.03199877560445369,0.22497821555077957,G2M
CATACAGTCCTTCTTC-1,0.06983389357710806,0.01851015284323515,S
CATACAGTCGAACACT-1,0.12734400434873616,-0.06460042973045219,S
CATACAGTCGCTTAAG-1,0.013675739995461123,0.14919121514231515,G2M
CATACAGTCGTGCACG-1,0.1176653383591818,-0.03484069279790725,S
CATACCCAGAGTATAC-1,0.18982265159454692,-0.02180561769988265,S
CATACCCAGTAACGTA-1,-0.07122807916115631,0.023719817946465438,G2M
CATACCCAGTACCGGA-1,-0.027255533616786565,0.11029326101890152,G2M
CATACCCAGTATGTAG-1,0.12925304649099612,0.25420672535522343,G2M
CATACCCCACCAGCGT-1,-0.011802236833626356,-0.2802023058131003,G1
CATACCCCACCAGCTG-1,-0.05764376067310467,0.10886898702646935,G2M
CATACCCCACGCAGTC-1,-0.08798170571147262,-0.02781324721852324,G1
CATACCCCACGTACAT-1,0.22953299801873095,0.06139595985628499,S
CATACCCCAGACGGAT-1,0.24556358928170052,0.033184613336748325,S
CATACCCGTAGACTGG-1,0.04405717737022419,0.22898249646052943,G2M
CATACCCGTAGATGTA-1,0.11204417828191626,0.08749940479323348,S
CATACCCGTATCCTCC-1,0.12516317588660475,0.17749219434057223,G2M
CATACCCGTCACTGAT-1,-0.11417890042069784,-0.16913727551851934,G1
CATACCCTCAGGACAG-1,0.014969131814299985,0.015037878230250268,G2M
CATACCCTCCATTTCA-1,0.038679928968784916,0.16162900849735856,G2M
CATACCCTCCCTCGTA-1,-0.006881852895505802,0.28783761620317216,G2M
CATACCCTCTGGCTGG-1,0.16335134793849143,-0.006464684558159184,S
CATACTTAGACGTCCC-1,0.04276384755161006,0.09269858225478894,G2M
CATACTTAGCCATTCA-1,0.007302684306410678,-0.00495433027063219,S
CATACTTAGCGACAGT-1,0.015632323211964838,0.06508910039515159,G2M
CATACTTAGCGCAATG-1,0.09885259984735595,0.30676276618807263,G2M
CATACTTAGGTTCCGC-1,0.05770449921371035,-0.11917100835249758,S
CATACTTCACGATAGG-1,0.018657918900531756,-0.033123112338615035,S
CATACTTCATGAGATA-1,0.0646963977039744,0.2545930398497096,G2M
CATACTTGTAGGACTG-1,0.036960646726008684,0.1812197611929586,G2M
CATACTTGTTTGCCGG-1,0.043859709077247566,-0.0656585775399855,S
CATACTTTCATCTGTT-1,-0.018878815518132197,-0.06457292581374835,G1
CATACTTTCTGTCAGA-1,0.008371301373067519,0.04298545556984279,G2M
CATAGACAGATCGCTT-1,0.05466208602579753,0.01625047717457284,S
CATAGACAGCGTCAGA-1,0.011436152113802223,0.22085907186227693,G2M
CATAGACAGGGTAATT-1,-0.02465150003846084,0.2215784770590164,G2M
CATAGACAGGTGCGAT-1,0.03840700521167939,-0.030344207221834618,S
CATAGACAGTGATTCC-1,0.03550016545141804,0.21922364202077282,G2M
CATAGACCAATCGCGC-1,-0.1112183328260275,0.03674720486456218,G2M
CATAGACCACAGTGTT-1,0.046000192063392564,-0.0960772487726369,S
CATAGACCAGCCGTCA-1,0.02070652531404238,-0.06230013483319574,S
CATAGACGTCCTTTGC-1,0.07317256391660482,0.0349742914633287,S
CATAGACGTGCAATAA-1,-0.0021751771621846827,-0.11081214657553395,G1
CATAGACGTTGGGATG-1,0.18767076385184678,-0.04755714490895502,S
CATAGACTCATTCACT-1,0.01577844435597986,-0.13708633971104034,S
CATAGACTCCCTAGGG-1,-0.024598961294453103,-0.016782781438660077,G1
CATAGACTCGGAAGGT-1,-0.005981909698288601,0.18041791311693173,G2M
CATAGACTCGGTATGT-1,0.16663379187558564,-0.1590713514423799,S
CATCAAGAGCGTGCTC-1,0.16261593646193062,-0.08621756679887382,S
CATCAAGAGGTTACCT-1,0.13060926769510256,0.07226576471555424,S
CATCAAGAGTAAGAGG-1,0.007685179007547838,-0.04880843910924687,S
CATCAAGCATGCACTA-1,0.08033430688982157,0.1150941073688243,G2M
CATCAAGCATGGAAGC-1,-0.005554969910284202,-0.05045743307958295,G1
CATCAAGGTCGCACAC-1,0.2071958838362582,-0.01968814433729399,S
CATCAAGGTGGGATTG-1,0.0228987770096169,0.06466349094729268,G2M
CATCAAGTCACGGAGA-1,-0.07288349144138456,-0.19535540195868628,G1
CATCAAGTCCATGATG-1,0.02860159819866176,0.1781930731314474,G2M
CATCAAGTCCATTTCA-1,0.10981917104646544,0.1379754612468269,G2M
CATCAAGTCCTATTGT-1,0.06138875646498598,0.2054601009718401,G2M
CATCAAGTCGCTGATA-1,0.0825804622787204,-0.05159912813812806,S
CATCAAGTCTCATAGG-1,-0.04764836522202681,0.29511511117265227,G2M
CATCCACAGAAGCGAA-1,-0.017780902072477067,0.12679100816930922,G2M
CATCCACAGACAACTA-1,-0.015982775293689855,0.09577025946498724,G2M
CATCCACAGAGCCATG-1,0.03150312421119289,0.14252705862565224,G2M
CATCCACAGCCATTGT-1,-0.06570211804737136,0.13406576764394296,G2M
CATCCACAGCGCCGTT-1,0.15986287446283076,-0.08896103761455287,S
CATCCACCAAAGCAAT-1,0.1357807702808579,-0.07268569208911696,S
CATCCACCAATACCTG-1,0.02360585590272468,-0.06884070754471433,S
CATCCACCACTACCGG-1,0.15662486276090143,-0.06061518475654762,S
CATCCACCAGCATGCC-1,-0.04440443635826036,-0.0019916078143053517,G1
CATCCACCAGGATGAC-1,-0.07546971350484205,-0.034313057870822616,G1
CATCCACGTATTGGCT-1,0.1204085806723707,0.029078567719298398,S
CATCCACGTCACAGTT-1,0.04802376262195157,0.11118617757457544,G2M
CATCCACGTGAATTAG-1,0.24138938416511463,0.08240227831747404,S
CATCCACGTGCACATT-1,0.06529572956826823,0.05523430781809957,S
CATCCACTCCAAGCTA-1,0.05916753555451243,0.22153150037175362,G2M
CATCCACTCCATTCAT-1,0.053198651446466294,-0.010091087356359663,S
CATCCACTCGCCGAGT-1,0.02790548521548586,0.21694929658902046,G2M
CATCCACTCTACACAG-1,0.02301009225400863,-0.14367940847563956,S
CATCCCAAGCTCCATA-1,0.03460785608318523,0.1660922638237513,G2M
CATCCCAAGGGTTAAT-1,0.001223977311697877,0.1520983295435122,G2M
CATCCCAAGGTTAAAC-1,0.06607292730749287,-0.04779197996914347,S
CATCCCAAGTACCATC-1,0.2998336744527115,-0.0018357852155975185,S
CATCCCACAAACGAGC-1,0.006575535365748009,0.07545531151893897,G2M
CATCCCACACCACATA-1,0.0041881232226448906,0.12409948825388967,G2M
CATCCCACATACTTTC-1,-0.048881431356060545,0.039707801485504235,G2M
CATCCCACATCCTTCG-1,-0.016176560198485956,-0.12619416657658744,G1
CATCCCACATGTACGT-1,-0.03719378658134792,0.1868510470346061,G2M
CATCCCACATTGCCTC-1,0.08889233865073365,-0.021370583342987692,S
CATCCCAGTAGATTAG-1,-0.049439232144045664,0.11645598754063641,G2M
CATCCCAGTCTCTCCA-1,0.08194359691551634,0.023602476990055965,S
CATCCCATCCATCACC-1,0.0163677419766316,0.055369806553374395,G2M
CATCCCATCGCAGTCG-1,-0.022766067992344152,0.07364114020705892,G2M
CATCCCATCGCCGTGA-1,-0.006520543219473374,0.22466403678296198,G2M
CATCCCATCGTAGTGT-1,0.043704206313809335,0.26096771955528664,G2M
CATCCGTAGCTTACGT-1,0.046055842808080116,0.08034219085189026,G2M
CATCCGTAGGTCCTGC-1,0.11241650231838729,-0.06077302007655744,S
CATCCGTCAAGCGCAA-1,0.047062118730973435,-0.041884462243006126,S
CATCCGTCACGCGGTT-1,-0.002739450363025475,0.05632205515428146,G2M
CATCCGTCATACAGCT-1,0.010174540871042081,0.07818247651164034,G2M
CATCCGTGTCACGCTG-1,0.05070210626158028,0.2634244437498532,G2M
CATCCGTGTTCTAACG-1,-0.03732194901128594,-0.015207061244493003,G1
CATCCGTGTTTCAGAC-1,0.1306275134579018,0.045775545487324154,S
CATCGCTAGACATAAC-1,0.012993747173380976,0.1537352696083784,G2M
CATCGCTAGAGTCCGA-1,0.04179858030180805,0.17841225987992598,G2M
CATCGCTAGATAGCTA-1,0.05151947489072828,0.06773087870492145,G2M
CATCGCTAGCCTCTTC-1,-0.008625881275627578,0.05919896379286205,G2M
CATCGCTCACGGCCAT-1,0.24909368482207905,-0.028141830351562314,S
CATCGCTCATACAGCT-1,0.03439670795388683,0.03692650387093682,G2M
CATCGCTCATGATCTG-1,0.03942179257468409,-0.12232485567280849,S
CATCGCTGTATACAGA-1,-0.015598477576748149,-0.117089381529001,G1
CATCGCTGTCAGGAGT-1,0.15132600908589622,0.03750271178946557,S
CATCGCTGTCGCTGCA-1,0.045203480307766775,0.10636297365174224,G2M
CATCGCTGTGTACGCC-1,0.011891181411531337,0.1936961769544926,G2M
CATCGCTGTTCAATCG-1,-0.06165279419386793,-0.026938967638307776,G1
CATCGCTGTTGGGTAG-1,-0.07809998188286099,-0.07111282366521338,G1
CATCGCTTCACACCCT-1,0.0065933660965799,0.030449186775185544,G2M
CATCGCTTCCTCATAT-1,-0.016226387726047564,-0.01997527454391393,G1
CATCGCTTCGTCCATC-1,-0.009724800233535225,-0.047569986094609884,G1
CATCGCTTCGTCTACC-1,0.07417228715482849,0.010529901096103023,S
CATCGCTTCTGCGGAC-1,-0.01893533135072245,-0.014819527030133783,G1
CATCGCTTCTGCGTCT-1,0.024785282480814963,0.07359371729360653,G2M
CATCGGGAGCTAGCCC-1,0.14686842734386713,0.12806733202561843,S
CATCGGGGTACGTAGG-1,-0.06146302251023544,-0.026913196287003727,G1
CATCGGGGTAGCACAG-1,0.13866570170743336,0.04656299808070774,S
CATCGGGGTCAAATCC-1,0.06918836481165264,0.11632135010703226,G2M
CATCGGGGTGTCTTCC-1,-0.09111834035336397,0.07010624980152375,G2M
CATCGGGTCAGGAGAC-1,0.06597996228190794,0.08831849629772359,G2M
CATCGGGTCCTACGAA-1,-0.01993670170087436,0.1992945148150589,G2M
CATCGGGTCGCTAATG-1,0.0834014758230619,0.09970847530432231,G2M
CATCGGGTCTACAGGT-1,-0.05742818956685325,-0.17446587159051408,G1
CATCGGGTCTACCCAC-1,-0.0034057976131846024,0.15908773973762963,G2M
CATCGTCAGCACTCCG-1,0.04644646655986373,-0.013264452538651161,S
CATCGTCAGCGCTGCT-1,0.018329862654921203,0.022306771532984437,G2M
CATCGTCAGTAATACG-1,-0.018833958971496034,-0.12205713868029372,G1
CATCGTCAGTGAGTGC-1,0.09170813485859741,0.17760551833600635,G2M
CATCGTCAGTTGAAAC-1,0.02895524505752539,0.006587685598315018,S
CATCGTCAGTTGCTCA-1,0.17089804332638636,0.00432302587796668,S
CATCGTCCATCTAGAC-1,-0.038019819310762926,-0.10505281445094977,G1
CATCGTCGTAATGATG-1,-0.04634772044445773,0.03398855267395767,G2M
CATCGTCGTCACTTAG-1,0.07459421149419665,-0.08519382940366194,S
CATCGTCTCAAGTTGC-1,0.033567321956692764,0.16153814576659953,G2M
CATGAGTAGACTAAGT-1,-0.027127979774484112,-0.0403698131980364,G1
CATGAGTAGATTCGAA-1,-0.03755813582865869,-0.14048474556932258,G1
CATGAGTAGTTGCTGT-1,0.30042268931538496,-0.04896128986867293,S
CATGAGTCACACAGAG-1,0.04754101918274534,-0.06553339212578663,S
CATGAGTCACAGCTGC-1,0.02731425698585227,0.06173599766002491,G2M
CATGAGTCACTGCACG-1,0.05399295825033179,0.010549779257665315,S
CATGAGTCAGGCTCTG-1,0.07804881502726779,-0.021989826643930732,S
CATGAGTTCATGAGAA-1,0.025172671668560798,-0.13281807184396704,S
CATGAGTTCCTTATCA-1,-0.0011655578258524812,-0.12673223600408853,G1
CATGAGTTCGACGACC-1,0.022014657255163772,-0.06084414545620967,S
CATGAGTTCGTCTCAC-1,-0.06241032661150736,-0.008398331020092797,G1
CATGAGTTCTACTATC-1,0.14890694779897867,-0.1528262362466747,S
CATGAGTTCTCGTGAA-1,-0.022409178685970588,-0.044425535956120255,G1
CATGAGTTCTCTGCTG-1,-0.042483163173007876,0.13672274598822098,G2M
CATGAGTTCTTACCGC-1,0.10134772243503454,-0.05558164313795541,S
CATGCAAAGAGAATCT-1,-0.025582982708896473,0.19772077941450406,G2M
CATGCAAAGAGCAGCT-1,-0.043459088713084015,-0.07119690303618051,G1
CATGCAAAGTCATGCT-1,0.043656040515447636,0.17363236352267847,G2M
CATGCAACAGTCGGAA-1,-0.02735420496238511,0.23578050158849712,G2M
CATGCAACATATGGCT-1,0.019471761646705554,0.15158732385161328,G2M
CATGCAACATGATAGA-1,0.18672932127644892,0.10747021806220425,S
CATGCAAGTATTCCTT-1,-0.027139786855013448,0.14773323540468425,G2M
CATGCAAGTCTAACGT-1,0.02568311231209669,-0.022171705576662648,S
CATGCAAGTTCAAAGA-1,0.12920913411334384,0.16988972401442387,G2M
CATGCAAGTTGCCAAT-1,0.003951929630413131,-0.10473103663741007,S
CATGCAATCAAGGCTT-1,-0.012149052171048336,-0.08524238538558554,G1
CATGCAATCTGAATCG-1,0.0932106331516549,-0.032299968682101554,S
CATGCAATCTGCACCT-1,-0.04744135123486026,0.08212112540750899,G2M
CATGCCTAGCACCTGC-1,0.10232600936247477,-0.03997166097166083,S
CATGCCTAGGACTATA-1,-0.06609848823454567,0.09090499314132705,G2M
CATGCCTCAAATGGCG-1,0.10792787681751881,0.025112879083125816,S
CATGCCTCACCCTTGT-1,0.03363828700322663,-0.06968397326358544,S
CATGCCTCAGCTCTGG-1,0.12812479251686404,0.08244170163643977,S
CATGCCTGTATTTCTC-1,0.001598564602727004,0.14284053721189965,G2M
CATGCCTGTCCTGTCT-1,0.051837436514332036,0.14596775160165515,G2M
CATGCCTGTCGGTAAG-1,0.05794506948802547,0.2492303042049253,G2M
CATGCCTGTTAGGAGC-1,0.10159285723979566,0.16878771138088672,G2M
CATGCCTTCAAGCGTT-1,0.0421381107360132,0.1267949071585417,G2M
CATGCCTTCGTTCTGC-1,-0.13741728764361694,-0.0940100457758441,G1
CATGCGGAGTAGAGTT-1,-0.012586733805921013,-0.03497009281044822,G1
CATGCGGAGTTCCAGT-1,0.06664789760007289,0.006356729371925274,S
CATGCGGCAAGTGTCT-1,-0.025449602364688073,-0.040440140487282505,G1
CATGCGGCACACACGC-1,0.053923932455857526,-0.08146294331990875,S
CATGCGGCACTATCGA-1,0.0029636903940646886,0.11644515085681428,G2M
CATGCGGCATACAGAA-1,-0.0240358161692229,0.10503802933771123,G2M
CATGCGGGTAAGACCG-1,-0.017450373003337183,-0.15328455284362674,G1
CATGCGGGTCCTATAG-1,0.137459573028619,0.07147162539125979,S
CATGCGGGTGAACCGA-1,0.007387666084526567,0.10701162929750191,G2M
CATGCGGGTGGTCTCG-1,0.1483719594393459,-0.14493578923195394,S
CATGCGGTCCACACAA-1,0.07708057213622044,0.2914883395932415,G2M
CATGCGGTCCACTGGG-1,0.2517626479919577,-0.19622343613025706,S
CATGCGGTCCCTTCCC-1,0.01544281718492424,0.08324337005615234,G2M
CATGCGGTCGGAATTC-1,0.032511717464337064,0.06349258025602922,G2M
CATGCGGTCTCGACCT-1,0.09957161029362949,0.1614409966377981,G2M
CATGCTCAGCAAACAT-1,0.005815678884058539,0.09297384234511957,G2M
CATGCTCAGGATTTAG-1,-0.02804576795026692,0.017854045855459633,G2M
CATGCTCAGGCAGTCA-1,0.033742519358378575,0.2008366037481472,G2M
CATGCTCAGGGACTGT-1,0.0025401117983714916,0.004182993912696109,G2M
CATGCTCAGGTCACTT-1,0.04855593136739439,0.0444080108142193,S
CATGCTCAGTAGACCG-1,0.036117455085414585,0.16963927811590265,G2M
CATGCTCCAACCCTCT-1,0.1282005501397035,-0.1377316910839417,S
CATGCTCCAAGACCTT-1,0.15000014241164178,0.18241123462115794,G2M
CATGCTCCAAGTGGCA-1,0.1653403046338845,0.11203880531506205,S
CATGCTCCAATCGCGC-1,-0.023826691751893003,0.2828677311192192,G2M
CATGCTCCACCAGTTA-1,0.05082498306971772,0.22889140161072807,G2M
CATGCTCCAGCAGACA-1,0.049178451808423285,0.12026485345530241,G2M
CATGCTCCAGTAACCT-1,-0.056627727967839325,-0.043820502220522195,G1
CATGCTCCATAGAGGC-1,0.015094742544926154,-0.05562606159640887,S
CATGCTCGTCCTGTTC-1,0.1339197992942327,0.08055229775482525,S
CATGCTCGTCGTCATA-1,0.09034547626560319,0.02395783002424129,S
CATGCTCGTCTCCTGT-1,0.002415370261623251,0.07661510455315751,G2M
CATGCTCGTTTAGTCG-1,-0.06328166926933365,-0.0403655585047229,G1
CATGCTCTCATTCCTA-1,0.036597626664970906,0.04441543075878829,G2M
CATGCTCTCCAGTGTA-1,0.10088682368689944,0.12217300552965765,G2M
CATGCTCTCGTTACCC-1,0.009778820782912034,-0.054940578657713846,S
CATGCTCTCTAGTCAG-1,-0.09315165968764327,0.03029182693527338,G2M
CATGCTCTCTGGAAGG-1,-0.013610384285807964,0.2372644426350698,G2M
CATGGATAGCTAATGA-1,-0.06444193888662131,-0.12681571163731292,G1
CATGGATAGGGCAAGG-1,0.07002446904643433,0.19255614096418028,G2M
CATGGATAGTGGACGT-1,0.0825254962053879,0.14590843741410547,G2M
CATGGATCAGGACAGT-1,0.04573248983381578,-0.12301951002779332,S
CATGGATCATCTCCCA-1,-0.0439214897143444,-0.04419739115828436,G1
CATGGATGTATTGACC-1,-0.04684110143876369,-0.0868317804940748,G1
CATGGATGTCGCGTTG-1,-0.02580422320191511,0.07217458239703062,G2M
CATGGATGTGACTAAA-1,0.03590112570820392,-0.01309211861481585,S
CATGGATTCGCGCCAA-1,0.07002280058343524,0.10546384937669684,G2M
CATGGATTCTCCACTG-1,0.15369861417932196,0.03512020974051139,S
CATGGATTCTTCGGTC-1,0.030348754962304214,-0.04006889158578111,S
CATGGTAAGGCTATCT-1,0.07943491056743346,0.05031037848006786,S
CATGGTAAGTGTACCT-1,-0.0009492199492732167,-0.11006564023149981,G1
CATGGTAAGTTCCAGT-1,0.03175709347312983,0.054130660913527306,G2M
CATGGTACAACTCATG-1,0.12365160589312785,-0.012401832576125149,S
CATGGTACAGTTAGGG-1,0.13902871359758062,-0.16022225758039427,S
CATGGTACATCCCGTT-1,0.04856211570503399,-0.011894834345777483,S
CATGGTACATCGTGGC-1,0.06768503173278911,-0.05763985146017664,S
CATGGTAGTAACAGTA-1,0.039547984013374615,-0.025998241005969036,S
CATGGTAGTCCGACGT-1,0.1349157102987758,0.01141208629436058,S
CATGGTAGTCGAATTC-1,-0.08804544025896033,-0.14116152148402367,G1
CATGGTAGTCTTAGTG-1,0.06623041457083678,-0.015310828942753818,S
CATGGTAGTGCATACT-1,0.05257324364265764,-0.10517079108228874,S
CATGGTAGTGGATACG-1,-0.012451369043926352,-0.046877216234124164,G1
CATGGTAGTGGCATCC-1,0.06528542295476503,-0.0785264169131602,S
CATGGTAGTGGTCAAG-1,0.03301973186663154,0.06985563790982086,G2M
CATGGTAGTTTACGTG-1,-0.011312736971263948,-0.12429249165981171,G1
CATGGTATCCGGTTCT-1,0.13428061900425148,-0.08488380171449908,S
CATGGTATCCGTCCTA-1,0.3567279491055434,-0.043390068823282446,S
CATGGTATCGCGGTAC-1,0.01942546160344838,-0.01679148895613053,S
CATGGTATCGGATACT-1,0.026888891305538065,0.019517067298285895,S
CATGGTATCGGCATCG-1,0.04580905658011669,0.0685970478743177,G2M
CATGGTATCTCGACGG-1,0.17694063933727688,0.15496558318960535,S
CATTCATAGCACCGAA-1,0.33317615132186806,0.05789424850223546,S
CATTCATCATCTTTCA-1,0.11457941981893272,0.1498880376791431,G2M
CATTCATGTATCGATC-1,0.10867977037631615,0.019938562416073446,S
CATTCATGTCTTACAG-1,0.11475322595200133,-0.18013448086952605,S
CATTCATTCCCTTGGT-1,0.10364378168157279,0.016853867941611145,S
CATTCATTCCGAACGC-1,-0.04764710932741012,0.1498335621219022,G2M
CATTCATTCTTCACAT-1,0.045562012907511884,-0.015174821926610516,S
CATTCATTCTTGCGCT-1,0.02741496571631641,0.049861585410360454,G2M
CATTCCGAGTATGTAG-1,0.03543959739090019,0.10216648133512513,G2M
CATTCCGAGTGACACG-1,0.07285942570517978,0.01077741494189105,S
CATTCCGCAACACTAC-1,0.0963497477204126,0.20537461960309156,G2M
CATTCCGCAATAGAGT-1,0.016544647402386925,0.040005213523226446,G2M
CATTCCGCACAGTCAT-1,-0.08215181077126882,0.09020094512054161,G2M
CATTCCGCAGCAGACA-1,-0.03249200890683368,0.250140067958218,G2M
CATTCCGCAGCTACAT-1,-0.055841386386212,0.025285768939161013,G2M
CATTCCGCATGACTCA-1,0.11485313972461808,0.06930897045496354,S
CATTCCGGTAATGTGA-1,-0.019918808312861858,-0.039018793581975575,G1
CATTCCGGTCCACACG-1,-0.02215003404766558,-0.07122446231478718,G1
CATTCCGGTTGACTAC-1,-0.017531518856296002,-0.052637699269441895,G1
CATTCCGTCAGCATTG-1,-0.10804554166504965,-0.12165029192104987,G1
CATTCCGTCTAGATCG-1,0.010600272024203605,0.12888130099655976,G2M
CATTCCGTCTTGGAAC-1,0.007215850405027591,-0.1256434684050954,S
CATTCCGTCTTTCGAT-1,-0.10623558483280215,0.013401527869886798,G2M
CATTCTAAGCAACTTC-1,-0.006081266166899413,-0.03892114493151477,G1
CATTCTAAGCATATGA-1,0.16418706986592752,0.08867139820293679,S
CATTCTAAGTGCACAG-1,0.036040394883021076,-0.06586898154665877,S
CATTCTACAACTTGGT-1,-0.017309037742888222,0.06725313228529334,G2M
CATTCTACACAAATAG-1,0.026356522804404592,-0.18025393093709074,S
CATTCTACAGCATGCC-1,0.006641395946104689,-0.05123334782062111,S
CATTCTAGTAGTATAG-1,-0.013162052203073649,0.1279719765299424,G2M
CATTCTAGTATCGCTA-1,-0.010044446087082659,-0.15659710278444272,G1
CATTCTAGTTGTTGCA-1,-0.019825242459934445,0.04007846777622864,G2M
CATTCTATCGCAATGT-1,0.16225421565460718,0.003465326031068361,S
CATTCTATCGGCTCTT-1,0.15914015344682125,-0.11599839700193224,S
CATTGAGAGGAACGTC-1,0.019923073517720047,0.015518374023753334,S
CATTGAGAGGTCGTAG-1,0.254733214334115,0.1754156579438051,S
CATTGAGAGTTAGAAC-1,-0.048099327181839735,0.0807079887803423,G2M
CATTGAGCACAACCGC-1,0.05987092030178476,0.06625987436256248,G2M
CATTGAGCACCCTATC-1,0.1265647765743415,-0.05074976119829802,S
CATTGAGCACCTGCAG-1,-0.03463090616537884,0.17764565266218452,G2M
CATTGAGCACTTGAGT-1,0.06890723542746452,0.18308240303820972,G2M
CATTGAGCAGGGAGAG-1,-0.018211920202411025,-0.11301061751705946,G1
CATTGAGCAGGTACGA-1,-0.037304215961602716,-0.061145147027090674,G1
CATTGAGCATTCGATG-1,0.05124117616580315,0.09590959047763054,G2M
CATTGAGGTGAGATTA-1,0.02359089331870895,-0.010333893497341595,S
CATTGAGGTTCTTCAT-1,-0.0763992024779876,0.10671352299992842,G2M
CATTGAGTCAAGCCAT-1,-0.008783751421153563,-0.0597010478601431,G1
CATTGAGTCGGTCGGT-1,0.0709358734573648,0.07376546734213107,G2M
CATTGAGTCGGTCTGG-1,0.0032438814808133376,0.016363429674675523,G2M
CATTGAGTCGTGCGAC-1,0.13335740474125846,-0.06646987933174331,S
CATTGCCAGAATTGTG-1,-0.024450518878451177,0.09489469965233427,G2M
CATTGCCCAACGGCCT-1,0.12749753230237,0.17595732854742774,G2M
CATTGCCCACGGATCC-1,0.06836255561152438,-0.006142592245832107,S
CATTGCCCAGGCATGA-1,0.06148852558409851,0.04075784773595437,S
CATTGCCCAGTCCCGA-1,-0.04107475502484381,0.00962208416956889,G2M
CATTGCCGTACCGTCG-1,0.0692291555806433,-0.04040903838615881,S
CATTGCCGTGACCGAA-1,0.03532655554290143,0.368764211927864,G2M
CATTGCCGTGCCTGCA-1,0.03708336808192725,0.07314496203654142,G2M
CATTGCCTCATGCAGT-1,-0.06299903032338461,-0.03759713594064007,G1
CATTGCCTCGAACACT-1,-0.029334812465274585,0.31323424730652194,G2M
CATTGCCTCGATACAC-1,0.16506413313256108,0.2474163011685561,G2M
CATTGCCTCGCACGGT-1,0.12410399644487197,0.003236477134691995,S
CATTGCCTCTATGTGG-1,0.036635518328092864,0.006426038063843564,S
CATTGTTAGAGAGCCT-1,0.13851310691877017,0.05071870252311256,S
CATTGTTAGGCCACCT-1,0.0463193409297088,0.07682438704179556,G2M
CATTGTTAGGCCCAAA-1,0.008356533330154015,-0.014393171692437312,S
CATTGTTAGGTGATCG-1,0.2843328155727147,-0.026639273209758563,S
CATTGTTCAATACCTG-1,-0.018917478858222314,0.16510763125464184,G2M
CATTGTTCAATCCTAG-1,-0.06642444472552816,-0.020085259491812585,G1
CATTGTTCAGAACTAA-1,0.09997771763661456,0.11279869856815444,G2M
CATTGTTCATAGATCC-1,0.12201014789259967,0.17101293615472762,G2M
CATTGTTCATATCTCT-1,-0.0353149955394263,0.04265419581988078,G2M
CATTGTTGTGATACAA-1,0.07570669261117835,0.012595394289103001,S
CATTGTTGTTGCAAGG-1,0.15582465086676567,-0.02816600789691015,S
CATTGTTTCTTAATCC-1,0.05075794362283803,0.09972384913511045,G2M
CATTTCACACGTATAC-1,0.13723137742430702,-0.11731581936053437,S
CATTTCACACTCCGGA-1,-0.0033664223791243786,0.02941173284398696,G2M
CATTTCATCCACGTAA-1,0.011481457115043392,-0.08014207956364605,S
CATTTCATCCACTTCG-1,0.1261089189371873,0.113855559853424,S
CCAAGCGAGAATCGAT-1,0.014592162318612822,0.25383970536288464,G2M
CCAAGCGAGAGAGTTT-1,-0.006014167552917893,-0.09357889780910791,G1
CCAAGCGAGCGATGGT-1,0.06701552846589659,-0.01658793187520008,S
CCAAGCGAGCGTCAGA-1,0.04001888208383331,0.10685414371359092,G2M
CCAAGCGAGGTAGGCT-1,0.004947721643796754,-0.2371639402404392,S
CCAAGCGAGGTCCAGA-1,0.064558277216763,0.056239754581300316,S
CCAAGCGGTAGCGTCC-1,0.012306731470849708,-0.10076810382115015,S
CCAAGCGGTCGAGCTC-1,0.06816291443650246,0.030895357633762,S
CCAAGCGGTGGACCTC-1,-0.026990374669272565,0.2775078403360265,G2M
CCAAGCGGTGTTGAGG-1,0.04874777808768438,0.019629338954931574,S
CCAAGCGTCAAGAATG-1,0.218750136441554,-0.001632323406487557,S
CCAAGCGTCACAGAGG-1,0.0361054534021934,0.03971219752901323,G2M
CCAAGCGTCATCTACT-1,-0.05928660283891296,0.06289827858722014,G2M
CCAAGCGTCATTACTC-1,-0.05819144117673847,-0.02827160866015871,G1
CCAAGCGTCCGAAATC-1,0.16686864195169115,-0.16548553280632838,S
CCAAGCGTCTACCCAC-1,-0.07461651404255581,0.28319001406771427,G2M
CCAAGCGTCTCTATGT-1,0.0919056845730612,0.021699934695679213,S
CCAATGAAGATGAACT-1,0.014888575291953365,0.1292750761474321,G2M
CCAATGAAGCACTCGC-1,0.03643103452492841,0.0744368638070434,G2M
CCAATGACAAGATTGA-1,0.11098101087076695,-0.020477839072321757,S
CCAATGACAAGTCGTT-1,0.11978127603122546,0.004692785713914016,S
CCAATGACATTGGCAT-1,0.13044030168553156,0.10025911475210231,S
CCAATGAGTAAGCTCT-1,0.17349705911567004,0.21749695577757472,G2M
CCAATGAGTCACTCTC-1,0.08868139717516427,-0.07729714359596682,S
CCAATGAGTTACGGAG-1,-0.01799055184932641,0.19819955729269312,G2M
CCAATGAGTTACTCAG-1,0.11483691767378729,0.0795494730793864,S
CCAATGATCACCCTCA-1,-0.1769903403186845,0.04236664649744026,G2M
CCAATGATCAGTCACA-1,-0.0328169807028576,0.09164815211040861,G2M
CCAATGATCGCCTTGT-1,-0.031493855177608165,-0.10312199141521902,G1
CCAATGATCTATGTGG-1,-0.054741631328586116,0.10087046350738388,G2M
CCAATGATCTGTACAG-1,0.14239138106243748,0.12386249542112962,S
CCAATTTAGCCTCACG-1,-0.025582058166473742,0.1516889576646528,G2M
CCAATTTAGCTAATGA-1,0.08361067923935356,0.10390889600287018,G2M
CCAATTTAGTAATTGG-1,-0.009001041391248799,0.018857297850767007,G2M
CCAATTTAGTGACACG-1,-0.08974708475173643,-0.03280742054078739,G1
CCAATTTAGTGGTGAC-1,0.017303435180866467,0.15379504152629037,G2M
CCAATTTCAGAATGTA-1,0.16152448380922158,-0.01773488264428369,S
CCAATTTCAGGAGGTT-1,0.03128667186002665,0.02732057162134005,S
CCAATTTCAGTCCGTG-1,0.09008030270081768,0.0348818208316887,S
CCAATTTCATAGTCAC-1,0.04064031735669199,0.16334463778113006,G2M
CCAATTTCATCTTCGC-1,0.06637181766199513,-0.15953519058961585,S
CCAATTTCATTGTACG-1,0.1034983087889132,0.3036951487787845,G2M
CCAATTTGTACCGTCG-1,0.00012786955073107453,0.09993783935939682,G2M
CCAATTTGTCGCCACA-1,0.035769859982253405,0.17308366019938382,G2M
CCAATTTGTGTAAATG-1,-0.011134568075367668,0.01492541331584235,G2M
CCAATTTGTTCTAACG-1,0.038030735086738265,0.037223951531499044,S
CCAATTTTCACACGAT-1,-0.02153248684584841,-0.04491325800463808,G1
CCAATTTTCATTGTGG-1,0.09562901387319261,0.19680834986993062,G2M
CCAATTTTCTCTCGCA-1,0.2582395414519489,0.06190633380564567,S
CCACAAACACACTGGC-1,-0.01913570441581347,0.08949279001762195,G2M
CCACAAACATCTAACG-1,0.249319994100351,0.04823215155593635,S
CCACAAAGTCAGTCTA-1,0.02152881524181649,0.07890425351099306,G2M
CCACAAAGTCATATGC-1,0.08853798030849741,0.12698121760341113,G2M
CCACAAAGTCGTGGTC-1,0.18047990471088082,-0.043100316498058344,S
CCACAAATCCATCGTC-1,-0.07686919206038634,0.002006696878269598,G2M
CCACAAATCCGACATA-1,0.15706078691523395,0.5399200745655338,G2M
CCACAAATCCGATGTA-1,0.11947807419752504,-0.03094568638400469,S
CCACAAATCGCTGACG-1,0.1713655051473083,-0.05448528813620307,S
CCACACTCAGACCTGC-1,0.03417535635318103,0.39210180253786076,G2M
CCACACTCATCATTGG-1,0.10074996521220775,0.07791481077900442,S
CCACACTCATCGCTAA-1,0.045733193556895424,-0.03130051536149239,S
CCACACTCATGGGATG-1,-0.09220408787679213,0.23984249816097075,G2M
CCACACTGTATACCCA-1,-0.02898490781268548,0.1411794411604434,G2M
CCACACTGTATTTCTC-1,0.05828161508360097,0.11576025274954094,G2M
CCACACTGTCGAACAG-1,0.04514248087350059,0.08056737907737588,G2M
CCACACTGTCGTTCAA-1,0.2453675060983782,0.15156257189953648,S
CCACACTGTGCACAAG-1,0.0025096140521064236,-0.024116514170217263,S
CCACACTTCCCTCTTT-1,-0.04743122052133214,0.0676455594123842,G2M
CCACACTTCCGGACGT-1,-0.00935219990599695,0.09298079666370124,G2M
CCACACTTCGACCCAG-1,0.08845663753297084,0.050268247794420295,S
CCACACTTCGCTGTCT-1,0.18836133504143293,0.10214358883361141,S
CCACACTTCTAGGCAT-1,0.025422176667964536,0.03318724955027702,G2M
CCACCATAGCAAATCA-1,0.014300870481708805,0.16930314895503057,G2M
CCACCATAGCGTTAGG-1,-0.054666424973969285,0.2828830112511435,G2M
CCACCATAGGGAGAAT-1,-0.057344878941150146,0.12673524645791207,G2M
CCACCATAGTAGAATC-1,-0.05046439029694505,-0.2236926510835125,G1
CCACCATCAACTGCCG-1,0.014481183394645047,0.10017965466110812,G2M
CCACCATCAGTATACC-1,0.07550360459320371,-0.017078121214047753,S
CCACCATCATAGCTGT-1,0.05696591287399033,-0.06291906036606912,S
CCACCATTCCTATTGT-1,0.10949578091312606,0.1307242490245903,G2M
CCACCATTCGACGACC-1,0.016085601886132284,-0.10584761719280977,S
CCACCATTCTGCGAGC-1,0.053844504542898186,-0.08133245994123989,S
CCACGAGAGACGGTTG-1,0.25281436732851426,-0.032140683080711996,S
CCACGAGAGACTCCGC-1,0.009557328059840442,-0.06084191076297746,S
CCACGAGAGATTAGAC-1,0.002610873558076099,-0.000798844376663943,S
CCACGAGCAAATGGAT-1,-0.0018440877506171738,0.20337931444641769,G2M
CCACGAGCAATTGTGC-1,0.04478826734900765,0.05446496889911284,G2M
CCACGAGCACAGCCAC-1,-0.022827135052020997,0.20439319790097799,G2M
CCACGAGCAGCAAGAC-1,0.12215585400464729,0.05314289270175668,S
CCACGAGCATAGTCAC-1,0.02848628205103171,0.09926326021733767,G2M
CCACGAGGTAAGACCG-1,-0.04857664280932622,0.14260111283501886,G2M
CCACGAGGTACGGGAT-1,0.00484639533361142,0.03857595714459172,G2M
CCACGAGGTACGTGAG-1,0.05310483525223442,0.040204873773884375,S
CCACGAGGTGACTAAA-1,0.06699343359776011,-0.15579479771826857,S
CCACGAGGTGAGTGAC-1,0.03198970205634544,0.18150577111523475,G2M
CCACGAGGTGAGTTGG-1,-0.02223470685115203,0.0001041287380573741,G2M
CCACGAGTCAAAGCCT-1,0.09946630451339611,0.05091879845189848,S
CCACGAGTCCATTTGT-1,0.044360267275042276,0.0680648283339893,G2M
CCACGAGTCCCTCGAT-1,0.11249589442724339,-0.014472929904965293,S
CCACGAGTCGCAGTCG-1,-0.10598065896077663,0.0055803246086517655,G2M
CCACGAGTCTGGCCAG-1,0.04408825410004413,0.038160365301973365,S
CCACGTTAGCGCCGTT-1,0.11130294859751921,-0.028648809613904258,S
CCACGTTAGGGCCCTT-1,-0.05015285854829438,-0.05565499166040383,G1
CCACGTTAGGTCCCTG-1,0.2052750651003344,-0.12852902932261276,S
CCACGTTGTCACGACC-1,-0.028810802271909464,-0.11493860775053238,G1
CCACGTTGTCTTTCAT-1,-0.09598458177411606,0.20707424180226452,G2M
CCACGTTGTTGGAGGT-1,0.04854935067997418,-0.10980467313489703,S
CCACGTTTCACTGGGC-1,0.06868302487732686,0.03140331906869226,S
CCACGTTTCGAGGCAA-1,-0.003482457770420111,0.0703731046596261,G2M
CCACGTTTCTGGCTGG-1,-0.0376764536083567,0.14768477890455323,G2M
CCACGTTTCTTCCAGC-1,0.0679575251015801,0.028864836045893127,S
CCACTTGAGAATAACC-1,-0.018611889276797466,0.002582841847693196,G2M
CCACTTGAGTACGTCT-1,-0.0575921252025684,-0.1171770767878601,G1
CCACTTGCAATGAAAC-1,0.12012452229081477,-0.11227828593285086,S
CCACTTGGTAGACGGT-1,0.21338073973214,0.03483379865262498,S
CCACTTGGTAGTCTTG-1,-0.1382613805252248,0.21144376180909175,G2M
CCACTTGGTGCCCACA-1,0.27006434493025566,-0.024372823279778577,S
CCACTTGGTGTGTGGA-1,0.05961133373737526,-0.06784097335883038,S
CCACTTGGTGTGTTTG-1,-0.011294341545670827,0.043445188305764326,G2M
CCACTTGGTTAGAGTA-1,-0.10728788434364633,0.04284294662976462,G2M
CCACTTGTCATCACCC-1,0.013525295793398118,0.015769213223101874,G2M
CCACTTGTCGGCATTA-1,-0.036820800045787694,0.030072897226403883,G2M
CCATAAGAGTGGAATT-1,0.19004423522390812,0.05198664902861977,S
CCATAAGCAACAGCTT-1,0.10497143318216173,0.17287061914644014,G2M
CCATAAGCAACCACAT-1,0.12674636792369803,0.10331126734585938,S
CCATAAGCAGGCGTTC-1,-0.042408757360364424,-0.1261083669154503,G1
CCATAAGGTAGTCGGA-1,0.04322040028929608,0.009771771805857199,S
CCATAAGGTCAGTTTG-1,0.2469261340570637,-0.0376538932101777,S
CCATAAGGTCCATACA-1,0.1873723064724232,-0.02244166890537247,S
CCATAAGGTGATACAA-1,-0.06871328726909681,-0.11025853374635786,G1
CCATAAGGTGGTTTGT-1,0.05150192985364682,-0.17500169940840044,S
CCATAAGTCAAGTAAG-1,0.03851834053428965,0.1358361862126855,G2M
CCATAAGTCAGCTTGA-1,0.09784721438729171,-0.1614132816981754,S
CCATAAGTCTGTCGCT-1,-0.029358243068714485,0.16333919004652075,G2M
CCATCACAGCTCGCAC-1,0.04696739503411568,-0.04470003803559497,S
CCATCACAGTCATCGT-1,0.001104438702410837,0.059094268235277914,G2M
CCATCACCACATAGCT-1,0.043653560875999475,-0.08134681859819393,S
CCATCACCACGCTGAC-1,0.11793237012407765,0.1285691460378458,G2M
CCATCACCACTACCGG-1,-0.06302248201100685,0.08874153396158863,G2M
CCATCACCAGCCGTCA-1,-0.003428671959642249,0.03153648911886925,G2M
CCATCACCAGCGTTGC-1,0.035148169276681185,-0.04141890904345241,S
CCATCACCAGGTTACT-1,0.007603854955267941,0.21278907708272615,G2M
CCATCACCAGTTTCGA-1,-0.046127137687597186,0.05224092581660661,G2M
CCATCACCATTCATCT-1,0.06222424591210951,-0.024329836874914024,S
CCATCACGTCCGTTTC-1,-0.008013089860578582,-0.045718897892954524,G1
CCATCACTCCATCTCG-1,0.03448965080720606,0.1386747112565938,G2M
CCATCACTCGACCAAT-1,0.07816475470828288,-0.04545647784711426,S
CCATCACTCGACTCCT-1,0.05432069989612687,-0.02892149884550957,S
CCATCACTCGCTACAA-1,-0.012026392158398402,-0.016307174301653238,G1
CCATCACTCTGCGGGT-1,0.15726063741286866,0.05209913710558434,S
CCCAACTAGAGCAGTC-1,0.051960519278182626,0.07516736719934541,G2M
CCCAACTAGCGATCGA-1,0.03545000997962183,0.03869791000966777,G2M
CCCAACTCAACAGAGC-1,0.0534981326097318,0.007410565244862777,S
CCCAACTCACAACGTT-1,0.031518412316917876,-0.08389182951413265,S
CCCAACTCACGCTGCA-1,0.061366749054119984,-0.03546515316400478,S
CCCAACTCAGGACTTT-1,-0.020794939153600367,-0.13767609761721306,G1
CCCAACTCATGAATAG-1,0.032673219591234814,0.12180814967882253,G2M
CCCAACTTCCAATCTT-1,0.043058696230540816,0.10774838278647603,G2M
CCCATTGAGAATGTTG-1,0.09879540607721005,-0.06492838648751087,S
CCCATTGAGACCCGCT-1,0.09069299639365835,0.13027117482973047,G2M
CCCATTGAGTAATCCC-1,0.02919489534705011,0.035378895186502,G2M
CCCATTGAGTATGTAG-1,0.06109643209851279,0.08649717207378424,G2M
CCCATTGAGTATTCCG-1,0.18698086698655814,0.18883966527531543,G2M
CCCATTGAGTGAATAC-1,0.10362392075133192,0.033189010860686985,S
CCCATTGAGTGTTCAC-1,0.04372720905410954,0.1910779771711974,G2M
CCCATTGCACTGAATC-1,0.04001529916886448,0.04819473532955543,G2M
CCCATTGCATGTCGTA-1,0.11689007494484671,0.01125045831389826,S
CCCATTGGTCCAGAAG-1,-0.013923599894864414,-0.09229080883907098,G1
CCCATTGGTTAGTTCG-1,-0.0009815244477801022,-0.07199918293504959,G1
CCCATTGTCAATCAGC-1,-0.03303421725421618,-0.1588161794570504,G1
CCCATTGTCACAATGC-1,0.08451312227741659,0.0823763630869071,S
CCCATTGTCGGCACTG-1,0.08963971465144055,0.10713593980858205,G2M
CCCGAAGAGAGATTCA-1,0.02902744156812398,0.17571479801311096,G2M
CCCGAAGAGGATTACA-1,-0.033998749534467854,0.11267889325143238,G2M
CCCGAAGAGGTGGGTT-1,0.11722739422931827,-0.012591241961335708,S
CCCGAAGCAACAGATA-1,0.08183909040440412,-0.026901512180539433,S
CCCGAAGCAACCCTAA-1,-0.010531947694522592,0.0646806366982372,G2M
CCCGAAGCAGAACTTC-1,-0.003762711350110415,-0.05657807129297082,G1
CCCGAAGCAGCAGTGA-1,0.11732208417506051,0.1606725840360203,G2M
CCCGAAGGTATACCTG-1,-0.032945837596901284,0.01989625296853792,G2M
CCCGAAGGTCAGATTC-1,0.1638484217647207,-0.044890546639868245,S
CCCGAAGGTGGTGATG-1,0.034287258546719324,-0.07584274193358556,S
CCCGAAGTCATTATCC-1,0.11709124933204651,-0.04749198367172286,S
CCCGAAGTCGAACTCA-1,0.02608125289310298,0.1482146340752592,G2M
CCCGAAGTCGGAGTAG-1,0.18991515995357644,0.06243163708677296,S
CCCGAAGTCTCGTCGT-1,-0.014649377973606326,0.010979990528763361,G2M
CCCGGAAAGCAGCAGT-1,-0.0033950791703747374,0.012964247207639112,G2M
CCCGGAAAGGTTAAAC-1,-0.018398725236883573,0.4764834911316457,G2M
CCCGGAAAGTCGAAAT-1,0.04041022512034226,0.08330488410057257,G2M
CCCGGAACAACAAGTA-1,-0.006516111270964575,-0.026228689938443406,G1
CCCGGAACAGAGTTGG-1,0.11943786068757972,-0.0090704148670267,S
CCCGGAACATAATCCG-1,0.04090942387082713,0.31054009494033263,G2M
CCCGGAAGTATTTCTC-1,0.08714346673915485,-0.04596107219887147,S
CCCGGAAGTCCAGCAC-1,0.009315049576686996,-0.15505576822282058,S
CCCGGAAGTGAGTAAT-1,0.1328249870916025,0.16418729849772473,G2M
CCCGGAAGTTCCACGG-1,0.007001145187344182,0.14126294812943008,G2M
CCCGGAATCAGAACCT-1,0.042777576495394265,0.1751294787282226,G2M
CCCGGAATCAGGACGA-1,-0.035710086468985325,0.0728728563101394,G2M
CCCGGAATCGTAGGGA-1,0.0035067330755962356,-0.015929465020775857,S
CCCTAACAGATCCGAG-1,0.018119569102229338,-0.11030154356051725,S
CCCTAACAGCAATTCC-1,-0.031239161293178108,0.09718001904692253,G2M
CCCTAACAGCGATTCT-1,-0.035923016714674516,0.16276725045359575,G2M
CCCTAACAGCTGGCTC-1,0.01432241346572638,0.028011788912005453,G2M
CCCTAACAGGCATCTT-1,-0.008283562925360644,0.048920060024506384,G2M
CCCTAACAGGTGATAT-1,-0.024106428758850607,-0.05203273523740953,G1
CCCTAACCAAATACGA-1,-0.05459378107631924,-0.060216094138208165,G1
CCCTAACCAACGGTAG-1,0.04957641104903743,-0.0890480730952361,S
CCCTAACCACGTCGGT-1,0.19115246805264913,0.15056236832490627,S
CCCTAACCATCCTCAC-1,0.1488421468065672,0.09673709942789405,S
CCCTAACCATGGGATG-1,0.012783812154438468,-0.021584929703147182,S
CCCTAACCATTCTTCA-1,0.07110852782334631,0.05621447584298356,S
CCCTAACGTCTCAGGC-1,0.13230607103788716,0.11753991533731384,S
CCCTAACGTGCTATTG-1,0.15786500833515582,0.010230380494676089,S
CCCTAACTCACTTTGT-1,0.06591766145882039,0.22001846604380998,G2M
CCCTAACTCAGGGATG-1,0.11683784221916638,-0.046623267237949906,S
CCCTAACTCCCGTTGT-1,0.08770773049625286,0.1423125464573649,G2M
CCCTAACTCGGCTCTT-1,-0.030537346424441725,-0.026605406575776425,G1
CCCTCAAAGCTGTTCA-1,-0.06709892915616444,0.056444209111060295,G2M
CCCTCAACACTCAGAT-1,-0.06786227354055802,-0.08379251994490178,G1
CCCTCAACACTCCGAG-1,0.1444456566779464,0.2787345678230093,G2M
CCCTCAACACTTTAGG-1,0.0005833969032448261,0.058502605956752884,G2M
CCCTCAACATCTGCGG-1,-0.016743347939563613,0.11447557976312112,G2M
CCCTCAAGTAACCAGG-1,0.018979733283790767,0.2495553806317639,G2M
CCCTCAAGTATTGGCT-1,-0.048111492611349616,-0.014757853777834784,G1
CCCTCAAGTCACTTAG-1,0.0007747307461798969,0.34864879164148754,G2M
CCCTCAAGTCATGACT-1,0.12272406044225609,0.13549079717984808,G2M
CCCTCAAGTCCTGGGT-1,-0.0847641166371837,-0.06292358203020779,G1
CCCTCAAGTTATCTTC-1,0.03312040286318407,-0.10402252832863446,S
CCCTCAATCAGCAATC-1,-0.019041551736918627,0.32792848183804085,G2M
CCCTCAATCCGTGGGT-1,0.11120407182998437,0.039897224996481684,S
CCCTCAATCGAGCCTG-1,0.037139687074069117,0.09857887350600364,G2M
CCCTCAATCGATACGT-1,0.01026692354617259,0.008267465320450362,S
CCCTCAATCGCAACAT-1,0.007912821742307008,0.16241508071340305,G2M
CCCTCAATCGGTCGGT-1,0.00961123926709928,-0.0145570453305644,S
CCCTCAATCTGGAAGG-1,0.0012446511839572239,0.07398996914170591,G2M
CCCTCTCAGCGAAACC-1,0.3347723328987421,0.025375694249488323,S
CCCTCTCAGGCACTCC-1,0.0213504145225637,-0.020879861573761815,S
CCCTCTCAGTGACCTT-1,0.17463137855946131,0.018319050802542536,S
CCCTCTCAGTTGCTCA-1,-0.006876662162790703,-0.01780997531341011,G1
CCCTCTCCAACCGCCA-1,0.020752321718388478,-0.006674178686561727,S
CCCTCTCCACTTCAAG-1,0.1393188340818961,0.2646204600308414,G2M
CCCTCTCCAGGTGAGT-1,0.053857456882544064,0.08872634367324267,G2M
CCCTCTCCATATGAAG-1,-0.07560934125446844,0.07769559932585496,G2M
CCCTCTCCATGAGAAT-1,-0.00434474042985622,0.058994545317734015,G2M
CCCTCTCGTCGTGGTC-1,0.3358634517767318,-0.07015500911121586,S
CCCTCTCGTCTTACAG-1,0.13169587418853057,-0.014137097323512593,S
CCCTCTCGTTCGGTCG-1,0.011082135388697845,0.03594214666175419,G2M
CCCTCTCTCCCTATTA-1,0.03504032103557997,0.0004709351784098481,S
CCCTCTCTCCGAAGGA-1,0.2061865158677243,0.10974181489113871,S
CCCTCTCTCCTCACCA-1,0.11460605967307352,-0.0035294363790995265,S
CCCTCTCTCGAGCACC-1,0.004667760039998747,0.0285934640574681,G2M
CCCTCTCTCGCATAGT-1,-0.007506227471729798,0.10524285271036599,G2M
CCCTCTCTCGCTCTAC-1,-0.0670304487994281,-0.030918532897351136,G1
CCCTCTCTCGGCTTCT-1,0.08493562367053126,0.01594620809483807,S
CCCTCTCTCTAGTGAC-1,0.07472963144049727,0.10698949927897544,G2M
CCCTCTCTCTGAATGC-1,0.10180281640187205,0.08051634431637095,S
CCCTCTCTCTTGAGCA-1,-0.046501111135342554,0.13709990791105398,G2M
CCCTGATAGACCATTC-1,0.07087469980657324,-0.11603930116698291,S
CCCTGATAGATACTGA-1,-0.06341484078364645,0.06369954488521168,G2M
CCCTGATCAACCGTGC-1,-0.07448093149963958,-0.17056904236668388,G1
CCCTGATCAAGGGCAT-1,-0.014565058817758825,-0.08985065120816565,G1
CCCTGATCACTGTTCC-1,-0.008973826166811194,-0.07723479275407186,G1
CCCTGATGTCTTACAG-1,0.18086947548533916,-0.08592314393379791,S
CCCTGATGTGGTGATG-1,-0.00020888733832524764,-0.04545442640332259,G1
CCCTGATTCCAGTGTA-1,0.07358944907480047,0.08512832416699617,G2M
CCCTGATTCCGTGGTG-1,0.12388105833643082,-0.08069453599216181,S
CCCTTAGAGAATCGAT-1,0.009777641341552457,0.08746243871001247,G2M
CCCTTAGAGAGCCGAT-1,0.07339552000921706,0.07607056771423926,G2M
CCCTTAGCATACAGAA-1,0.11348820847438257,0.10054306363863602,S
CCCTTAGCATACCATG-1,0.00011817119638540818,0.07790039518719094,G2M
CCCTTAGGTATAGGAT-1,0.0022489136598201065,0.17427697488119775,G2M
CCCTTAGGTTCGGGTC-1,-0.06245870592057645,0.17263754528871367,G2M
CCCTTAGGTTTACCAG-1,-0.0639523877816891,0.205813217446835,G2M
CCCTTAGTCAACGTGT-1,0.02586282601955059,-0.02932505778625455,S
CCCTTAGTCGCAGTGC-1,0.047499803979104305,0.09758128113180842,G2M
CCGAACGAGAGAGCGG-1,0.03314079637946066,0.0753122020487158,G2M
CCGAACGAGCCGTCGT-1,0.08601239446474501,0.17488484178916097,G2M
CCGAACGAGGTGATCG-1,-0.03387008736629521,-0.13391347812158988,G1
CCGAACGAGTTAGTGA-1,0.05636776061529514,0.25275175076654277,G2M
CCGAACGCAGACCTGC-1,0.07495520763796731,-5.4798537656775004e-05,S
CCGAACGCATCCAATG-1,-0.04790698823724976,0.20761139524472233,G2M
CCGAACGGTCTATGAC-1,0.0595739433316988,0.26329198211613664,G2M
CCGAACGGTGTATTGC-1,-0.004987782575705757,-0.13123124558945443,G1
CCGAACGGTTGGACCC-1,0.12769956607016708,0.020498156767297715,S
CCGAACGTCCTTCGAC-1,0.0696350493308015,0.06277601014387679,S
CCGAACGTCGCAGAGA-1,0.024632757124191385,0.1931366909830603,G2M
CCGAACGTCGTTCCCA-1,0.03714869431067891,0.034924874873685785,S
CCGAACGTCTGTCGTC-1,0.1001990384835667,-0.05415867323446874,S
CCGATCTCAATAGTGA-1,-0.013464632802735021,0.07159695801568838,G2M
CCGATCTCACATAGCT-1,-0.04748453221516041,0.08617284341816267,G2M
CCGATCTCACATCCCT-1,0.06634334896546618,-0.0007327249929839907,S
CCGATCTCACGGGCTT-1,0.020903043648610065,-0.021143193379252245,S
CCGATCTCAGCATCTA-1,0.005948229205392064,-0.008702232305570434,S
CCGATCTCATGACACT-1,0.013944908797239253,-0.0778397059888597,S
CCGATCTGTAGCTCGC-1,-0.06162957802497976,-0.16904832420757473,G1
CCGATCTGTCAAGCCC-1,0.13208035248625905,0.3048787946507669,G2M
CCGATCTGTCGTAATC-1,-0.07437079861184981,0.04718999325089862,G2M
CCGATCTTCAGGGTAG-1,0.0017779223837257052,-0.046298452353694175,S
CCGATCTTCCTGCCAT-1,-0.15232903689503396,-0.06430502651248277,G1
CCGATGGCACAGGATG-1,0.0007831158454361109,0.07918371833013432,G2M
CCGATGGCACTTCATT-1,0.11729827165434265,-0.09802123810255622,S
CCGATGGCATTGACAC-1,0.1544894967641578,-0.0032566309029193885,S
CCGATGGGTCGTCATA-1,0.09718986246641426,-0.16120263220232905,S
CCGATGGGTTGTTGCA-1,-0.008989573115258387,0.041394182412892166,G2M
CCGATGGGTTTACGAC-1,0.002397255848968771,0.027144868332002414,G2M
CCGATGGTCCACCTCA-1,-0.016106341741412122,0.1943374689428546,G2M
CCGATGGTCCTCAGGG-1,-0.07453488955607473,-0.03376585860243286,G1
CCGATGGTCGGTCACG-1,0.16609007248829105,0.017080089321983405,S
CCGCAAGAGCCGTTAT-1,0.06035417415476091,-0.03390383873838321,S
CCGCAAGAGCCTCTTC-1,0.06234451961412635,0.09837048868209114,G2M
CCGCAAGCAAGGTACG-1,-0.014464258770407579,0.013973370217084946,G2M
CCGCAAGCATGAGGGT-1,0.03880879216550037,0.060344782958483,G2M
CCGCAAGGTCACGTGC-1,0.01374082076901878,0.032769533568599685,G2M
CCGCAAGGTGTCTCCT-1,0.3125791795425229,-0.06545524372636125,S
CCGCAAGTCCGTGACG-1,-0.06527577518603311,-0.05815125847189717,G1
CCGCAAGTCGGCTTGG-1,-0.030557406207058768,0.06891229952188599,G2M
CCGCAAGTCTGCAGCG-1,-0.05385629809423942,0.08227614348519413,G2M
CCGGACAAGGTAATCA-1,-0.010618813170854557,-0.07831851683745217,G1
CCGGACAAGGTCTTTG-1,-0.006733375989312673,0.016275889367459884,G2M
CCGGACACAACTCATG-1,-0.03333593453154421,0.11967468613320809,G2M
CCGGACACAAGGCTTT-1,0.008438104603197272,-0.15342861364415267,S
CCGGACACAATAGGGC-1,0.04642297426414721,0.07884738422227372,G2M
CCGGACACACAAATAG-1,0.035034190937871856,-0.06918283133560593,S
CCGGACACACCTGCGA-1,0.047002468232720696,0.14395401750074,G2M
CCGGACACAGCGAGTA-1,0.036987759465306747,0.15213474453677217,G2M
CCGGACACATGAGATA-1,0.016623902659091527,-0.0354918955538322,S
CCGGACAGTCTGTAAC-1,0.2060786379404228,-0.11827584610831665,S
CCGGACAGTGAGCAGT-1,0.048232281654306486,0.016030828161915978,S
CCGGACATCGCTGTCT-1,0.09953975683649197,0.00870627437216634,S
CCGGACATCTCGCGTT-1,0.2253236148779948,0.023723455208061295,S
CCGGGTAAGAGGTATT-1,0.03780002781637204,0.14358018296705843,G2M
CCGGGTAAGCAGGCAT-1,0.03705569077104709,0.09307349182718119,G2M
CCGGGTAAGCCTCCAG-1,-0.043082631478855604,0.16993523655669934,G2M
CCGGGTAAGGATACGC-1,-0.003243681601943438,0.02723921075111979,G2M
CCGGGTAAGTTGGACG-1,-0.056493354224004866,0.40158918595461296,G2M
CCGGGTACAGCGAGTA-1,0.006914923692153518,-0.13809137707374056,S
CCGGGTAGTACTCCGG-1,0.1634091373213915,-0.04220277762444638,S
CCGGGTATCTCATTGT-1,-0.025338507200563853,0.0070441256734988245,G2M
CCGGGTATCTCCTACG-1,0.045128414090081614,0.20771941257816195,G2M
CCGGGTATCTTCTTCC-1,0.030703266293174214,0.10704475718163559,G2M
CCGGTAGAGACATACA-1,0.06339529494593799,0.05975052887932081,S
CCGGTAGCAAACAGGC-1,0.006585945901482093,-0.1771758767836099,S
CCGGTAGCAAGATGTA-1,0.07511615373371128,-0.08902130122018359,S
CCGGTAGCAAGTGCTT-1,0.06565165319034816,-0.10422138387321606,S
CCGGTAGCACGAAGAC-1,-0.009525090570847938,-0.049920210642932006,G1
CCGGTAGCAGGAGGAG-1,0.0955435504641925,0.39481203082863026,G2M
CCGGTAGTCACCTGTC-1,-0.052028408415558336,0.13508657673375923,G2M
CCGGTAGTCGAAGCAG-1,-0.008253740612006455,-0.07514537749779782,G1
CCGGTAGTCGGATACT-1,0.01828985760533386,0.06644427526899682,G2M
CCGGTAGTCTCTCGCA-1,0.1181704768133075,0.00015900296268328562,S
CCGGTGAAGATAGTCA-1,0.1425722107123455,0.011988011605025328,S
CCGGTGAAGATGGTAT-1,0.008422711220269719,-0.07104863056732963,S
CCGGTGAAGGTCGTGA-1,0.04197362323670906,-0.16005344442684177,S
CCGGTGAAGGTGGCTA-1,0.008628171013725372,0.13193047545920877,G2M
CCGGTGACAAGGTCTT-1,0.15076775044062302,0.20780742782573525,G2M
CCGGTGACACCAAAGG-1,0.13140326265015595,0.10404086872467361,S
CCGGTGACACGCAAAG-1,0.04449536432745771,0.21974519469490422,G2M
CCGGTGACAGATCACT-1,-0.008054682156976634,-0.09571305732632057,G1
CCGGTGAGTAAGCGGT-1,-0.006748096813512072,-0.015923350445107176,G1
CCGGTGAGTATGACAA-1,0.03116826415947299,-0.12144015852459142,S
CCGGTGAGTGAGCTCC-1,0.09322436020669056,0.10969717216300479,G2M
CCGGTGAGTTGAATCC-1,0.08017032771024002,0.20977759047446837,G2M
CCGGTGATCACGATAC-1,0.13692982467340303,0.11000039035353854,S
CCGGTGATCAGTCACA-1,-0.062428354839743516,-0.07111715950458064,G1
CCGGTGATCATGACAC-1,0.08198800804596906,0.21841132795435575,G2M
CCGGTGATCTCGTCGT-1,-0.032464816593737345,-0.11385381735680827,G1
CCGTAGGAGCTAGATA-1,0.040387431374176774,-0.0929517370004217,S
CCGTAGGAGGGCGAGA-1,0.11539692957044623,0.14702865948733662,G2M
CCGTAGGAGGTTGTTC-1,0.060333206376800896,0.06615690856373002,G2M
CCGTAGGAGTTACGTC-1,-0.018019730510017373,-0.05388349978011869,G1
CCGTAGGCACACCTAA-1,-0.10028268037934429,0.06312474133932033,G2M
CCGTAGGCAGTGTATC-1,0.04394927706535828,0.17014902146388977,G2M
CCGTAGGCATAAGCAA-1,-0.022468966898629594,0.00413041472423431,G2M
CCGTAGGGTGGATACG-1,0.018501510358977125,0.09016315471555042,G2M
CCGTAGGTCAACGAGG-1,0.09804251086577664,0.01724442593366121,S
CCGTAGGTCACACCGG-1,0.06633390830212033,0.21630428144329678,G2M
CCGTAGGTCACCCTGT-1,0.09570222644839987,0.03132968931086161,S
CCGTAGGTCACTGATG-1,-0.07220768336754163,-0.06488408990234934,G1
CCGTAGGTCCGACATA-1,-0.05017983427120204,-0.060951722994076196,G1
CCGTGAGAGCATGTTC-1,0.2102036249382776,-0.05060928161893491,S
CCGTGAGAGCCGCACT-1,0.010871670760551622,-0.16713882178084544,S
CCGTGAGCACATACTG-1,0.04853670522091047,0.13145144479764603,G2M
CCGTGAGCATCATGAC-1,0.3092969365929119,-0.10819512737325127,S
CCGTGAGCATGACGAG-1,0.12467657591024622,0.03683038851386772,S
CCGTGAGGTAACCCTA-1,-0.009401256824143833,0.16633632737387927,G2M
CCGTGAGGTATCCCAA-1,-0.0035697660761710437,-0.1030336560709835,G1
CCGTGAGGTGGATTTC-1,0.282443334337092,-0.05071191694267596,S
CCGTGAGGTTCCGCAG-1,0.0842954736914524,-0.006162702310540613,S
CCGTGAGTCAAAGGAT-1,0.018708399031782397,-0.15479819152615887,S
CCGTGAGTCAGTGTCA-1,0.09204116023744452,-0.060108553626505634,S
CCGTTCAAGCCAAGTG-1,0.0080218683533132,-0.005126424734961221,S
CCGTTCAAGGTTGACG-1,-0.04486346454729989,0.45440392571153165,G2M
CCGTTCAAGGTTGAGC-1,0.003487753944576788,0.1909177392217098,G2M
CCGTTCAAGTGGAATT-1,0.03555685270847042,0.038722135237189204,G2M
CCGTTCACACACAGAG-1,-0.013789097264470307,-0.031811989439763266,G1
CCGTTCACACCTTCCA-1,0.10072030524911069,0.17747170500827636,G2M
CCGTTCACACTTCAAG-1,-0.003129065687314192,0.0691549861181685,G2M
CCGTTCACAGAGACTG-1,-0.0101975363437663,-0.008298646562879208,G1
CCGTTCAGTAACACCT-1,0.03601593345399173,-0.060102007536417645,S
CCGTTCAGTGTACAGG-1,-0.016360859972225583,0.0782407611220085,G2M
CCGTTCAGTTAGCGGA-1,0.07056482067185754,0.0004804462607921889,S
CCGTTCATCAGTGGGA-1,-0.0022587721471963307,0.35113550311191855,G2M
CCGTTCATCCGCACGA-1,-0.0060652993845430325,0.11116779227216833,G2M
CCGTTCATCCGGTAGC-1,0.03488712882753353,-0.07879231717167756,S
CCGTTCATCTCTCGAC-1,-0.012980750981920586,0.0038097517359538813,G2M
CCGTTCATCTTACCAT-1,0.19757375987541548,0.038432943131242736,S
CCGTTCATCTTTGGAG-1,0.04480831025606691,0.0603440915669643,G2M
CCTAACCAGGTAAAGG-1,0.0731610479291831,0.058301957179995645,S
CCTAACCAGGTCACAG-1,-0.045487868317007074,-0.0002219851924301075,G1
CCTAACCAGTGCACAG-1,0.11623321397541708,0.3242107264410574,G2M
CCTAACCCACAGTATC-1,-0.03322421234395612,0.024440507570193115,G2M
CCTAACCCAGTATGAA-1,-0.01851253005718334,0.008535847550225573,G2M
CCTAACCCATATCTCT-1,0.13717859371782232,-0.05057661198948232,S
CCTAACCGTATATGGA-1,0.1406965878408435,-0.008099604268257732,S
CCTAACCGTCGCATGC-1,0.05660817740825935,0.028082138962858383,S
CCTAACCGTCGGCACT-1,0.08905384792202814,-0.02058156510265463,S
CCTAACCGTCTTCCGT-1,0.07846356187572884,0.044008298307451954,S
CCTAACCGTGAGATTA-1,-0.024795581990981197,0.08571633804986001,G2M
CCTAACCGTTAAACAG-1,0.06364765281793033,-0.06008762497669212,S
CCTAACCTCTCCACTG-1,0.025820927992243337,-0.12019226357597673,S
CCTAAGAAGGAACGCT-1,0.23777472614880168,-0.13357513130784845,S
CCTAAGAAGTTCAACC-1,0.07521784239620283,0.09084378881513994,G2M
CCTAAGACAAGTTCCA-1,0.05600478337957815,0.18599830422155156,G2M
CCTAAGACAATTGGTC-1,0.1616939739054598,-0.09433402526594914,S
CCTAAGACATGTTTGG-1,0.11333739711602242,0.07551727024743449,S
CCTAAGAGTACCTAGT-1,-0.021130950356511136,0.0965166938231265,G2M
CCTAAGAGTGGAGAAA-1,0.16694445812573616,-0.030636435118542277,S
CCTAAGAGTTCGCGTG-1,0.06255507258232768,-0.01732178803985468,S
CCTAAGATCATGGTAC-1,0.04831446451234722,-0.12288489968142664,S
CCTAAGATCCGAGCTG-1,-0.1032362481281221,-0.046732739216952646,G1
CCTAAGATCCTACACC-1,0.16133813654991758,0.12800916733005713,S
CCTAAGATCGCTTGAA-1,0.03944891389547023,0.13610398712705962,G2M
CCTAAGATCGTCCTTG-1,0.029426961572009136,-0.09156737187705916,S
CCTAAGATCTGCTTAT-1,0.02252058656116146,0.10127669002826206,G2M
CCTAAGATCTGGCTGG-1,-0.000963132717564652,0.08290697469551234,G2M
CCTACGTAGACGCCCT-1,0.12814120151274316,0.059151134347241785,S
CCTACGTAGCATTTCG-1,-0.00011562426000477632,0.0998745815846695,G2M
CCTACGTAGCGAGGAG-1,0.14769400184645637,-0.0379602546922595,S
CCTACGTAGCTGCCTG-1,0.03647895536081314,0.117351827883311,G2M
CCTACGTAGGCCGCTT-1,0.0614749334924658,-0.01763130971505711,S
CCTACGTCAACACAAA-1,0.14378749735811702,0.13337903294024017,S
CCTACGTCAGATCCTA-1,0.002472679573909675,-0.08775195496838173,S
CCTACGTGTACAGTAA-1,0.03672969551965921,0.12878737192575546,G2M
CCTACGTGTGAGACCA-1,-0.018709601712961266,0.032451460129469645,G2M
CCTACGTGTTGTGGCC-1,0.04158862040065614,-0.12042136932690845,S
CCTACGTTCGCAAGAG-1,-0.0026157060855197534,-0.10511223707997608,G1
CCTACGTTCTTACACT-1,0.05095081728857087,0.02709366511043304,S
CCTATCGAGAAACACT-1,0.09737072578531841,0.09699978258927372,S
CCTATCGAGAGTACCG-1,0.08575407668771418,-0.07410443019968721,S
CCTATCGAGGAACTAT-1,0.02400107842878696,-0.05703875455729557,S
CCTATCGAGTCATGAA-1,0.015592554502306732,-0.1485317238613711,S
CCTATCGCAATCTCGA-1,-0.019186968377718827,0.10579612716882558,G2M
CCTATCGCACACAGCC-1,-0.003394616714394394,0.0562707545327738,G2M
CCTATCGCACTGGATT-1,0.021897997262929403,-0.06374053613345601,S
CCTATCGCATAACGGG-1,0.007064935535034067,0.007723164825967466,G2M
CCTATCGGTTGCTCCT-1,-0.007194446367208729,-0.03303071378539668,G1
CCTATCGGTTGGAGAC-1,0.005342151306059084,0.018158876449847983,G2M
CCTATCGGTTGGCCTG-1,-0.05222001432040618,0.10042512286145416,G2M
CCTATCGTCAACTCTT-1,0.11203120093688185,0.08676012254525411,S
CCTATCGTCGGTCATA-1,-0.003110098053025201,0.04780006689356203,G2M
CCTATCGTCGTTCAGA-1,0.09956106495873152,-0.03874592029903026,S
CCTATCGTCTTACGTT-1,-0.06054943815498254,-0.015341190150490291,G1
CCTCAACAGCAATTCC-1,0.053084539499225925,0.17698561044549083,G2M
CCTCAACAGCATCCTA-1,-0.017533233470455656,0.13228908988005406,G2M
CCTCAACAGTCGAAGC-1,0.0038922488300638935,0.06928351579224906,G2M
CCTCAACCAAATCAAG-1,0.08400485962786503,0.12559778693962104,G2M
CCTCAACCAGCTCATA-1,-0.01653042717867692,0.23155154054907645,G2M
CCTCAACCATCAGCTA-1,0.13371271279554514,0.1350448533513368,G2M
CCTCAACCATCATGAC-1,0.03605246098899223,-0.01637418370117194,S
CCTCAACGTGGATCAG-1,-0.026757029515176223,-0.04931642318241486,G1
CCTCAACGTTGTAAAG-1,0.035496507684522394,0.11356147017756063,G2M
CCTCAACTCAGGACAG-1,0.19160702475263924,0.03128735266043009,S
CCTCAACTCAGTCACA-1,-0.05545537261801936,-0.09202184140776676,G1
CCTCAACTCCATTTGT-1,0.037432050447306076,-0.07065244210012744,S
CCTCAACTCCTAGCTC-1,-0.014701870894931468,-0.04531415975910008,G1
CCTCAACTCGACGCTG-1,0.05470463563029998,6.077965875483926e-06,S
CCTCAACTCGTCGCTT-1,0.11002053833237746,0.09398044893247437,S
CCTCAACTCTCTTGCG-1,0.0797421569919477,0.05626709003743957,S
CCTCACAAGAAGATCT-1,0.17267209923649984,-0.13538023268997984,S
CCTCACAAGAGGTCGT-1,0.017222413287297178,-0.1684726468380447,S
CCTCACACAACTCGTA-1,0.09766844084549597,-0.06125068945215581,S
CCTCACACAAGATCCT-1,0.0959061987291811,-0.12368545753982593,S
CCTCACACAGACTGCC-1,0.01660282902909238,0.2506957350378338,G2M
CCTCACACAGTAGGAC-1,0.0345421298092754,-0.024522494415444074,S
CCTCACACATAGATGA-1,0.015839436810088425,-0.06069719265165857,S
CCTCACAGTCCCACGA-1,-0.0021558285344622785,0.23635550875515865,G2M
CCTCACAGTTCGAGCC-1,0.05740281671399183,0.01982896080694388,S
CCTCACAGTTGTTTGG-1,0.05122936126339128,0.06295198984177885,G2M
CCTCACAGTTTGGGTT-1,0.16123517298214435,-0.21079041903033063,S
CCTCACATCCGTGGCA-1,-0.03947690814657162,0.028174739687259476,G2M
CCTCACATCGAAATCC-1,0.09414636833948559,0.058387132531585506,S
CCTCAGTAGAGTCAAT-1,0.05183756626314662,-0.027240241438623636,S
CCTCAGTAGGCACGAT-1,0.30871045987983237,0.08878646836521853,S
CCTCAGTAGTAAACTG-1,0.024151869175151996,-0.07632827356297234,S
CCTCAGTCAGGCTCTG-1,0.00523655979101556,-0.09264430168247839,S
CCTCAGTGTACCGGAA-1,0.02065217148266324,0.1096878171734304,G2M
CCTCAGTGTAGAGCTG-1,0.06154994715366918,-0.05923317212852755,S
CCTCAGTGTCCGGCAT-1,0.06849012715057967,0.18439021982908715,G2M
CCTCAGTTCATGACAC-1,0.008298590424843377,-0.08683678709147163,S
CCTCAGTTCCCAGGCA-1,0.03321448635639779,0.2518321366348827,G2M
CCTCATGAGACTAAGT-1,0.12096005263345078,0.06449771498782542,S
CCTCATGAGCAGCCCT-1,0.011799504471408206,-0.08624739850624918,S
CCTCATGAGCGTCTCG-1,0.016765667609839163,-0.018204956058388566,S
CCTCATGCAACCACGC-1,0.1428715705029857,0.11202669493736694,S
CCTCATGCACAGCTGC-1,-0.04034634628888806,-0.03229183501619898,G1
CCTCATGCACAGTACT-1,-0.08903923553663229,0.009911723827923213,G2M
CCTCATGCACCAGCCA-1,0.1310397336124396,0.03447617143166065,S
CCTCATGCACTCCGGA-1,-0.013553939137579851,0.22442216183227015,G2M
CCTCATGCAGCGATTT-1,0.22235067573386247,0.008795622099009137,S
CCTCATGCAGGTCCGT-1,-0.08895002579485262,-0.062258412499411,G1
CCTCATGGTATTTCCT-1,0.06963989072715143,-0.025758714741597383,S
CCTCATGGTCATGACT-1,0.037216431075316914,0.041823418882708074,G2M
CCTCATGGTTCACCGG-1,-0.00015604278128888982,0.01736860740061802,G2M
CCTCATGTCACACCGG-1,0.054900452869612315,0.1546238019331388,G2M
CCTCATGTCCCTAGGG-1,0.058401083850250834,-0.016524521523685387,S
CCTCATGTCTCACTCG-1,0.044059501023676784,0.03057422127808046,S
CCTCCAAAGAATTGTG-1,0.030515404175401217,-0.02334053364258365,S
CCTCCAAAGAGGCGTT-1,0.02599767170416778,0.09625871818149923,G2M
CCTCCAAAGCCGAATG-1,0.06608383175097682,0.04435704316602812,S
CCTCCAAGTACCAGAG-1,0.06739922437006168,0.12912759731227708,G2M
CCTCCAAGTAGTGATA-1,0.09397088282152388,0.0175176598091899,S
CCTCCAAGTGATAGTA-1,0.1035995666114331,0.10271683620113492,S
CCTCCAAGTGTCTCCT-1,-0.015827264441480582,-0.00654914628094222,G1
CCTCCAATCAAGTTGC-1,0.0253595286436189,0.06840270699267592,G2M
CCTCCAATCCCGAGTG-1,0.005704413732563529,-0.050017083270642027,S
CCTCCTCAGACGGATC-1,0.02657757815900408,0.07707350595097412,G2M
CCTCCTCAGAGGCTGT-1,0.005164850002710386,-0.024821313185238614,S
CCTCCTCAGCGTCAAG-1,-0.06502430720203334,-0.016559439401554688,G1
CCTCCTCAGGTCCAGA-1,0.04357582905925195,-0.02965069973724388,S
CCTCCTCCAAAGACTA-1,-1.742789361069974e-05,0.0009717909825048276,G2M
CCTCCTCCAAAGGGCT-1,0.363944710462216,-0.044233747582043736,S
CCTCCTCCAAAGGGTC-1,-0.021693994023095464,0.08539878303871046,G2M
CCTCCTCGTCGTCATA-1,0.05038684932592208,0.061893474916518754,G2M
CCTCCTCGTGGAACCA-1,0.04217647688562243,0.032983371987155785,S
CCTCCTCGTTGTGCAT-1,0.07101566639151413,0.01902425744463293,S
CCTCCTCTCCCATGGG-1,0.12867347964136383,0.09439606366006864,S
CCTCCTCTCCGTATAG-1,0.09948987281071242,0.14180739179380322,G2M
CCTCCTCTCCTGTTGC-1,0.06706113993712237,0.15796782038143276,G2M
CCTCCTCTCTAAACGC-1,-0.008745706769397898,0.03275418253026058,G2M
CCTCCTCTCTAACGGT-1,-0.07321026633533234,0.26169966553381824,G2M
CCTCCTCTCTAAGAAG-1,0.022767955714415866,0.09099302368667411,G2M
CCTCCTCTCTACACAG-1,0.056829015556773776,0.08539697062263302,G2M
CCTCTAGAGCTGTACT-1,0.015755740448550548,0.031212818174990442,G2M
CCTCTAGAGGAGACCT-1,0.21003464459885335,0.0018977491872815833,S
CCTCTAGCAGGCACTC-1,0.026582654909849124,0.11362336759159214,G2M
CCTCTAGCATCGCTGG-1,0.09411783402947377,0.20957220348988448,G2M
CCTCTAGGTACTGGGA-1,-0.012990184213451328,-0.09412328134644504,G1
CCTCTAGGTGGATGAC-1,0.07693698819742506,0.0513784432564634,S
CCTCTAGTCAAGAGGC-1,0.1144611208446008,-0.03364292100485866,S
CCTCTAGTCCAAGGGA-1,0.09143999694399829,0.03583983354737191,S
CCTCTAGTCGCTTAAG-1,0.15073027885981788,0.0661413283363659,S
CCTCTAGTCTGTGCGG-1,0.06500185930215413,-0.06698618971173043,S
CCTCTCCAGGAACGTC-1,0.03365526011903053,0.0029518494094498693,S
CCTCTCCAGGATGCGT-1,0.07987474525249155,-0.018031972596016244,S
CCTCTCCCAAACTCTG-1,0.026489431248890027,-0.02859988122680185,S
CCTCTCCCACGTCATA-1,-0.06790615598565147,-0.03852217587804441,G1
CCTCTCCCAGTGGGTA-1,0.05130917895657072,-0.07403576328947112,S
CCTCTCCCATACACCA-1,0.1297395459941429,0.020651988835728163,S
CCTCTCCCATGAAGCG-1,0.07693019297280368,-0.09089932249409774,S
CCTCTCCCATGCCGGT-1,0.12719611081949123,-0.05227731425465859,S
CCTCTCCGTCATATGC-1,0.05168312834330174,0.03144699729686762,S
CCTCTCCTCAGACTGT-1,0.014471425873197552,0.2806029941697875,G2M
CCTCTCCTCCTACTGC-1,0.15785253996679993,-0.029097853431394427,S
CCTCTCCTCTTGGATG-1,-0.021303250048359812,0.07301452485961657,G2M
CCTGCATAGAACTGAT-1,0.0024646339566782305,-0.0899844906901539,S
CCTGCATAGCTACTGT-1,0.09206852467301885,0.06837545832672864,S
CCTGCATCAAAGAGTT-1,0.045464770071725,-0.13545937104967065,S
CCTGCATCATAAGCGG-1,0.005436836406750523,0.1737328843301536,G2M
CCTGCATCATCATCTT-1,-0.08651830562233265,-0.10968935009671468,G1
CCTGCATGTCAAGTTC-1,0.00532568088479185,-0.12445658998399015,S
CCTGCATGTGCAGTGA-1,0.08862750892030652,-0.14587042054963148,S
CCTGCATGTGCCGTAC-1,0.003186782394454246,0.038338643829640806,G2M
CCTGCATTCCACAAGT-1,0.014361947765263672,-0.018764130800315693,S
CCTGCATTCCATACAG-1,0.018577697097278634,0.030177652587180026,G2M
CCTGCATTCCTTGGAA-1,0.011810026566486942,-0.09706501598203326,S
CCTGCATTCCTTTAGT-1,-0.007031820886571838,0.06714394556659106,G2M
CCTGCATTCGAATCCA-1,0.08258921740845637,0.12900105277107388,G2M
CCTGCATTCTTCCAGC-1,-0.014564992957917577,-0.12347869950769436,G1
CCTGTTGAGAGCAGAA-1,0.16281725349070686,-0.05443713746817705,S
CCTGTTGAGCGCTGCT-1,0.2105007200372685,-0.19393556870023504,S
CCTGTTGAGCTGACAG-1,0.05313394082656775,-0.06089170563325458,S
CCTGTTGAGGATAATC-1,-0.0063677649758407395,0.06981184312864785,G2M
CCTGTTGAGGCGAACT-1,0.11094340884313159,0.1430717862241076,G2M
CCTGTTGCAAGCACCC-1,0.004652242985099808,0.08916007031722356,G2M
CCTGTTGCAGTAGTGG-1,0.06120375658142485,-0.047344694331571235,S
CCTGTTGCATGGGTCC-1,0.04131523825248584,0.026060758658366212,S
CCTGTTGGTCGTGATT-1,0.13458574268067686,0.18029373424072698,G2M
CCTGTTGTCGGTCAGC-1,0.11750044773523816,-0.010833668310164718,S
CCTTCAGAGATACTGA-1,0.2474387234189812,0.05197743520418707,S
CCTTCAGAGATGTTAG-1,0.015480864546623507,-0.04632848336391979,S
CCTTCAGAGGCTCCCA-1,0.02895668108127164,0.3672863331792858,G2M
CCTTCAGAGTTAACAG-1,0.04794250020035845,0.09947842651966265,G2M
CCTTCAGAGTTCTACG-1,0.005442835400672308,-0.033115508111388914,S
CCTTCAGCAAACCGGA-1,-0.0011393662210177902,0.08567742791568622,G2M
CCTTCAGCAAACTCGT-1,0.031127321181983914,0.08919109805759645,G2M
CCTTCAGCAAGCGCTC-1,-0.003228658290555353,-0.12377470051084538,G1
CCTTCAGCAGCAGTCC-1,0.06482368350821954,0.4015256056312617,G2M
CCTTCAGCAGGACATG-1,-0.019452758495731637,0.09789928536084935,G2M
CCTTCAGGTAGACGTG-1,0.018028779340155232,-0.07553421919375386,S
CCTTCAGGTGGTACAG-1,0.022749518038338357,0.0346329192989398,G2M
CCTTCAGTCAACTGAC-1,0.08035021832363293,0.11975381877165497,G2M
CCTTCAGTCCAGGACC-1,0.003910215756091184,-0.06815630340748885,S
CCTTCAGTCCTACGAA-1,0.11544891470582552,-0.17967851610480726,S
CCTTGTGAGATTGAGT-1,0.21278054631108212,0.07549519213647493,S
CCTTGTGAGGCGTTGA-1,-0.0010303645704394793,0.11795427490724886,G2M
CCTTGTGGTCTCTCAC-1,0.10990023001699023,0.0031185567442609807,S
CCTTGTGTCCAACCGG-1,0.1964761837766782,0.10579730404876364,S
CCTTGTGTCCTCTAAT-1,0.019840798480537436,0.038888413555806134,G2M
CCTTGTGTCTGGCTGG-1,0.14319687898897127,-0.018730266834191323,S
CCTTGTGTCTGGGCCA-1,0.07451095369186367,0.17110161062531565,G2M
CCTTTGGAGGCCATAG-1,0.010850889209094217,-0.07556213343622678,S
CCTTTGGAGTCGCCAC-1,-0.02774577267785383,0.0047044063469543485,G2M
CCTTTGGCAAATGGCG-1,-0.011640161471539012,0.11728610488468694,G2M
CCTTTGGCACGACGAA-1,0.03524379427614244,0.1398996760761062,G2M
CCTTTGGCAGACTCTA-1,0.032617859508527636,-0.07873622262575417,S
CCTTTGGCATAATCCG-1,-0.013415439730452394,-0.09194747189771332,G1
CCTTTGGCATTAAAGG-1,-0.025142946215160167,-0.11226059155932824,G1
CCTTTGGGTATCGAGG-1,-0.03269461122900874,-0.003327688506648774,G1
CCTTTGGGTCAACCTA-1,0.08198706929687222,0.05708378262894723,S
CCTTTGGGTCGCTTAA-1,0.026233921342960265,-0.09122682900004841,S
CCTTTGGTCATGGGAG-1,0.18692229968560764,0.12895414489295054,S
CCTTTGGTCGAGAGAC-1,0.022488932572296394,-0.023403663483509862,S
CCTTTGGTCTTTCCGG-1,0.05702720851330334,0.07273797297099135,G2M
CGAAGGAAGGTAGATT-1,0.15942564912497553,-0.134613005858429,S
CGAAGGAAGTATGCAA-1,-0.01210457353836436,0.03633025395662409,G2M
CGAAGGACAATAGTCC-1,-0.02150968365594008,-0.003628621869814941,G1
CGAAGGACATGGGCAA-1,0.12849401329838234,0.08651771599692576,S
CGAAGGACATGTAACC-1,-0.03435595167508754,-0.15015812584200428,G1
CGAAGGAGTACAGCGA-1,-0.02896371613590104,-0.10415074239360544,G1
CGAAGGAGTAGAAACT-1,-0.02387958980978533,0.0026984927702148886,G2M
CGAAGGAGTATGGAGC-1,0.08927234878525259,0.09536316917505544,G2M
CGAAGGAGTGACAGCA-1,0.05438880303692689,0.18414959991268542,G2M
CGAAGGAGTGTGACCC-1,-0.02770433562837593,0.10688850892854268,G2M
CGAAGGAGTGTGCCTG-1,0.032718608970265184,0.015241925672681234,S
CGAAGGAGTTGCATCA-1,-0.03438272390586705,-0.01595863021093591,G1
CGAAGGATCCAGCCTT-1,0.035273404433761035,-0.05038386636338421,S
CGAAGGATCTGCGATA-1,0.036436276253854705,-0.13319496284816232,S
CGAAGGATCTTTGCAT-1,0.07427219333139135,0.05034658757022842,S
CGAAGTTAGACTCATC-1,0.023144670639644094,-0.17602084476508825,S
CGAAGTTAGCGCGTTC-1,0.06898945121542593,0.06973987755886951,G2M
CGAAGTTAGGTCTACT-1,0.00022770325683268977,-0.06073258923264441,S
CGAAGTTAGGTTACAA-1,0.17409253029577665,0.05882084483390354,S
CGAAGTTCACAATGAA-1,-0.02792845042717329,-0.08426938874729006,G1
CGAAGTTCACTGGCGT-1,0.10469027242832357,-0.008378040713066637,S
CGAAGTTCACTGTCGG-1,0.038962209463104136,0.10050048240887882,G2M
CGAAGTTCAGGTTCGC-1,0.06797946336782468,-0.018458745846684055,S
CGAAGTTCATTAAGCC-1,0.06868319691768537,-0.10247221952545499,S
CGAAGTTGTACTCGCG-1,0.07756482378221585,0.1488268615272606,G2M
CGAAGTTGTGAGCTCC-1,0.16358346166958293,0.001446210876565518,S
CGAAGTTGTTGCATCA-1,0.03204916918174827,0.06970821388140752,G2M
CGAAGTTTCATAGGCT-1,-0.069138179366238,-0.04987537049332719,G1
CGAAGTTTCCTAGCCT-1,0.08277383087869694,0.19398855670319393,G2M
CGAAGTTTCCTCTCTT-1,0.10022979038969304,0.0833053667206593,S
CGAATTGAGGATGGCT-1,0.11630279941430322,0.022622069690719504,S
CGAATTGAGGTTCATC-1,0.05181626680451462,-0.008287707451826276,S
CGAATTGAGTATGGCG-1,-0.03929741581276747,0.32568523875415056,G2M
CGAATTGCAAACGTGG-1,0.07383149864983973,-0.12774916929807126,S
CGAATTGCAAAGCACG-1,-0.0846140090429629,0.021420256725501408,G2M
CGAATTGCAAGAGCTG-1,-0.020466874203322605,0.031217542287892475,G2M
CGAATTGCACAGCCAC-1,-0.039223425442689086,0.442345966023163,G2M
CGAATTGCACTACAGT-1,0.10564051016671505,-0.09361881243026388,S
CGAATTGCATGACTTG-1,0.2861971273449545,-0.030732696467570764,S
CGAATTGCATTCCTAT-1,-0.021817751603960822,0.10218883360316239,G2M
CGAATTGGTCGTATTG-1,0.06786129303369404,-0.01510104634645304,S
CGAATTGGTTCGGCCA-1,-0.0032717735752531563,0.12364248012548767,G2M
CGAATTGTCGACCCAG-1,-0.013775445677257747,-0.08809413964194529,G1
CGAATTGTCTACTGAG-1,-0.009584874472233051,0.08999223080849089,G2M
CGAATTGTCTATACGG-1,0.028137343842341733,-0.016310437415481327,S
CGACAGCAGGACTTCT-1,0.17631451495868633,-0.014895106760636156,S
CGACAGCCAAGAGTTA-1,-0.02702103357506197,0.009903741690170387,G2M
CGACAGCCAAGTAGTA-1,-0.03498252631491222,0.10270260748273052,G2M
CGACAGCCACAATGAA-1,0.05025580663654139,-0.0724206607348937,S
CGACAGCCACTCTCGT-1,0.021351411124850173,-0.12035719797283612,S
CGACAGCCAGAGTGTG-1,0.04448946469813436,-0.20729488958065947,S
CGACAGCCAGGAATCG-1,0.0786598145126452,0.09524860094013127,G2M
CGACAGCCATGACTAC-1,-0.05143409039857039,-0.033196757579273095,G1
CGACAGCCATGTTCGA-1,0.09608231110636767,0.06985475289043241,S
CGACAGCGTACTGACT-1,0.05469474306333011,0.11187978933693415,G2M
CGACAGCGTTTAAGGA-1,0.13869354477653006,0.18481866087635473,G2M
CGACAGCTCAAGTGTC-1,0.07170865353687411,0.012849741243289858,S
CGACAGCTCCATCTAT-1,0.147170652407141,0.026907232591796726,S
CGACAGCTCTATCGCC-1,0.13243685262830862,0.0226731204588706,S
CGACAGCTCTCCGAGG-1,0.06904754928553714,0.03033587382128977,S
CGAGAAGAGACTCTAC-1,0.06595709302685954,0.016736644278414314,S
CGAGAAGAGCATGATA-1,0.020026876428931917,-0.083108375499722,S
CGAGAAGAGCTGAGCA-1,0.08115376242189531,0.11023801628589736,G2M
CGAGAAGAGGTCTACT-1,0.17726562599693074,-0.1119668817524768,S
CGAGAAGAGTTGAATG-1,-0.03938228401961097,-0.04845761930505732,G1
CGAGAAGCAAGTGATA-1,0.13218937331174124,0.001869549653665925,S
CGAGAAGCAATATCCG-1,0.014844078510859171,-0.06834652675146163,S
CGAGAAGCACAAATCC-1,0.013581125846020059,0.1871745873614049,G2M
CGAGAAGCACAGTGTT-1,0.014826259030399247,-0.09829731767241812,S
CGAGAAGGTATGCAAA-1,0.09734792255435032,-0.03194865863978075,S
CGAGAAGGTTTCGCTC-1,-0.08634564411195444,-0.019267410006167995,G1
CGAGAAGTCACAGTGT-1,0.045496198231957385,0.0693452432036018,G2M
CGAGAAGTCATCAGTG-1,0.026393767283724667,0.015740626896381116,S
CGAGAAGTCCGATGTA-1,0.03224719826881001,0.13407173898803676,G2M
CGAGAAGTCCGGGACT-1,0.023097007043101914,-0.008996323030071529,S
CGAGAAGTCCGTAATG-1,-0.024854354015852342,0.058044005009347754,G2M
CGAGAAGTCTAACGCA-1,0.11056162299754285,0.15240319690190515,G2M
CGAGAAGTCTGCCTCA-1,0.05197534139678883,-0.07118279781028813,S
CGAGGAAAGAGTTGAT-1,-0.01611170398070888,0.045440685702405004,G2M
CGAGGAACAAGTTGGG-1,0.05887801934655862,0.24140881870593373,G2M
CGAGGAACACTCGATA-1,-0.034439774377480525,-0.08599772036474615,G1
CGAGGAACATCCTAAG-1,0.013788201340694362,-0.07593429437495886,S
CGAGGAACATCCTGTC-1,0.01292850926415473,-0.014340151212551722,S
CGAGGAAGTACAGTAA-1,0.03152556710178245,0.047742372203592676,G2M
CGAGGAAGTAGTCACT-1,0.100733329525441,-0.05144321722253506,S
CGAGGAAGTATCAGGG-1,0.1178083518137909,-0.10223566058197026,S
CGAGGAAGTTGTGCCG-1,0.050552005442218384,0.12669581126466628,G2M
CGAGGAATCACTGGTA-1,0.0174843697384392,-0.009039847601979456,S
CGAGGAATCAGTCATG-1,-0.023186352446300296,-0.09466083561524796,G1
CGAGGAATCGACACCG-1,-0.008353999204415763,0.09490916326558663,G2M
CGAGGAATCTTGCAAG-1,0.040866129401374074,0.07121800415605573,G2M
CGAGGCTAGCAAGTGC-1,0.11568479246644936,0.06954777866466044,S
CGAGGCTAGGCAATGC-1,0.08455032142677094,-0.013411823456648486,S
CGAGGCTAGTGAGTTA-1,0.285124953272032,-0.008438470003456155,S
CGAGGCTCAAATAAGC-1,0.08014681796412926,0.01885601619958438,S
CGAGGCTCAAGATGTA-1,0.023156663536078537,0.2285568359070031,G2M
CGAGGCTCACCGTGCA-1,0.2119277051361868,-0.0160880955628592,S
CGAGGCTCACGATAGG-1,0.010585654957996182,0.2982280634726502,G2M
CGAGGCTCAGCGGTTC-1,-0.060943126237074485,0.09863825412783678,G2M
CGAGGCTCATGTGCTA-1,0.06417856977473158,-0.1101729850488995,S
CGAGGCTGTAACACCT-1,0.03986424013808365,0.16448424956664465,G2M
CGAGGCTGTCCATAGT-1,0.0397627614962206,0.08328557578108103,G2M
CGAGTGCAGGCCACTC-1,0.2474219502641667,-0.008352444854368202,S
CGAGTGCAGGTAACTA-1,0.11715214808780233,0.02658011455985565,S
CGAGTGCAGGTTCATC-1,0.04266925651880904,-0.04810454961780988,S
CGAGTGCAGTTGTAAG-1,0.041346335224763164,0.24781084213338261,G2M
CGAGTGCCAACAAGAT-1,0.09059022999481137,0.00030472027153238823,S
CGAGTGCCAACGGTAG-1,-0.006810792590348613,0.08669380398209298,G2M
CGAGTGCCAGAAGCGT-1,0.11507157485118058,0.18825851173458863,G2M
CGAGTGCCATACAGAA-1,0.11653283289414862,-0.038221854826776425,S
CGAGTGCGTTATCTGG-1,0.02355618037836288,0.015896932361914085,S
CGAGTGCTCAGTGGGA-1,-0.07596466441874355,0.11210547150162536,G2M
CGAGTGCTCCGTGGCA-1,-0.005725147511000173,0.17848370720677764,G2M
CGAGTGCTCGTGAGAG-1,-0.003124940249849717,-0.03739953213022401,G1
CGAGTTAAGACCTCCG-1,0.13299722022559413,0.1161929246181928,S
CGAGTTAAGCGGGTTA-1,0.04262738505716113,-0.08442279556228521,S
CGAGTTAAGTATAGAC-1,0.03179894009362827,0.09720922530358606,G2M
CGAGTTACAAAGGGCT-1,-0.03642427054677788,0.09605175611222644,G2M
CGAGTTACAGGAGACT-1,-0.023204570083169784,0.11874280278608146,G2M
CGAGTTACATCGTGGC-1,-0.018134771146715356,0.1251753292032542,G2M
CGAGTTACATGCTGCG-1,-0.013522617465812958,-0.0217027937755645,G1
CGAGTTAGTACCAATC-1,0.09270016312986679,-0.03048042634037673,S
CGAGTTAGTAGCTTGT-1,0.046045557217169575,-0.18342799561471157,S
CGAGTTAGTATTCCTT-1,-0.03698447879116812,0.15846256259681218,G2M
CGAGTTAGTTCTCAGA-1,-0.005659280812740586,0.014160406812729065,G2M
CGAGTTAGTTGGACTT-1,0.05503391529226381,0.27461409106923396,G2M
CGAGTTATCCACCTCA-1,-0.06568915166529049,0.4399021983027154,G2M
CGAGTTATCGGTCAGC-1,0.010575988466017594,-0.034687684881614306,S
CGATCGGAGAACCCGA-1,0.14593296939147815,0.0788037000415373,S
CGATCGGAGAACGTGC-1,0.039787423420015955,0.015860525881124965,S
CGATCGGAGGGCAAGG-1,-0.0957095701697106,-0.13465280641710184,G1
CGATCGGAGTGGATTA-1,-0.0013122591030953479,0.03924942482320076,G2M
CGATCGGCAACTTGGT-1,0.028460318327817424,-0.21208952737075845,S
CGATCGGCACCGTGCA-1,-0.04031862184141327,0.17488744339764506,G2M
CGATCGGCAGAGACTG-1,0.07764295506928504,0.03546075064361587,S
CGATCGGGTACCGTGC-1,0.007970892959340836,0.13014371923824963,G2M
CGATCGGGTTCGGTTA-1,0.007479600510350792,0.04429679242163054,G2M
CGATCGGTCGCGGTAC-1,0.07226741434290729,0.08400837504799358,G2M
CGATCGGTCGGCAGTC-1,0.06468281448124796,0.2694145607410876,G2M
CGATGCGAGGTGCATG-1,0.0963946649533613,0.008603779565878988,S
CGATGCGAGTCATCGT-1,0.157362020385511,-0.06189417432703179,S
CGATGCGAGTGATTCC-1,0.02810467296767294,-0.059037465905160846,S
CGATGCGAGTGCAACG-1,-0.08622914568984186,0.028140014974625482,G2M
CGATGCGCATGACACT-1,0.04051117228478285,0.030890510521824566,S
CGATGCGCATTCTCTA-1,-0.031100319673552534,0.14064443323074866,G2M
CGATGCGTCATTACTC-1,0.04893621734132336,0.0826338130526168,G2M
CGATGCGTCATTCGTT-1,0.09255741106163523,0.03852658023354941,S
CGATGCGTCCCGAGAC-1,0.0015380663027269037,0.08943651037172085,G2M
CGATGCGTCCCTCATG-1,-0.0011546142524254677,0.07932064167058606,G2M
CGATGCGTCCTACAAG-1,0.1868742822361278,0.34368087787306795,G2M
CGATGCGTCTCCGAGG-1,-0.01708958256892118,0.06713261333976445,G2M
CGATGCGTCTCGAGTA-1,0.18032593704836908,-0.00380177363854034,S
CGATGGCAGACGATAT-1,-0.024983998661756934,-0.010535752802970644,G1
CGATGGCAGTCACAGG-1,0.10012330919195578,0.06559207608207013,S
CGATGGCAGTTCATGC-1,-0.0033185855925507712,0.276157659321714,G2M
CGATGGCCAAAGGTTA-1,0.07510249955973436,-0.047100832243253454,S
CGATGGCCACCAAATC-1,0.05486517732855223,0.07134305879896324,G2M
CGATGGCCACGTAGTT-1,-0.011878639053503393,-0.06750475824050806,G1
CGATGGCCAGCCTTCT-1,-0.05269825968437397,0.07206933463916315,G2M
CGATGGCCATCCCACT-1,0.1377570167659592,0.06882015541752479,S
CGATGGCGTAAGCGGT-1,0.07524013073788804,0.03899317662715368,S
CGATGGCGTCTGTCAA-1,-0.018378721500827255,-0.01624983654945633,G1
CGATGGCGTGTGCTTA-1,0.0737171828819933,0.059037836999542515,S
CGATGGCTCCATGCAA-1,0.015270031099260117,0.20641135817831535,G2M
CGATGGCTCCATTGTT-1,-0.0052658602759889095,0.18928126475198864,G2M
CGATGGCTCTGGGAGA-1,-0.031737329484961996,-0.04804708023073753,G1
CGCAGGTAGAGTCACG-1,0.19861172444160413,-0.1404728092346458,S
CGCAGGTAGTGCACTT-1,0.08949551428259706,0.07908335818012541,S
CGCAGGTCAAGATTGA-1,0.15049665117357208,0.05829090595723413,S
CGCAGGTCAGGACTAG-1,-0.025954326320623,0.07997426295518711,G2M
CGCAGGTGTTTGGAGG-1,0.043323228606248154,0.11125124727190361,G2M
CGCAGGTTCACTAGCA-1,-0.05621452254350634,0.04940999812209462,G2M
CGCAGGTTCCGCTTAC-1,-0.03710345410172544,0.037856415748318606,G2M
CGCAGGTTCGCAACAT-1,0.017229877867986187,-0.08041812496025541,S
CGCAGGTTCTGCATGA-1,0.15167384274621326,0.07906746878968932,S
CGCATAAAGGCGTCCT-1,-0.07622399050009004,0.1267514316258681,G2M
CGCATAAAGGGCCTCT-1,0.05225402604231749,0.03968196194190643,S
CGCATAAAGGTCGTGA-1,0.015746921183482865,0.004776629233922358,S
CGCATAACAAATACGA-1,0.1504649572746286,0.0886615820903488,S
CGCATAACAATAGTCC-1,0.0419221981973989,0.1082956093502887,G2M
CGCATAACACAATTCG-1,-0.030533135664813804,0.19939423495679703,G2M
CGCATAACACCCTGTT-1,0.05569408966045397,-0.16941751295233878,S
CGCATAACAGGTTCCG-1,0.06253435896422904,0.29126242392160523,G2M
CGCATAATCCGGCTTT-1,0.03143759818569081,0.10628508491352034,G2M
CGCATAATCCGTAGTA-1,0.033635426329285345,-0.015089646806337897,S
CGCATAATCTCGACGG-1,0.10832156173800989,-0.24604016896157155,S
CGCATGGAGGACTAAT-1,0.021418140242128625,0.09828252851884012,G2M
CGCATGGAGTCGCGAA-1,-0.10756332908736965,0.12244293012045665,G2M
CGCATGGCAACCGTGC-1,-0.0234913539289055,-0.00020078802967721243,G1
CGCATGGCACAAGGTG-1,0.23520772912321475,0.025118092971524897,S
CGCATGGCACATCCCT-1,-0.015026857718824338,0.1311516269691117,G2M
CGCATGGGTACCTTCC-1,0.10193296374231331,-0.029014771253208838,S
CGCATGGGTATGCGTT-1,-0.051603886636315155,0.027959117227528807,G2M
CGCATGGGTCTCTCAC-1,0.034012818206635376,0.10963975523866043,G2M
CGCATGGTCGCACGGT-1,0.04485120771878337,0.05924885560044307,G2M
CGCATGGTCTGTTCAT-1,0.11823133992919888,-0.12060122929277561,S
CGCCAGAAGAAGCGCT-1,0.08763507723697944,-0.04626266933428949,S
CGCCAGAAGAAGGCTC-1,0.08411843073605962,-0.0049119704422229404,S
CGCCAGAAGACCATGG-1,-0.06233852772354154,0.027766086495341735,G2M
CGCCAGAAGAGGGTGG-1,0.058312479986163235,-0.05346709767981253,S
CGCCAGAAGCCAAGCA-1,0.12600583896501877,0.05759148378582846,S
CGCCAGAAGGAAAGGT-1,-0.019085473147716192,-0.0938064981018108,G1
CGCCAGAAGTCGTTAC-1,-0.0199185418761349,0.2875950723449879,G2M
CGCCAGAGTACGATGG-1,0.0030121075191649194,-0.11512249183278511,S
CGCCAGAGTGATCATC-1,0.04417226879783481,-0.026958493627230712,S
CGCCAGAGTTCACCGG-1,-0.025526642037205838,-0.08681957997979978,G1
CGCCAGAGTTGCCAAT-1,0.30799041357814994,0.2424460773437792,S
CGCCAGATCACCCTTG-1,0.16589836561751437,-0.0840676418001079,S
CGCCAGATCAGACTGT-1,0.034063008250742266,-0.0183577052541678,S
CGCCAGATCTACACAG-1,0.049939660387727125,0.10409762534652317,G2M
CGCCAGATCTTACCAT-1,-0.04240371936992471,0.04666213885010889,G2M
CGCCATTAGACATCCT-1,-0.038166357580792676,-0.13773597743686156,G1
CGCCATTAGCATACTC-1,0.026668736391287418,0.10445951774717827,G2M
CGCCATTAGGACACTG-1,-0.0014577070314261142,-0.0263549553261187,G1
CGCCATTCAAACCACT-1,-0.04600050064795441,0.05795073439050108,G2M
CGCCATTCAAAGCGTG-1,-0.106049637988194,-0.07054370268709481,G1
CGCCATTCAAATCGTC-1,0.15817700578350702,0.09012750072484799,S
CGCCATTCAAGATTGA-1,0.001614220193227267,0.06481159467799852,G2M
CGCCATTCACAGCCAC-1,0.0003471731320958682,0.04665409243703256,G2M
CGCCATTCACCCAATA-1,-0.019713121623219754,-0.20803049006162466,G1
CGCCATTCACTGTTCC-1,0.10548561607303192,0.1669007652284935,G2M
CGCCATTCAGCTGTAT-1,0.04182265026716714,0.18863497236552917,G2M
CGCCATTCAGTCAGAG-1,0.019024304136676606,0.2480243345940199,G2M
CGCCATTCATATGGCT-1,0.037983194587330904,-0.1251731621471546,S
CGCCATTGTATTTCTC-1,0.14196211310440798,0.09707162929288293,S
CGCCATTGTCGAGTGA-1,-0.07486128284069282,0.016642140276562134,G2M
CGCCATTGTGGGCTCT-1,0.05187850661281157,0.05801382820763762,G2M
CGCCATTGTTCGGTCG-1,0.06271119571755018,0.1478810463804141,G2M
CGCCATTTCCGACATA-1,0.016686700264111565,0.1706004797388745,G2M
CGCCATTTCCTACCGT-1,0.005952140105655257,-0.11384720702223916,S
CGCCATTTCGACCCAG-1,0.04616893947084699,0.21589379911878276,G2M
CGCGTGAAGACAACAT-1,-0.01962131784952459,0.27507810548546896,G2M
CGCGTGACATAGTCAC-1,0.017671109734265666,-0.212289365311535,S
CGCGTGAGTACGATTC-1,0.016185189397964317,0.14123393806054596,G2M
CGCGTGAGTCTGTGCG-1,0.04905831257709248,0.13667905135194974,G2M
CGCGTGAGTTAAACAG-1,0.11700874526357041,-0.03970987852839303,S
CGCGTGATCCCGAATA-1,-0.02215178812024632,0.0364124989826487,G2M
CGCGTGATCTATCACT-1,0.05998913383077398,0.07098683271219636,G2M
CGGAACCAGAGCAACC-1,0.009446082658085886,-0.1438729194376363,S
CGGAACCCAAAGCACG-1,0.005281059569471613,0.005986075788222633,G2M
CGGAACCCACAGCCTG-1,0.08575941018518501,0.1786606872742167,G2M
CGGAACCCACAGCTGC-1,0.08639572785236482,0.21049547366609261,G2M
CGGAACCGTAGTCGGA-1,-0.025758402284897286,-0.018462246168531427,G1
CGGAACCGTCTACATG-1,-0.0559357330313725,0.04411356420058343,G2M
CGGAACCTCAGCCCAG-1,0.2364139090035392,-0.021022259543296062,S
CGGAACCTCCATTCGC-1,0.07360341719163677,0.2153294433971753,G2M
CGGAACCTCTCGGCTT-1,0.1705879019019786,0.03902860460558644,S
CGGAATTAGCGCTTCG-1,0.0047173116049710195,0.007763977312323811,G2M
CGGAATTAGTGTGTTC-1,0.0721708709189261,0.1304557641516882,G2M
CGGAATTAGTTGAAAC-1,0.01662161181238042,0.09476894365584981,G2M
CGGAATTCACGCCACA-1,0.18715277221737497,-0.09869948436154391,S
CGGAATTCAGAGGTAC-1,0.09700153937081213,0.08466020504348293,S
CGGAATTCAGGGTCTC-1,-0.04270155243582785,0.01554699060675635,G2M
CGGAATTCAGTGTACT-1,0.05681748618387317,0.22665519698317477,G2M
CGGAATTCATAGAGGC-1,0.03463674625806257,0.1627854174851469,G2M
CGGAATTCATCCTGTC-1,-0.09009783624116868,-0.08698636884619315,G1
CGGAATTCATTAAAGG-1,0.054974786006495635,-0.013868071661972903,S
CGGAATTTCAGTCTTT-1,-0.07828471709526441,-0.03648591620628855,G1
CGGAATTTCCACCTCA-1,0.05774142231835594,0.11013510649665575,G2M
CGGAATTTCGGAGATG-1,-0.024858398237128376,0.17951338585943355,G2M
CGGACACAGACTCATC-1,0.09916614274369107,0.06470961487619784,S
CGGACACAGACTTCAC-1,0.044900016430732825,0.060613270607190795,G2M
CGGACACAGCCTGAAG-1,-0.013627928953351631,0.1466977872090099,G2M
CGGACACCAACACGAG-1,-0.06831514633908264,0.12484897525809935,G2M
CGGACACCAATTGAGA-1,0.103533296624295,-0.026571144543691527,S
CGGACACCACCAGCGT-1,0.06392031814496035,-0.08164914529245931,S
CGGACACCACCGCTGA-1,0.01599059204386677,0.015635808185550104,S
CGGACACCAGCGAGTA-1,0.07687110651235618,0.12440239037267953,G2M
CGGACACCAGGGATAC-1,0.007147109606287949,0.07326208231639653,G2M
CGGACACCATGATGCT-1,0.15557328902222345,-0.08128419188747454,S
CGGACACGTACCACGC-1,0.035648162656535254,-0.047609641162510485,S
CGGACACGTATACCTG-1,-0.12076543780842902,-0.1320001837437807,G1
CGGACACTCCATGATG-1,0.07018833149314263,0.14008681679530693,G2M
CGGACACTCCCTCGTA-1,0.023803237723864834,-0.01994704512412343,S
CGGACACTCTTGTGCC-1,0.022619265420694534,0.06528984814480365,G2M
CGGACACTCTTTGATC-1,0.12023181310473058,-0.05848183386238165,S
CGGAGAAAGAGAAGGT-1,-0.017452270374450407,-0.05758200931323926,G1
CGGAGAAAGCGGTAAC-1,-0.05785042294244053,0.3621613142973917,G2M
CGGAGAAAGCTAAGTA-1,-0.09928383269925994,-0.10585919211758266,G1
CGGAGAAAGCTGTTCA-1,-0.017077532394133565,0.10224746330786538,G2M
CGGAGAACAAGAGCTG-1,0.12013065337395695,0.10481757324412194,S
CGGAGAACATTGACCA-1,0.061301370802663346,0.06563818665626558,G2M
CGGAGAAGTTGCATTG-1,-0.031050680856608448,-0.04617153363388071,G1
CGGAGAATCAAACTGC-1,0.1434747433838458,-0.06960611419564233,S
CGGAGAATCACGAACT-1,0.024516246630511995,-0.03889253130937115,S
CGGAGAATCGACACTA-1,0.05458465230284526,0.003633765931279176,S
CGGAGAATCGCAGTGC-1,0.0007625586649903093,0.06515521524501555,G2M
CGGCAGTAGAGCAGTC-1,0.12622365774365257,-0.07911998083449512,S
CGGCAGTAGCATGCAG-1,-0.08551411352288363,0.17512459892346233,G2M
CGGCAGTAGCTGACCC-1,-0.017231904207778592,0.005256449643052996,G2M
CGGCAGTCAAATAGCA-1,-0.03206231729428899,0.18279710190250142,G2M
CGGCAGTCACCGCTGA-1,-0.007235821252222996,0.12282120184125622,G2M
CGGCAGTCACTACCCT-1,-0.011301336690221764,-0.03472000270853498,G1
CGGCAGTCAGGTTCCG-1,0.06640081968363543,-0.030299397606092626,S
CGGCAGTCAGTGGCTC-1,-0.01927223342705975,-0.18547016437540756,G1
CGGCAGTCATGGGTCC-1,-0.03426718385941252,0.14568718333805802,G2M
CGGCAGTGTGAGTTGG-1,0.07798653518571319,0.0377601169875976,S
CGGCAGTGTTCAATCG-1,-0.048478417454747624,0.03944049438696651,G2M
CGGCAGTGTTGGAGAC-1,0.01899311441042073,0.1348548145367594,G2M
CGGCAGTTCCTAAGTG-1,0.025760155741581747,0.05621418006546358,G2M
CGGGACTAGATAGTGT-1,0.16229284598265714,-0.13111421573918103,S
CGGGACTAGTACTCGT-1,0.07358743402643964,0.3214289966026981,G2M
CGGGACTCAAGTGCAG-1,0.12807761634063108,0.038539058420922645,S
CGGGACTCACAATCTG-1,0.08931898625754692,0.12677342865245855,G2M
CGGGACTGTGGCTACC-1,0.04166863715151059,0.09891684885525592,G2M
CGGGACTTCAGCAATC-1,0.010477979742687438,0.04872637006930447,G2M
CGGGCATAGACACACG-1,0.1754476806205063,0.037426805840107324,S
CGGGCATAGACGAAGA-1,-0.00916619122540313,0.006840091462408382,G2M
CGGGCATAGATAGCTA-1,-0.1222928918488631,0.22476401260724865,G2M
CGGGCATAGGCCTTCG-1,0.11933169835987201,-0.07900159827241277,S
CGGGCATAGGTCGCCT-1,-0.06626190809819332,0.22025899682600603,G2M
CGGGCATAGTGACCTT-1,0.08792243374306824,-0.10478471973296194,S
CGGGCATCAGCCGGTT-1,0.03953032975735438,0.08999994372393177,G2M
CGGGCATCAGTAACAA-1,-0.04200532271977875,-0.044723737001195474,G1
CGGGCATCATAATGCC-1,0.016052834603167143,-0.1489857380057302,S
CGGGCATGTAGGCAGT-1,0.06599323932206802,0.0044876708816593,S
CGGGCATGTCTCTCTG-1,-0.04973538122636373,-0.03187080789925478,G1
CGGGCATTCAACGAGG-1,-0.024438103846712467,0.026634403182002886,G2M
CGGGCATTCCAGTACA-1,0.04925275123525075,-0.04014463996190171,S
CGGGCATTCCTGCTAC-1,-0.004969300390857856,0.06955260896755217,G2M
CGGGCATTCTACGCGG-1,0.030530943895282936,0.06129837372313729,G2M
CGGGCATTCTTAGCAG-1,0.12751760711285598,0.07963755991190491,S
CGGGTCAAGCCAAGTG-1,0.06560787729530976,0.03492940079405987,S
CGGGTCAAGCTATCTG-1,0.039741856909218054,0.03503202085086948,S
CGGGTCAAGTAAACTG-1,0.023725964051823645,0.04635528854864085,G2M
CGGGTCACACGCTGCA-1,0.025224807821705775,-0.1296369028848609,S
CGGGTCACATATACCG-1,0.02450714737899934,-0.054060400181933754,S
CGGGTCAGTCGTTGGC-1,0.018145406730947,-0.059781295909852594,S
CGGGTCAGTGGCATCC-1,-0.06575963146768216,0.08195247423764107,G2M
CGGGTCAGTGTGAGCA-1,0.0821578276056526,0.04253850760903566,S
CGGGTCATCACCCTGT-1,-0.011356750725442344,0.2061199691455155,G2M
CGGGTCATCATGCCGG-1,-0.05206140928744929,-0.025864007822203716,G1
CGGGTCATCTGAGCAT-1,0.1068307679376928,-0.0942937647639801,S
CGGGTGTAGAGCCTGA-1,0.13364685504831125,-0.0016923802145926148,S
CGGGTGTAGAGGTATT-1,0.001548735227476672,0.020566408339873277,G2M
CGGGTGTAGCAGGCTA-1,0.16953148138812318,0.12316913212422453,S
CGGGTGTGTACGGGAT-1,0.09699888177840132,-0.13436436646197694,S
CGGGTGTGTACTAACC-1,0.03565232619744896,-0.05748372722391454,S
CGGGTGTGTAGATGTA-1,-0.12239168553199103,0.022776333427780848,G2M
CGGGTGTGTCCTACAA-1,-0.04525362465237037,0.013876562481544008,G2M
CGGGTGTGTCGGCTAC-1,0.038045175103297746,0.06137753442806415,G2M
CGGGTGTGTTCGTAAC-1,-0.08524714646815607,-0.08813898016165755,G1
CGGGTGTGTTTCGTAG-1,0.0990159968407221,0.03155079000822217,S
CGGGTGTTCAGAGCAG-1,0.039152366328264576,0.11351134273491675,G2M
CGGGTGTTCCACCCTA-1,-0.015503485225936753,0.2277508958924045,G2M
CGGGTGTTCCATCGTC-1,-0.10206873540644457,0.09003298821052497,G2M
CGGGTGTTCCGATGTA-1,0.05670537084916527,-0.02018125752482683,S
CGGGTGTTCCTGTTAT-1,-0.0922425836725666,-0.021108433290516537,G1
CGGGTGTTCGTTCTAT-1,0.002179530317030498,0.20253235524046387,G2M
CGGGTGTTCTTGAGCA-1,0.12226025770214188,0.09749466849886229,S
CGGTCAGAGAAACTCA-1,-0.057339313456083896,-0.0791157856051084,G1
CGGTCAGAGAACTGAT-1,0.0845427743981011,-0.002269934491419434,S
CGGTCAGAGACCGTTT-1,-0.025472866984082798,0.1491610903406987,G2M
CGGTCAGAGCAACTTC-1,0.33201807992049237,0.2386793885015585,S
CGGTCAGAGCACGGAT-1,0.028936341024791368,0.11829097986275289,G2M
CGGTCAGAGGGCGAGA-1,0.03991866459223514,0.07405677822057888,G2M
CGGTCAGAGTTGCGAG-1,-0.04570061219248467,0.011000973584368856,G2M
CGGTCAGCAATAGGAT-1,0.0223303494652467,0.1799246474451383,G2M
CGGTCAGCACTATGTG-1,0.05669687776276283,-0.013951380438431582,S
CGGTCAGCATAGACTC-1,0.09169230369660009,0.050999270910078776,S
CGGTCAGTCAAGTCGT-1,-0.00672586503163447,-0.011828434096822715,G1
CGGTCAGTCGAGCCTG-1,0.2506012680368722,0.06794226386638763,S
CGTAAGTAGCTCGAAG-1,0.03728043164893413,0.21697641966518033,G2M
CGTAAGTAGGAGCAAA-1,0.10265504217321308,0.08680901160844218,S
CGTAAGTAGTAGGGTC-1,-0.0462624361791531,0.0395016183073148,G2M
CGTAAGTCAACTGAAA-1,0.06978457486198619,0.2833474580145396,G2M
CGTAAGTCACCGTCGA-1,0.053298537873288754,0.032743258192662494,S
CGTAAGTCAGGCATGA-1,-0.041553331474117106,0.30263295045186894,G2M
CGTAAGTCATCATTTC-1,0.04802799953664105,-0.01296963418294561,S
CGTAAGTCATGGAATA-1,-0.06434538371955129,-0.04116500640323356,G1
CGTAAGTGTGACAACG-1,0.04057969156616359,0.14045975054919208,G2M
CGTAAGTGTGTCATTG-1,0.02466227272120247,0.12678690882858878,G2M
CGTAAGTGTTCGAAGG-1,0.10204422836003152,0.04205661903959457,S
CGTAAGTTCACCGCTT-1,0.011125141331277622,0.02038771569283565,G2M
CGTAAGTTCACCTCTG-1,0.007711422511908372,0.16260216958672152,G2M
CGTAATGAGGAAGTAG-1,0.07234806575433944,0.12085760196828776,G2M
CGTAATGAGTAAAGCT-1,-0.005349840647827397,0.09131169845784859,G2M
CGTAATGAGTAGACAT-1,0.021927916518356627,0.08303554613004777,G2M
CGTAATGAGTAGTCAA-1,0.13952262524811393,0.2216867727132422,G2M
CGTAATGAGTGCCAGA-1,0.42218621107199206,-0.018178862158460485,S
CGTAATGAGTTTAGGA-1,0.026275841912070996,0.05082149076290615,G2M
CGTAATGCAAGCGAAC-1,0.06323299178434971,-0.17218267961968842,S
CGTAATGCATCCGCGA-1,-0.08377657701793978,-0.10605972591429874,G1
CGTAATGGTATGTCCA-1,0.06008633273262681,0.13960494370869325,G2M
CGTAATGGTCGAATTC-1,0.07856070390982595,0.07193723651262601,S
CGTAATGGTTCCAGGC-1,0.022788065548869918,0.0743143812565526,G2M
CGTAATGGTTGCGTAT-1,-0.020992767335298312,-0.0292023584761798,G1
CGTAATGTCCGATGTA-1,0.1404849531124311,-0.08455394064677277,S
CGTAATGTCGAACCAT-1,-0.052286723729004,-0.0806578869367956,G1
CGTAATGTCTCACTCG-1,0.05036039892147426,-0.22086041936559492,S
CGTAGTAAGCTAATGA-1,0.027639867261010753,-0.05650619451813299,S
CGTAGTACAGTTGAAA-1,-0.0780753546134958,-0.013155296477180889,G1
CGTAGTACATGCTGCG-1,0.15682438063348986,0.08573840447159337,S
CGTAGTACATGGCCCA-1,0.06129306441495058,0.2859981761767182,G2M
CGTAGTAGTGAGATTA-1,0.23301121415259018,0.16708344692423788,S
CGTAGTAGTGTGTCCG-1,-0.015886661929545076,-0.062076818826979574,G1
CGTAGTAGTTAAGTCC-1,0.02057200457629782,-0.0753024974618329,S
CGTAGTAGTTCTCTCG-1,0.027389474467661712,0.0732299341683107,G2M
CGTAGTATCAAGTGTC-1,0.04553371859174721,0.11629901745468874,G2M
CGTAGTATCCTACTGC-1,0.0014917363269109085,-0.12647832478971424,S
CGTAGTATCGAACGGA-1,0.22710440643503033,-0.1830787223198332,S
CGTAGTATCTTGGAAC-1,-0.03973358739316213,0.2453970346092727,G2M
CGTCAAACAAGGGCAT-1,0.0606701670043438,-0.1484538786878777,S
CGTCAAACACATTCGA-1,-0.029679791836441538,-0.19703955345145174,G1
CGTCAAACATGGGAAC-1,-0.06083926296802805,0.006280022540934016,G2M
CGTCAAAGTACGAGCA-1,0.058812084694410405,0.18124772034179948,G2M
CGTCAAAGTAGGATAT-1,-0.04731191517249289,0.2703629193895519,G2M
CGTCAAAGTTCTTCAT-1,-0.017611408732518596,-0.06540995158305943,G1
CGTCAAATCAGCTGTA-1,-0.07962485819210069,0.032566198397914914,G2M
CGTCAAATCGCTTAAG-1,0.09312586073721141,0.1199114824389236,G2M
CGTCAAATCTCCTGCA-1,0.2237726280158696,-0.08562707442993034,S
CGTCCATAGCGCCTAC-1,0.16258363262037973,-0.06637479089941917,S
CGTCCATAGGGATGTC-1,-0.07508725637337738,0.06391823689258525,G2M
CGTCCATAGTCACGCC-1,-0.03370212403585404,-0.17228562628088256,G1
CGTCCATAGTTGCGCC-1,0.2076469771872757,0.023299750209660464,S
CGTCCATCAACCCTCT-1,-0.07524203956467196,0.06545695510311073,G2M
CGTCCATCACGCTGTG-1,0.01838093889164316,0.07796826656691058,G2M
CGTCCATCACTAGTAC-1,0.13102861307148395,-0.08220895822296237,S
CGTCCATCATATGGCT-1,0.04511669309132116,-0.009629364352320174,S
CGTCCATGTAAGGCTG-1,0.06266954671763536,0.2823127001309039,G2M
CGTCCATGTGTATCCA-1,-0.07941486577162576,-0.003098149730025701,G1
CGTCCATGTGTCTCCT-1,0.03680145716643052,0.08865877473297662,G2M
CGTCCATTCAATCCGA-1,-0.02953207909328226,0.15485490348837877,G2M
CGTCCATTCACAAGAA-1,0.08149344810302056,0.052868476918997376,S
CGTCCATTCCAGCTCT-1,0.040471247630188834,-0.04377105168894391,S
CGTCCATTCGCACGGT-1,0.13482210248278242,0.04663011163462527,S
CGTGAATAGATGCTTC-1,0.21437991112730465,0.12921891946972414,S
CGTGAATAGCACCAGA-1,0.011455900540324249,0.0015745179001855902,S
CGTGAATAGCAGTCTT-1,-0.10159534714418167,0.20752445849019568,G2M
CGTGAATAGCATTTCG-1,0.09423208533351041,-0.07535476892138898,S
CGTGAATAGCGTTACT-1,0.06131823030613498,0.17962783380944353,G2M
CGTGAATAGGAGAGTA-1,0.07643441203602719,0.1888344716194557,G2M
CGTGAATAGGTTGGTG-1,0.1094059747784571,0.07732678560786399,S
CGTGAATAGTATGAAC-1,0.07173053275919616,-0.02742452677901347,S
CGTGAATAGTGGAAAG-1,0.10460530473370239,0.1556172150542513,G2M
CGTGAATCAACCGACC-1,-0.05013830725980867,0.17023330794080554,G2M
CGTGAATCAATGAGCG-1,0.05270850284003137,-0.0012822273473744872,S
CGTGAATCAATGGGTG-1,0.048456283538787503,0.12725204442359395,G2M
CGTGAATGTGCCTGAC-1,-0.010592137676849411,0.06932405193172553,G2M
CGTGAATGTTGCCGCA-1,0.012249605942010633,-0.13320540993223134,S
CGTGAATGTTGGAGAC-1,0.029852171841164177,-0.012426465723717472,S
CGTGAATTCTATACTC-1,0.142419134128559,0.20215595314818152,G2M
CGTGAATTCTTCGTAT-1,0.017897698177787413,0.04676178549468013,G2M
CGTGATAAGCGCCTCA-1,0.2667118668943715,-0.2685688075918741,S
CGTGATACAAACGGCA-1,0.05381178439652767,-0.22841541582297967,S
CGTGATACACTGGATT-1,0.051060953132662734,0.11327319578382544,G2M
CGTGATACAGATCATC-1,-0.07081018403572503,0.07578064313484945,G2M
CGTGATACAGCATGCC-1,0.08619271932606892,0.1769503483060284,G2M
CGTGATACAGTTTGGT-1,-0.033479248954131235,0.008797233608437482,G2M
CGTGATACATAATCCG-1,0.011131400315545381,0.25499655169428426,G2M
CGTGATAGTACAACGG-1,-0.020087382407105614,-0.017119666883219975,G1
CGTGATAGTCATCAGT-1,-0.014290418804103755,-0.06690029579656814,G1
CGTGATAGTCTTGCTC-1,-0.011819713957879008,-0.08359925172711469,G1
CGTGATAGTTCATCTT-1,0.021836123871854074,-0.0015651579758454992,S
CGTGATATCAGCTCTC-1,-0.046865528336542006,-0.10625458846236102,G1
CGTGATATCTCCCATG-1,0.07042532217832864,-0.0633944871373891,S
CGTGCTTAGGCAGTCA-1,0.059266923228534385,0.08610157028854071,G2M
CGTGCTTCACGGTGTC-1,-0.031971971141769306,0.026126760224514767,G2M
CGTGCTTCAGGAATCG-1,-0.03685194423677918,0.0015802804420051442,G2M
CGTGCTTCAGTATTCG-1,-0.07206185945506716,0.14796533091426578,G2M
CGTGCTTGTACAGCGA-1,0.061628153580083445,0.05440380796802169,S
CGTGCTTGTACTAGCT-1,0.08893229393590224,0.025834066439660325,S
CGTGCTTGTAGAATGT-1,0.03975205225079492,0.18668538750476737,G2M
CGTGCTTGTTGTGTTG-1,0.14913615876988356,-0.09179984420226633,S
CGTGCTTTCCAAGAGG-1,0.09344365902512414,0.09910689945158646,G2M
CGTGCTTTCGAGATAA-1,0.03553335051735396,-0.12813703460436754,S
CGTGTCTAGAGTGAAG-1,-0.020207267848112886,-0.018453865918554607,G1
CGTGTCTAGTTCCTGA-1,0.2786975979504744,-0.040403682931668294,S
CGTGTCTCAACGACTT-1,-0.06601856251316013,0.043204069546233514,G2M
CGTGTCTCATCGCTGG-1,0.040115320846507985,-0.12525515742777069,S
CGTGTCTCATCTCAAG-1,-0.042065117091400483,0.1265405456776383,G2M
CGTGTCTGTAAGCTCT-1,-0.05980262717751489,0.001946664836519979,G2M
CGTGTCTGTCAAGGCA-1,0.017660759227888123,0.1067527666317376,G2M
CGTGTCTGTGTCATTG-1,-0.05067526593320304,-0.07776661752856437,G1
CGTGTCTTCACTCGAA-1,0.08339086503892013,0.153801687329488,G2M
CGTGTCTTCTCGGCTT-1,-0.06528133346511306,0.11394422806302801,G2M
CGTTAGAAGAAGTATC-1,0.053544475314070694,-0.08834497788518303,S
CGTTAGAAGAATAACC-1,0.09672338016692239,0.034802359321949305,S
CGTTAGACAAGTCCCG-1,0.0562885486766283,-0.041622427540683515,S
CGTTAGACAGGAAGTC-1,0.07110612496563329,0.1354835171358871,G2M
CGTTAGACAGGACAGT-1,0.28159619940009084,0.026278542329583376,S
CGTTAGAGTCTGTGTA-1,-0.020214727624811024,0.1721508041482505,G2M
CGTTAGAGTGATTCTG-1,-0.023269883460219243,-0.08514763174627282,G1
CGTTAGAGTGGTACAG-1,0.04857783116065195,-0.07946424785582062,S
CGTTAGAGTTCAGTAC-1,-0.08707818239134968,0.13462362708575376,G2M
CGTTAGATCAAAGACA-1,0.02315492416288878,0.0976895932866571,G2M
CGTTAGATCTATACTC-1,0.1324968412946741,0.14067020655595902,G2M
CGTTCTGAGATTAGAC-1,0.08102018667432986,-0.26992029155396746,S
CGTTCTGAGGGAACAA-1,0.10335372705709855,-0.012628029806987628,S
CGTTCTGAGTACCATC-1,0.06254266383273094,-0.017525065257884637,S
CGTTCTGCAAGGAGTC-1,0.07074390955254423,0.04327390647397916,S
CGTTCTGCAATCTCTT-1,0.03383515196421599,0.08047964452544476,G2M
CGTTCTGCAGCCGTTG-1,-0.005318854331580136,0.01062993348514174,G2M
CGTTCTGGTCACTCGG-1,0.06427731354973165,-0.028586853414476115,S
CGTTCTGGTCGTGCCA-1,0.08835761410000381,0.2525869197838674,G2M
CGTTCTGGTTACTCAG-1,-0.010906948251949877,0.025592999680223272,G2M
CGTTCTGTCCCTCTCC-1,-0.0378899204639373,0.025569674399756437,G2M
CGTTCTGTCTACGGTA-1,0.04933945456662425,-0.06019822630767063,S
CGTTCTGTCTGGGCAC-1,0.023268279255731106,0.09800460214375223,G2M
CGTTGGGAGGATCACG-1,0.2211317141992788,0.04386583988703774,S
CGTTGGGAGGGACACT-1,-0.08015674190074923,0.018318267871119787,G2M
CGTTGGGAGTGGACTG-1,0.008785211341675092,0.1418065790687325,G2M
CGTTGGGCAACCGCTG-1,0.047084148888941746,0.07686822373763483,G2M
CGTTGGGCAATCGCCG-1,0.05659975280952234,-0.0724590828978442,S
CGTTGGGCACATAACC-1,0.05451172554456768,-0.22998986503739494,S
CGTTGGGCACTGGCCA-1,-0.008110425778821928,0.09328944084503288,G2M
CGTTGGGCAGATCCTA-1,0.022849469093209618,-0.057212721210051776,S
CGTTGGGCATCTCATT-1,0.07658222841399914,-0.019516584739883713,S
CGTTGGGCATCTCCCA-1,0.0355185318888267,0.18885153974036706,G2M
CGTTGGGCATGGAACG-1,0.058991665881516664,-0.05667262954640359,S
CGTTGGGGTATGCGTT-1,-0.010550053074031784,-0.08111850133029641,G1
CGTTGGGGTATGTGTC-1,0.04935020080688601,0.009933911367312587,S
CGTTGGGGTCGTGTTA-1,0.02401399845440849,-0.029093197264047854,S
CGTTGGGGTGATAGTA-1,0.02911239710905872,0.041597262702927795,G2M
CGTTGGGGTTCCTTGC-1,0.053501770421588324,0.0718908102984786,G2M
CGTTGGGTCAAAGGTA-1,0.008505466656543947,0.1262074868354663,G2M
CGTTGGGTCGCTACGG-1,0.04893949468962211,-0.1818382584806949,S
CTAACCCCAACTCCAA-1,0.05277122345801755,0.08343216712946483,G2M
CTAACCCCACACAGCC-1,0.05734977075887476,-0.08489570575730274,S
CTAACCCCACTCCTTG-1,-0.05172530754778665,0.19621732463881697,G2M
CTAACCCCATCCAATG-1,0.19036643306418555,-0.046216842401174574,S
CTAACCCCATGTTACG-1,0.16848726395556957,0.09452775312632011,S
CTAACCCGTCGTGCCA-1,0.0669365216617479,-0.08950440978707819,S
CTAACCCGTCTCCTGT-1,-0.04948155698746887,-0.07608634699771538,G1
CTAACCCGTGCCCAGT-1,0.00567769397614637,-0.09029434768268652,S
CTAACCCGTGGGCTCT-1,0.12707610659262314,0.08675233357273654,S
CTAACCCGTGTACATC-1,-0.021943708427231645,-0.05180644480115959,G1
CTAACCCTCACCCTTG-1,0.03604264331500895,0.0067613812707488785,S
CTAACCCTCATCGCTC-1,0.1356651551771777,0.009861523289062257,S
CTAACCCTCCGATCTC-1,0.08743855898453107,-0.028811792249239465,S
CTAACCCTCCTTATGT-1,0.005124351332791377,-0.0674299948744661,S
CTAACCCTCGAACACT-1,-0.06800978258629059,0.07085051159821537,G2M
CTAACCCTCGCAAGAG-1,-0.05775788715549701,0.11698410049230717,G2M
CTAACCCTCGGCACTG-1,0.09061520536874917,-0.07216417380413415,S
CTAACTTAGCTGCCAC-1,0.018179136865083045,0.029012138308962487,G2M
CTAACTTAGGGAGGTG-1,-0.046890751998796554,0.04865992943237657,G2M
CTAACTTCAATACCTG-1,0.1250082885267208,-0.17024647836786036,S
CTAACTTCAGAACGCA-1,0.05416227367838733,0.11128145167745951,G2M
CTAACTTCATAGCACT-1,0.09921352898161229,-0.0542785272203177,S
CTAACTTGTACCAATC-1,-0.039439776786866776,0.08462523871238276,G2M
CTAACTTGTCGAACAG-1,-0.0866553964336278,0.19697532500830855,G2M
CTAACTTGTGACAACG-1,0.057918378514493996,0.06926508157397687,G2M
CTAACTTGTGTACGCC-1,0.024969675419130644,8.692781026381491e-05,S
CTAACTTTCGATACAC-1,0.03955774128846362,0.15448982131685107,G2M
CTAAGTGAGCAGCCCT-1,-0.04297844515168503,0.05128447951892995,G2M
CTAAGTGAGCCGTTGC-1,0.12261401751638168,0.12428200593035862,G2M
CTAAGTGAGTATGGCG-1,0.13368692012725525,0.09005720563494818,S
CTAAGTGCAAGTTGGG-1,-0.01891341041169292,0.07966834180841842,G2M
CTAAGTGCACGCTGAC-1,-0.016677796087477936,0.04197172117604925,G2M
CTAAGTGGTCGGTAAG-1,-0.014480154437274406,-0.009351355242800896,G1
CTAAGTGGTGTCTAAC-1,0.0027925901807342446,0.2183375744881172,G2M
CTAAGTGTCTACCTTA-1,0.0013608478579565375,0.12983823984553916,G2M
CTAAGTGTCTCTGCCA-1,0.09091620319711274,0.2928592808584875,G2M
CTAAGTGTCTTGTGCC-1,-0.03071772996015043,0.16586573426726026,G2M
CTACAGAAGAAGGATG-1,-0.03388657137834017,-0.07546494976406531,G1
CTACAGAAGATAGCAT-1,0.03741668765389328,-0.03622658711263749,S
CTACAGAAGTCCCAAT-1,0.014951021425501199,0.24519059772244098,G2M
CTACAGACAAGAGTGC-1,-0.02374919348301152,0.027582744836367745,G2M
CTACAGACAATCGCGC-1,0.0885147188507035,-0.12135968248870593,S
CTACAGACAGACAATA-1,0.03602773300005674,0.2815413055735747,G2M
CTACAGACAGACTGCC-1,0.031620774810990016,0.05183692749665947,G2M
CTACAGACAGTCGTTA-1,-0.006320704382807962,0.2697471933737135,G2M
CTACAGAGTCCAGCAC-1,0.02319414197386216,0.20558576965381375,G2M
CTACAGAGTTGCGAAG-1,-0.07768733665724659,0.2525255402426551,G2M
CTACAGATCCATGCAA-1,0.07880699212406439,-0.14661482664195685,S
CTACAGATCTCCCATG-1,0.0328721155317685,0.1309287077180588,G2M
CTACAGATCTGCGGAC-1,0.031591081651083985,-0.05270889484613642,S
CTACAGATCTGGACCG-1,0.0440283435703856,0.07109929269183857,G2M
CTACATTAGCACTCAT-1,0.06634934060969239,0.015013700283952713,S
CTACATTAGGCTCAAG-1,-0.0295864649923272,0.09327498506572107,G2M
CTACATTAGGCTGAAC-1,-0.014477151901891916,0.03102894174162457,G2M
CTACATTCACTAAACC-1,0.038166404060431314,-0.17882789376057973,S
CTACATTCACTGCGTG-1,-0.1115448148407685,0.15621492639943013,G2M
CTACATTCATACCGTA-1,0.0785361513281485,0.08814762580950292,G2M
CTACATTCATATAGCC-1,0.08064908268731258,0.04945316140746775,S
CTACATTGTCAGCGTC-1,0.05721537430899781,0.11450284539232553,G2M
CTACATTGTTGCATTG-1,-0.007638303511874556,0.13559529803008258,G2M
CTACATTTCACAGAGG-1,0.05819399115154078,0.028260298901937264,S
CTACATTTCATTGCGA-1,0.1322158655971356,-0.03832092031015816,S
CTACATTTCCTGTTAT-1,0.08900011052069712,0.004727105590705827,S
CTACATTTCGATTCCC-1,-0.016358009563222087,0.06406151550190325,G2M
CTACATTTCGTTCCTG-1,-0.022496095281692996,-0.04563097893499718,G1
CTACCCAAGAATTCAG-1,0.0012400248585852092,0.027402679491720094,G2M
CTACCCAAGGATTACA-1,0.09331431009154934,0.09171159808476337,S
CTACCCAAGGGCCCTT-1,0.09287302780389517,-0.03380805519804492,S
CTACCCAAGTCTTCCC-1,-0.014833039760928313,0.1464203367303905,G2M
CTACCCACAACGATTC-1,0.009758287704540347,0.05883782961895884,G2M
CTACCCACACAATTCG-1,-0.010327429729645066,0.02550230195569264,G2M
CTACCCACATCAGCGC-1,0.008775803526130499,-0.04361648552785008,S
CTACCCAGTAGCTGTT-1,-0.03227067976581177,0.16355135573371138,G2M
CTACCCAGTATGAGCG-1,-0.029139345034514597,0.05492385442828823,G2M
CTACCCAGTGCACAAG-1,-0.010235712263547359,0.15211835047401506,G2M
CTACCCATCATAGGCT-1,0.04542307972464055,-0.04911436466646241,S
CTACCCATCCCGAATA-1,0.03229137104740576,0.12352735839490425,G2M
CTACCCATCCGTGGCA-1,0.065140262485754,0.11261499920035078,G2M
CTACCCATCCTGTACC-1,0.06019374430327157,0.05556417445285844,S
CTACCCATCCTGTTGC-1,0.11004321957482405,0.011996520066383909,S
CTACCCATCGGTTCAA-1,-0.0639302691810163,-0.13240552364147165,G1
CTACCTGAGCAGGCAT-1,-0.013183156073579727,-0.07248846244188997,G1
CTACCTGAGCGTTACT-1,0.2746050282833232,-0.06817211199113643,S
CTACCTGAGCTCTATG-1,0.040499200164582694,0.08000060072506826,G2M
CTACCTGAGGAAAGGT-1,0.11513906143875319,0.019474187391833875,S
CTACCTGAGGATCACG-1,-0.01987517349912926,0.02198799707954252,G2M
CTACCTGCACCAAATC-1,0.0706926932610103,-0.0021129623081963533,S
CTACCTGCACTCCGAG-1,0.1499214166614916,-0.053336422616338,S
CTACCTGGTCGAGCAA-1,0.12888340168542484,0.046940250741545286,S
CTACCTGGTGAATGAT-1,0.047135078829769306,-0.0866536438563428,S
CTACCTGTCACCTGTC-1,0.036047562765946284,0.190804255062286,G2M
CTACCTGTCCGATGCG-1,-0.02190222879879139,0.03815597527271014,G2M
CTACCTGTCCTTGGAA-1,0.0358825404223202,0.0686406486883559,G2M
CTACGGGAGACACACG-1,0.006104271329724964,-0.14862593504656277,S
CTACGGGAGCCGTTGC-1,0.1740565712740944,0.11646362112971853,S
CTACGGGAGCTGGAGT-1,0.053368208429039554,0.09873421601369214,G2M
CTACGGGAGGCTTCCG-1,0.13068506227171828,0.1247226618181429,S
CTACGGGCAAACACCT-1,-0.0075256368268245555,0.16653680843028684,G2M
CTACGGGCAGAGGCAT-1,-0.0031996466198734863,0.17569467089261842,G2M
CTACGGGCAGATCATC-1,0.059927332212144135,-0.026204849437593825,S
CTACGGGCAGGGAATC-1,-0.041625295586522726,0.04822605958766313,G2M
CTACGGGCATATCTCT-1,0.22546351202065018,0.04895225637908479,S
CTACGGGGTCAACCAT-1,0.11844241628605173,0.11192036199367686,S
CTACGGGGTCAGGAGT-1,0.14510019251577244,0.11188655542504616,S
CTACGGGGTCATAAAG-1,-0.014116004042339703,-0.10798145090753736,G1
CTACGGGTCATCCTAT-1,0.1440328951505861,0.049654858667727675,S
CTACGGGTCCATCTAT-1,-0.043169278640489195,-0.024828489676225363,G1
CTACGGGTCGCAACAT-1,-0.0037750670915681628,0.1975541987489603,G2M
CTACGGGTCGTTCCTG-1,0.2665916118334818,-0.048437994636241266,S
CTACTATAGGAACTAT-1,0.02801698982745121,0.15622864702201972,G2M
CTACTATCATAGCACT-1,0.00042293502514945125,0.02694310981896314,G2M
CTACTATGTCGATTAC-1,0.11646573584043768,0.21157418791363602,G2M
CTACTATGTGACTGAG-1,0.07321623753180245,0.2611653635840433,G2M
CTACTATTCACTACTT-1,0.1236717814642439,-0.18430740511520327,S
CTACTATTCAGCGCAC-1,0.0723854019200843,-0.01699800894750106,S
CTACTATTCAGCTCTC-1,0.050621808538846846,-0.05834776087344834,S
CTACTATTCGGTCGGT-1,0.12887436476261488,0.023994780994742337,S
CTAGACAAGATGCTAA-1,0.1038921633272375,0.3090466090082324,G2M
CTAGACAAGCAGGCAT-1,0.07298621066257704,-0.040774688163691425,S
CTAGACACACATGACT-1,-0.02127038294913891,-0.0009560120999784205,G1
CTAGACACACTGCACG-1,-0.005181030172594747,0.04613202593042126,G2M
CTAGACACAGAAGTGC-1,-0.06363140305176723,-0.0773876687424877,G1
CTAGACACAGAGGGTT-1,-0.11601636921620645,0.17953363129093408,G2M
CTAGACACAGCGGTCT-1,0.0996240366160378,0.14979458453564953,G2M
CTAGACACAGTATGAA-1,0.28972338412705323,-0.020755506896528497,S
CTAGACAGTCGCATCG-1,0.06725533174405507,-0.01857220820061184,S
CTAGACAGTGCGGCTT-1,0.043696777578283275,0.017552715336180413,S
CTAGACATCACAACCA-1,-0.012090025739957433,0.0694796596522288,G2M
CTAGACATCCTGGGAC-1,0.20858328774540302,-0.06839852863401952,S
CTAGACATCCTGTTGC-1,0.10489197402273165,-0.02709634259093996,S
CTAGGTAAGCCATCCG-1,0.16894824757421095,0.12438154660083628,S
CTAGGTAAGTAATCCC-1,-0.0098544923034527,0.2595563225255608,G2M
CTAGGTAAGTCACGAG-1,0.0559160154817836,0.2744940916928501,G2M
CTAGGTAAGTCTGGTT-1,0.16873341979316941,0.02587651535601182,S
CTAGGTAAGTTGCCCG-1,0.021789939617095966,-0.12416612455427811,S
CTAGGTACAAACGTGG-1,-0.032356272389849616,-0.08514734608502256,G1
CTAGGTACACTAGAGG-1,0.1441413013115896,0.1778656810657978,G2M
CTAGGTACAGGTCTCG-1,0.14626105183320998,0.045597085668701354,S
CTAGGTACATGTAACC-1,-0.05403893644672736,0.10845616164435232,G2M
CTAGGTAGTAGAATAC-1,0.04564911784431408,-0.08326443018662985,S
CTAGGTAGTAGGCTGA-1,-0.0031668649659953307,0.11302840136405296,G2M
CTAGGTAGTATGCAAA-1,0.0341963256503518,0.01458021266768611,S
CTAGGTAGTGTAAACA-1,0.05595367540366841,-0.035393057501465264,S
CTAGGTATCAGTCAGT-1,0.17437587986284364,-0.012302251872360614,S
CTAGGTATCGGTTCAA-1,-0.023659717427684246,-0.033327754451156655,G1
CTATAGGAGAATGTTG-1,-0.013206040335967173,-0.050257657386249543,G1
CTATAGGAGAGGTCAC-1,0.20811477134582557,-0.16140299231071323,S
CTATAGGAGCTGAGTG-1,0.1696691364630522,0.025160577140608986,S
CTATAGGAGGGTTAAT-1,0.01954003592454956,-0.11291416688892358,S
CTATAGGAGGTCCTGC-1,0.062003302075794964,0.10603683520163759,G2M
CTATAGGCACTATGTG-1,-0.012667540423213608,0.19958672548634998,G2M
CTATAGGCAGTGTATC-1,0.06501267439961894,0.07958442580903863,G2M
CTATAGGGTACTCCCT-1,0.01468671791684839,-0.03078171244676453,S
CTATAGGGTTTACGTG-1,0.02627752289829416,0.10604322905420333,G2M
CTATAGGTCATCGACA-1,-0.018422417165111504,0.11506110353236376,G2M
CTATAGGTCATGGGAG-1,-0.0025825719336756148,0.23772290309586352,G2M
CTATCCGAGCGACTAG-1,-0.07011136749374663,0.17841824038417875,G2M
CTATCCGAGCTCTATG-1,-0.010347953282154376,0.22864140773674618,G2M
CTATCCGAGTGAGCCA-1,-0.010852111845312318,0.008134917636756722,G2M
CTATCCGAGTTAGTAG-1,0.31497441467688525,0.0725186957004042,S
CTATCCGCATGCGTGC-1,-0.03467571409726927,0.01948228817985992,G2M
CTATCCGGTACGATTC-1,0.19784887696232234,-0.09282436132130317,S
CTATCCGGTATGTCAC-1,0.23347435800687333,-0.09950215472374999,S
CTATCCGGTCATACCA-1,0.05143798388949894,0.020470594867096736,S
CTATCCGGTCGTTGCG-1,0.014618286380156442,0.15692222960757612,G2M
CTATCCGGTCTGATCA-1,0.10936889322423077,0.14550722106832925,G2M
CTATCCGGTGAGCCAA-1,-0.039815077819554845,-0.07723828191101184,G1
CTATCCGGTGGCCCAT-1,0.004617940108491203,0.2024382976190126,G2M
CTATCCGTCAAACCTG-1,0.047229009252229615,0.1530807706140106,G2M
CTATCCGTCCACTTTA-1,0.037786669560023634,0.22459192742644757,G2M
CTATCCGTCGACATTG-1,-0.0015917784933704437,0.11472156037720199,G2M
CTATCTAAGAAGTCAT-1,0.024275085588493395,0.1439803310285846,G2M
CTATCTACAACTCGAT-1,-0.018422108313661256,0.1285363730250515,G2M
CTATCTACAAGAGAGA-1,0.08390870175494969,-0.04865515330395967,S
CTATCTACAATGTGGG-1,-0.00031312724847143425,-0.010903900913593667,G1
CTATCTACAGTTGTTG-1,0.048305701991855965,0.1317725255755287,G2M
CTATCTACATCAGTGT-1,0.24548496141799758,-0.07175148107468793,S
CTATCTATCGCTCTAC-1,-0.02550457361154923,0.3688102141839521,G2M
CTCAACCAGCAAGCCA-1,0.12694515595920497,-0.13576491035352117,S
CTCAACCAGTCGTTAC-1,0.09806933544773933,0.054790734126718144,S
CTCAACCAGTTGGCTT-1,0.043013919257702926,0.28795775214919705,G2M
CTCAACCAGTTTCGGT-1,0.16174937488367935,-0.04922433740081594,S
CTCAACCCACTAGTAC-1,0.08404751902614271,0.058191606689326825,S
CTCAACCCATTATGCG-1,-0.012456534853372225,-0.12881641784879672,G1
CTCAACCGTAAGCAAT-1,0.027185460880770562,0.08283037448630276,G2M
CTCAACCTCACATTGG-1,0.04641103959044035,0.1449997684385863,G2M
CTCAACCTCAGACCGC-1,0.019204122936564205,0.08926327940000567,G2M
CTCAACCTCCAGTGCG-1,0.14079691972490915,-0.04152652789456063,S
CTCAACCTCCCGTTCA-1,0.20906871349499034,0.05315220482055394,S
CTCAACCTCCGCACGA-1,0.0537682862296478,0.05220496704243677,S
CTCAACCTCCTGTAAG-1,0.06968596917093017,0.16285215494823246,G2M
CTCAACCTCGAGATAA-1,0.039158545902973074,-0.17216263461678158,S
CTCAACCTCGCTTGAA-1,-0.008452327290492445,0.0348078656877438,G2M
CTCAACCTCTGCGGGT-1,0.030387216740074607,0.058471344555223514,G2M
CTCAAGAAGGTGGTTG-1,0.04311964926728801,0.04441898511632025,G2M
CTCAAGAAGTACCATC-1,0.07305420832087567,0.11649167058477194,G2M
CTCAAGACACCAAATC-1,0.0021713569218526074,0.03635863724857802,G2M
CTCAAGAGTACAGCGA-1,0.011827231136109506,-0.1686130355868764,S
CTCAAGAGTCTAGGCC-1,-0.011614797508113783,-0.09521715864859615,G1
CTCAAGAGTTGCCGCA-1,-0.029609860222791273,0.27692724861837614,G2M
CTCAAGATCCGCGATG-1,0.1445950217476225,0.2286122994043398,G2M
CTCAAGATCCGTAGGC-1,0.016849275733971214,-0.018191805863873145,S
CTCAATTAGACACACG-1,0.24975271074902194,-0.010513966490876103,S
CTCAATTAGGGAGGGT-1,-0.004530395914468244,0.04154287905569837,G2M
CTCAATTAGTTGCGAG-1,-0.035243336952631044,0.034615505836955385,G2M
CTCAATTCAATTTCTC-1,0.12748648554578762,0.01363024494633408,S
CTCAATTCACACCTAA-1,0.05388910245416012,-0.011024891622724797,S
CTCAATTCACCAGGTC-1,0.14642966550905412,-0.007866526000084306,S
CTCAATTCAGGGATAC-1,-0.027763981281578032,-0.06972710160464884,G1
CTCAATTCATGTGCCG-1,0.22501264096712692,0.09093085544653173,S
CTCAATTGTAGAATAC-1,0.0008105481117197111,0.054215334831236084,G2M
CTCAATTGTGAACTAA-1,0.19812834342657792,0.06245758056887363,S
CTCAATTTCACTACGA-1,-0.001141712169915321,0.01462620252517527,G2M
CTCAATTTCCACCTGT-1,0.037573329866493144,0.16248013249136323,G2M
CTCAATTTCGATGGAG-1,-0.01694309028581309,-0.06461440043771549,G1
CTCAATTTCGTGTGAT-1,-0.05527952807359132,0.1796532200331259,G2M
CTCAATTTCTCAACGA-1,0.17328921748709403,0.0035793656600577872,S
CTCACTGAGAGGCGTT-1,-0.035460849466579014,-0.19492722769719012,G1
CTCACTGAGATAACGT-1,0.035261179385492114,-0.028197370522821286,S
CTCACTGAGTAGACCG-1,0.007983220000032265,0.10052434912567126,G2M
CTCACTGCAATCAGCT-1,0.08297766528083284,0.1129490621131341,G2M
CTCACTGCACGGCACT-1,0.2214154957559905,0.0014639030294436028,S
CTCACTGCAGCGACAA-1,0.15760675908685018,0.08257618840547815,S
CTCACTGGTCTAACTG-1,0.07243947059148981,0.16046887684568523,G2M
CTCACTGTCCGTGGCA-1,-0.058909574956259314,-0.2113363267163218,G1
CTCACTGTCTCTGCTG-1,0.04534243048937525,0.0582133159573916,G2M
CTCAGAAAGGTATCTC-1,0.177089947744496,-0.03608798163392318,S
CTCAGAAAGTCTTGGT-1,-0.0038595903554399236,-0.051077895853660626,G1
CTCAGAACAATAACCC-1,0.005054559014347704,-0.014038024468824573,S
CTCAGAACACCTTCGT-1,-0.004718510139115006,0.011794582945667986,G2M
CTCAGAACAGAAGCGT-1,0.06587329758814153,-0.02308761678350063,S
CTCAGAACATCAGTGT-1,-0.07070504641570363,0.07213380084548682,G2M
CTCAGAACATGACTCA-1,0.4107244480614195,0.01163859059101957,S
CTCAGAAGTCACAATC-1,0.005476205153370106,0.12511598315562333,G2M
CTCAGAATCGGAAGGT-1,-0.013431912122587708,0.15529213329169733,G2M
CTCAGGGAGACCTGGA-1,0.04245970265753907,-0.02182504460796275,S
CTCAGGGAGACTGTTC-1,0.05620919093478416,0.05211847858053298,S
CTCAGGGAGATGCTGG-1,0.05848071217585693,-0.0007966917393328887,S
CTCAGGGAGGCGATAC-1,0.008313262018400769,0.021091663445350295,G2M
CTCAGGGAGGCGTCCT-1,0.04333173208076768,-0.029374302923631163,S
CTCAGGGAGGGACTGT-1,0.06607252389543516,-0.004016048999758159,S
CTCAGGGAGTCAGCCC-1,0.0323924312904017,0.16752777261222945,G2M
CTCAGGGAGTCCCGAC-1,-0.009330274573574049,0.17123024423789912,G2M
CTCAGGGAGTTTAGGA-1,-0.15947171081637573,-0.0867046404808614,G1
CTCAGGGCAAGTGATA-1,0.1052644422610497,-0.07628044837358747,S
CTCAGGGCACTATCGA-1,0.04552274980763282,0.0060541145798690965,S
CTCAGGGCACTTGGGC-1,0.038437157973913116,0.04502839000570269,G2M
CTCAGGGCAGCCGGTT-1,-0.031111108780194685,0.10060597847798852,G2M
CTCAGGGGTTAAGTCC-1,0.029566720918138834,0.05766009966748287,G2M
CTCAGGGTCTCAGGCG-1,0.0759975621895988,0.13016076219185585,G2M
CTCAGTCAGAAACCCG-1,-0.017831760405098096,0.24043837346488123,G2M
CTCAGTCAGCGACAGT-1,-0.027271862464030905,0.029230629903163496,G2M
CTCAGTCAGGGAGAAT-1,0.06884239526405034,-0.032072764728191205,S
CTCAGTCAGTGCAACG-1,-0.04624429474918229,0.023044100909117293,G2M
CTCAGTCCAGATTCGT-1,0.0444063174286522,-0.043717875440094256,S
CTCAGTCCAGTGAGCA-1,0.3005417593918486,-0.02464344555392256,S
CTCAGTCGTGAGCCAA-1,0.01712622765798988,-0.08166796346634636,S
CTCAGTCGTGATTAGA-1,-0.05441262803980912,-0.0003785955339572489,G1
CTCAGTCTCAAACTGC-1,0.011624469748457489,-0.039495381719563905,S
CTCAGTCTCACAAGAA-1,0.021370630414355607,-0.06298237088110498,S
CTCAGTCTCAGCTTCC-1,0.2001737857345841,0.050424942212018264,S
CTCAGTCTCCACGTAA-1,0.12422982438158314,-0.02245613837865912,S
CTCATCGAGAGCAGAA-1,-0.0480518772191843,0.02516282455628399,G2M
CTCATCGAGCACTAGG-1,0.12790654367839394,0.11557351159215157,S
CTCATCGAGGTTATAG-1,0.26530085666658054,0.14487939716592146,S
CTCATCGAGTTTCAGC-1,0.04394792603529751,0.10732724617941752,G2M
CTCATCGGTCGGAACA-1,0.183788959267573,0.02383187950546084,S
CTCATCGGTCTTTATC-1,-0.043855855824875334,0.01282120087157479,G2M
CTCATCGGTGGATTTC-1,0.01915854377936277,0.035439806449290345,G2M
CTCATCGGTTTGGAGG-1,0.02704936451612494,0.16109198249522538,G2M
CTCATCGTCAACACCA-1,0.05623796137942638,0.07011459899331884,G2M
CTCATCGTCAACCTCC-1,-0.024910711070383784,0.037450586722818646,G2M
CTCATCGTCACAGAGG-1,0.10141269924530155,-0.06716827709205028,S
CTCATCGTCCGATAGT-1,0.1358852650899408,-0.02331917489709595,S
CTCATCGTCGAATGCT-1,0.3134635493508622,0.16717673521571436,S
CTCATCGTCGATACTG-1,0.07702309447895311,0.18998249933947176,G2M
CTCATGCAGATCCCGC-1,-0.03779096974779006,0.07853054965607603,G2M
CTCATGCAGGGCAGGA-1,-0.06152595918463355,0.07954076343379823,G2M
CTCATGCAGGTTTGAA-1,0.10460269904081743,0.04870469762692883,S
CTCATGCCACAGTCAT-1,0.0017091215556295225,0.19039275750225326,G2M
CTCATGCCAGTCGCTG-1,-0.009242547786836641,-0.03310821156680499,G1
CTCATGCCATCCTTCG-1,-0.05684248451021212,0.1415911048678693,G2M
CTCATGCGTAACAGTA-1,-0.0710002617171549,0.19899332145142423,G2M
CTCATGCGTATTGCCA-1,-0.08700594876273576,0.06531281543886025,G2M
CTCATGCTCATCCTAT-1,-0.05234810961765063,0.1471925044729802,G2M
CTCATGCTCCGTCAAA-1,0.11487508008491004,-0.00839448927414263,S
CTCATGCTCCTCACTG-1,0.2913405057665549,0.042991606354354894,S
CTCATGCTCGGCTGGT-1,0.017989649971886457,-0.028260182719046956,S
CTCATGCTCTTGAACG-1,-0.03545128574715828,0.07832048435938443,G2M
CTCATTAAGCTGAGCA-1,0.33610584719805736,-0.03641064844550612,S
CTCATTAAGGAATGTT-1,0.0924728750281808,0.01695482066445536,S
CTCATTACAAAGCTCT-1,-0.01885398549571443,-0.07565530656260833,G1
CTCATTACACATTCTT-1,-0.026613746051641796,-0.04623333528261514,G1
CTCATTAGTACAGTCT-1,-0.024964044772238847,0.10214521200142362,G2M
CTCATTAGTATTCCTT-1,-0.027591546872684947,0.013137566758398833,G2M
CTCATTAGTCGTCTCT-1,0.12865446762148358,-0.11072768121336116,S
CTCATTAGTTGTACGT-1,-0.028951708724844538,-0.0948755069605719,G1
CTCATTATCTAGAACC-1,-0.022742084293522757,0.2777978692240265,G2M
CTCCAACAGGAGTACC-1,-0.04152583174666191,0.09518595156033183,G2M
CTCCAACCAAGCACAG-1,-0.031244174729886498,-0.09030431520005505,G1
CTCCAACCACACGGAA-1,0.2731189081092118,-0.02969727892912838,S
CTCCAACCACTAGGCC-1,-0.022540713024814862,0.04968028042172329,G2M
CTCCAACCAGTGAGCA-1,-0.05190195304478562,-0.08982149204767242,G1
CTCCAACCATACTGAC-1,0.34240361281165776,-0.0344688366426425,S
CTCCAACCATCAGCTA-1,-0.0022997952322604265,-0.022632194503745207,G1
CTCCAACGTGAGCAGT-1,0.0008412833475869852,-0.1083714161108561,S
CTCCAACGTGTCCGGT-1,0.012818386477063792,0.06805933205362227,G2M
CTCCAACGTTATGTGC-1,0.04925358179190242,-0.013587365841781496,S
CTCCAACTCAGGACAG-1,0.1700724326501562,-0.09883728183405716,S
CTCCAACTCATAGCAC-1,0.11955987470716056,0.11261558649915532,S
CTCCAACTCATTGCCC-1,-0.050050362281552185,0.11950456286104327,G2M
CTCCAACTCCAGTTCC-1,0.035455362939414814,0.03365906490583642,S
CTCCAACTCCGCTTAC-1,0.013336909588957946,0.2658790352003629,G2M
CTCCAACTCGTGCATA-1,0.08959817897643974,0.07372640583401896,S
CTCCAACTCTTACTGT-1,-0.038347250791195775,0.030941823202665975,G2M
CTCCACAAGATGCAGC-1,-0.020890528923794893,-0.09850136304841589,G1
CTCCACAAGCCAACCC-1,0.18930821807495413,0.1486114398199676,S
CTCCACAAGCGATCGA-1,0.008801942944021146,0.0330471413120339,G2M
CTCCACAAGGCATCGA-1,-0.11802679069732064,0.14772491637664453,G2M
CTCCACACACAGTGAG-1,0.07484131622265183,0.059091445672658977,S
CTCCACACACATTCTT-1,0.07203774436504118,0.2816209754537964,G2M
CTCCACACATACCGTA-1,0.11896006470206144,0.06852371522022527,S
CTCCACAGTCAAAGTA-1,0.06533118314441044,0.14022165186627783,G2M
CTCCACAGTCAAGCGA-1,0.08707074881077298,0.029423359738011245,S
CTCCACAGTGCCTGCA-1,0.1503796000461457,0.05455055824670374,S
CTCCACAGTGTCATCA-1,0.06629569341663527,-0.1790519204347432,S
CTCCACAGTTCGGTCG-1,-0.08907319186893886,0.14007243522253454,G2M
CTCCACATCGGAACTT-1,0.09005448580727449,0.028997899936922644,S
CTCCATGAGAGGCTGT-1,0.06928586858215985,0.21260560995733396,G2M
CTCCATGAGCACACCC-1,0.14699072282804404,-0.15622104011151475,S
CTCCATGAGCACCTGC-1,-0.05026952966772141,0.13450718280711674,G2M
CTCCATGAGGATTTAG-1,0.007897855873511106,0.11490055419915957,G2M
CTCCATGAGTCGAATA-1,-0.0023929163670202702,0.08523498567355597,G2M
CTCCATGAGTGCACAG-1,-0.05583553364712479,-0.0908785629988002,G1
CTCCATGCAAGAATAC-1,-0.07473154893088868,-0.14608703287710081,G1
CTCCATGCACTGGCCA-1,-0.034872991092864125,0.06892993443148177,G2M
CTCCATGGTGAACGGT-1,0.05894794537608278,-0.25756079692750516,S
CTCCATGTCGCGGTAC-1,0.17602295475524687,0.28631687136548584,G2M
CTCCATGTCTATTCGT-1,0.24830240716031504,0.04250574573030652,S
CTCCCAAAGAATCGCG-1,0.18994669458174412,-0.03931692020461536,S
CTCCCAAAGACGCTCC-1,-0.038236681889905644,0.029849072569211765,G2M
CTCCCAAAGATAGTGT-1,0.015547263297142011,-0.03173830737341604,S
CTCCCAAAGCGGTAGT-1,0.059399659879019795,-0.09180120070767639,S
CTCCCAAAGTGGCCTC-1,0.15077926191147195,-0.2326411663192483,S
CTCCCAACACCTGCGA-1,0.08034146701245382,0.2775919689621239,G2M
CTCCCAACATTGTAGC-1,0.013574695519409652,-0.07958039362739536,S
CTCCCAAGTACTCGAT-1,0.1454686412507848,-0.14220369066096716,S
CTCCCAAGTATTGGCT-1,0.016304068259165527,0.09087398424559068,G2M
CTCCCAAGTCACTGAT-1,0.025828512056809028,0.2362625167346788,G2M
CTCCCAAGTCTGTAAC-1,0.002849638927838183,0.15039670882590983,G2M
CTCCCAAGTGTAGCAG-1,0.12859670053402844,-0.0842199633059112,S
CTCCCAATCACTACGA-1,0.03881829006613963,-0.10300721738514348,S
CTCCCAATCATTTACC-1,0.029901449948191883,0.022135061301850723,S
CTCCCAATCCCTCGAT-1,-0.0020855007763301847,-0.017598405684233098,G1
CTCCCAATCCGAAGGA-1,-0.012655502771650173,-0.08869538520464346,G1
CTCCCAATCTCGAGTA-1,-0.022283385732167593,0.16932461648126002,G2M
CTCCCAATCTGGCCAG-1,0.033719475804685484,0.43427820188108374,G2M
CTCCCTCAGATTACCC-1,0.013968782168508609,-0.010959951123731382,S
CTCCCTCAGCACTTTG-1,-0.006672054851894038,0.10267138808839421,G2M
CTCCCTCAGTTCCGGC-1,-0.007117865085755792,0.0464500247312199,G2M
CTCCCTCCAACAGAGC-1,0.14979375725456834,0.07549688130677862,S
CTCCCTCCAACGTATC-1,-0.044890063218510134,0.2685962784456477,G2M
CTCCCTCCACCAAATC-1,-0.08661231997092489,0.09442592917058923,G2M
CTCCCTCCACGGTCTG-1,0.05924142709376934,-0.20705031278405495,S
CTCCCTCGTCTCTCAC-1,0.04233630603294858,-0.14779849854482838,S
CTCCCTCGTGTTAGCT-1,0.09530491110680755,0.12281383870817747,G2M
CTCCCTCTCAAGTCGT-1,0.0834797858432289,0.03665805958648277,S
CTCCCTCTCAAGTGTC-1,0.11435480125804504,0.07466561749328371,S
CTCCCTCTCATGCCAA-1,-0.01705658826659051,-0.025978854778863858,G1
CTCCCTCTCGTAATGC-1,-0.04205713429558877,0.22491128711226083,G2M
CTCCGATCAACGGGTA-1,0.029337385495127377,0.20743213802964477,G2M
CTCCGATCATTATGCG-1,0.1580663056963112,0.17691290003451254,G2M
CTCCGATCATTGGCAT-1,0.00401552334295352,-0.04919927539124086,S
CTCCGATGTCTGTGCG-1,-0.04522053817089766,0.14554190220081353,G2M
CTCCGATGTTCCCACT-1,0.03026692037307499,0.019737470466512863,S
CTCCGATTCAAGAAAC-1,0.19232624538378024,-0.13227314299959742,S
CTCCGATTCAATGTCG-1,-0.03277644220497983,-0.022267144099771874,G1
CTCCTCCAGCACTGGA-1,0.07385530000230522,-0.07534582103456477,S
CTCCTCCAGCGCGTTC-1,-0.02824935895019648,0.08796664080958,G2M
CTCCTCCAGCTTTCCC-1,-0.004174757206003521,0.16573132259918755,G2M
CTCCTCCAGGATGAGA-1,0.017094984800415824,0.06486745767546198,G2M
CTCCTCCAGGTCCGAA-1,0.05367613201097421,0.07602102531891303,G2M
CTCCTCCCACACACTA-1,-0.018104658212440672,0.07421544938195257,G2M
CTCCTCCCACACTTAG-1,0.07294616943934867,-0.02690539628836905,S
CTCCTCCCACCACATA-1,0.009052565507739141,0.1781788098079985,G2M
CTCCTCCCACGTTGGC-1,0.06653348796963476,-0.09690888136734205,S
CTCCTCCGTGGCGTAA-1,0.03529033903551804,0.0582380904551793,G2M
CTCCTCCGTTGGCCTG-1,-0.06268404943243522,0.11941189755289583,G2M
CTCCTCCTCCATCACC-1,0.00016481203557938695,0.08205790933155199,G2M
CTCCTCCTCCCAGTGG-1,0.025898992392977438,0.11556490455884788,G2M
CTCCTCCTCCTACCGT-1,-0.014998383438169172,-0.04757563458165692,G1
CTCCTCCTCTATACGG-1,-0.009951943230059768,0.060501613853195246,G2M
CTCCTTTAGGACTAAT-1,0.0036757431833402965,0.05246199033596605,G2M
CTCCTTTAGGTAAACT-1,-0.04918652255422262,0.09567690890293595,G2M
CTCCTTTAGTAAAGCT-1,0.0170708254890376,-0.01798843346654949,S
CTCCTTTAGTGGACGT-1,0.2321131729251784,-0.0728545364550626,S
CTCCTTTAGTTACGAA-1,-0.06950132531647357,0.07574024375006794,G2M
CTCCTTTCAGCTGTAT-1,0.0872812503311059,-0.032497341082847964,S
CTCCTTTCATGCACTA-1,0.08030832559303369,0.14391070857809377,G2M
CTCCTTTTCATTCCTA-1,0.1529249636330825,-0.10602432353496322,S
CTCCTTTTCCGAGCTG-1,-0.019199043106237768,0.11196157635501597,G2M
CTCCTTTTCGCTTTAT-1,0.036254055745927105,0.035015908748288305,S
CTCGAGGAGAACAAGG-1,0.001500389135746405,-0.06543563663764815,S
CTCGAGGAGCCTCATA-1,0.07768628636933506,-0.046498415290544104,S
CTCGAGGAGCTACTGT-1,0.027130749624255324,0.1314461164226824,G2M
CTCGAGGAGTCGTTAC-1,0.12370939129323205,0.30069239226455025,G2M
CTCGAGGAGTGAGGTC-1,0.17410466468411445,-0.09399614062385908,S
CTCGAGGCAAGGTCAG-1,0.017772928186631398,-0.2286845233399456,S
CTCGAGGCACTACTTT-1,0.01937472706597798,0.1809099771115894,G2M
CTCGAGGCAGCCTACG-1,0.047138958401442166,0.06356131327668474,G2M
CTCGAGGCAGGTGAGT-1,-0.0661018605951092,0.06955777440272043,G2M
CTCGAGGCATAGCTGT-1,0.13025570131335173,-0.04921441189064052,S
CTCGAGGTCAAGAGTA-1,-0.04495929849983615,-0.054877853868525894,G1
CTCGAGGTCCGTACGG-1,0.0562143259494165,0.14211654885150393,G2M
CTCGAGGTCCGTCAAA-1,0.06069142178996623,0.27412234684739445,G2M
CTCTCAGAGCTTTCCC-1,0.14372674358434362,-0.024946660351804872,S
CTCTCAGAGGTATCTC-1,-0.004686839110453034,0.02183202097877862,G2M
CTCTCAGCAACGGCCT-1,0.04949090300808756,0.14947697533460397,G2M
CTCTCAGCAAGAGTTA-1,0.015395415919133904,0.12669893447788633,G2M
CTCTCAGCACCGTGAC-1,0.08530105783965386,0.0585084658985108,S
CTCTCAGCACTGGACC-1,-0.030389952387072816,0.20323524568858203,G2M
CTCTCAGCATCATTTC-1,0.101148599844673,-0.10368504252356209,S
CTCTCAGGTCCTACGG-1,0.13114632558938627,-0.17272403186923807,S
CTCTCAGGTGTGCCTG-1,0.036698552519400574,0.029481984230367964,S
CTCTCAGGTTTGCAGT-1,0.2028145742368137,-0.037286414099573895,S
CTCTCAGTCCATGAGT-1,0.030918663449788664,-0.10964094050770024,S
CTCTCGAAGAAGCTGC-1,0.01961360514475774,-0.11827431984696601,S
CTCTCGAAGAGCTGAC-1,0.03420600889470893,0.02627628273120547,S
CTCTCGAAGATACGAT-1,0.09174620784158155,0.20306997557344275,G2M
CTCTCGAAGCACTCGC-1,0.13121028272178642,0.07317046364121466,S
CTCTCGACAGACACCC-1,0.004720186814064331,0.34176867269057853,G2M
CTCTCGACAGCCTACG-1,0.1439827049422402,-0.053519265802290356,S
CTCTCGACATGTTACG-1,-0.06330282169299589,-0.017151164629184812,G1
CTCTCGAGTTGAATCC-1,0.12142566224898599,0.04144361100018412,S
CTCTCGATCAGGGATG-1,0.022502710048706853,0.14117019211412046,G2M
CTCTCGATCATCTGTT-1,-0.031188895288531082,0.2279000318527284,G2M
CTCTCGATCCACGGGT-1,0.07781345720627625,0.15722158480182485,G2M
CTCTGGTAGAAACCAT-1,0.0863891073369858,-0.10119420164118209,S
CTCTGGTAGGGATCAC-1,0.0772541771586267,0.1230318624557466,G2M
CTCTGGTAGTTGGCTT-1,-0.09782413671294515,0.06993191371986934,G2M
CTCTGGTCACTTTATC-1,-0.05290455245700687,0.08638382223251473,G2M
CTCTGGTCATACAGGG-1,0.0007232993836680524,0.014916202051319327,G2M
CTCTGGTCATTGAAGA-1,0.007468688593992079,-0.14785446489479126,S
CTCTGGTGTAACGATA-1,0.1382285089710209,0.02750141119988586,S
CTCTGGTGTGGCTTAT-1,0.03150787507079095,-0.10130813077768289,S
CTCTGGTGTGTTTACG-1,-0.07626053125633042,0.13297062839882978,G2M
CTCTGGTGTTTGGAAA-1,0.04658893913436729,-0.016903545857940794,S
CTCTGGTTCAATCCGA-1,0.0047974672609645275,0.2230817059458029,G2M
CTCTGGTTCTCGCAGG-1,0.013162760114247885,0.0807485803434062,G2M
CTCTGGTTCTCGGCTT-1,0.05291381058922762,0.04997318334811712,S
CTGAATGAGATCCAAA-1,0.1623830333160584,0.09300771957342685,S
CTGAATGAGGCTGTAG-1,0.023547493654172746,-0.07494384282264699,S
CTGAATGAGTCAGCCC-1,0.0570041686139281,-0.019602142659185418,S
CTGAATGCATGGAAGC-1,0.08479294148599659,0.047343789511435364,S
CTGAATGGTAGGATAT-1,-0.02599448103300428,0.14191867005126851,G2M
CTGAATGGTCCGATCG-1,0.0833128111494823,-0.006033855145970934,S
CTGAATGGTCTCGGAC-1,0.03286533053102525,-0.01731099071078912,S
CTGAATGTCAACGAGG-1,0.3744751470757668,0.015038926559541477,S
CTGAATGTCACGGGAA-1,0.11608477767731812,-0.030280835793284444,S
CTGAATGTCACTGGTA-1,0.03591097146705707,-0.04700374668040286,S
CTGAATGTCCAAGGGA-1,0.09085712047310257,0.07680730861956081,S
CTGAATGTCTGCGGCA-1,-0.05558411185534534,0.017968745262624874,G2M
CTGAATGTCTTCGCTG-1,0.11056431483378626,-0.05175712838726071,S
CTGAGCGAGCCTTTGA-1,-0.06982040409379414,-0.04334358703133623,G1
CTGAGCGAGTCTGCGC-1,-0.031093378809992855,0.34981520056188664,G2M
CTGAGCGCAATCGCGC-1,0.009579979739266054,-0.14689163276354317,S
CTGAGCGCATACAGGG-1,-0.10115574362552415,0.17966102183603427,G2M
CTGAGCGGTAAGGTCG-1,0.03751086611831195,0.022408581393790816,S
CTGAGCGGTTGTGCAT-1,-0.009246119862031055,-0.09732191626110592,G1
CTGAGGCCACACACGC-1,0.29464512406346455,-0.14921453490201286,S
CTGAGGCCAGACACCC-1,-0.07952215707825866,-0.04005618175742104,G1
CTGAGGCCAGCTATTG-1,0.030656851898509307,0.08101958533947351,G2M
CTGAGGCCATCAGCGC-1,0.022593653949087744,-0.07580357403500892,S
CTGAGGCCATCCGAGC-1,0.09892701604811655,0.31246291535903276,G2M
CTGAGGCCATCGCCTT-1,0.08964380280665063,-0.08939277485399985,S
CTGAGGCCATCTAACG-1,0.025428100399361997,0.00991431954553082,S
CTGAGGCGTAATGCTC-1,0.08698514547014002,0.37562732715655417,G2M
CTGAGGCGTCACTTAG-1,0.11405564992776274,-0.04968816975503848,S
CTGAGGCGTGAGAACC-1,0.07503185683224911,-0.02148817134610559,S
CTGAGGCGTGTTAAAG-1,0.021832641101618977,-0.1375793214487515,S
CTGATCCAGAGATCGC-1,0.057294754839004036,-0.13663307170325711,S
CTGATCCAGGTGCGAT-1,0.02768689053072948,0.15512702849120935,G2M
CTGATCCAGTCTTCGA-1,0.09752315103826797,0.08282247586945951,S
CTGATCCAGTGGTGAC-1,0.037890906595987206,0.1823958635353332,G2M
CTGATCCCAGCATCTA-1,-0.07070074938953808,0.05132676518706325,G2M
CTGATCCGTGCGAACA-1,0.06804243761189543,0.18952153152421902,G2M
CTGATCCGTGTGAGCA-1,0.04254991573540429,-0.066266231697862,S
CTGATCCTCAATCTTC-1,0.015765740674188566,-0.025394103053717143,S
CTGATCCTCCTGCTAC-1,0.029242462412116588,0.11089206257719547,G2M
CTGATCCTCTTAAGGC-1,0.03758618345743692,-0.11142799574461926,S
CTGCAGGAGCTAAATG-1,-0.09096027882833652,0.04514637646030967,G2M
CTGCAGGAGTAGCTCT-1,-0.07619240779095338,0.14108683127588345,G2M
CTGCAGGCAATACGCT-1,0.0011171945711461184,0.13466692616971082,G2M
CTGCAGGCAGGAGGTT-1,0.09336500607391324,0.024639477632181495,S
CTGCAGGCATTCTTCA-1,0.07842809577636245,0.2094169490986062,G2M
CTGCAGGGTAATGTGA-1,-0.029259743558175677,-0.19822492001455383,G1
CTGCAGGGTACCATAC-1,0.10812180908576274,-0.028980536531967915,S
CTGCAGGGTATCGCTA-1,0.00999993358010376,-0.017035806430796774,S
CTGCAGGGTGAGATCG-1,0.01564210959841761,0.0576870294241959,G2M
CTGCAGGGTGATCGTT-1,-0.002706118631657539,0.042549309317705786,G2M
CTGCAGGGTGCTGATT-1,0.055045402702098456,0.4249631724356525,G2M
CTGCAGGGTGTATCCA-1,0.04312366162619696,-0.12140105132363307,S
CTGCAGGTCTAGTACG-1,0.1703132774910291,0.02470306819517165,S
CTGCAGGTCTCACTCG-1,0.14729305049963665,-0.020872612711351657,S
CTGCATCAGAAACCCG-1,0.04891225162667301,0.03436468205874965,S
CTGCATCAGGAACGCT-1,-0.027038344078843257,-0.01737272305690757,G1
CTGCATCAGGATTTGA-1,0.007114332715340899,0.10424237655161472,G2M
CTGCATCAGTGGACTG-1,-0.00427647194143721,0.030586473561132088,G2M
CTGCATCCAAGAATGT-1,0.06119831033387668,0.13446121564954988,G2M
CTGCATCCAGGCGATA-1,0.044157634116993916,-0.00011400234066599735,S
CTGCATCGTCAGGTAG-1,0.059655655275450414,0.051595536831537836,S
CTGCATCGTGTGTCCG-1,0.030060690175503335,0.2261747228409563,G2M
CTGCATCTCATGACAC-1,0.1055234925440458,0.09629240875229333,S
CTGCATCTCCATTGGA-1,0.02982720558249119,0.033367385030282415,G2M
CTGCATCTCCTGATAG-1,-0.005741729450552235,0.1597684439725769,G2M
CTGCATCTCTACTCAT-1,0.18671635530496555,0.056830379140280274,S
CTGCATCTCTCGCCTA-1,0.01418982959857601,0.08930903624402631,G2M
CTGCCATAGAGCCGTA-1,0.022321810966759226,0.14406830001272936,G2M
CTGCCATAGCGGTATG-1,0.11344533379982819,-0.0793666952173952,S
CTGCCATCAATTGCCA-1,0.04362880168165284,0.01748257939247483,S
CTGCCATCACTTGAAC-1,0.35476980504364897,-0.04595369617371731,S
CTGCCATGTAACAGTA-1,-0.035919016714750784,0.08500771068986157,G2M
CTGCCATGTATAGGGC-1,-0.005381227050292425,-0.015258338364178892,G1
CTGCCATGTTCAAGTC-1,-5.361828699212978e-05,0.05150840635661463,G2M
CTGCCATTCGAGCCAC-1,0.06759014691746668,0.28807282860330513,G2M
CTGCCTACAAATCGTC-1,0.0861387429569847,-0.13772756862692814,S
CTGCCTACAGGACTTT-1,0.08291851940692496,-0.16735334013301117,S
CTGCCTAGTATTTCCT-1,0.30532729304665973,-0.07359029586632598,S
CTGCCTAGTGTAGTGG-1,0.08963864475749783,0.02294751372676146,S
CTGCCTATCACTTGTT-1,0.052389074397867774,-0.015146241614135525,S
CTGCGAGAGAATTGCA-1,0.05720624799910906,0.08413216497213322,G2M
CTGCGAGCACAACGCC-1,0.28026456177777415,-0.16193305062413396,S
CTGCGAGCACCTGCGA-1,-0.01881870937981789,0.05052102139108622,G2M
CTGCGAGCATCGATGT-1,0.015422729892273668,0.12647540476547248,G2M
CTGCGAGCATGCTGCG-1,-0.024411687398678994,0.054635145281693664,G2M
CTGCGAGGTAGTATAG-1,0.024497461835296108,-0.09022187472646592,S
CTGCGAGGTCCGACGT-1,0.0015709768842245286,-0.08533828888699405,S
CTGCGAGGTTCCGCGA-1,0.057185044209697944,0.10437624061490464,G2M
CTGCGAGTCATTTGTC-1,0.02475755429690285,-0.0628143622948387,S
CTGCGAGTCCGGCTTT-1,0.06166541054156782,0.10906000878469224,G2M
CTGCTCAAGTATGCAA-1,0.18593185090085596,0.037815833653836506,S
CTGCTCACAGGTGGAT-1,0.05134761347066619,0.11482609734375301,G2M
CTGCTCACATCGGTTA-1,-0.051558538932932496,0.2572158287800645,G2M
CTGCTCAGTAACACGG-1,0.10179921529743335,0.1535201459917768,G2M
CTGCTCAGTCAAAGCG-1,-0.010966914540750827,0.1526695824637881,G2M
CTGCTCAGTGAGATAT-1,-0.06092054969699401,0.16473495916670866,G2M
CTGCTCATCCGAGGCT-1,0.025655836339756766,0.1794602579250245,G2M
CTGCTCATCCTCTAGC-1,0.027277095775708138,0.10250356383104844,G2M
CTGCTCATCGAGCCAC-1,-0.076000519025478,0.13624051605636173,G2M
CTGCTCATCTTGCAAG-1,-0.021615686138035495,0.014712387098038071,G2M
CTGGACGAGTTCCATG-1,-0.06452068122491111,0.10598556443546248,G2M
CTGGACGCACCGCTAG-1,0.21935590663910987,0.017190342721136898,S
CTGGACGCACTTGACA-1,0.03132045738376732,0.046444537518484846,G2M
CTGGACGCAGCCGTTG-1,-0.009054366552675497,0.13132567717361981,G2M
CTGGACGGTACTTGTG-1,0.10207226736626196,-0.06404530041693007,S
CTGGACGGTCCGAAGA-1,0.11343013212487985,0.22353030982892969,G2M
CTGGCAGAGAATACAC-1,-0.008116898355916613,0.199859364383345,G2M
CTGGCAGAGCACCGTC-1,0.18228527426558,-0.0031415452578101855,S
CTGGCAGAGTGCAGCA-1,0.07961103066385333,0.10937771393608864,G2M
CTGGCAGCACTTGTGA-1,0.025016431513046777,0.2869175890316218,G2M
CTGGCAGCAGAGGTAC-1,0.006712480928172504,0.3480643847947796,G2M
CTGGCAGCAGGTGTTT-1,0.2916351042273606,0.016840997332415675,S
CTGGCAGCATACCGTA-1,0.04174793523353587,0.003966689406659285,S
CTGGCAGGTCAGCGTC-1,0.18058536200159697,0.015867821099490503,S
CTGGCAGGTTCTCCCA-1,0.06582632359012452,0.18906416062885248,G2M
CTGGCAGTCCTGGGAC-1,0.06450022882895101,-0.10725413910580278,S
CTGGCAGTCGATACTG-1,0.17594566892951924,0.08898010878770957,S
CTGGCAGTCGCGTTTC-1,-0.09672271635392105,-0.13699888519164233,G1
CTGGCAGTCTAGGCCG-1,0.10205365407762773,0.1790958376289482,G2M
CTGGCAGTCTCTCGAC-1,-0.14530298009954595,-0.13832103653622763,G1
CTGGTCTCAAGTCCCG-1,0.11658443375131428,0.09884248665482426,S
CTGGTCTGTACAAGTA-1,-0.04541430357231191,0.05983138054340392,G2M
CTGGTCTGTCACCACG-1,0.09564476821239504,-0.10730490307153909,S
CTGGTCTTCCCATGGG-1,6.858195909126286e-05,-0.020575100158620352,S
CTGGTCTTCCTCACCA-1,0.10743717862631103,0.0951843593890167,S
CTGGTCTTCGCGTGAC-1,0.02461723838584262,-0.02085067906565835,S
CTGGTCTTCGCGTTTC-1,-0.03168910242545114,0.03123642319498865,G2M
CTGGTCTTCTCAATCT-1,0.04500612262976056,-0.05449529059788133,S
CTGGTCTTCTTAGCTT-1,-0.07133044034131647,-0.09371776882448102,G1
CTGTACCAGAGCCGAT-1,0.1628360251468024,0.09164519069581939,S
CTGTACCAGTGCACTT-1,0.00224759633981525,0.22486594074822075,G2M
CTGTACCCAGAACTAA-1,0.010327440856837677,0.10328419512862869,G2M
CTGTACCCAGGCTATT-1,0.054256170226552825,-0.07778070787305391,S
CTGTACCCATCGTTCC-1,-0.027301501979371756,-0.1244379697250505,G1
CTGTACCTCACTGGGC-1,-0.015778155993345644,0.24441799498025363,G2M
CTGTACCTCAGTCTTT-1,0.0946312987442317,0.03487572291085431,S
CTGTACCTCTGAGAGG-1,-0.024650616761088207,0.21805614264052015,G2M
CTGTAGAAGATAACAC-1,0.09692143384877505,-0.052878249605647076,S
CTGTAGAAGCCGTAAG-1,-0.02200957101951606,-0.10541457984307223,G1
CTGTAGAAGTGCTAGG-1,0.0019054268311471945,0.03154689379479547,G2M
CTGTAGACAATCTAGC-1,-0.006297110997983579,-0.08424753751218417,G1
CTGTAGACACACAGCC-1,-0.08370280582481437,0.058517459323969845,G2M
CTGTAGACACAGTCAT-1,0.08025530275455672,-0.024520782267637486,S
CTGTAGAGTTCTGACA-1,0.1682315003414358,0.1093581251676932,S
CTGTAGATCACCTACC-1,0.0376212585858503,0.10197273200852319,G2M
CTGTAGATCATGAGAA-1,0.0066069808121356766,0.31060082481963863,G2M
CTGTAGATCCATCTGC-1,-0.005805725302298059,-0.06078299659987335,G1
CTGTAGATCGGCTTGG-1,0.050133945482415065,-0.008549351721654053,S
CTGTAGATCTCCCATG-1,0.039902738623271816,0.15021428565020428,G2M
CTGTATTAGACATACA-1,0.057893909243052155,0.0063610968246353705,S
CTGTATTAGGAATTAC-1,-0.027389135231995487,0.11349697349905863,G2M
CTGTATTAGTCAGGGT-1,-0.01682855632644764,-0.24762886063462955,G1
CTGTATTCAGATAAAC-1,0.02632334771598832,0.1581611828224027,G2M
CTGTATTCAGCCTACG-1,-0.024599220751022388,0.10851920669983506,G2M
CTGTATTCAGTTGCGC-1,0.10409379105515282,0.026148158201389937,S
CTGTATTCATGGGTTT-1,0.09140973249924073,-0.00995371578496973,S
CTGTATTGTTGGGACA-1,0.04390768316762994,0.12645505465525425,G2M
CTGTATTTCACTCGAA-1,0.051578010780968964,0.15026430980203329,G2M
CTGTATTTCAGAGCGA-1,0.16104324278737964,0.021432998352258037,S
CTGTATTTCATAAGGA-1,0.27501499774758686,-0.06527289873585002,S
CTGTATTTCGAACCAT-1,0.01598280116133327,-0.0018382162970838611,S
CTGTATTTCTCAGTCC-1,-0.05204478222323039,0.042007550505145874,G2M
CTGTATTTCTGTCTCG-1,0.0003223471335337402,-0.02041448985021732,S
CTGTCGTAGAGGTCAC-1,-0.03150708487587489,-0.08927035995606275,G1
CTGTCGTAGCACTCTA-1,0.04959675225519078,0.03784711352989506,S
CTGTCGTAGCATTTGC-1,-0.004416498011712122,-0.06128852679910582,G1
CTGTCGTCACGGTGAA-1,0.02884286772054362,0.06207328241965787,G2M
CTGTCGTCACTTGGCG-1,0.20676965828262983,-0.047151517314422964,S
CTGTCGTGTACGCTAT-1,0.23736873418371807,-0.042012368394017646,S
CTGTCGTGTCTGGTTA-1,0.2564232624444762,0.02778748848171403,S
CTGTCGTTCCGAACGC-1,0.05577163810435176,-0.1195957712721406,S
CTGTGAAAGCGTCTGC-1,0.1338054953515947,0.08834755491236546,S
CTGTGAAAGGACTATA-1,0.013935867357856568,0.33708133415611274,G2M
CTGTGAACAACACGAG-1,0.058254574691584904,-0.14988681101975582,S
CTGTGAACAACTCGAT-1,0.19810800193300643,-0.06421782352734595,S
CTGTGAACACTACTTT-1,-0.038335918628281285,0.08909808006791203,G2M
CTGTGAAGTCAAAGTA-1,0.10230785072846804,0.08135968726432546,S
CTGTGAATCCGATAGT-1,-0.026725376799163425,0.022427692384338338,G2M
CTGTGAATCGCTTACC-1,-0.08854441545962866,-0.11307272654001327,G1
CTGTGAATCTCAGAAC-1,-0.0009828382366464106,0.04796440732968335,G2M
CTGTGAATCTGACGCG-1,-0.01800675271332558,0.0061926601320222985,G2M
CTGTGAATCTTCTGTA-1,-0.03911413050230628,0.017125911921757164,G2M
CTGTGGGCAACTCATG-1,0.18694463035989656,-0.09071753823176182,S
CTGTGGGCACGGGTAA-1,0.04420167685935683,0.03030730344003074,S
CTGTGGGCAGTTGAAA-1,-0.04831072097163086,0.007791589793873288,G2M
CTGTGGGCATGGTGGA-1,0.136940355965866,0.28722956948468314,G2M
CTGTGGGTCACGTAGT-1,-0.020669302391091826,-0.025175421810301246,G1
CTGTGGGTCCATTCAT-1,0.029631841683894322,-0.09693441751537535,S
CTTACCGAGAAATCCA-1,0.2262344943400033,0.14127672238675454,S
CTTACCGAGCACCCAC-1,0.05793388563293311,0.12160187597852462,G2M
CTTACCGAGCATCCTA-1,-0.03634700504562721,0.18593924944846696,G2M
CTTACCGAGCTTACGT-1,0.0614657753202098,-0.153794698529231,S
CTTACCGAGGCACAAC-1,0.07697505502144658,0.0882308463770245,G2M
CTTACCGAGTTAGTGA-1,0.2647027410742434,0.1270027050845995,S
CTTACCGCAAATTAGG-1,-0.04292552742617173,0.15349735622591676,G2M
CTTACCGCAGGCTATT-1,0.08390155682442557,-0.17073565817701222,S
CTTACCGCAGGTGTGA-1,-0.043103997905942215,0.06608289744103663,G2M
CTTACCGGTGGGATTG-1,-0.03247047187648,-0.0016589430440178132,G1
CTTACCGGTGGTACAG-1,0.022975218852154033,0.11263596424406153,G2M
CTTACCGGTTGGCCGT-1,0.01628136418749715,-0.02623747132318821,S
CTTACCGTCCGCTAGG-1,0.0792761085708491,0.061588430831828744,S
CTTACCGTCGCTCTAC-1,-0.035451226169459005,-0.08116632232513038,G1
CTTACCGTCGTGGGAA-1,0.03637096739337792,0.2543052492480681,G2M
CTTAGGAAGAATAGTC-1,0.04279685495200147,-0.13617237594780662,S
CTTAGGAAGGCATTTC-1,0.16722498393157836,-0.07217083900712956,S
CTTAGGAAGTATAACG-1,0.0018499878726575547,0.002570265998222243,G2M
CTTAGGACAGGAGACT-1,0.04393966481331141,0.2750500791004453,G2M
CTTAGGAGTACTGCCG-1,0.03999701809467904,-0.04036907844226395,S
CTTAGGAGTACTGCGC-1,0.07558732834159576,0.016857969194553346,S
CTTAGGAGTGCATTTG-1,0.030722949270452493,0.051155265084422086,G2M
CTTAGGAGTGCCTTCT-1,0.049752749049558065,-0.04944496855521885,S
CTTAGGAGTTGGGTTT-1,-0.017105981094563683,-0.009001942031893417,G1
CTTAGGATCAGAGCAG-1,0.1248512516477902,-0.08451813079457957,S
CTTAGGATCAGGACAG-1,-0.060121933877515576,0.1662698057142668,G2M
CTTAGGATCCGGCAGT-1,0.03432964489765017,-0.08454200768932627,S
CTTCAATAGTATGACA-1,-0.0632198435075701,0.03777294042351709,G2M
CTTCAATCACGTGAGA-1,-0.016294757221455125,0.03612838293092652,G2M
CTTCAATCACTTCCTG-1,-0.010112898728486808,0.150944341551783,G2M
CTTCAATCAGAATCGG-1,0.0069264900598901,-0.1061693908272198,S
CTTCAATGTACCGTGC-1,-0.04628289781355732,0.30201756462644186,G2M
CTTCAATGTAGTCTGT-1,0.19131004351233905,0.05486638399257815,S
CTTCAATGTATACAGA-1,0.10759090814226457,0.24075254483055025,G2M
CTTCAATGTATGCTAC-1,-0.009467885632449491,-0.05510816071058999,G1
CTTCAATGTCTTTCAT-1,0.009187988328222374,-0.0500475543386002,S
CTTCAATGTTACACTG-1,-0.04673415643007428,0.09163602550967126,G2M
CTTCAATTCCAAATGC-1,0.2145728677337353,0.011518877523574056,S
CTTCAATTCCGACAGC-1,0.03040241176334313,-0.030260506624978256,S
CTTCAATTCTGGCTGG-1,-0.08446408773683423,0.09504648468742,G2M
CTTCAATTCTTAATCC-1,-0.08544347568150884,0.13501149566133225,G2M
CTTCCGAAGGTCACTT-1,0.10543476541858438,0.07349082375824956,S
CTTCCGAAGTAACCGG-1,0.44667208699510985,-0.04824596791298086,S
CTTCCGAAGTTGGACG-1,0.054785616628356903,0.017729299203617266,S
CTTCCGACACGCAAAG-1,0.1809858515493924,-0.005552725080862242,S
CTTCCGACAGCTGTAT-1,0.3269411452098383,0.0471329931600456,S
CTTCCGACAGGGATAC-1,-0.07701225355490471,0.03435163848601591,G2M
CTTCCGAGTAATACCC-1,-0.052166297079413226,-0.15297939177414702,G1
CTTCCGAGTACCAGAG-1,0.19173085328475492,0.2385047683624527,G2M
CTTCCGAGTGCGAACA-1,0.20206824205710733,-0.03414231463787276,S
CTTCCGATCAACTACG-1,0.014050176966740269,0.0716183241016401,G2M
CTTCCGATCACTGAAC-1,-0.09895443433355472,0.22171477720024307,G2M
CTTCCGATCCTACACC-1,-0.022663089786769564,0.1878673985505535,G2M
CTTCCGATCGCAATTG-1,0.05571567411482059,0.0905699847274331,G2M
CTTCCGATCTATCGTT-1,-0.022781747602799052,-0.11773720782569791,G1
CTTCCGATCTCTCTTC-1,0.06227881432174959,0.10528901910909855,G2M
CTTCCTTAGTGGTGGT-1,0.06541862505859258,0.028409155801260022,S
CTTCCTTAGTTAACGA-1,0.0853045835994487,-0.1814425547231443,S
CTTCCTTCAAGTGGTG-1,0.21635331434779914,0.1389093008892937,S
CTTCCTTCACGACGAA-1,0.21002982948074433,0.13462356743677317,S
CTTCCTTCACTGCTTC-1,0.03368731653451934,-0.006169330996269762,S
CTTCCTTCAGAACCGA-1,0.0471983524815473,0.1345521676995684,G2M
CTTCCTTGTGCTGATT-1,0.17624275043773235,0.1843687185613972,G2M
CTTCCTTGTGTGAGCA-1,0.059052957496974035,-0.10797705660661755,S
CTTCCTTTCGACCATA-1,-0.07840759414976034,-0.06193918876639315,G1
CTTCGGTAGAGGCGGA-1,-0.07182072990587796,-0.0883279863765094,G1
CTTCGGTAGCTGAGCA-1,0.018008453243990474,0.010583544682686907,S
CTTCGGTCATAAGCGG-1,0.0033247819196379202,0.010508684564394688,G2M
CTTCGGTGTCGTCATA-1,0.08589626262409322,-0.09238797551713307,S
CTTCGGTTCACTCACC-1,0.012473421250981054,0.25450412561119246,G2M
CTTCGGTTCAGCCTTC-1,0.11302953594490994,-0.05363975467659063,S
CTTCGGTTCGATTTCT-1,-0.031131767788823983,-0.07198607863385531,G1
CTTCGGTTCTGACAGT-1,-0.0039323302507888735,0.018728988174710415,G2M
CTTCTAAAGACCACGA-1,0.10251911152572424,-0.031752466511623834,S
CTTCTAAAGCGTGAAC-1,-0.034192494364946535,-0.10412196139037727,G1
CTTCTAACAGAAATTG-1,0.017005597187793042,0.20381145804839995,G2M
CTTCTAAGTACTAGCT-1,0.08709660323292889,0.10460482812290961,G2M
CTTCTAAGTATTCCTT-1,-0.03673299512234324,0.07407585568556191,G2M
CTTCTAAGTCAAGCCC-1,0.06354012755283389,0.1099040132379907,G2M
CTTCTAAGTGAGATAT-1,0.07970894737228051,0.11932788483210816,G2M
CTTCTAAGTGTGTGTT-1,-0.033940143842649706,0.20236067289075643,G2M
CTTCTCTAGCCTGGAA-1,0.03091103081153701,0.02596828293774911,S
CTTCTCTCACACACGC-1,0.21586932285638882,-0.03617547527676063,S
CTTCTCTCATTCATCT-1,0.06536600074606291,0.03511153059794375,S
CTTCTCTCATTGTGCA-1,0.08270598349908842,0.3513167926485705,G2M
CTTCTCTGTAGGCTCC-1,0.004063923510376377,-0.07867752159826547,S
CTTCTCTGTAGTATAG-1,0.07119348036691919,-0.015693438723565295,S
CTTCTCTGTCACCACG-1,-0.07639881639314505,0.06778244632809649,G2M
CTTCTCTGTCCAGTTA-1,-0.03271187303592482,0.2524450938770485,G2M
CTTCTCTGTCTCAGGC-1,0.07923892346392958,0.13248654712792846,G2M
CTTCTCTGTTCCGCTT-1,0.09303781159036556,0.09564281793758872,G2M
CTTCTCTTCAACCTTT-1,0.015507370422795541,0.1016240755130956,G2M
CTTCTCTTCCTGCCAT-1,0.02112352650709548,0.03638356438483775,G2M
CTTCTCTTCTTAGCAG-1,0.010753046531398858,-0.11397618542073448,S
CTTGAGACAACTGCCG-1,-0.008099526016149605,-0.06180711648569143,G1
CTTGAGACACTAGTAC-1,0.27832652418343407,0.03354604729766858,S
CTTGAGACAGGACATG-1,-0.001187250472664103,-0.015716225127616168,G1
CTTGAGACAGGCACTC-1,0.010095197787529209,0.054844469592471135,G2M
CTTGAGACATCAGTCA-1,0.1955162248957789,-0.13274953211191604,S
CTTGAGACATCTCCCA-1,0.1617301236496873,0.022751988593875283,S
CTTGAGAGTTTAAGGA-1,-0.10426048990948922,0.2964060502628903,G2M
CTTGAGATCACTCGAA-1,0.04417826179703288,-0.033627679980952785,S
CTTGATTAGACCATTC-1,0.03650261669952626,0.003967131623351772,S
CTTGATTAGACGATAT-1,0.01161936433790589,-0.07430787812976858,S
CTTGATTAGACGCAGT-1,0.03228816001060553,-0.051944576326469316,S
CTTGATTAGTCGAGGT-1,-0.012143464267357795,-8.987389623701936e-05,G1
CTTGATTCAACTTCTT-1,0.1028707567627658,0.33789511989303467,G2M
CTTGATTCAATTGAAG-1,0.009016615272843698,0.11869101436298302,G2M
CTTGATTGTCCACGCA-1,-0.04645481224175846,0.14423734460679383,G2M
CTTGATTGTTAGAGTA-1,0.06408469445445764,0.15210623417460112,G2M
CTTGATTGTTGCTCGG-1,-0.05544478096772176,-0.005397783862153116,G1
CTTGATTTCAGCGTCG-1,0.014496746970242391,0.026038878338984883,G2M
CTTGATTTCATGTCTT-1,0.23472600232345375,0.003082470622293554,S
CTTGATTTCCCTCGTA-1,0.054861183651830125,-0.04378907738572074,S
CTTTCAAAGAGCCATG-1,-0.026253367200174016,0.01798154397845242,G2M
CTTTCAAAGAGGATCC-1,0.017411926828272306,-0.12465854425301687,S
CTTTCAAAGTCTCCTC-1,0.030822966349403846,-0.16629843537439903,S
CTTTCAAAGTGAGGTC-1,0.036832191663222325,0.2823715937222035,G2M
CTTTCAAAGTGATAGT-1,0.07892113778136062,0.08998378853467748,G2M
CTTTCAAAGTTAACGA-1,0.03908692743155506,-0.049161029137266915,S
CTTTCAAAGTTCCGTA-1,0.028255686093651644,-0.0333350846755166,S
CTTTCAACAACTGCTA-1,-0.0424516129010748,0.025993595664264735,G2M
CTTTCAACAATACCCA-1,0.04127126789846469,0.14086608070015022,G2M
CTTTCAACACGTTCGG-1,0.1616508570194316,0.10148105304896043,S
CTTTCAACACTACTTT-1,-0.003298394665087745,0.19125831917114794,G2M
CTTTCAACAGCCGTCA-1,-0.005222884060669175,-0.050470221216506406,G1
CTTTCAACATCTCCCA-1,0.04520354481263639,0.02269558594893878,S
CTTTCAAGTAACACCT-1,0.014545809595694681,-0.20073149579065028,S
CTTTCAAGTAGTGGCA-1,0.22018808929809275,-0.07229867716632227,S
CTTTCAAGTGCACATT-1,0.04245751696485134,-0.14747191272736956,S
CTTTCAAGTTAAACCC-1,0.15819034215500805,0.007284499746041173,S
CTTTCAAGTTACGATC-1,0.019492461591906984,0.20466892898385372,G2M
CTTTCAATCCGTCACT-1,-0.015448911683827782,0.15249296448478328,G2M
CTTTCAATCGACCAAT-1,0.04663765488703964,0.11883267563368083,G2M
CTTTCAATCTCAACCC-1,-0.050726723430246645,0.19556005646982683,G2M
CTTTCGGAGCACCAGA-1,0.1607190565054602,-0.025623915401414454,S
CTTTCGGAGCACTCAT-1,0.22768003130216763,-0.07741482414136297,S
CTTTCGGAGCCGATCC-1,0.010489498152634447,-0.15798642392385354,S
CTTTCGGAGCTTTCTT-1,-0.02368349459595598,0.15290798802744515,G2M
CTTTCGGCAAATCAGA-1,0.20319439180109844,-0.06926493214310259,S
CTTTCGGCAAGCACAG-1,0.15056821491234146,-0.002679978762949564,S
CTTTCGGCACAGCGCT-1,-0.013953663393198479,0.07024914494870355,G2M
CTTTCGGCATACTGAC-1,-0.016463450840635163,-0.16674483397241313,G1
CTTTCGGGTACGATTC-1,0.03336293640951349,0.4456403146974906,G2M
CTTTCGGGTACTCCCT-1,0.033282260074812164,0.09908071416596587,G2M
CTTTCGGGTGACAACG-1,0.055779750936396255,-0.1542695038593362,S
CTTTCGGTCATGCATG-1,0.2728307336928746,-0.06420452852829905,S
CTTTCGGTCTCGACCT-1,0.002567365003079136,-0.08303650011278704,S
CTTTCGGTCTGGGCGT-1,0.085212635706026,0.101497499080969,G2M
GAAACCTAGGGTTGCA-1,0.028435814976781992,-0.16889540784660692,S
GAAACCTAGTCACGCC-1,0.17022544320986233,0.03685739016394879,S
GAAACCTCAACCGTAT-1,0.045117685177035016,-0.057389679456573695,S
GAAACCTCAGCCTATA-1,0.1584098281648484,0.11044165898501296,S
GAAACCTCATGTAACC-1,0.025993668132045622,0.06549907585754228,G2M
GAAACCTGTATACAGA-1,-0.0022426099614829553,0.03739192870489738,G2M
GAAACCTGTGATCATC-1,0.022452652422298325,0.06410074269477417,G2M
GAAACCTTCAGTCTTT-1,0.051770417350969544,0.08474530810075509,G2M
GAAACCTTCCACACAA-1,0.03581219225749155,-0.058448287941907456,S
GAAACCTTCCTGGGAC-1,0.027968624766115835,-0.028414404788180303,S
GAAACCTTCGGACGTC-1,-0.011254309355587744,0.05749397121153221,G2M
GAAACCTTCGTGGCTG-1,0.04252442649867749,-0.1273211789491248,S
GAAATGAAGCACGATG-1,0.03148888046024528,0.177728671891265,G2M
GAAATGACAGAGCGTA-1,0.026919689855542106,-0.01896067286504624,S
GAAATGACATATCTGG-1,0.044960524051296635,-0.09293379514839853,S
GAAATGAGTAAGGCCA-1,0.06359869267761753,-0.04621584915620558,S
GAAATGAGTCAACGCC-1,-0.015381082904286747,-0.05838358798190041,G1
GAAATGAGTGTAACGG-1,0.07657652168338797,-0.13102356896610645,S
GAAATGAGTTAAGTCC-1,0.11049061126607157,-0.017842551429052445,S
GAACACTAGCCTGTGC-1,0.06382277893988775,0.012036423723107259,S
GAACACTAGGCATCGA-1,0.02613986815184316,0.016779858361031963,S
GAACACTCACCCTAAA-1,0.04307507504750269,-0.09265321161786996,S
GAACACTCAGAGGTAC-1,-0.03414905355853948,-0.042898487510396155,G1
GAACACTCATCCCACT-1,-0.02137374364682798,0.16399063118247192,G2M
GAACACTCATTGTCGA-1,0.0712031806100134,0.10845444366735374,G2M
GAACACTGTAGTGATA-1,0.004818995176053331,0.09458843612535195,G2M
GAACACTGTATCGTTG-1,0.2017897479288253,-0.007681562592043278,S
GAACACTTCCGTTGAA-1,0.014228692571177537,-0.018458083909548173,S
GAACACTTCCTTCACG-1,0.06973495501464727,0.09387729419379964,G2M
GAACACTTCGAGATGG-1,-0.0439365176654844,0.04320612401256918,G2M
GAACACTTCGTTAGTG-1,0.14477603928695298,0.20859638860689006,G2M
GAACACTTCGTTGTTT-1,0.04987006020839024,0.19259198691726892,G2M
GAACGTTAGCGTGAAC-1,-0.02387345170542582,0.016892251320387353,G2M
GAACGTTAGCTGTGCC-1,0.048575297938228124,0.09703984551556044,G2M
GAACGTTCAAATAGCA-1,0.030173714121450534,-0.11868707284223856,S
GAACGTTCAATGGCAG-1,0.014089594369165293,0.005097030186143492,S
GAACGTTCAATTGTGC-1,0.033067759622109005,0.04871959506777196,G2M
GAACGTTCACACCAGC-1,0.16943242256165048,-0.1277935035108213,S
GAACGTTCACTATGTG-1,-0.07360436460434105,0.052370225745930477,G2M
GAACGTTCACTCTAGA-1,0.2529949183880088,0.018627805214203375,S
GAACGTTCAGCAGTTT-1,0.08293425547453809,0.07258643825189642,S
GAACGTTCAGGCGAAT-1,0.12823335347313047,-0.06914568556522838,S
GAACGTTCATCAGTGT-1,0.11949740919341001,0.16500286321768626,G2M
GAACGTTGTATCCTTT-1,0.01634542150569085,0.14797457129390645,G2M
GAACGTTGTCCCGGTA-1,0.024783743027554928,0.03852067910191903,G2M
GAACGTTGTTCCGCGA-1,0.12325400756772864,-0.05498746678135319,S
GAACGTTTCCAATCCC-1,-0.023384192165788353,0.01065040952441243,G2M
GAACGTTTCTTTCTAG-1,0.1957203601427136,0.04699365727432114,S
GAACTGTAGGAATTAC-1,0.018958604058888273,-0.1702247858163144,S
GAACTGTCAAATGCGG-1,0.012899004137380321,0.174581465531913,G2M
GAACTGTCATAGGCGA-1,0.0780537254450599,0.034705352252715815,S
GAACTGTGTCGATTTG-1,0.07000957573021921,0.16058038515575968,G2M
GAACTGTGTCGGCCTA-1,0.10731109755623236,0.22116797086257317,G2M
GAACTGTGTGCCGTTG-1,0.22797945847185996,0.02965011638625198,S
GAACTGTTCAAATAGG-1,0.07441796452314497,-0.06413527263837387,S
GAACTGTTCAGCAGAG-1,-0.013325704711272812,0.036659874840050455,G2M
GAACTGTTCAGGGATG-1,0.04496415348696381,0.007380843706131901,S
GAACTGTTCGTCGACG-1,0.02988710987106752,-0.03204547655327594,S
GAACTGTTCTCCCATG-1,0.0641305682564352,0.02040370821987514,S
GAACTGTTCTTGAACG-1,0.18726226810418123,-0.0949274621479092,S
GAACTGTTCTTTCCAA-1,0.006489998541912345,-0.17348793098008294,S
GAAGAATAGCACGTCC-1,0.006118637397672044,-0.04529049496675214,S
GAAGAATAGGAGAATG-1,-0.002688217729710507,0.1440660530905309,G2M
GAAGAATAGTGCCCGT-1,0.0701148189353914,0.19743592863785164,G2M
GAAGAATCAAGTTCCA-1,-0.023019442052124472,0.11565896193356073,G2M
GAAGAATCAATGAACA-1,-0.016698993102030102,0.07211066694140283,G2M
GAAGAATCATCAGTGT-1,0.10546616717739654,-0.037008892036009405,S
GAAGAATCATTGTGCA-1,0.08854718767033559,0.12869175356127832,G2M
GAAGAATGTCAACACT-1,-0.004365454869149854,0.1356001348406966,G2M
GAAGAATGTCGAATGG-1,0.024256348299410035,-0.004672204718345008,S
GAAGAATGTTGGGAAC-1,0.018778678380467595,0.030260529910903944,G2M
GAAGAATTCACTGGGC-1,0.016150246810428648,0.11929395424664657,G2M
GAAGAATTCCTCACCA-1,0.09457076262820052,0.0821151024334289,S
GAAGAATTCTGTCGCT-1,0.1023962361957379,0.27162485211198023,G2M
GAAGCCCAGACATGCG-1,0.017440010959169583,-0.010037338967688936,S
GAAGCCCAGACTAAGT-1,-0.04936129917557591,0.1343185912976385,G2M
GAAGCCCAGAGCTGAC-1,0.06425408703378621,-0.08636600396553035,S
GAAGCCCAGAGCTTTC-1,-0.07759183916884332,0.019915284200934635,G2M
GAAGCCCAGGTAGCCA-1,0.09265810628344118,-0.19081222313595658,S
GAAGCCCAGTAATACG-1,0.07149977827011583,0.13162835947943935,G2M
GAAGCCCAGTCATCCA-1,0.03169689720866109,-0.008268004166023968,S
GAAGCCCAGTCTCCTC-1,0.1468758573111858,-0.12806332094009856,S
GAAGCCCCAACGACAG-1,0.09849288029231684,0.12016084688353876,G2M
GAAGCCCCAACGGCTC-1,0.04132485600653951,0.03700239794601512,S
GAAGCCCCAACTGCCG-1,0.13171860117154022,-0.14409294577481646,S
GAAGCCCCACAAACGG-1,0.16320326861387136,0.0004769782308179926,S
GAAGCCCCACTTGAAC-1,0.05620406138109879,-0.38656562056510135,S
GAAGCCCCAGTGAGCA-1,-0.01275550913400647,0.052598601953436075,G2M
GAAGCCCCATATAGCC-1,-0.01450705703276467,0.006656110196113452,G2M
GAAGCCCGTTAGGGTG-1,-0.01825254410457189,0.004216517873462833,G2M
GAAGCCCTCGGTGTAT-1,0.05277853324344367,-0.11775201068867194,S
GAAGCCCTCTACACTT-1,-0.032830849701453946,-0.027711693626268796,G1
GAAGCCCTCTGTAAGC-1,0.018308358349189535,0.07615077252306424,G2M
GAAGCGAAGAACTCCT-1,0.120771870865513,0.04775390916151176,S
GAAGCGAAGCCGTTGC-1,-0.025184308946488154,-0.05438224865515001,G1
GAAGCGAAGGTCGCCT-1,0.02669533695124615,-0.031491517982077,S
GAAGCGAAGTATTAGG-1,0.12777057213539267,-0.013719695285461408,S
GAAGCGAAGTTGCTGT-1,-0.05946509450551518,-0.1425322909114748,G1
GAAGCGACAAAGCTCT-1,0.09365402024428637,-0.05891394856514226,S
GAAGCGACAACGGCCT-1,0.14111073028976362,-0.11316390784074143,S
GAAGCGACAGACAAGC-1,-0.008359899695993878,0.0766283317300181,G2M
GAAGCGACATTGGGAG-1,0.16017089465836043,-0.04583659294964609,S
GAAGCGATCCCGATCT-1,0.17599105379197705,-0.09681960215663693,S
GAAGCGATCGTCAACA-1,-0.0022723492109600896,-0.17502593929371824,G1
GAAGGACAGTGCCTCG-1,0.12476850183670185,-0.007043547103061154,S
GAAGGACAGTGGTCAG-1,0.051666978557633414,-0.06318193548983503,S
GAAGGACCAACTACGT-1,0.09575667931589943,0.15037497179978782,G2M
GAAGGACCAATGTTGC-1,-0.00240508746277579,0.46580579682496936,G2M
GAAGGACCACAGACGA-1,0.1095456054022661,0.29971407434501685,G2M
GAAGGACCAGACCTAT-1,0.01873420878092885,-0.08605385912308613,S
GAAGGACCAGCTGAAG-1,0.01306897011613739,0.06785227421905243,G2M
GAAGGACCAGCTGGTC-1,0.11030510823631656,0.1397073748873452,G2M
GAAGGACCATACACCA-1,0.032659907937704236,-0.05473523491401461,S
GAAGGACGTAGGCAGT-1,-0.06757462871289471,0.07107110938126515,G2M
GAAGGACGTCTGTAGT-1,-0.006858305333364012,0.05998661750879075,G2M
GAAGGACTCAGCATTG-1,0.07228594313057296,0.04956641283100355,S
GAAGGACTCCGAAATC-1,0.04585482251812739,-0.017696601600211498,S
GAAGGACTCGGTTCAA-1,0.09082570943478674,0.18153552250929822,G2M
GAAGGACTCTCGTGAA-1,0.15517937277109273,0.2150619013112628,G2M
GAAGGGTAGACCTCCG-1,0.1320454035344618,0.2304375471062865,G2M
GAAGGGTAGCACTCCG-1,0.15704078679243572,-0.03930823137757,S
GAAGGGTAGTAGTGCG-1,-0.00849844880595041,-0.041268163054129975,G1
GAAGGGTCAACGATTC-1,0.01252249894536217,-0.05640623436172748,S
GAAGGGTCACCAAATC-1,0.07819029313459203,0.11423027749427217,G2M
GAAGGGTCACCGTCTT-1,0.02670874813361418,0.016211144038450476,S
GAAGGGTCAGGACAGT-1,-0.035143412586598366,-0.004621442757357291,G1
GAAGGGTCAGTTACCA-1,-0.12286549683287279,-0.0031542249840993963,G1
GAAGGGTCATCTATCT-1,0.028178566642036773,0.1384295910805997,G2M
GAAGGGTGTGCCTAAT-1,0.08065184071187537,0.05767319110744401,S
GAAGGGTGTGGAAGTC-1,-0.013782583175966923,0.12454817679909086,G2M
GAAGGGTGTGGGAGAG-1,0.016496439230361704,-0.00670846405083575,S
GAAGGGTGTGTTATCG-1,0.032648199503227726,0.014387258640263523,S
GAAGGGTTCAAGGACG-1,0.06773691241216079,0.1475945681180294,G2M
GAAGGGTTCCATCGTC-1,0.2708050761492705,0.008104789750911667,S
GAAGTAAAGATGACAT-1,0.19973153160367363,-0.022545745612493895,S
GAAGTAAAGCAAACAT-1,0.017843754574384807,0.01023635779133103,S
GAAGTAAAGGCCCAAA-1,-0.02879755914710408,-0.0008291366518918264,G1
GAAGTAAAGTCATACC-1,0.12716136761810837,0.15783482017972322,G2M
GAAGTAAAGTTATGGA-1,0.10223271105488752,-0.0939993970911745,S
GAAGTAACACAGCGCT-1,0.16378400698033124,0.013200149765599412,S
GAAGTAACAGCCGTCA-1,-0.05515967642475944,0.34912237567876314,G2M
GAAGTAAGTAGCTGCC-1,0.15368108417010962,-0.14493597635210131,S
GAAGTAAGTCTCTCCA-1,0.011123377897073572,-0.03923570259681225,S
GAAGTAAGTTGGTAGG-1,-0.05932133897801861,0.020076852624943242,G2M
GAAGTAATCACTGCTC-1,0.18774990274521586,-0.1010822041570352,S
GAAGTAATCATTTCCA-1,0.09901263589476955,0.2683721706254305,G2M
GAATAGAAGAGATTCA-1,-0.019604999349337626,-0.03431729816078871,G1
GAATAGAAGGAAGTGA-1,-0.01964678811664622,0.0930413251428816,G2M
GAATAGAAGGGTAGCT-1,0.0516268550096034,0.0730654252716249,G2M
GAATAGAAGTGCAACG-1,0.21485151875132752,0.0306460791157549,S
GAATAGACAAATCGGG-1,0.04167187368641645,-0.04024831975964832,S
GAATAGAGTGGACTAG-1,0.16953709852635673,0.1544344097579236,S
GAATAGAGTGTCATTG-1,0.06354638653710165,-0.028680206567279376,S
GAATAGATCAAGTGTC-1,0.004341440703992894,0.1809706835507583,G2M
GAATAGATCATTTGGG-1,0.1498516671067791,-0.08180180180717,S
GAATAGATCCATTGGA-1,0.13280394540608997,0.09630398929036224,S
GAATCACAGATCCTAC-1,-0.04553845487513347,0.16644516545138394,G2M
GAATCACAGCGTTAGG-1,0.17169456329191324,0.07324742507527454,S
GAATCACAGGAAAGTG-1,0.06512268127503157,0.0591029041986455,S
GAATCACAGTAACCGG-1,0.05483966242948074,0.06674666987797534,G2M
GAATCACCACAGCATT-1,0.03186688379941349,0.05177035710623551,G2M
GAATCACCACCTCAGG-1,0.023137421129933056,0.1600070037476624,G2M
GAATCACCAGCACACC-1,0.06557690444666092,-0.09622661062186133,S
GAATCACCATACGCAT-1,-0.013734081714137314,-0.07976964912502144,G1
GAATCACGTGTACGCC-1,-0.031184643797629863,0.25662152630935603,G2M
GAATCACGTGTCTTGA-1,-0.01147832610369881,0.11774218641829937,G2M
GAATCACTCTACACTT-1,-0.030479112651851936,0.03484453281668942,G2M
GAATCACTCTCGACCT-1,0.06838120109100371,0.025207730770064773,S
GAATCGTAGAGCCGAT-1,0.00021881529880085626,0.15253392908529279,G2M
GAATCGTAGCCAAGGT-1,0.05784619448605982,-0.12533731658116132,S
GAATCGTAGGCACTCC-1,0.043710966842940846,0.198912118832972,G2M
GAATCGTAGTAGACCG-1,0.0018071417346302576,-0.022911296802660297,S
GAATCGTCAGCAATTC-1,0.13658833187049813,-0.031609840648440524,S
GAATCGTCAGCAGATG-1,0.1615191278931266,-0.20399645337820677,S
GAATCGTGTCCATCTC-1,-0.02191048579162319,-0.0914361382906328,G1
GAATCGTGTGACTAAA-1,0.031457529204927503,0.0992294816226601,G2M
GAATCGTTCAAGCGTT-1,0.13858934580295607,0.09524646178087909,S
GAATCGTTCTCCGATC-1,-0.0005984316292438896,0.23300904642582976,G2M
GACACGCAGCCGTTAT-1,0.11553772124084616,0.09106337093087907,S
GACACGCAGGCCCGTT-1,0.09954200810160274,0.09274343631426463,S
GACACGCAGGGCAGGA-1,-0.006754054624503181,0.01382245724762765,G2M
GACACGCAGTATTAGG-1,0.0155965775778108,0.2910348444937087,G2M
GACACGCAGTATTGCC-1,0.0468935771149932,0.013723570032657284,S
GACACGCCAAGAGGCT-1,0.010200494534617355,-0.18963093318281035,S
GACACGCCAGCAGTAG-1,-0.02350524370373608,0.06850842417013192,G2M
GACACGCCAGCGCGTT-1,-0.017883698362822997,0.01039480084315958,G2M
GACACGCCATTGCCTC-1,0.15340712796555472,-0.16379666040825863,S
GACACGCGTAGCACAG-1,0.03128439259216542,0.03675810752003339,G2M
GACACGCGTCCACAGC-1,0.017458901852783093,0.016918895045742732,S
GACACGCGTGCGAGTA-1,0.03439828271853329,0.06802305048409024,G2M
GACACGCGTGTACAGG-1,0.0633724826818246,-0.05578726278132151,S
GACACGCGTGTCACAT-1,0.04868192222919915,0.09832980477722392,G2M
GACACGCGTGTCGCTG-1,-0.011517334797358059,0.11788629949649954,G2M
GACACGCGTTGCACGC-1,0.029884004481007698,-0.02106361213975977,S
GACACGCTCAGCGTCG-1,-0.02945757880215083,0.09371742567321023,G2M
GACACGCTCAGCTAGT-1,0.19776246347173415,0.09177712134874513,S
GACACGCTCCATAGGT-1,-0.0063392032379149255,-0.11242603551701097,G1
GACACGCTCCATTTCA-1,0.045037483698358916,0.0048410441495249645,S
GACACGCTCGTTGTGA-1,0.001806931755061414,0.09123838628303393,G2M
GACACGCTCTCCAATT-1,0.029234220159735647,-0.11020163947538708,S
GACACGCTCTTCCAGC-1,0.060562280700853066,0.17975576714792985,G2M
GACAGCCAGACTCATC-1,0.09433515093476585,0.05034025709855977,S
GACAGCCAGAGTCTGG-1,-0.004653546221609961,0.029026695096759925,G2M
GACAGCCAGATTAGAC-1,-0.025802904609057875,0.0547116633578964,G2M
GACAGCCAGGAGGCAG-1,0.013414966968474551,0.16691009909110222,G2M
GACAGCCAGGCTCCCA-1,-0.03156565611856149,0.025787796565059196,G2M
GACAGCCAGTCAGCCC-1,0.390172766501805,-0.043164426105874676,S
GACAGCCCAATCGCGC-1,-0.047597780100991804,0.07361846517450171,G2M
GACAGCCCACTGGACC-1,0.05657283806034569,0.21017085678931108,G2M
GACAGCCCATGTTCAG-1,0.13333229900260984,-0.034421182535416484,S
GACAGCCGTGCGCTCA-1,-0.02274270536332268,-0.10704623767303423,G1
GACAGCCTCACACCCT-1,-0.02328123734374221,-0.0673495747864869,G1
GACAGCCTCATCGCCT-1,0.012241139955044167,0.008828016491904123,S
GACAGCCTCCGTGTGG-1,0.019857997712392383,-0.02585484112478359,S
GACAGCCTCGCCGATG-1,0.014120479555244758,0.13618279323822768,G2M
GACATCAAGACTCGAG-1,0.07211005604824244,-0.11479674619003125,S
GACATCAAGGTCCAGA-1,0.04654523464223659,-0.02859146412029362,S
GACATCAAGTAACCTC-1,0.028145150573939293,-0.13773493931636685,S
GACATCAAGTCGTTAC-1,0.007327859518158619,0.13442859734166068,G2M
GACATCACAACCTATG-1,-0.05467239851084521,0.0865183457347154,G2M
GACATCACATCGATGT-1,0.05325654237013172,0.018115240506446417,S
GACATCACATTGAGCT-1,0.0560350553793299,0.18701691092542994,G2M
GACATCAGTATGGTAA-1,0.04104919011499503,-0.010704872158735584,S
GACATCAGTCAAACGG-1,0.018717772480315087,0.018054270180680954,S
GACATCAGTCGCGTTG-1,0.0015198399201303836,-0.07414368635346441,S
GACATCAGTCTCAAGT-1,0.1833606845859902,-0.03002095116838316,S
GACATCAGTGCAAGAC-1,0.14271540277687322,-0.061357218737836755,S
GACATCAGTGTCGCTG-1,0.1180946284484174,-0.036871146563589835,S
GACATCAGTTGACTGT-1,0.1004549589048912,-0.1438618708056268,S
GACATCATCCCTCTCC-1,0.00021761861234564917,0.12526932914963107,G2M
GACATCATCGACGATT-1,0.002220608709579741,-0.0007581191739761128,S
GACATCATCTGCGATA-1,0.08279525499473411,0.14780299609029957,G2M
GACATCATCTTAGGAC-1,0.12140650442592849,0.14182511873677955,G2M
GACCAATAGAAGCCAC-1,0.13647970677890003,0.037609005964402586,S
GACCAATAGACTCTAC-1,-0.0023599520793677886,-0.057588743942219744,G1
GACCAATAGCTCCCTT-1,-0.0036685218406186104,-0.02997603150736583,G1
GACCAATAGGTAGGCT-1,-0.02298525484083558,0.2461489613308087,G2M
GACCAATAGTCTCGTA-1,0.03869931947745364,-0.06829828229204488,S
GACCAATCACCGCTGA-1,-0.011672812432228397,0.022179542601461266,G2M
GACCAATCACTTCTCG-1,0.0327422557327664,0.08503311810219435,G2M
GACCAATCATTGACAC-1,0.14013769309790125,0.011228625275740867,S
GACCAATCATTGCTGA-1,0.03615176231435685,0.015099513762433903,S
GACCAATGTACCGGAA-1,0.028175718614498857,0.10956504667936023,G2M
GACCAATGTATGAGCG-1,0.02550693811945437,-0.058576095413025914,S
GACCAATGTTGAGAGC-1,-0.05860638482458813,0.06867424417238316,G2M
GACCAATTCCACACCT-1,-0.033901679642353966,0.3101193626756398,G2M
GACCAATTCCTGGGAC-1,-0.006733278677701848,0.02413000535704346,G2M
GACCAATTCGCACGAC-1,0.11631907365207805,-0.14077172498800777,S
GACCCAGAGACCAACG-1,-0.010524977144762748,0.19862820510664397,G2M
GACCCAGAGTAACGAT-1,0.058333234787192545,-0.04157920294084638,S
GACCCAGCACGAGAAC-1,0.0012165998598013816,-0.1549634856982811,S
GACCCAGCATAACGGG-1,-0.07065826207267845,0.007956444895216186,G2M
GACCCAGCATGGTGGA-1,0.04230966987418522,0.050858872939403665,G2M
GACCCAGGTACGCTTA-1,0.07074083122086056,-0.10668983228463938,S
GACCCAGGTCCAGTTA-1,0.04994899331028513,-0.0035701836648639185,S
GACCCAGGTCGTAATC-1,0.12374066872311684,-0.04057550475019167,S
GACCCAGGTCGTTGGC-1,0.029113919974179225,-0.11120214743253498,S
GACCCAGGTTGAATCC-1,0.04380688065669358,0.27108238787466166,G2M
GACCCAGGTTGGTACT-1,-0.0013248777090816288,-0.07397380491566186,G1
GACCCAGTCGTGCGAC-1,-0.06555386623073556,0.30758320096663216,G2M
GACCCTTAGGTACATA-1,-0.008100787207474314,0.030879808156156652,G2M
GACCCTTCAAAGACGC-1,0.02541488043225637,-0.09439236428210929,S
GACCCTTCAAGCGATG-1,-0.025325579127231046,0.17376497406295044,G2M
GACCCTTCACGTACAT-1,0.07754773701302009,-0.0969393827841093,S
GACCCTTCAGTCCGTG-1,0.03733024102808569,0.048581222509999356,G2M
GACCCTTGTAGACGGT-1,0.1286093726408709,0.0350308950765989,S
GACCCTTGTTCTTGTT-1,0.011896199364812343,-0.06849861817381364,S
GACCCTTTCAGCTAGT-1,0.025285703949637472,0.046775362299691536,G2M
GACCCTTTCATCACTT-1,-0.03472939508250178,-0.03783303994818776,G1
GACCCTTTCCCTCGTA-1,0.06968378323188396,0.21920645071577238,G2M
GACCGTGAGTATCCTG-1,-0.04254980516149376,0.04422599225845997,G2M
GACCGTGCAGAATGTA-1,0.08123512437232583,0.06266390383272474,S
GACCGTGCAGTCAGTT-1,0.12270110241602517,0.020270671716795363,S
GACCGTGGTAACATCC-1,0.030926144577557546,0.08575907543410977,G2M
GACCGTGGTGATGGCA-1,0.1589592521065873,0.1770869850599613,G2M
GACCGTGGTGGAAGTC-1,0.010749129923830147,0.021860264956128028,G2M
GACCGTGGTTCGGTAT-1,-0.01326552922303842,0.007233934127044206,G2M
GACCGTGTCATTTACC-1,0.002343701122471842,-0.06842032734471287,S
GACCGTGTCTCTGCTG-1,0.07367178114397782,-0.03573352506161431,S
GACCGTGTCTGTCAGA-1,-0.04671103689531114,-0.09213125416958096,G1
GACCTTCAGAAGCGGG-1,0.15694890857741128,-0.10391171649905598,S
GACCTTCAGCGCCTCA-1,-0.033664769968057395,-0.07352220354789266,G1
GACCTTCCAAACGTGG-1,0.04299925801120297,-0.07223005500826274,S
GACCTTCCAGCGGTCT-1,0.07378643861107559,0.06427309222480601,S
GACCTTCGTCCTCATC-1,0.09538031409657394,0.1525025518709805,G2M
GACCTTCGTGACTCGC-1,0.06143592841206458,0.18899350197008874,G2M
GACCTTCTCCTACCGT-1,0.041582778337104276,0.26873411817209236,G2M
GACGCTGAGCTGTGCC-1,0.08054266619974354,0.3208465239990961,G2M
GACGCTGCAACTCCCT-1,-0.07347531688510262,0.1816584615873021,G2M
GACGCTGCAGACAATA-1,-0.02282329612950207,-0.06047795171328396,G1
GACGCTGCAGCCTTCT-1,-0.09916710616969843,0.02085429609471484,G2M
GACGCTGCATTGTACG-1,0.11048003057872763,-0.15300155591966264,S
GACGCTGGTATGACAA-1,0.011452365665264586,0.0374282252020956,G2M
GACGCTGGTGCGTGCT-1,0.06633178079110041,0.338379750526729,G2M
GACGCTGGTTCGGCTG-1,-0.004805029071144884,-0.0821431819905532,G1
GACGTTAAGCTTGTGT-1,0.10404665721152345,0.14013396875927936,G2M
GACGTTAAGGAAGTGA-1,0.05019408836920691,0.0454258457824247,S
GACGTTAAGTTCATCG-1,0.009679421653219555,0.08403662830887093,G2M
GACGTTACAATCTAGC-1,-0.08917327185142948,-0.0025641943858575877,G1
GACGTTACAATTCTTC-1,0.021630605157655025,0.042664436815796736,G2M
GACGTTACAGATCATC-1,0.12567040933242712,0.09942874592005416,S
GACGTTACAGCAGTCC-1,0.04651604239076801,0.054796190990644034,G2M
GACGTTAGTCATAGTC-1,0.013211540084371476,0.0512511159688912,G2M
GACGTTAGTGGAACCA-1,0.08555522886920919,0.0038514395880631658,S
GACGTTAGTTACGGAG-1,0.0019240456628478175,0.11697020046014164,G2M
GACGTTAGTTGCGAAG-1,0.07612646808845586,0.18064981894645615,G2M
GACGTTATCATAAGGA-1,-0.0035855154471436945,0.011095112012608599,G2M
GACGTTATCATTGTTC-1,-0.0034292197377859823,-0.121918782191352,G1
GACGTTATCCCATACC-1,0.09129199218388673,-0.050384851126724695,S
GACGTTATCCTATGGA-1,0.04386871873638265,0.15982022329720108,G2M
GACTATGAGAATCGCG-1,0.051345411887854686,0.16491200178230314,G2M
GACTATGAGATGGCGT-1,0.0061032169153083515,0.18993809946349544,G2M
GACTATGAGGCTGGAT-1,-0.013914329629487132,-0.040048429610592656,G1
GACTATGCAAACGTGG-1,0.07902469178835925,0.28253824162393004,G2M
GACTATGCATGTGACT-1,-0.005119011635298154,0.028162267375341665,G2M
GACTATGGTCGACGCT-1,0.05493317683453969,-0.12728340643265934,S
GACTATGGTGACAGGT-1,-0.12161197021410797,-0.01662034779601046,G1
GACTATGTCACCATCC-1,0.03855478599084694,0.12138386043500343,G2M
GACTATGTCATTGTGG-1,-0.0831083815862495,0.002731445254269771,G2M
GACTATGTCGCTAAAC-1,0.07755078968235907,0.028667865705183204,S
GACTATGTCGTAGTGT-1,0.00411155039950073,0.35993078020911967,G2M
GACTATGTCTCATAGG-1,0.020971322114548774,0.3517974807128827,G2M
GACTCAAAGCGGACAT-1,0.0944254623507359,0.09452184954272802,G2M
GACTCAAAGGATGCGT-1,0.13736050976769315,0.05041917834398041,S
GACTCAAAGTAGAATC-1,0.04138625125680939,-0.1995019817725487,S
GACTCAAAGTCGTTAC-1,-0.026182479387032442,0.21768513856508276,G2M
GACTCAAAGTGTTCAC-1,0.08194242043045874,0.07923727753222448,S
GACTCAACACACCTTC-1,0.1680750684368827,0.39243398518153805,G2M
GACTCAACACCTTCGT-1,0.10103048383259344,0.009840258365807653,S
GACTCAAGTATCGCAT-1,0.025083094934722938,0.05627729331324005,G2M
GACTCAAGTATCTCGA-1,0.16399863369176992,-0.05375641573023271,S
GACTCAAGTCATGACT-1,0.03546511356282389,0.07040151225530111,G2M
GACTCAAGTGGGCTTC-1,-0.04562538929078802,0.08858151872424608,G2M
GACTCAAGTTTCGTAG-1,0.07030480683967477,0.02130051025586041,S
GACTCAATCATTACCT-1,0.07559342210142384,0.0874512177313104,G2M
GACTCAATCATTATCC-1,0.04033273452963432,0.06097988857033526,G2M
GACTCAATCTGGACCG-1,0.1731854610555208,0.2870767215319051,G2M
GACTCTCAGGGATCGT-1,-0.025088837736325753,-0.1181583407933667,G1
GACTCTCAGGTTCTTG-1,0.04557735447303335,0.05715801461324865,G2M
GACTCTCCAAGACCTT-1,0.12367900732353809,-0.06233457092372008,S
GACTCTCCAGATACCT-1,0.07070198922979204,0.11878176408760732,G2M
GACTCTCCAGCAGACA-1,0.13689271836014655,0.21436698692496714,G2M
GACTCTCCAGGTAGTG-1,-0.01567238225512535,0.07525295950779576,G2M
GACTCTCCATCCGAGC-1,0.05219917128197099,-0.006603915549269923,S
GACTCTCGTAGACAGC-1,0.03639840766631314,0.20910130859149972,G2M
GACTCTCGTCTGTAGT-1,0.060482075732098184,0.005300152514214562,S
GACTGATAGCCACTCG-1,-0.024693286465363673,0.18348953206605234,G2M
GACTGATAGGGTCAAC-1,-0.009137803621883156,-0.11940822056643591,G1
GACTGATAGGTACCTT-1,0.16200984829765985,0.1072326977646739,S
GACTGATAGGTGATAT-1,0.013283274221109309,0.07594114281197367,G2M
GACTGATAGTAGGTTA-1,-0.03317525984075709,0.07031366583839982,G2M
GACTGATAGTTTCGGT-1,0.05191332634957113,0.162377698475221,G2M
GACTGATCAAACGAGC-1,0.09376482696365679,0.12047830227410547,G2M
GACTGATCAAGAGATT-1,0.09123623973419498,0.220435970293196,G2M
GACTGATCACCTAAAC-1,-0.0328372014397002,-0.1009907556387436,G1
GACTGATCACTTTATC-1,-0.0164999306231447,0.1268488856615061,G2M
GACTGATCAGACCAAG-1,0.12667039564047822,-0.06307783481825763,S
GACTGATGTAACTAAG-1,0.14972237742242545,-0.04668859079813176,S
GACTGATGTCCCTGAG-1,-0.00937639957911085,0.13743500200481767,G2M
GACTGATGTGAGATTA-1,-0.038423300964764096,-0.07411977300313599,G1
GACTGATGTTCAGCGC-1,0.04171013862373851,0.018749262659643995,S
GACTGATGTTTCACAG-1,0.04908779795412649,-0.06401957869086367,S
GACTGATTCCCTGTTG-1,-0.08133455076569329,-0.09653969553717395,G1
GACTGATTCGGAGCAA-1,0.08530213541177012,0.04729849693634147,S
GACTGATTCGTCGACG-1,0.06782112292390596,0.19046141569952368,G2M
GACTTCCAGGGCAGTT-1,0.034071738785687145,-0.20166463775748267,S
GACTTCCCACTGCGTG-1,0.1426807077796386,0.24176478506981258,G2M
GACTTCCCACTTACAG-1,0.0862158597807755,-0.0071018612294967975,S
GACTTCCCAGCGGATA-1,0.10749117614116732,-0.18954588035220055,S
GACTTCCCATAGGCGA-1,-0.03681467093351365,-0.03800706748361593,G1
GACTTCCGTCAGTCCG-1,-0.007524655006048486,0.22626198165063033,G2M
GACTTCCGTCTCGCGA-1,0.022286315879208318,0.0547595955700127,G2M
GACTTCCTCCACGAAT-1,-0.018338527679032768,0.1222689312375119,G2M
GACTTCCTCCCTTCCC-1,0.00027449893234932077,0.03483640300607255,G2M
GACTTCCTCCTACCAC-1,-0.02513402598416381,-0.06628656583177617,G1
GACTTCCTCCTTGAAG-1,0.11176315286101879,-0.10542909322035257,S
GACTTCCTCGTTGCCT-1,0.04821551564388882,0.06923534541600257,G2M
GAGAAATAGAGCCTGA-1,0.014597395383931677,0.11621664616034644,G2M
GAGAAATAGCCACAAG-1,0.028755661735693216,0.013670550693936245,S
GAGAAATAGGTACAAT-1,-0.008984506136634096,0.06380113391525238,G2M
GAGAAATGTGCGTCGT-1,-0.021448501628959227,0.02771837884590772,G2M
GAGAAATGTTAGCGGA-1,0.07998125938014955,-0.00035399375296951696,S
GAGAAATTCACTGTCC-1,0.08851473059379239,-0.05157316482443772,S
GAGAAATTCAGATTGC-1,0.029308925749624126,-0.10838997778487403,S
GAGAAATTCCCTTTGG-1,0.19781708759945693,-0.0017309953423035873,S
GAGAAATTCCTCAGGG-1,0.09515257519987697,0.1718836363334751,G2M
GAGACCCAGGAACGCT-1,-0.04449424639360572,0.1756996257675022,G2M
GAGACCCAGTCTAGAA-1,0.06585155985772284,0.055456999483926184,S
GAGACCCAGTCTTCGA-1,0.050370516947539246,-0.04665849890523405,S
GAGACCCAGTTGTAGA-1,0.15600529016366604,0.06204264727073977,S
GAGACCCCAGTGTACT-1,0.21762891152732772,0.028976065356650982,S
GAGACCCCATGAGTAA-1,-0.0004848399911735468,0.09477999423092331,G2M
GAGACCCGTATGTGTC-1,0.08002604961528703,0.05069751165218589,S
GAGACCCGTCACAGTT-1,0.07109433617722327,-0.0044357539079140085,S
GAGACCCGTCTAACGT-1,0.0900862854350779,0.009448250107798983,S
GAGACCCGTGCTGCAC-1,0.03023765692399749,0.12280891954866069,G2M
GAGACCCGTTGTAAAG-1,0.09955947471455895,0.011248677017687142,S
GAGACCCGTTTAAGGA-1,0.17284488540428344,0.05085662644899719,S
GAGACCCTCCACTGAA-1,-0.02060447795356235,0.04069144475745734,G2M
GAGACTTAGGCGTTGA-1,0.1631289737857361,0.11610228244061882,S
GAGACTTAGGGACACT-1,-0.04144438517208365,0.09137192039555131,G2M
GAGACTTAGTACAGAT-1,0.029958343858973224,-0.024691554153070783,S
GAGACTTGTATGCTTG-1,0.061155869619834935,0.02264724082030145,S
GAGACTTTCACAATGC-1,0.02025552541501907,-0.1694445050875747,S
GAGACTTTCATGTCTT-1,0.18720921849474637,-0.09411009522066677,S
GAGACTTTCCCAAGTA-1,0.0098712782689096,0.030200565506286914,G2M
GAGACTTTCGATCCAA-1,-0.015464402419426038,0.01597143714623256,G2M
GAGACTTTCGGCTGGT-1,0.18476075928806535,-0.057763781809243187,S
GAGACTTTCTCGCTTG-1,-0.04739361578375312,0.08741432566957508,G2M
GAGAGGTAGGAGCTGT-1,-0.04545759426426782,0.09357309111655637,G2M
GAGAGGTAGGAGGCAG-1,0.02407151741778568,0.01198453611121797,S
GAGAGGTAGTGTACAA-1,0.10944529482821147,0.04231643417682612,S
GAGAGGTCACTGTCGG-1,0.009064166940503493,-0.17359920519720878,S
GAGAGGTCAGCGGTCT-1,-0.0725169813425357,0.06628096999251082,G2M
GAGAGGTCATCTCCCA-1,-0.04526499196243211,-0.08860370802164563,G1
GAGAGGTGTAGGACTG-1,-0.03630378045987109,-0.009307957617741003,G1
GAGAGGTGTCCACGCA-1,0.04599867584995182,0.24895716927144917,G2M
GAGAGGTGTCCTCCAT-1,0.16173306607359372,-0.09594298184741101,S
GAGAGGTGTCCTTAAG-1,-0.032423348667326324,0.1994899753950411,G2M
GAGAGGTGTGGAAATT-1,-0.02852413885442473,-0.0012076857373668481,G1
GAGAGGTGTTCTGAGT-1,-0.058126227739124015,-0.08748974508187632,G1
GAGAGGTTCGCTTACC-1,0.07186267260619472,-0.06080732820243834,S
GAGAGGTTCTGTGCAA-1,-0.04157347070735312,0.2139325343769498,G2M
GAGAGGTTCTTAGCTT-1,0.07092844098540135,-0.061795404127693465,S
GAGATGGAGAAACTCA-1,0.03222705226071493,0.020457330833704712,S
GAGATGGAGAAATTGC-1,0.09197171448383268,0.001141635471249125,S
GAGATGGAGACTGTTC-1,0.03963453234418651,0.038024708407457475,S
GAGATGGAGACTTGTC-1,0.3088200642875616,0.18153504062942627,S
GAGATGGGTAAGCGGT-1,0.07306533124329695,0.09256800816895788,G2M
GAGATGGTCAGTCAGT-1,0.04538696451166402,-0.01706339007480917,S
GAGATGGTCTATTCGT-1,0.07612954058965471,0.13782234293057227,G2M
GAGCCTGAGATCGACG-1,0.01271136764294134,0.08097111098165904,G2M
GAGCCTGAGATGGCAC-1,0.039511469781733644,-0.13843684882558813,S
GAGCCTGAGCCTTCTC-1,0.04561861701856773,0.2466257599978393,G2M
GAGCCTGCAATAGAGT-1,-0.09426835690202046,-0.07356514882456922,G1
GAGCCTGCACGACTAT-1,-0.03120377287886139,0.028355970777780126,G2M
GAGCCTGGTACTCGAT-1,-0.02968205673338986,0.13485424679196412,G2M
GAGCCTGGTCGAAACG-1,0.09182886535034873,0.1161225665175033,G2M
GAGCCTGGTCTCTCAC-1,0.2937874792261308,0.005704505088655387,S
GAGCCTGGTTGCGAAG-1,-0.0720968491381378,0.06775078564233622,G2M
GAGCTGCAGAGTCAAT-1,-0.04940908689574658,-0.0842399820311906,G1
GAGCTGCAGCTGACAG-1,0.0015785923595000306,0.0057920641479808355,G2M
GAGCTGCAGTCAGCCC-1,0.007721717135964146,0.05008515160919824,G2M
GAGCTGCCAAGACTGG-1,-0.014899834286390856,0.10018301304675664,G2M
GAGCTGCCAATGTGGG-1,-0.002255998437808493,0.13011343288474064,G2M
GAGCTGCCAGAGGAAA-1,0.027876408875695535,0.20453177602258488,G2M
GAGCTGCCAGAGTTCT-1,0.06955289020529709,0.033472634700371595,S
GAGCTGCCAGCGTAGA-1,0.019108035111584876,0.0012049246125810376,S
GAGCTGCCATTCTGTT-1,0.1537818152370785,-0.041992235213015955,S
GAGCTGCGTCAACACT-1,0.1153539897751259,0.1980988902927837,G2M
GAGCTGCGTGATTCTG-1,0.14852302832446712,-0.11059500562670865,S
GAGCTGCGTTCGTTCC-1,0.02298423015367912,-0.11082737671211301,S
GAGCTGCTCAAATGAG-1,0.09557509654803087,0.1805818327717491,G2M
GAGCTGCTCATAGACC-1,-0.016340848763294447,0.23797852432992672,G2M
GAGCTGCTCATGCGGC-1,0.007556949814454039,0.13283126019038988,G2M
GAGCTGCTCCGATAAC-1,-0.029832109061185275,-0.1799051862867,G1
GAGGCAAAGCCAGACA-1,-0.059193166118903795,-0.062481160359882104,G1
GAGGCAAAGGTCTTTG-1,-0.0024696526900945814,-0.00011712928580256965,G1
GAGGCAAAGTAGTCTC-1,-0.02385055153238458,-0.04930263495353493,G1
GAGGCAAAGTGCACCC-1,0.02907129502503286,0.15677564390333065,G2M
GAGGCAAAGTGGATAT-1,0.053260806753794854,-0.04122352791319828,S
GAGGCAACACATGTTG-1,-0.039434609047612534,0.148798137366365,G2M
GAGGCAAGTCCACAGC-1,-0.01235145141169286,0.038198991440380414,G2M
GAGGCCTAGGAACGAA-1,0.09621342959204954,0.17100981374340696,G2M
GAGGCCTAGTATGGAT-1,-0.06693821229701269,-0.01431012908490431,G1
GAGGCCTAGTTGGCGA-1,0.08018042257860514,0.04614435812583512,S
GAGGCCTCAGTTACCA-1,0.06998752409800091,-0.13520758119854973,S
GAGGCCTCATCACAGT-1,0.03203708513266579,-0.027786810105639825,S
GAGGCCTCATCGATGT-1,0.22869398613765235,0.02997190610491396,S
GAGGCCTTCGGCGATC-1,0.04231409907169065,0.10997239801839825,G2M
GAGGCCTTCGTGGGAA-1,0.2055642882237826,0.06101811755262926,S
GAGGCCTTCTGCATAG-1,0.11849785647633404,-0.045247103726045346,S
GAGGCCTTCTGCGGGT-1,-0.013754768150680663,-0.08471175221822258,G1
GAGGGATAGGCTTCCG-1,-0.03905985895466901,0.15984748220278716,G2M
GAGGGATCACAGTCGC-1,-0.016440578875643264,-0.12752513728819237,G1
GAGGGATCACCCAACG-1,0.05979930429395186,0.029711841669486982,S
GAGGGATCAGCAGATG-1,0.0002703255986847841,-0.022143295143497305,S
GAGGGATCAGCTGCCA-1,0.0811521631445774,0.0211862066169054,S
GAGGGATCATGACGAG-1,0.0636652349319673,0.058761856001625756,S
GAGGGATGTGGCTGAA-1,-0.03186351423091305,0.0033348319809687332,G2M
GAGGGATGTTAGGCCC-1,0.17992439563186158,-0.10823894335078504,S
GAGGGATTCTTACACT-1,0.2060695296147051,0.2699381541875798,G2M
GAGGGTAAGCGTCTGC-1,0.07060828755120685,0.11969190778701766,G2M
GAGGGTACAGAGCCCT-1,-0.03554281396886172,-0.031346132952593087,G1
GAGGGTAGTTGGGACA-1,0.004796158974105014,-0.026538341644722352,S
GAGGGTATCCTCACCA-1,0.1328998818848255,0.35640173747011267,G2M
GAGGGTATCTGAACGT-1,-0.04582238543768313,0.058853568036406456,G2M
GAGTCATAGACGATAT-1,0.04415702700750945,0.12664137993526314,G2M
GAGTCATAGACTAGAT-1,0.10336147696200026,0.025220605666337992,S
GAGTCATGTAACAGGC-1,-0.001158602386081009,0.06431060908956526,G2M
GAGTCATGTGCTCTTC-1,0.11743296242051776,-0.08031075267780025,S
GAGTCATGTGTTCCTC-1,0.0093729932210731,0.19841889843765398,G2M
GAGTCATGTTGGGACA-1,0.054342842188276286,0.2301988181304216,G2M
GAGTCATTCGCCAGTG-1,-0.025340206376256946,0.03318425072399528,G2M
GAGTCATTCGTCCTCA-1,0.06393677608406312,0.10294395250126925,G2M
GAGTCTAAGAGTCTTC-1,0.020437847381592378,0.03013067981688755,G2M
GAGTCTAAGCACTAGG-1,-0.02067723681851641,-0.09106667691548415,G1
GAGTCTACAAGCACAG-1,-0.014619978986289306,-0.014008933870732487,G1
GAGTCTACAAGCTGTT-1,-0.0803156899879292,0.20861389474994307,G2M
GAGTCTACACCGTACG-1,0.012519018474473176,0.026218432534431457,G2M
GAGTCTACATCCTTGC-1,0.016215318715079863,0.03985623751099626,G2M
GAGTCTAGTACAAGCG-1,-0.009371490680529615,-0.08124301854637539,G1
GAGTCTAGTCACTCGG-1,-0.044002146094006434,0.2048904433379502,G2M
GAGTCTAGTCAGACTT-1,0.002874728735303256,-0.05223689685798216,S
GAGTCTAGTGGAACAC-1,0.07852410279575095,0.0005502441730463881,S
GAGTCTATCTCCGCAT-1,0.04523145928464073,0.07645903345815369,G2M
GAGTGAGAGAGGCTGT-1,-0.04251623199878746,-0.13307185311979164,G1
GAGTGAGAGGGTGAGG-1,0.07061403213890871,-0.05272171199022957,S
GAGTGAGAGTCACTAC-1,-0.03340905539979666,0.2806638432853701,G2M
GAGTGAGAGTGGGAAA-1,0.04356305011493633,0.045746225021676634,G2M
GAGTGAGCACCTGCAG-1,0.2718111438581644,-0.0461890073000068,S
GAGTGAGCAGAGGCTA-1,0.0808743026503792,0.10655160790862844,G2M
GAGTGAGCATGGAATA-1,0.049532242458536435,0.002522254768170029,S
GAGTGAGGTACCCGAC-1,0.011745181516962189,0.1393228082868747,G2M
GAGTGAGGTATCTTCT-1,0.10488863237486212,0.007496186946011396,S
GAGTGAGGTTAGTTCG-1,0.17415062586124308,0.06741374163758551,S
GAGTGAGTCACTCACC-1,-0.02479627343719526,0.07221413738171406,G2M
GAGTGAGTCATACGAC-1,0.053735661916737065,-0.0011680233290022324,S
GAGTGAGTCCCTAGGG-1,0.0980383354585948,0.12379885177856575,G2M
GAGTGAGTCCGTGCGA-1,0.184875676417031,0.11856219144044988,S
GAGTGAGTCGCTGATA-1,-0.10525704271900688,-0.21302651116064675,G1
GAGTGAGTCGTGCGAC-1,-0.013653818481595081,0.01020233134804549,G2M
GAGTGTTAGAGCAGAA-1,-0.04386978399057351,0.07445760512081345,G2M
GAGTGTTAGGTAGTCG-1,-0.04458278246804381,0.006938912983310175,G2M
GAGTGTTCACAATTCG-1,0.03045764731182421,0.24738102336121248,G2M
GAGTGTTCAGACCTGC-1,0.012036026418472123,0.18655640574446286,G2M
GAGTGTTGTATCTCGA-1,-0.11271387888197415,-0.019469504175802677,G1
GAGTGTTGTTAGAGTA-1,-0.039243054878051464,-0.04766981569562001,G1
GAGTGTTTCTCTAAGG-1,0.012227753490646476,0.07741594565939819,G2M
GAGTGTTTCTTCACAT-1,-0.027308153535922808,0.42189712076584074,G2M
GAGTTACAGTCATAGA-1,-0.01712941553709041,0.010636026502052698,G2M
GAGTTACCAAGAGTTA-1,0.01319115642243518,-0.05512598480676634,S
GAGTTACCAATACCCA-1,0.04388246492526249,0.023155485171518553,S
GAGTTACCAATGCTCA-1,0.004751952115915503,0.09387708607005574,G2M
GAGTTACCAATTGCTG-1,-0.0010421687973160565,0.06850780787957883,G2M
GAGTTACCAGGCGTTC-1,0.19704925423455988,0.022132690856297987,S
GAGTTACCAGTCAGTT-1,0.28846300414305903,-0.08551142523457667,S
GAGTTACCAGTCGGAA-1,-0.018027234261709157,0.20577009203578878,G2M
GAGTTACGTCCAGAAG-1,0.08264337641131497,0.01627661126199914,S
GAGTTACGTCCCGGTA-1,0.21606078386137395,0.09346981778929309,S
GAGTTACGTTCCTAGA-1,0.09894432532010528,0.1043512831606781,G2M
GAGTTACTCAGTAGGG-1,0.07924495263676862,0.06039523446102285,S
GAGTTACTCCCGGTAG-1,0.04325829248619478,0.051304454463584837,G2M
GAGTTACTCCTCTCGA-1,-0.028118879436366262,0.13357088608311662,G2M
GAGTTGTAGAGAGCAA-1,0.06452084328774998,-0.02642380434461078,S
GAGTTGTAGGCTGAAC-1,0.006297953174545012,0.021030186997676392,G2M
GAGTTGTAGGTCCCGT-1,-0.02388793840692255,0.047551679840981076,G2M
GAGTTGTAGTACGAGC-1,-0.044111531571141116,-0.016681757655189533,G1
GAGTTGTAGTCCCAGC-1,-0.005095609506795884,-0.02650981709509992,G1
GAGTTGTCAACAAGTA-1,0.15900829239553482,0.0817904200476326,S
GAGTTGTCACAATGCT-1,-0.03428092171316288,0.11457587936972319,G2M
GAGTTGTCATAAGATG-1,0.05532084432528056,0.21370375398129005,G2M
GAGTTGTGTCCAACGC-1,0.11944879880005982,-0.04431781244171548,S
GAGTTGTGTCTGTTAG-1,0.10877615288713144,-0.05609198400896476,S
GAGTTGTTCAGTCACA-1,-0.027806751869662694,0.08362525584514907,G2M
GAGTTGTTCCCTGGTT-1,-0.05457021306642118,0.0797841295473195,G2M
GAGTTTGAGACTACCT-1,-0.024944967754772118,0.2390519011965591,G2M
GAGTTTGAGCCGTCGT-1,0.07956364713587566,-0.08075528718348729,S
GAGTTTGAGCGCCTTG-1,0.019886158501845552,0.12327844668420107,G2M
GAGTTTGAGGAAGTCC-1,0.014667561325583334,-0.06873537339760455,S
GAGTTTGAGTACTCGT-1,0.005184310600374831,0.027810064973168402,G2M
GAGTTTGAGTGATGGC-1,0.01336211112000657,-0.0034231462445019623,S
GAGTTTGCAAATTAGG-1,0.08154658126904962,0.10024589907941434,G2M
GAGTTTGCAGATTAAG-1,0.056735833571462335,-0.030838797431008924,S
GAGTTTGCAGCACGAA-1,0.08518378860282794,0.020208860722848332,S
GAGTTTGCATACAGAA-1,0.08904684436022808,0.11751942002161453,G2M
GAGTTTGGTCCAACGC-1,0.0953952635004095,-0.08361089910041669,S
GAGTTTGGTCGTTGGC-1,-0.05629922441729679,-0.11555278724163856,G1
GAGTTTGTCAGACTGT-1,0.034814216973945655,-0.06256689963182382,S
GAGTTTGTCCCATGGG-1,0.033178309348495305,0.2661816064122693,G2M
GAGTTTGTCCTCAGAA-1,-0.007166180054194449,0.11415962367774729,G2M
GAGTTTGTCCTCTCGA-1,0.11221166848084196,-0.0807294624441866,S
GAGTTTGTCGGACCAC-1,0.015356517183488905,0.02174159185971436,G2M
GATAGAACAATTGCAC-1,-0.05903694394756087,-0.04495434578923663,G1
GATAGAAGTAGTCTTG-1,0.08863956188715733,0.09316857378262533,G2M
GATAGAAGTATGTGTC-1,0.018725647904876797,-0.07230154580731607,S
GATAGAATCCTAAACG-1,0.30166361547657367,0.02900879984743049,S
GATAGAATCTCCCATG-1,0.03854305571258265,0.2445195448097492,G2M
GATAGCTAGACTCCGC-1,0.09949557124725383,-0.02649433260219053,S
GATAGCTAGACTGAGC-1,-0.012230636295793795,-0.0044358665439414025,G1
GATAGCTAGCAGGCTA-1,0.04885579270289819,0.045223670836843755,S
GATAGCTAGTACGAGC-1,-0.05989581413105621,0.12862344338835985,G2M
GATAGCTAGTATTCCG-1,0.15524168155977214,0.0492229668930082,S
GATAGCTAGTCCCTAA-1,0.2335290482818555,-0.018859913430806563,S
GATAGCTCAAGACTGG-1,0.08316025253446013,0.051702467066933044,S
GATAGCTCAAGTGCAG-1,0.029889827862372598,-0.011122404998920477,S
GATAGCTCACGCGCTA-1,-0.006223953976619956,0.19912648042922054,G2M
GATAGCTCAGGACATG-1,0.040308980560122054,0.022998014021797242,S
GATAGCTGTAAGCGGT-1,0.01874219211051731,0.03479920381685614,G2M
GATAGCTGTACAAGTA-1,0.01312918161377391,-0.10906762914243384,S
GATAGCTGTATTCCGA-1,0.07015809357298453,0.09464447458457875,G2M
GATAGCTGTTACGATC-1,0.10861265349074534,0.1347044866763043,G2M
GATAGCTGTTCCGCTT-1,0.006665934197928769,-0.18857070654153568,S
GATAGCTTCAGCGTCG-1,0.0694640347270527,-0.016367992266527298,S
GATAGCTTCAGCTTGA-1,0.11983719111859259,0.14011301614500982,G2M
GATAGCTTCCAGTTCC-1,-0.017888540621427695,-0.107060008938657,G1
GATAGCTTCGCAAGAG-1,0.34500358287062427,-0.01649914137593317,S
GATAGCTTCTAAGGAA-1,0.09881550724805649,-0.0040986282019483955,S
GATCACAAGAAGAACG-1,0.11366530571076683,-0.01053590275816374,S
GATCACAAGCCTCAGC-1,-0.0037565879862015983,-0.05400993316572422,G1
GATCACAAGTGCAGCA-1,-0.1168687673563839,0.08608015574935818,G2M
GATCACACAAACACGG-1,0.21760286461705702,-0.027455745063027448,S
GATCACACAAGTGATA-1,0.007324099799900119,0.1105005175703182,G2M
GATCACACACCCTGTT-1,0.08436323234093801,-0.14117667241761306,S
GATCACACACCGCTGA-1,0.13134205771183377,-0.0709873291496271,S
GATCACACAGACGCTC-1,0.19008495910656353,0.1462545197815256,S
GATCACACATTCCTCG-1,0.001997064600267384,0.07283913141188125,G2M
GATCACAGTAATGATG-1,0.10458797612257076,0.11770208419894057,G2M
GATCACAGTGATTAGA-1,-0.022878738619130368,0.0016627063580354484,G2M
GATCACAGTGGAATGC-1,0.11688727093336232,0.08185279462266631,S
GATCACATCCGCAACG-1,0.06525235601773394,0.0008243522423212468,S
GATCAGTAGCACGTCC-1,0.028181737809818364,-0.0035955328469612358,S
GATCAGTAGCGCCCAT-1,0.2137345919308205,-0.02734425902108334,S
GATCAGTAGCGGTAGT-1,0.11563026971525281,0.18851725790903984,G2M
GATCAGTAGTCTGCGC-1,-0.1241378913928502,0.032564299129960894,G2M
GATCAGTCAATGTCTG-1,-0.06030121327544885,0.1810229976189321,G2M
GATCAGTGTAACGGTG-1,-0.05126767604725152,0.09755582427929171,G2M
GATCAGTGTGCAACAG-1,0.016440087842075957,0.05101527022242114,G2M
GATCAGTGTGCACGCT-1,-0.02571916759836612,-0.020190907520864054,G1
GATCAGTGTTCGAGCC-1,0.09905821197248954,0.11199280389171573,G2M
GATCAGTTCACCTCGT-1,0.04550433093692158,0.007704627902883787,S
GATCAGTTCATAGGCT-1,0.09132110736620191,-0.17289035364463556,S
GATCATGAGCTTGTGT-1,-0.04215249758019446,0.06820842138041011,G2M
GATCATGCATACAGGG-1,0.10256508941417175,0.2437921594183209,G2M
GATCATGCATGTACGT-1,-0.043975099501967874,0.056683768052833705,G2M
GATCATGGTAGAGACC-1,-0.04368941076086236,0.028249143154669476,G2M
GATCATGGTCAACCAT-1,-0.016513457511892204,-0.042063096505596864,G1
GATCATGGTGGATCAG-1,0.059297652592857186,0.04910323729409749,S
GATCATGGTTGTGGCC-1,0.0532837360381998,0.3147575049269096,G2M
GATCATGTCTCAGTCC-1,0.011071923376861914,0.011704373454520245,G2M
GATCCCTAGCTGAAGC-1,0.058292736568930914,-0.03956741949113313,S
GATCCCTAGGGTACAC-1,0.07168559204006958,0.051372357672543334,S
GATCCCTAGGTAGTAT-1,-0.016264772147246198,-0.18760155044634128,G1
GATCCCTCAGCTAACT-1,0.05846199697691962,-0.08088965564151773,S
GATCCCTGTACCGTCG-1,0.03627804383814198,-0.18901213461220612,S
GATCCCTGTGTCTTCC-1,-0.015120155164156768,0.08479295277024168,G2M
GATCCCTGTTTCCAAG-1,0.020435723442770892,0.033696286733290615,G2M
GATCCCTTCCCTCTAG-1,0.021379066715121853,-0.06782038338815621,S
GATCCCTTCGCATAGT-1,0.09959080831418371,-0.01999364545839477,S
GATCGTAAGCTTCTAG-1,-0.09488181724200978,-0.0196041146224068,G1
GATCGTAAGGGACACT-1,0.0581457587542622,0.11420611330363412,G2M
GATCGTAAGGTGGCTA-1,0.12782065883210525,-0.16373363083560324,S
GATCGTAAGGTTAGTA-1,-0.057463276787363404,0.07016283478605334,G2M
GATCGTAAGTATTCCG-1,0.02401965000071371,0.1112468239329718,G2M
GATCGTAAGTCACTGT-1,-0.012460268252330042,0.09267507571420902,G2M
GATCGTAAGTCCGCCA-1,-0.03911099267504281,0.08419718997898942,G2M
GATCGTACACGGGTAA-1,0.18091727305985011,-0.03714839295880462,S
GATCGTACAGACATCT-1,0.015627218129891318,0.07092411029786438,G2M
GATCGTACAGGCACTC-1,0.1517206041368373,-0.011981777453815068,S
GATCGTAGTGACACGA-1,-0.024376326083798194,-0.11149760851063234,G1
GATCGTAGTTCTTGCC-1,0.008488957598050628,0.0684645149949212,G2M
GATCGTAGTTGCATCA-1,0.014774014520570256,0.14512453115925955,G2M
GATCGTAGTTGCATGT-1,-0.022240235218203064,0.0074721189833046875,G2M
GATCGTAGTTTCGGCG-1,0.0490072514092994,0.06441877372576138,G2M
GATCGTATCATTTGGG-1,0.004850677290848204,-0.07746076437361449,S
GATCGTATCGCTGACG-1,-0.01569972024821975,-0.1873774983735555,G1
GATCGTATCGGAGCAA-1,-0.04965329424284265,-0.024628771472912536,G1
GATCGTATCGGTCATA-1,0.1869062892977954,-0.09115955987764185,S
GATCGTATCTCAACGA-1,0.08655491457882014,0.060825875827795084,S
GATCGTATCTCCCATG-1,0.14647796857016493,0.1263583875296939,S
GATCGTATCTCCGATC-1,0.0280976867741477,0.3236471117978911,G2M
GATGACTAGACCCGCT-1,0.0575947972480117,-0.1052836200436161,S
GATGACTAGCGTTCAT-1,-0.05766472155302638,0.10410384450838267,G2M
GATGACTAGGTACAAT-1,0.10572837306652849,-0.03908746522648254,S
GATGACTCACACTGGC-1,-0.015583838174035858,0.0633682566986622,G2M
GATGACTCACAGCGCT-1,0.22674973554596634,-0.1218622652140623,S
GATGACTCACGTACTA-1,-0.07726525048086819,-0.04376422966834681,G1
GATGACTGTCGGAACA-1,-0.06102988276135596,-0.05759404883078287,G1
GATGACTGTTTAAGGA-1,0.009625998030508953,0.05722148193046511,G2M
GATGAGGAGATAGGGA-1,0.08756972136308722,-0.048365807125374916,S
GATGAGGAGCCAGAGT-1,0.011078104676079947,0.012106261977071209,G2M
GATGAGGAGGCACGAT-1,0.0069156637941729104,0.2180584230574409,G2M
GATGAGGAGGCACTAG-1,0.07234866481611263,0.09800492123804017,G2M
GATGAGGCAGGACAGT-1,-0.0019455195638337086,0.22033331732766748,G2M
GATGAGGCATCATGAC-1,0.13781144844662696,0.025572360855368514,S
GATGAGGGTCTAGTGT-1,0.02588067243520742,0.02449579267574925,S
GATGAGGGTGGGACAT-1,-0.008879618878447015,0.015957537422489843,G2M
GATGAGGGTTGTAAAG-1,0.012527827597782315,0.0038406213170856796,S
GATGAGGTCAGGGTAG-1,0.017069004448002245,-0.09619138610998743,S
GATGATCCAAGGCAAC-1,0.08686601745836708,0.0011286629591416575,S
GATGATCCAATAGTCC-1,0.015081598374121652,0.30683969221518836,G2M
GATGATCCACTGCTTC-1,-0.04820526203852471,0.1704222554319454,G2M
GATGATCCAGGCGAAT-1,0.24697058665786537,0.0075975641820760775,S
GATGATCGTAGGCAAC-1,0.0207570070466232,0.13170390142814176,G2M
GATGATCGTGTACGCC-1,0.02878892415820078,0.14058120247386358,G2M
GATGATCTCACCGCTT-1,0.14604438404152809,0.09425155027984228,S
GATGATCTCACCGGGT-1,0.17898828540426143,0.02971431466563973,S
GATGATCTCCCTATTA-1,0.09266411151844511,0.1655404854012023,G2M
GATGATCTCGATACGT-1,0.12016010204357308,0.04357383573569179,S
GATGATCTCGTCGCTT-1,0.0012365245968959937,0.27883764687471496,G2M
GATGCTAAGACGATAT-1,-0.004687396496578677,0.07712923487702161,G2M
GATGCTAAGCGTCAGA-1,0.02478023767445653,-0.050468000016774206,S
GATGCTAAGCTGTCCG-1,0.08608979386174503,0.04228826779866757,S
GATGCTAAGGCTGGAT-1,0.061876187901310775,0.10473153390758255,G2M
GATGCTAAGTGCCTCG-1,0.026407356665413773,0.03782911770387193,G2M
GATGCTACATCCGGTG-1,0.1206645185440895,0.048614227703520474,S
GATGCTAGTAGCGCTC-1,0.017621700934049023,-0.1261895572586728,S
GATGCTAGTCAGCGTC-1,-0.03378911556562275,0.194547657824585,G2M
GATGCTAGTCATTGCA-1,0.06113590751836656,0.11048552220521796,G2M
GATGCTATCTATCACT-1,-0.06722951682137995,-0.041685131449644086,G1
GATGGAGAGTCAGCCC-1,0.10522593654934526,0.09675629899748617,S
GATGGAGGTTTCGACA-1,-0.007951650922733144,-0.019578822961172304,G1
GATGGAGTCAAGTCGT-1,0.008331968102073262,-0.045879418974625,S
GATGGAGTCAGAGCGA-1,-0.031194159395021903,0.01688416697129963,G2M
GATGGAGTCCAACCGG-1,0.16734725597063704,-0.04692475514541311,S
GATGGAGTCGACCAAT-1,0.06849745389368328,0.09456297674376773,G2M
GATGGAGTCGCTTGCT-1,-0.053700806622232866,-0.12127339672230375,G1
GATGGAGTCTTCGACC-1,0.006106428855423118,0.06753622147395516,G2M
GATGTTGAGCTGCGAA-1,0.0758716976686491,0.047838674619124555,S
GATGTTGCAACATCGT-1,-0.0701332489332952,0.06514904897767604,G2M
GATGTTGCACTAAACC-1,0.07087579589663745,0.07615791232715213,G2M
GATGTTGCATAGAAAC-1,0.296437978482751,0.06604058342884278,S
GATGTTGCATTAAGCC-1,0.07764031275110173,0.17754219573079444,G2M
GATGTTGGTACTCGCG-1,0.14251772951361746,0.02066619152324345,S
GATGTTGGTCACTCGG-1,-0.0007838308599473209,-0.09398010133991444,G1
GATGTTGGTCATGACT-1,0.1475698583449876,-0.07240478708944448,S
GATGTTGGTCCGCAGT-1,0.1680330163944479,-0.2021431060408078,S
GATGTTGGTGTCCACG-1,0.08017104650224843,0.11445726178942373,G2M
GATGTTGTCAGAATAG-1,0.04493613427153359,0.11641652671745123,G2M
GATTCGAAGGTGAGCT-1,-0.048168493811261426,-0.06927292729630002,G1
GATTCGACAAACTAAG-1,0.07994519775014847,-0.131942223794733,S
GATTCGACATCCGTGG-1,-0.001126909431511891,-0.04981682742460475,G1
GATTCGACATGTACGT-1,0.1494516329937463,0.18232450500342212,G2M
GATTCGACATTGTGCA-1,0.09300077397007317,-0.08502867320450483,S
GATTCGAGTAGAGACC-1,0.028948904733890002,0.04619994665779803,G2M
GATTCGAGTATTGACC-1,0.02120781573038416,0.009150905182890495,S
GATTCGAGTTTACCAG-1,0.11321307369072287,-0.10980096891469882,S
GATTCGATCATGCTAG-1,0.014638564190053549,0.0542565583218918,G2M
GATTCGATCCAGCTCT-1,0.02914877695213325,0.03538389450511942,G2M
GATTCGATCGAGTCCG-1,0.04421747032850243,0.05832361068520797,G2M
GATTCGATCGTAATGC-1,0.0326056029263696,0.1171403189517522,G2M
GATTCGATCTGACCCT-1,0.07121960910927444,0.0421764315734115,S
GATTCGATCTGCTAGA-1,0.004658655019591007,0.14180856833447614,G2M
GATTCGATCTTCCCAG-1,-0.060174333387906176,0.15901725956317325,G2M
GATTCTTAGAATAACC-1,0.05797070214646399,-0.03839310257783596,S
GATTCTTAGGATACCG-1,0.052604608735111746,0.06298924451626725,G2M
GATTCTTAGGGATCGT-1,0.030665388385069048,-0.04770137312140771,S
GATTCTTCAACCGCTG-1,-0.04561490242497607,-0.041482069078976336,G1
GATTCTTCAATTGAGA-1,-0.006758569760068334,0.17110503664809684,G2M
GATTCTTCAGAAGTGC-1,-0.002225559940764732,-0.1538048929841378,G1
GATTCTTGTAACCCTA-1,-0.06242049542848482,-0.02402512292605019,G1
GATTCTTGTCAACCAT-1,-0.037605898830858964,-0.009959453437064725,G1
GATTCTTGTCACTAGT-1,-0.04040156504393089,0.2896734100546096,G2M
GATTCTTGTGTAAATG-1,-0.07608395699800014,0.12902554867049482,G2M
GATTCTTGTTACGTAC-1,-0.03985120785510177,0.26373098356203084,G2M
GATTCTTTCAAGCTTG-1,-0.00039093555953595427,0.05505229817576085,G2M
GATTCTTTCACATTGG-1,0.10413936380703293,0.12528690925248515,G2M
GATTCTTTCACTGGTA-1,0.12234540700404362,0.03703317015805091,S
GATTCTTTCGCCTTTG-1,-0.0005601319964318452,0.019763868964854547,G2M
GATTCTTTCGTAACCA-1,0.13071289491163807,0.07208389793468292,S
GATTCTTTCGTTATCT-1,0.17191002277723033,0.0026135990395358966,S
GATTCTTTCTGCCTGT-1,0.0078073334104188374,0.07801184924568477,G2M
GATTGGTAGCACGGAT-1,0.014569127305348095,0.13092961380272844,G2M
GATTGGTAGCGTCTGC-1,-0.03646394592762103,-0.0648978407812213,G1
GATTGGTAGGATTTCC-1,0.15682913596860076,0.05906964616006616,S
GATTGGTCAACCGTAT-1,-0.04231414119899568,-0.024403541209391533,G1
GATTGGTCAACGGCTC-1,0.05067886578531938,0.06646187437069898,G2M
GATTGGTCAGCCTATA-1,0.03929690379766726,0.2352876614785619,G2M
GATTGGTCAGGTTACT-1,-0.03588781413679276,-0.09223094075491223,G1
GATTGGTGTTTGATCG-1,-0.08656726625536243,0.030515098713651878,G2M
GATTGGTTCATTTCGT-1,0.1733454860168014,0.03686246106751129,S
GATTGGTTCTGGCTGG-1,-0.05984952500969298,0.3108741949255433,G2M
GATTTCTAGAGTCTGG-1,-0.020939277811686696,-0.11016166583751746,G1
GATTTCTAGCAAATCA-1,0.03528811240625812,0.15761277780569544,G2M
GATTTCTAGTGGGAAA-1,-0.060024623539497446,-0.06465264201908316,G1
GATTTCTCAAGGCGTA-1,0.05193593393082363,-0.098100901197475,S
GATTTCTCAGAGTTCT-1,0.05507848778753971,-0.13575522538233203,S
GATTTCTGTGAGTGAC-1,-0.01295270717169933,0.05989732452700508,G2M
GATTTCTGTTAACCTG-1,0.04435704954550257,-0.09627567039710083,S
GATTTCTGTTACCTGA-1,0.033834391044902656,-0.05138350277922252,S
GATTTCTTCAAACTGC-1,0.04643917393741359,-0.04451353488812443,S
GATTTCTTCATTGTGG-1,0.22635780313778542,0.004899114375165159,S
GATTTCTTCGGCACTG-1,0.1779144798221161,-0.15433668061680766,S
GCAACATAGAAGCGGG-1,-0.04248725596796987,-0.16355321684975793,G1
GCAACATAGCAACTCT-1,-0.006383769102040915,0.005722143082479758,G2M
GCAACATAGCACACAG-1,0.025227704402399742,-0.036094071057707844,S
GCAACATAGGATGCGT-1,-0.012366044211587324,0.052518639318238525,G2M
GCAACATAGGCAGGTT-1,0.005080736309859002,0.06898162206199052,G2M
GCAACATAGGCGACAT-1,0.1325286084031544,-0.03481934287331323,S
GCAACATAGGTTGGAC-1,0.0041571660382913045,0.4461576752264639,G2M
GCAACATCATATAGCC-1,0.09536875655668386,0.0010082613376676819,S
GCAACATCATATGCGT-1,0.01847265947828186,-0.007169174826479441,S
GCAACATGTACTGCCG-1,0.1359575552988922,-0.006100953525483843,S
GCAACATGTATCGCAT-1,0.15175252550680374,0.06121473218925802,S
GCAACATGTCGCAGTC-1,0.016025502974334194,0.03951347500720992,G2M
GCAACATTCGAACGCC-1,-0.023392294322297502,0.07110603611087052,G2M
GCAACATTCTCGGGAC-1,-0.0369073223857771,-0.10932648853891586,G1
GCAACATTCTGCTGAA-1,0.0027386771257866815,-0.08253620505228854,S
GCAACATTCTGTGCTC-1,0.040933827282427615,0.015416437863786991,S
GCAACCGAGACAGCGT-1,0.05727310875395053,-0.10014085124124278,S
GCAACCGAGGGACTGT-1,0.022897754088029743,-0.13425234487458376,S
GCAACCGAGTGAGTTA-1,0.06195469016323407,-0.1977393171703294,S
GCAACCGGTCATCCGG-1,-0.061650731680434445,-0.08191602797030334,G1
GCAACCGGTCGTACAT-1,0.09527416051459325,-0.05806956629384391,S
GCAACCGGTGGACTAG-1,-0.06690583380883375,0.006588273513965182,G2M
GCAACCGGTTTAGTCG-1,-0.003453783159237722,0.0019577515279100566,G2M
GCAACCGTCCATAGAC-1,-0.025252823382818146,0.1884354299324026,G2M
GCAACCGTCTAACGCA-1,0.035654610720958324,0.08386363047399353,G2M
GCAACCGTCTAGACAC-1,0.10600353281451708,0.1861351787078227,G2M
GCACATAAGGATACGC-1,-0.020487196891527948,0.31640097381018384,G2M
GCACATACAAAGTATG-1,-0.05000814710872503,-0.13091734927528936,G1
GCACATACATCGTCCT-1,0.05712175918436868,-0.20238696009471008,S
GCACATAGTAGAATGT-1,-0.04175303612751485,0.06013810750657139,G2M
GCACATAGTCATTGCA-1,0.09763483175550713,-0.019757803798527596,S
GCACATAGTCTAATCG-1,0.10073862069030803,0.17516602159359912,G2M
GCACATAGTGTTCATG-1,-0.01253673760490065,-0.2003507488607639,G1
GCACATATCTTGCAAG-1,0.03979512401215629,0.1307598625810561,G2M
GCACGGTAGTCGGGAT-1,0.05482531553643755,0.012919837431289105,S
GCACGGTCATCTGCGG-1,0.18714486476620712,-0.16554951198211842,S
GCACGGTGTCGTTGCG-1,0.055085991908769394,-0.00625898649828166,S
GCACGGTGTGTGCCTG-1,0.053535974960092325,0.1420464524167664,G2M
GCACGGTGTTTCACTT-1,0.0683458834226387,-0.05465011464674707,S
GCACGGTTCAGGTGTT-1,0.051812351716156835,0.1263365482613948,G2M
GCACGGTTCCGTGTAA-1,0.041568284901808306,0.10866523906263265,G2M
GCACGGTTCGAGAGCA-1,0.05720947040946045,-0.05491699427120483,S
GCACGGTTCTCAAAGC-1,-0.005429520872959115,0.0801280576119251,G2M
GCACGTGAGAAGAACG-1,-0.07479122558420309,0.03566814015612618,G2M
GCACGTGAGCGGATCA-1,0.001232033645524433,0.11451749640330589,G2M
GCACGTGAGCTGCCAC-1,0.056568433580810595,-0.1494842573678924,S
GCACGTGAGGATTTCC-1,0.0466393033949995,-0.03144075033068752,S
GCACGTGAGGTAGCCA-1,0.07354821576380904,0.20672210265761926,G2M
GCACGTGCAACCGCCA-1,0.012202925151678534,-0.0029058091865081237,S
GCACGTGCAATCGCAT-1,-0.05459935937202792,0.0706258320853903,G2M
GCACGTGCACATGGTT-1,-0.02258431864506416,0.1525054530197434,G2M
GCACGTGCACGAAGAC-1,0.015747892821440512,0.18927147929663257,G2M
GCACGTGCATCCTTCG-1,0.10821667965335141,0.011864922479301543,S
GCACGTGCATGCCGCA-1,0.1062992617323989,0.1757384824211526,G2M
GCACGTGGTGCTATTG-1,0.057851729217372305,0.06763964904348924,G2M
GCACGTGGTGGCTACC-1,0.009823669528195411,-0.23462496167463553,S
GCACGTGGTGGCTGCT-1,-0.030762512927711982,0.24904774510726668,G2M
GCACGTGGTTATCTGG-1,0.012430990842936973,-0.003007992732448117,S
GCACGTGTCATGCTAG-1,-0.0028799011553691245,0.23898345550263717,G2M
GCACGTGTCCCATACC-1,0.02751481137080558,0.16637553707917424,G2M
GCACGTGTCTACTATC-1,0.019039240113973288,-0.06024026536088739,S
GCACGTGTCTGCATGA-1,0.022961464902981177,0.0941402670259267,G2M
GCACTAAAGATCCTAC-1,0.01394575347844551,0.06814211999640218,G2M
GCACTAAAGCAAATGT-1,0.02152449329238182,-0.05403206293751239,S
GCACTAAAGGGAGTGG-1,0.11096577606059926,-0.24577323400605322,S
GCACTAACAACTCGAT-1,0.008817848013570995,0.05434187098333759,G2M
GCACTAACAAGTGGTG-1,-0.01580181954928528,-0.01791128090284516,G1
GCACTAACACCACTGG-1,0.052777130929753446,-0.009975671390370477,S
GCACTAACACCAGTAT-1,-0.06096684329387014,-0.012552758776922968,G1
GCACTAAGTACGTGTT-1,0.09792577068384783,0.09257153976488297,S
GCACTAAGTTGAGGAC-1,0.004863747430920939,0.07796209724618475,G2M
GCACTAATCATTATCC-1,0.04241037211720866,-0.07852800303938734,S
GCACTAATCCATGATG-1,-0.07928016432991525,0.21918194547113895,G2M
GCACTAATCTGGAGAG-1,0.019457702541460176,-0.04406952191006763,S
GCAGCCAAGAGCCCAA-1,0.03311436083864283,-0.1487354257159907,S
GCAGCCAAGAGGATCC-1,-0.10113317841793507,-0.10749730863059492,G1
GCAGCCAAGATTGGGC-1,0.0376106105605139,-0.15363393669267822,S
GCAGCCAAGGCTCTCG-1,0.11296226500315171,-0.059923114075257716,S
GCAGCCACACATCATG-1,-0.003093215884570677,0.24648068294399927,G2M
GCAGCCACACTTTATC-1,0.22688000549082532,-0.07954316188414637,S
GCAGCCACAGCTTTCC-1,0.007500764471803034,-0.040204221953018204,S
GCAGCCAGTACCTAGT-1,-0.04369982807145545,0.12060884246426457,G2M
GCAGCCAGTATACGGG-1,-0.07826789598266037,-0.011748173355512592,G1
GCAGCCAGTCCACAGC-1,0.044177398187281225,0.026677804168871888,S
GCAGCCAGTCGCACAC-1,-0.024948183965100956,0.008322805078536721,G2M
GCAGCCAGTGAATTGA-1,0.11238970372724733,-0.029863735947948666,S
GCAGCCAGTTTACACG-1,-0.0015120981039996595,-0.0361125229023464,G1
GCAGCCATCATTTGCT-1,0.04264024402693223,-0.13416988731436835,S
GCAGCCATCCTTACCG-1,-0.02390436025450382,0.361723385176087,G2M
GCAGCTGCAAGCGCTC-1,0.24723690734998616,0.02999751982129578,S
GCAGCTGCACAGCATT-1,-0.03457125882872686,0.19816168666691675,G2M
GCAGCTGCACTAGGTT-1,-0.05363696277368685,-0.048333431669643434,G1
GCAGCTGCACTCCTTG-1,0.02334567405403898,0.04879974143046545,G2M
GCAGCTGCATCTCGTC-1,0.024935545691493755,0.027616146353260262,G2M
GCAGCTGGTCACGACC-1,0.043045714286814196,0.1429654765355009,G2M
GCAGCTGGTCACGTGC-1,0.059490133563127434,0.0058074515185324305,S
GCAGCTGGTCATTCCC-1,0.06916810404155244,0.13457940720535683,G2M
GCAGCTGGTCGTTTCC-1,-0.011862084623984692,0.012639419061200585,G2M
GCAGCTGGTGACAACG-1,-0.00493072873719258,0.02340490658183536,G2M
GCAGCTGGTGGTCCGT-1,0.029012974452128693,-0.09022168072848885,S
GCAGCTGTCACAACCA-1,0.026653922607810798,0.1804481916673425,G2M
GCAGCTGTCAGATTGC-1,0.035971724009038086,-0.03759889163775407,S
GCAGCTGTCAGGAAAT-1,-0.04301469996781654,0.13670469726767787,G2M
GCAGCTGTCATTGTGG-1,-0.07184514777051093,0.1724051287417802,G2M
GCAGCTGTCCGGGACT-1,0.16615743474693645,0.020914286807801552,S
GCAGCTGTCGTAGTGT-1,0.027345222115267798,0.0025563421558120747,S
GCAGCTGTCTTGGGCG-1,0.0829682322135411,-0.06771160596200645,S
GCAGGCTAGATAGTGT-1,-0.051250008693170535,-0.05030198209957554,G1
GCAGGCTAGTCGCCAC-1,0.11614174927314908,0.0832888797300953,S
GCAGGCTCAAAGTGTA-1,0.020927207805039094,0.10913509099828383,G2M
GCAGGCTCAAGCCATT-1,0.1664801473943774,-0.06381612755318461,S
GCAGGCTCAAGTGCAG-1,-0.023219540673837025,0.00886736625201845,G2M
GCAGGCTCACCTGTCT-1,-0.039224355199700245,0.11655568479739858,G2M
GCAGGCTCAGAGGGTT-1,0.06901218012824395,0.04925164025665918,S
GCAGGCTCAGTGGTGA-1,0.04017181939294284,0.0572229586282626,G2M
GCAGGCTGTAATACCC-1,0.02410574761863432,0.0727608482316674,G2M
GCAGGCTGTTGAGGAC-1,0.016485476605209992,0.005661227594298324,S
GCAGGCTTCACCTCTG-1,0.2509996895281678,-0.12411824890691386,S
GCAGGCTTCACTGAAC-1,0.04438419008225236,-0.08754613770306993,S
GCAGGCTTCCAGTGCG-1,0.03205667712153493,0.030150177107063636,S
GCAGGCTTCCATTGGA-1,0.08227079160436268,-0.0820644238082971,S
GCAGGCTTCCTAGCCT-1,-0.05702995520537468,-0.0511178828153977,G1
GCAGGCTTCGAGGCAA-1,-0.043065032037603534,0.08729427318277527,G2M
GCAGGCTTCTTCTTCC-1,0.04664085590526046,-0.10797347950289993,S
GCAGTTAAGCACTAAA-1,0.040210607472557836,0.1903789040110968,G2M
GCAGTTAAGCGCCGTT-1,0.09376738896896625,-0.03618295422262219,S
GCAGTTAAGTAGCATA-1,0.04833427456955608,0.08983920770237219,G2M
GCAGTTAAGTTCCAGT-1,0.05743525264476301,0.331631780962236,G2M
GCAGTTAAGTTTGTCG-1,0.15667171526311396,0.044842454047866354,S
GCAGTTAGTATCAAGA-1,0.06683852936231832,-0.106667489932397,S
GCAGTTAGTCACTCGG-1,-0.0551403463560447,0.10972491757480562,G2M
GCAGTTAGTTCAAAGA-1,0.21977750155609233,-0.02157711167719656,S
GCAGTTATCCAACACA-1,0.1354442037858689,0.08373626330734585,S
GCATCGGAGGACAGTC-1,0.047240699004519326,-0.04355470494439678,S
GCATCGGAGGCGATAC-1,0.16287084241997674,-0.07057503915874769,S
GCATCGGAGTCCCAGC-1,0.008991262765089103,-0.0209018301637649,S
GCATCGGCAATGCTCA-1,0.002435811899928475,0.02186205877430719,G2M
GCATCGGCACCGTCTT-1,-0.0889908850925683,-0.11267295771523222,G1
GCATCGGCACTCAGAT-1,0.010962555021643616,-0.09726456715894785,S
GCATCGGGTATCGAAA-1,0.11635793128691202,0.2942519449007195,G2M
GCATCTCAGCGTGTCC-1,0.16550756810086287,-0.04036811425072817,S
GCATCTCCAAAGCTCT-1,0.2515349228913373,-0.2209481581853273,S
GCATCTCCATAGGAGC-1,0.014809065505849706,0.10273956428242359,G2M
GCATCTCGTCACTTCC-1,0.07105725638856619,-0.16214908478211537,S
GCATCTCGTGGGATTG-1,0.10137073375682282,0.23189831498654556,G2M
GCATCTCTCCACAAGT-1,0.15831260598211638,-0.0688018032088902,S
GCATCTCTCCCATAGA-1,-0.01458208777482467,0.009640331421905152,G2M
GCATCTCTCCGAGAAG-1,0.1307043881112786,0.24582238236033732,G2M
GCATCTCTCCTTCACG-1,-0.05211872818718777,0.05508619101026463,G2M
GCATCTCTCGAACACT-1,0.1009248140987235,0.18815480282172437,G2M
GCATCTCTCTCTCAAT-1,-0.0399413777791684,-0.05323885353897434,G1
GCATCTCTCTTTGGAG-1,-0.09890400135942856,-0.15913527363704713,G1
GCATGATAGCTGGTGA-1,0.0388118433566883,-0.03072683171441634,S
GCATGATAGTCACACT-1,-0.00650798033156974,-0.1028744349762345,G1
GCATGATCACAAGTTC-1,-0.05720678465006013,0.1807949691890402,G2M
GCATGATCACTACCGG-1,-0.030738251706030728,0.07013681200843613,G2M
GCATGATGTATTGGCT-1,0.17200817697525972,0.07124902631397495,S
GCATGATGTGGTCTCG-1,-0.005714356022892386,0.16987995644759352,G2M
GCATGATTCGTTCGCT-1,0.08223502921783005,0.3113781025429669,G2M
GCATGATTCTCTTCAA-1,-0.041498096952129804,0.08074734992126009,G2M
GCATTAGAGGGATCAC-1,-0.03716847710421278,-0.19906861163454825,G1
GCATTAGAGGTGGTTG-1,0.05397855153323078,-0.0703993746998478,S
GCATTAGCACGCTGCA-1,0.06206471411950332,0.05722002592784137,S
GCATTAGCATCATCCC-1,0.09560688927779609,0.049456263987198656,S
GCATTAGCATGGCACC-1,-0.07177975477860354,0.068124311568107,G2M
GCATTAGGTCCTCATC-1,-0.05767709256871162,0.1776720238034188,G2M
GCATTAGGTGTCGCTG-1,-0.008587362753280758,0.23846341410050553,G2M
GCATTAGTCGACGATT-1,0.039940494789214076,0.060922584929706314,G2M
GCATTAGTCGGCCCAA-1,0.003262717600718501,0.23041376141217867,G2M
GCCAACGAGGGATCGT-1,0.052725110565107314,0.021959317825014868,S
GCCAACGAGTGAACAT-1,0.07084125240988554,-0.14588887029699454,S
GCCAACGAGTGAATAC-1,-0.009090448794671746,0.12363323518118874,G2M
GCCAACGCAATGTGGG-1,0.11008917434663151,0.26405077408373323,G2M
GCCAACGCAGCGTATT-1,0.28306100094066633,0.06369209533204834,S
GCCAACGCAGCGTGAA-1,0.032314403761324495,0.051901399933124814,G2M
GCCAACGCAGTTAGAA-1,0.11174404020368778,0.07943291015047632,S
GCCAACGCATATCGGT-1,0.03564985021231876,0.020541960986210084,S
GCCAACGGTAACATGA-1,-0.0060090996093894455,0.037223818539563025,G2M
GCCAACGGTCACGCTG-1,0.0123022168690613,-0.07183346135053198,S
GCCAACGGTGGAGAAA-1,0.06039768907401932,-0.11389179537542338,S
GCCAACGTCAACTCTT-1,0.10146951304850782,0.07533258133573623,S
GCCAACGTCAGAGCGA-1,0.04980225253356141,0.02219993681614807,S
GCCAACGTCCAATCCC-1,0.18700955646137063,0.02783833957690751,S
GCCAACGTCGGTTGTA-1,0.09376819702487421,0.1636706792322461,G2M
GCCAACGTCTTCCTAA-1,-0.018111706857847742,0.16188761569647042,G2M
GCCAGCAAGGCCTAGA-1,-0.04689930096752071,-0.09760307580216238,G1
GCCAGCAAGTCATCCA-1,0.11728887246134584,-0.12124447218678848,S
GCCAGCAAGTTCGGTT-1,-0.034734584131767,-0.010521532411983336,G1
GCCAGCACAACACGTT-1,0.004866917818567185,0.2491656082852577,G2M
GCCAGCACAATTTCCT-1,0.06068880189040726,0.17741639115770996,G2M
GCCAGCACACGGCACT-1,0.12868124884434862,0.019636464910833207,S
GCCAGCACACTCTGCT-1,-0.01908873957412105,0.28144046098378417,G2M
GCCAGCACAGAATGTA-1,0.09587051160517279,-0.01679877374980354,S
GCCAGCACAGAATTCC-1,0.06888673166575537,-0.08361910882339582,S
GCCAGCACAGAGTGTG-1,-0.07324289931185068,-0.05623452372964405,G1
GCCAGCATCATTTCGT-1,0.09080301571017568,0.056454819535874445,S
GCCAGGTAGAAGTCTA-1,0.0401404540541303,-0.03364958244509525,S
GCCAGGTAGCTCGTGC-1,-0.017433470058648537,-0.11666125220471513,G1
GCCAGGTAGGGTTGCA-1,0.06345825223233126,0.051614002200518594,S
GCCAGGTAGTTGCTGT-1,0.055734526987104294,0.05846066072576933,G2M
GCCAGGTCAGCGGTTC-1,0.06392959050438496,-0.03229690746187583,S
GCCAGGTCATATGCGT-1,-0.03829808859584627,0.20410774397258635,G2M
GCCAGGTGTACGACTT-1,0.0005838222001501303,0.018879331888100315,G2M
GCCAGGTGTGCGGTAA-1,0.04486596364907025,-0.023778575153177495,S
GCCAGGTTCCGTTGGG-1,0.0047777238026724955,0.12161572391806957,G2M
GCCAGGTTCGGAACTT-1,0.08387249247408263,-0.031970280994284395,S
GCCAGGTTCTACTGAG-1,-0.041475965787173,-0.08137489904974454,G1
GCCAGGTTCTTGAACG-1,-0.0064575605992133744,0.184310463096989,G2M
GCCAGTGAGCCTTTGA-1,-0.038941266197815794,-0.02368939286435523,G1
GCCAGTGAGGATGGCT-1,-0.05150534495741155,-0.057386031662337134,G1
GCCAGTGGTACGATCT-1,0.013934609944029064,0.09137204253100273,G2M
GCCAGTGGTCAAGTTC-1,0.0668625469354347,0.0853627355312847,G2M
GCCAGTGGTCGTGATT-1,0.009945980697197265,-0.014519956865153671,S
GCCAGTGGTGGTTCTA-1,0.10408084056319566,0.08567124912637869,S
GCCAGTGTCCCAAGTA-1,0.06814878191642143,0.05209926072146548,S
GCCAGTGTCTGGTGCG-1,0.10301881042504124,0.045574093546604744,S
GCCATGGAGCACTAAA-1,0.07992924509234667,0.06890678128181149,S
GCCATGGAGTGCTCGC-1,-0.09227055527921502,0.11993447625734599,G2M
GCCATGGCAATCGCGC-1,0.009472826023860237,-0.12436005628215771,S
GCCATGGCAATTGCCA-1,-0.04871038402768996,0.17397884545190995,G2M
GCCATGGCATCGGATT-1,0.07152295506270234,0.14304373988412505,G2M
GCCATGGGTAATGATG-1,0.06876841285956359,0.03822626070897456,S
GCCATGGGTCTGTGCG-1,0.0654557640554112,-0.12851381348914367,S
GCCATGGGTTGTCTAG-1,0.01330600978560692,0.019348891408040747,G2M
GCCATTCAGAAGTCTA-1,-0.059582301249399505,0.06742179591544473,G2M
GCCATTCAGCTGACCC-1,0.1431918479376295,0.19760964842895296,G2M
GCCATTCAGGATATGT-1,0.13903213535302517,-0.08378539426658077,S
GCCATTCCAAGATCCT-1,0.03004926205594971,0.015946149957129563,S
GCCATTCCAATACGAA-1,0.01632390504627268,0.2411403944689653,G2M
GCCATTCGTGCCCACA-1,0.06092251214781319,0.20974385555246733,G2M
GCCATTCGTGTCATCA-1,0.048029470337996705,-0.14039899021312888,S
GCCATTCGTTGAGTCT-1,-0.06979592866338963,-0.09631101898749012,G1
GCCATTCTCGGAGTAG-1,-0.033356774490498065,0.20436194886720516,G2M
GCCATTCTCGGCCAAC-1,0.04636357012440295,0.1786329282918101,G2M
GCCATTCTCGTGTTCC-1,0.17439806752601844,-0.05418045828202955,S
GCCATTCTCTAGTCAG-1,-0.03354181999144301,0.09143636636933561,G2M
GCCCAGAAGACCTCCG-1,0.07040352417219492,0.06036434205659963,S
GCCCAGAAGACGTCCC-1,0.06997721054539974,-0.111627480225091,S
GCCCAGAAGCCTTCTC-1,0.01635523597701355,0.11869187325895542,G2M
GCCCAGAAGGTTGCCC-1,-0.06310179922687631,0.0982656332380979,G2M
GCCCAGAAGTATTCCG-1,-0.06340491130396009,-0.01393903217418685,G1
GCCCAGACACGACGTC-1,-0.05105232693054618,-0.006317437317727492,G1
GCCCAGACACGTGAGA-1,0.03747702664205793,0.011376397297663876,S
GCCCAGACATACAGGG-1,-0.0007459032695429357,0.15306334648059533,G2M
GCCCAGAGTTCAAGTC-1,-0.0454388019551174,0.10907451440513771,G2M
GCCCAGAGTTCTCCTG-1,0.03159546048880424,0.17496869776945267,G2M
GCCCAGAGTTGCATCA-1,-0.0207066611397001,-0.04830380151660513,G1
GCCCAGATCAAGAGTA-1,0.14960956879381476,-0.030025389465823532,S
GCCCAGATCCGTGGGT-1,0.07703819600916767,0.1743519728953492,G2M
GCCCAGATCGGACTGC-1,0.1417596886941358,0.03426815646843839,S
GCCCAGATCTTAGCCC-1,0.1140428183448457,0.03683137873629272,S
GCCCGAAAGAGTTGCG-1,0.03384402050098545,0.13715106187749315,G2M
GCCCGAAAGCTCCCTT-1,-0.027036842934331284,0.08400570632669574,G2M
GCCCGAACACCAGTAT-1,0.06879206623268486,-0.027322361553391128,S
GCCCGAACAGCGCTTG-1,0.0068182812731116815,-0.04556557228569763,S
GCCCGAACAGGCGATA-1,0.026745118327647144,-0.0575349085783034,S
GCCCGAACAGTGAGCA-1,-0.03245466124435836,-0.04239848542076963,G1
GCCCGAAGTTCAAACC-1,0.07022600705879273,0.07844987067795056,G2M
GCCCGAATCCTGCTAC-1,0.0816473808647436,-0.17488869840109286,S
GCCCGAATCTCGCCTA-1,-0.03368312712596222,-0.01723849329663596,G1
GCCGATGAGACATATG-1,0.15695672171433017,0.027039349686339587,S
GCCGATGAGTGACCTT-1,0.04907643006922824,-0.00812462747823739,S
GCCGATGCAATCCAGT-1,0.07792894773467052,0.026384702895738688,S
GCCGATGCACCAGCTG-1,0.07677323694052363,0.20845007015105027,G2M
GCCGATGCAGTCCGTG-1,-0.013310396527329404,0.134414801803159,G2M
GCCGATGCATGATAGA-1,0.005473508431016183,-0.06667356440815947,S
GCCGATGGTCGATTCA-1,0.145508706945625,0.1090428995510141,S
GCCGATGGTGTACAGG-1,-0.01084397306350493,0.32764106930113757,G2M
GCCGATGTCCGCGATG-1,-0.058275675092541945,0.13873780575226058,G2M
GCCGATGTCTCCTGCA-1,0.11678083272518475,-0.08812472240524113,S
GCCGTGAAGCCTTTGA-1,0.05732295943921195,0.05956060655605652,G2M
GCCGTGACATGGGAAC-1,0.13497640593194132,0.1504092017096322,G2M
GCCGTGACATTAAGCC-1,0.049068015078473026,0.20301652391840275,G2M
GCCGTGAGTACCAGAG-1,0.00703516085099154,-0.12285655986938496,S
GCCGTGAGTCGTGCCA-1,0.0353868244010106,0.03872809772954705,G2M
GCCGTGAGTGGAACCA-1,0.02440098127379442,-0.03730698433118518,S
GCCGTGATCAAACGTC-1,0.0556712962017068,0.20339167689811377,G2M
GCCGTGATCAGTGGGA-1,-0.030255968382398968,0.09849269861761856,G2M
GCCGTGATCCTCTCTT-1,0.006327227052799422,0.04868778433429177,G2M
GCCGTGATCTCATTAC-1,0.14949444217799723,-0.024418170661614114,S
GCCGTGATCTTACCGC-1,0.07964828105577748,-0.03369327455229909,S
GCCTGTTAGGCCACCT-1,0.15467577861527781,-0.06895890045758185,S
GCCTGTTAGGTACAGC-1,-0.059163756579230564,0.037552366913346125,G2M
GCCTGTTCAGCTAACT-1,0.11126879879166396,0.18203018040186852,G2M
GCCTGTTCAGTGCCTG-1,0.0722661205090801,0.12115334960206164,G2M
GCCTGTTCATCCGGTG-1,-0.06222938655192789,-0.09865408312907747,G1
GCCTGTTCATGTGCTA-1,0.08390921582303756,-0.01282457196424508,S
GCCTGTTGTCAAGCGA-1,0.13257419819483146,0.2748199203321948,G2M
GCCTGTTGTCATATGC-1,0.09895819690546598,-0.027265298667644433,S
GCCTGTTGTGATAGAT-1,0.031751951519399524,0.11032052994823055,G2M
GCCTGTTGTGCCTGAC-1,-0.0022774352823687893,0.22061856026398263,G2M
GCCTGTTGTGTCTTCC-1,-0.00569672172191138,0.05332895847477359,G2M
GCCTGTTGTTCAAACC-1,0.19931032880731714,-0.08946704546826412,S
GCCTGTTTCAGCGCAC-1,0.009559600347543884,0.05079121384713653,G2M
GCGAGAAAGCGGCTCT-1,0.11347987215411115,-0.01681761369834428,S
GCGAGAAAGGAACGAA-1,-0.015076861885436554,0.142229932002442,G2M
GCGAGAAAGGGATGTC-1,-0.005694437444760503,0.11465280854275217,G2M
GCGAGAAAGTACGAGC-1,-0.011025394959267354,0.015350727202077252,G2M
GCGAGAACAGATCACT-1,0.024669936277446902,0.15627130865761574,G2M
GCGAGAACATCCGAAT-1,0.09235251645565778,-0.007674709127735879,S
GCGAGAAGTCGACGCT-1,-0.015806504220564066,0.05576508162628535,G2M
GCGAGAAGTCTTGCGG-1,0.028917228942296924,0.08794091248326447,G2M
GCGAGAAGTCTTTCAT-1,-0.006986614223435328,0.26158023069463204,G2M
GCGAGAAGTGAATATG-1,0.00825436911362143,-0.02077973496154034,S
GCGAGAATCAACGCTA-1,0.1783950545673716,0.12740404748279732,S
GCGAGAATCCATTTAC-1,-0.024327658945871522,0.13176371757389133,G2M
GCGAGAATCGCACGAC-1,0.04940274887145729,0.04357501986356699,S
GCGAGAATCTGGCTGG-1,-0.02150977957151934,-0.01754803819607953,G1
GCGATCGAGCCTCACG-1,0.002537866076327222,-0.14910220606376945,S
GCGATCGAGGATACAT-1,0.05618734189137947,-0.08091624428255084,S
GCGATCGAGTTACGAA-1,0.0866732202048317,-0.03786325801687629,S
GCGATCGCAGCTTCGG-1,0.06193380598292797,-0.02927281373006929,S
GCGATCGCATACCACA-1,-0.014149508881619699,-0.11412311291919022,G1
GCGATCGGTACGACAG-1,-0.00023188773821958275,0.35672571285819377,G2M
GCGATCGGTGTTTGCA-1,0.2405297597139856,-0.03550324785898673,S
GCGATCGGTTGAGGAC-1,0.0348700179562636,0.16453564015509975,G2M
GCGATCGGTTTGAAAG-1,-0.06658314731645448,-0.043711701955659876,G1
GCGATCGTCACCTCGT-1,0.057882390463567523,-0.0935991652311581,S
GCGATCGTCCTGCTAC-1,0.13063626604193318,-0.015231976321418927,S
GCGATCGTCGTCCTTG-1,0.032303795235469,0.014035204250219369,S
GCGGAAAAGACTCAAA-1,-0.04748156478586529,-0.023404243688588622,G1
GCGGAAAAGGCACCAA-1,-0.03591110811390985,-0.07149942591822528,G1
GCGGAAAAGGCTTAGG-1,0.007485368132573278,0.0052908475199853755,S
GCGGAAAAGTCATGAA-1,-0.020192439324185518,0.09260973636277692,G2M
GCGGAAACAAACTGCT-1,-5.37997710930993e-06,0.22483962475299324,G2M
GCGGAAACACTTGAGT-1,0.04913454694470565,0.14949383687388562,G2M
GCGGAAACATCGCCTT-1,0.03192533227344341,0.1733874533826501,G2M
GCGGAAACATCTCGTC-1,-0.02614120189574859,0.12633208738740126,G2M
GCGGAAAGTGGTAATA-1,0.016228810744098543,0.10703039590308727,G2M
GCGGAAAGTGTTACAC-1,-0.006763688145501323,0.2489240149246344,G2M
GCGGAAATCTTCCCGA-1,0.22266721722384386,0.2566938757730646,G2M
GCGGAAATCTTTGCTA-1,-0.03417382613836495,-0.031223022807851497,G1
GCGGATCAGCAGGCAT-1,0.11841055120900462,-0.14231776622121942,S
GCGGATCAGTGGAAAG-1,0.1869101353236513,-0.07377508979600716,S
GCGGATCCAACAGCTT-1,0.01107885122448038,0.03963841800104312,G2M
GCGGATCCAACGGGTA-1,0.10958794712124709,-0.005320264059352819,S
GCGGATCCACGTGTGC-1,0.004366857962975479,0.15619681670368807,G2M
GCGGATCCAGCGGATA-1,0.09458283579644888,-0.018129722254962732,S
GCGGATCCAGCTGTCG-1,0.2135509301434984,-0.09675184370594633,S
GCGGATCCATTCCTCG-1,0.3159579630829922,-0.1506973038492017,S
GCGGATCGTAGCACGA-1,0.06883573787701441,-0.002955098767618458,S
GCGGATCGTTCTTAGG-1,0.029170719160113934,0.006100706201194739,S
GCGGATCTCCATTGGA-1,0.07632850473043545,0.1353111844765855,G2M
GCGGATCTCCCGAACG-1,0.07208262378195884,0.0613727990577278,S
GCGGATCTCCTTATGT-1,0.12391213284902414,-0.02868244932576927,S
GCGTGCAAGCCTCCAG-1,0.21583247784739035,-0.02704491977229631,S
GCGTGCACAAATACGA-1,0.17086646041195092,0.28388267135385714,G2M
GCGTGCACACGACGCT-1,-0.0020031262924296023,0.015807687864201503,G2M
GCGTGCACATAAGCAA-1,0.14493296641316805,0.04213742209623539,S
GCGTGCACATGCACTA-1,-0.018569942675804363,0.022078015780310878,G2M
GCGTGCAGTTCTATCT-1,-0.03967471128182115,0.17008307751113094,G2M
GCGTGCATCAGTGTTG-1,-0.13453531974565996,-0.03462838724095085,G1
GCGTGCATCCCGAGTG-1,-0.02431333907014488,0.07329820995208058,G2M
GCGTGCATCCGAGCTG-1,0.10985415186062986,-0.08676707956253574,S
GCGTGCATCGTGGTAT-1,0.001579084214262283,0.11737602522940621,G2M
GCGTTTCCACAGTGTT-1,0.025568702455829873,0.11758619403280868,G2M
GCGTTTCCACTGCGAC-1,0.021555315944459807,-0.0034141533433618143,S
GCGTTTCCAGATCATC-1,0.026532060591429762,-0.04491255699032615,S
GCGTTTCGTAGGCTGA-1,0.13666292536726526,-0.029918031262871847,S
GCGTTTCTCCGAGCTG-1,-0.011255132849962268,0.24390420728334153,G2M
GCGTTTCTCGTGGGTC-1,-0.049401050558018966,0.07892427990058043,G2M
GCGTTTCTCTGTCCCA-1,0.006807452913347167,-0.11444285418576222,S
GCTACAAAGACCAGAC-1,-0.037101239174494705,0.0609717023183356,G2M
GCTACAAAGAGATCGC-1,-0.06720402705087636,-0.002665058714710955,G1
GCTACAAAGCCGTTAT-1,-0.015300921787346211,-0.05563643132802537,G1
GCTACAAAGGTCTACT-1,0.10157540544940974,0.1272256239347025,G2M
GCTACAAAGTATGACA-1,0.027732164449738805,-0.05004351477022945,S
GCTACAAAGTTACGTC-1,-0.023980359267621876,-0.037041447302266606,G1
GCTACAAGTCCGCAGT-1,0.020532673440410543,0.08937669475029003,G2M
GCTACAAGTCTGTGCG-1,0.06711143086503846,-0.07712136469676584,S
GCTACAAGTTATCTTC-1,0.03903717955991126,0.05166801453747044,G2M
GCTACAAGTTTACGAC-1,0.0412638083681251,-0.007912858669579192,S
GCTACAATCAACTACG-1,-0.027632195985533015,-0.030292120183725957,G1
GCTACAATCAGTGTCA-1,0.15134774669313567,-0.03143834366087028,S
GCTACAATCATTGCCC-1,0.009371916921809054,0.11463513745515519,G2M
GCTACAATCTAACACG-1,0.07020633089743322,0.1827458464649423,G2M
GCTACAATCTACCAGA-1,0.03437079535006321,0.1444604737396008,G2M
GCTACAATCTCAATCT-1,0.10382158436554612,-0.05837971189306507,S
GCTACCTCAAAGGTTA-1,-0.04082206025759094,0.2145292771818304,G2M
GCTACCTCAAATGGCG-1,0.10103513413686027,0.03494866960458337,S
GCTACCTCAACCACGC-1,0.26874741959170995,0.07994073964210835,S
GCTACCTCAAGATCCT-1,-0.06332327630618256,-0.14873207868030328,G1
GCTACCTCACATTGTG-1,0.12370893433925839,-0.026080248823974306,S
GCTACCTCACTGAGGA-1,0.020793368084331687,-0.10625392174467085,S
GCTACCTGTAGTGTGG-1,-0.031114942529184952,0.1800840111391953,G2M
GCTACCTGTATCTCTT-1,-0.07944592542058898,-0.12828263682522742,G1
GCTACCTGTCGTTCAA-1,0.07874004715567262,-0.03291941400001597,S
GCTACCTTCACGAACT-1,0.01624395275922791,-0.10696382435607762,S
GCTACCTTCTAGTTCT-1,-0.02239575818303907,0.0914882366787026,G2M
GCTCAAAAGTGAGCCA-1,0.09711708442655631,0.03738274282357551,S
GCTCAAACAACTCGAT-1,0.07496511129107003,0.5156536112164454,G2M
GCTCAAACACGTCGTG-1,-0.011324393834692692,0.07721886493414781,G2M
GCTCAAAGTATGTCCA-1,-0.07462592937203494,-0.020438666316085097,G1
GCTCAAAGTTACTCAG-1,-0.04055623359639937,0.16157016073769565,G2M
GCTCAAATCAGTGTGT-1,0.049582886705613505,0.162979073236254,G2M
GCTCAAATCCAATGCA-1,0.023935830172503336,0.06087650001629258,G2M
GCTCAAATCCACGTCT-1,-0.02052459518067684,0.1875573556715649,G2M
GCTCAAATCCATAAGC-1,0.008633871872792076,0.06440349445742116,G2M
GCTCAAATCGGAAGGT-1,-0.035264910361924584,-0.07308850069873518,G1
GCTGAATAGGACAGTC-1,-0.0025213270031556045,-0.027184541936116746,G1
GCTGAATAGGGCAGAG-1,-0.029860404526622975,0.018477172446911716,G2M
GCTGAATCACGTTCGG-1,0.024122367949053924,0.334655563526222,G2M
GCTGAATGTACATACC-1,0.08828165195854254,-0.05215091834243024,S
GCTGAATGTCCACATA-1,0.08109926574364101,0.030898336073292954,S
GCTGAATGTCTGCATA-1,0.0005721277670488467,-0.12997967729376947,S
GCTGAATGTGATTAGA-1,0.09565992677460433,-0.059209378615900254,S
GCTGAATTCAATCTTC-1,0.052680911220852444,0.07449061296677117,G2M
GCTGAATTCCCGAGAC-1,-0.06567649154789551,0.11004985172618026,G2M
GCTGAATTCTAAGGAA-1,0.12625597041305003,-0.051160030834409786,S
GCTGCAGAGCATATGA-1,0.08968380297012757,0.012435141134368444,S
GCTGCAGAGTATTGCC-1,0.17530906766263638,0.23128065389485936,G2M
GCTGCAGCAACACGTT-1,0.07787240295495562,0.031443761786885294,S
GCTGCAGCAACCTATG-1,0.22624967827713893,0.07511568027820925,S
GCTGCAGCACAATGAA-1,0.03961267923586631,0.08007699450685962,G2M
GCTGCAGCACCAGGTC-1,0.12425483675035698,0.2662360800572885,G2M
GCTGCAGCACGCGGTT-1,0.06438637970517946,0.16007363042525774,G2M
GCTGCAGCACTAGTAC-1,-0.04656395792994483,0.02774939687096062,G2M
GCTGCAGCATACCACA-1,0.06003319143676694,-0.03319612990791665,S
GCTGCAGCATTCCTCG-1,0.005479260491592974,0.16834166025206343,G2M
GCTGCAGGTATAGGGC-1,0.024775634671023394,-0.03598361368309788,S
GCTGCAGTCACTGAAC-1,0.1667831994010448,-0.02635322717116584,S
GCTGCAGTCATTCACT-1,0.0020989151202990275,0.1081761786131265,G2M
GCTGCAGTCGATACTG-1,0.06389930380524222,0.017662642238897353,S
GCTGGGTAGCAACTCT-1,0.18317615664321185,0.052561905277580756,S
GCTGGGTCACTGCGTG-1,0.03135893772054538,0.21479332206096646,G2M
GCTGGGTCAGTCAGAG-1,0.22878220987056141,0.09626075426583253,S
GCTGGGTCAGTTCCAA-1,-0.013525705035940527,0.23049635773183752,G2M
GCTGGGTGTCACAGAG-1,0.04759046941225109,0.12279582342067208,G2M
GCTGGGTTCACCACAA-1,0.11748050747755756,-0.06844468605764698,S
GCTGGGTTCCGGCTTT-1,0.11315707714080903,-0.05538869470840774,S
GCTGGGTTCGGTAACT-1,0.10881785875480199,0.045169942958293074,S
GCTGGGTTCGTCTACC-1,0.011700322260382479,0.24685939555527303,G2M
GCTGGGTTCTACTTCA-1,0.06366104018564256,0.14360858636818263,G2M
GCTTCACAGACATCAA-1,0.08321939151032975,-0.1758599942723852,S
GCTTCACAGGCCTGCT-1,0.12657849406245503,0.12175059001638,S
GCTTCACCAACTAGAA-1,-0.004989790767087998,-0.07939995245407519,G1
GCTTCACCATAGCTGT-1,0.10787997803072047,-0.002875134775360333,S
GCTTCACCATGGCACC-1,0.0639163573160394,-0.007849509385790154,S
GCTTCACCATGTGACT-1,0.0011956848436219247,-0.03914627986153063,S
GCTTCACGTAGTCGGA-1,-0.005334652399417772,-0.07456236920995646,G1
GCTTCACGTTATTCCT-1,0.025550453818848073,0.11161012638124485,G2M
GCTTCACGTTCAATCG-1,-0.0692808819164093,-0.12826416166382093,G1
GCTTCACTCGGCACTG-1,0.0008350739224392001,-0.07279787741820498,S
GCTTCACTCGGTTAGT-1,0.13911257251467446,0.036136681726426756,S
GCTTCACTCTTCGATT-1,0.1576707399107269,-0.003936877160766128,S
GCTTCACTCTTGCAGA-1,-0.05552580741892349,-0.09846032689380357,G1
GCTTGGGAGAACAGGA-1,0.0626429739551283,0.27933608683341266,G2M
GCTTGGGAGACTCATC-1,0.06464656968369581,0.1399592089354616,G2M
GCTTGGGAGAGAGAAC-1,-0.0324868017091583,-0.04654291142529404,G1
GCTTGGGAGCTTTCTT-1,0.06934909698609182,0.05899313801507938,S
GCTTGGGAGGTGCCAA-1,0.04975782366529613,0.0029728970488016593,S
GCTTGGGCACGACGCT-1,0.06708216614310869,-0.11405275599050752,S
GCTTGGGCAGCAGGAT-1,0.08103373405189329,0.045208020104014424,S
GCTTGGGCATTGACCA-1,0.0805439360546758,-0.006327810966314296,S
GCTTGGGGTCCCTGTT-1,0.11900951164678703,0.16535041876688322,G2M
GCTTGGGTCCAACTGA-1,0.08583597114206098,-0.022300048469861,S
GCTTGGGTCGCCACTT-1,-0.023325670482221672,0.03070057999451231,G2M
GCTTGGGTCTCCGTGT-1,0.016127972387999068,0.03532597969375689,G2M
GCTTTCGAGAAACCCG-1,0.01166560607631606,-0.30727550978879714,S
GCTTTCGAGAATAGTC-1,0.2511703851797675,0.11083536430895052,S
GCTTTCGAGAGCGACT-1,-0.1490632228963411,-0.02910045621188545,G1
GCTTTCGAGCCGGATA-1,-0.04943784058801026,0.11117528741022986,G2M
GCTTTCGAGCCTTCTC-1,-0.01622718596867495,-0.1045134013946929,G1
GCTTTCGAGTGCAACG-1,0.16649680336466122,-0.0560924480157321,S
GCTTTCGCACACCGAC-1,0.04049205728704608,0.010792251500062189,S
GCTTTCGCACGACGAA-1,-0.014120408111277294,0.12625064234858335,G2M
GCTTTCGCAGACCTAT-1,0.061104424132768675,0.020923290349530332,S
GCTTTCGCATCGATGT-1,0.4022759171555436,0.042438854796007175,S
GCTTTCGGTTCGGTCG-1,-0.014063254456508467,0.1348563865372197,G2M
GCTTTCGTCAAAGACA-1,0.05809148884901505,0.02709656900415941,S
GCTTTCGTCCCTCAAC-1,-0.002533530084457558,-0.06686394285798702,G1
GCTTTCGTCTCTTAAC-1,0.05812539471888717,-0.034467379529696474,S
GGAACCCAGTGACACG-1,-0.0008908021879374672,0.3366527320504293,G2M
GGAACCCCAACACAAA-1,0.055212449537828334,-0.009321612145312297,S
GGAACCCCACATCCCT-1,0.06868047810518518,-0.0006304135132428057,S
GGAACCCCAGTATACC-1,0.03729205558244231,0.1499338595078597,G2M
GGAACCCCAGTGGTGA-1,0.03987669117922438,0.017332557117386516,S
GGAACCCGTATGAAAC-1,0.11390374465550507,-0.10175450160221874,S
GGAACCCTCGTCCTTG-1,0.10922504206857309,0.04467237595965007,S
GGAACCCTCTTAGCTT-1,-0.03937299227998364,0.09430622412213796,G2M
GGAAGTGAGCTACGTT-1,-0.11615003736874258,0.12327619714040833,G2M
GGAAGTGCAAGGATGC-1,0.11160719063896213,-0.08590185126790731,S
GGAAGTGCAGGGTCTC-1,-0.08836611190827759,-0.016127563448927795,G1
GGAAGTGCATGGAGAC-1,-0.02787959086272168,0.19396622516117262,G2M
GGAAGTGGTAGTAAGT-1,0.0012381503577535424,-0.034095411201038595,S
GGAAGTGGTCCTACAA-1,-0.0777948341043615,0.0028699950935006102,G2M
GGAAGTGGTCGTGCCA-1,-0.010832447755519725,0.08600587632962131,G2M
GGAAGTGTCCAAGAGG-1,0.07979278378863047,-0.010558194266898135,S
GGAAGTGTCCTACCAC-1,0.15354573275253408,-0.12719681751743095,S
GGAAGTGTCTCTAGGA-1,0.02198214368040252,0.033421555865740415,G2M
GGAATCTAGCCAGTAG-1,0.09790948560629853,0.15874604357502942,G2M
GGAATCTAGCTGCCTG-1,0.19357400479092013,-0.03986483732720508,S
GGAATCTCAATATCCG-1,0.1203091751784166,-0.1729352054217821,S
GGAATCTCAGCGTGAA-1,0.05880057675470013,0.3187804754598996,G2M
GGAATCTGTAGCGAGT-1,0.04705083193908438,-0.16966252064651693,S
GGAATCTGTCTCAAGT-1,-0.01843271474546937,0.05092837784994364,G2M
GGAATCTGTTCAGGTT-1,-0.06458177550720312,0.08031534584977834,G2M
GGAATCTTCACTTGGA-1,0.028360374910060104,-0.046487464181841964,S
GGAATCTTCAGGACGA-1,-0.06688447222679783,0.21151868413627417,G2M
GGAATCTTCCGATAAC-1,0.026203643143186017,-0.14109894735940137,S
GGAATCTTCTCGCTCA-1,-0.023266871275795187,-0.11153534404719723,G1
GGAATCTTCTTTGATC-1,0.07158020512576746,0.18551740396231364,G2M
GGAATGGAGATGGGCT-1,0.04688621933071757,-0.07884781163466908,S
GGAATGGAGATTGAGT-1,0.013016766337581809,0.22234039853165927,G2M
GGAATGGAGCGGCTCT-1,-0.008900869804452816,0.2529923470577537,G2M
GGAATGGAGCTGCCAC-1,0.12504923199692686,0.041939445310058276,S
GGAATGGCAAGTGGCA-1,0.07474357056914904,0.13451878024675817,G2M
GGAATGGCACAGTCCG-1,-0.009465942028056284,0.23898233956705567,G2M
GGAATGGCATTAGGAA-1,-0.05600450988057387,0.10861508694616018,G2M
GGAATGGGTATCTCGA-1,-0.03104613858054761,0.0923519555827107,G2M
GGAATGGGTCGTACTA-1,-0.004888722558500147,0.12757002838925313,G2M
GGAATGGGTGCGAGTA-1,-0.044901722052807014,0.15153221121611882,G2M
GGAATGGGTGCGCTCA-1,-0.010941449570337103,0.05938951051820046,G2M
GGAATGGGTGTCTTCC-1,-0.0359350705848398,0.3122022987233224,G2M
GGAATGGGTGTGACCC-1,0.023570897096587107,-0.021655579941966874,S
GGAATGGGTTACACTG-1,0.04205696726451991,0.031480699865310935,S
GGAATGGTCACTTGTT-1,-0.02977909632340714,0.12669654814855652,G2M
GGAATGGTCAGCTGTA-1,-0.05963861576602841,-0.08597592856272479,G1
GGACGTCAGAAGAACG-1,0.10217966193816963,-0.023757697516504583,S
GGACGTCAGATCGGTG-1,-0.035594195115297544,0.0055693600835553525,G2M
GGACGTCAGTAGCTCT-1,0.10790404922787222,0.08350959980280792,S
GGACGTCCAACGACAG-1,0.047788393139990615,0.13509562373226858,G2M
GGACGTCCACACAGCC-1,0.0024416896444043323,0.44925449016404867,G2M
GGACGTCCAGTTGCGC-1,0.21370938276265805,-0.0033939405121573007,S
GGACGTCCATCACCAA-1,0.02018642485073746,-0.017294066931774876,S
GGACGTCCATCTGCGG-1,0.08871579604947172,0.02014651893316427,S
GGACGTCCATGAAGCG-1,0.2886726355251397,0.004482356324039649,S
GGACGTCGTTCTCAGA-1,0.16544325128504012,-0.04443769281313986,S
GGACGTCGTTGTTGTG-1,-0.020737572234482693,0.16898930356147923,G2M
GGACGTCTCCCAACTC-1,-0.039903931367990864,0.2746281245559698,G2M
GGACGTCTCGCCTTTG-1,-0.015489436878346141,0.047513193757393435,G2M
GGACGTCTCGGCGATC-1,0.1426488761662888,0.06103830456884057,S
GGACGTCTCTGTCTCG-1,0.053630924074985376,0.14814944239669106,G2M
GGAGAACAGCAGCACA-1,-0.09332033552795099,0.0010352265321669774,G2M
GGAGAACCAGGCAATG-1,-0.01343166999323353,0.2743449931133765,G2M
GGAGAACCAGTATACC-1,0.1455712671842221,-0.09221214620621604,S
GGAGAACCATACCGTA-1,0.06511184971260642,0.08797901057089785,G2M
GGAGAACCATGACGGA-1,0.1266842037474632,-0.014648713970249083,S
GGAGAACGTATCGCGC-1,0.08895052725759678,0.15417479685355945,G2M
GGAGAACGTATGATCC-1,0.08804201682006607,0.2527752056462942,G2M
GGAGAACGTATTGACC-1,0.03722583934251883,0.07222823708683734,G2M
GGAGAACTCCAGCCTT-1,0.027357953224972975,0.05149042650689545,G2M
GGAGAACTCGACGCTG-1,0.02243343604803527,-0.05920669268460699,S
GGAGATGAGCACGATG-1,0.15233438184817533,-0.2783692643889241,S
GGAGATGAGTAGCATA-1,0.10404278753525065,0.10431608054682706,G2M
GGAGATGAGTATGAAC-1,0.0028263818634376436,-0.07626988018728359,S
GGAGATGAGTTGTCGT-1,0.06331859311305493,0.1051223099545926,G2M
GGAGATGCAAAGCACG-1,0.09226792224053554,0.023406802549664762,S
GGAGATGCACGGAAGT-1,0.1181899068625169,-0.060093726321020224,S
GGAGATGCACGTACTA-1,0.0006403882898760593,0.003752875507720299,G2M
GGAGATGCATCCCGTT-1,0.032470155059437955,-0.1985641955512025,S
GGAGATGGTACCTATG-1,0.06948903781632276,0.11822230143294304,G2M
GGAGATGGTGAATTAG-1,0.15733625810143714,0.04921086690916343,S
GGAGATGGTGAATTGA-1,-0.016648800142680775,0.004500999653008986,G2M
GGAGATGGTGCCTTCT-1,0.016149463020833754,0.017523741907931656,G2M
GGAGATGGTGGCATCC-1,0.2082013771602894,-0.12436509313583682,S
GGAGATGGTTCGGGTC-1,-0.028085430725766414,0.011834463100569681,G2M
GGAGCAACAATAGTCC-1,0.03348562783287318,0.17206629520592798,G2M
GGAGCAAGTACGTGAG-1,0.05640025986020292,0.015917830323653237,S
GGAGCAAGTGGCTCTG-1,-0.010412169173108055,0.275233284066409,G2M
GGAGCAAGTGGGACAT-1,0.10369451868262836,0.1364314986448818,G2M
GGAGCAAGTGTCACAT-1,0.020890550767582672,0.1140257809881613,G2M
GGAGCAATCTGGCCGA-1,0.04561603037740736,0.08963725044164378,G2M
GGAGGATAGAGGGTCT-1,0.04167684906073521,0.05316498040466716,G2M
GGAGGATAGCATCCCG-1,0.03682716340394365,-0.08668900254758066,S
GGAGGATAGCGCAATG-1,0.074253538449229,0.013504395713619832,S
GGAGGATAGTTCAACC-1,0.2469916909594988,-0.009519082192735284,S
GGAGGATCAGTCACGC-1,0.10434352956136284,0.100659295691505,S
GGAGGATCATAAGATG-1,0.03046410851536785,-0.14186503911002182,S
GGAGGATCATGGCTAT-1,0.03445999531962196,0.08218794127168488,G2M
GGAGGATGTACCCACG-1,0.07066890106486945,-0.05378165920039574,S
GGAGGATGTATCGAAA-1,0.09778968799209947,-0.04887313209889735,S
GGAGGATGTGCTAGCC-1,0.021358820315934557,-0.042525944805851534,S
GGAGGATTCACGTAGT-1,0.05635623226888831,0.08987995378528746,G2M
GGAGGATTCCACACCT-1,0.03143689902024366,0.1009888061903908,G2M
GGAGGATTCTGAATGC-1,0.08119874066963467,0.10369309404103666,G2M
GGAGGTAAGTAGGGTC-1,0.1220159346897261,-0.01279496682430048,S
GGAGGTACAGGGTTGA-1,0.03215849857126257,-0.03247214497101458,S
GGAGGTACAGTAACGG-1,0.06421890018178916,0.1858204363897606,G2M
GGAGGTACATCGATGT-1,0.019612571999292394,0.04266432677052129,G2M
GGAGGTACATGTTTGG-1,0.027681045100277968,-0.10316433867539684,S
GGAGGTACATTCCTAT-1,-0.014632171186757081,-0.012394384380022383,G1
GGAGGTAGTAAGTTAG-1,0.03590480819306985,-0.01409230436260489,S
GGAGGTAGTACCAGAG-1,0.06655899605278748,0.18392312318902979,G2M
GGAGGTAGTACTCCGG-1,-0.013189160220500318,-0.011593728142442195,G1
GGAGGTAGTAGGACCA-1,0.12647019317865427,0.21294663378894801,G2M
GGAGGTAGTCGGCCTA-1,0.02792249479234904,0.029022478802092078,G2M
GGAGGTAGTCTGTGCG-1,-0.07220784682641207,0.2773261617547825,G2M
GGAGGTATCTATCCAT-1,0.021460927213054093,0.052171901336351134,G2M
GGATCTAAGAACAGGA-1,0.07063098480695645,0.017552008770257088,S
GGATCTAAGATGTTAG-1,-0.03332522516293929,0.03904863892164123,G2M
GGATCTAAGCCATTGT-1,0.07447362191951223,-0.02798111681402904,S
GGATCTAAGCGCCTAC-1,0.09381717646327026,-0.059853754524410385,S
GGATCTAAGTCGCGAA-1,0.26339327029780724,0.056308254526802715,S
GGATCTACAAATCAGA-1,6.132216391241396e-05,0.1127526620771293,G2M
GGATCTACAGTCGTTA-1,0.3401245291445084,0.10274779420709984,S
GGATCTAGTAGGTAGC-1,0.10605377828928841,-0.0891844745071079,S
GGATCTAGTGACTGAG-1,-0.005683183377493239,-0.060494508870047925,G1
GGATCTATCATTTGCT-1,0.0683888993016783,0.21781036462941417,G2M
GGATCTATCCGAGAAG-1,0.03513493124328482,-0.019811842536476,S
GGATCTATCGGTCACG-1,0.008894186098116319,0.029551788650344413,G2M
GGATCTATCTTCCCGA-1,-0.019756279897477358,0.13081819215947682,G2M
GGATGTTAGATAGTGT-1,-0.019968334215489547,-0.08398817011241419,G1
GGATGTTAGCGCCTCA-1,-0.0515719915856494,0.3181529956340312,G2M
GGATGTTAGTCCTGCG-1,-0.020148038458670692,0.07208131443062046,G2M
GGATGTTCAAAGCGTG-1,0.2122892262288793,-0.014515201570700798,S
GGATGTTCACAAGTTC-1,0.036803491348635475,-0.03080817287641599,S
GGATGTTCACTGTGTA-1,0.09109217523206897,0.2183203744855921,G2M
GGATGTTCAGAGAAAG-1,0.33335947604969063,-0.027807351376344824,S
GGATGTTCAGGAGACT-1,0.06197607227514562,0.007948576472970703,S
GGATGTTGTAAGGCTG-1,0.024226423788334506,0.22948219867061198,G2M
GGATGTTGTACAGAAT-1,-0.029147516089286618,-0.01753388186451965,G1
GGATGTTGTACCAGAG-1,0.007063219401663545,0.02228069764969981,G2M
GGATGTTGTCACAATC-1,-0.029016947270496918,0.16957268795557356,G2M
GGATGTTGTCGTGGAA-1,0.0014196671836612662,0.0882901272549057,G2M
GGATGTTGTGCTGCAC-1,0.05431044941130381,0.022244942064508277,S
GGATGTTTCATGAGAA-1,0.02609997359404681,-0.142897322409127,S
GGATGTTTCGCCACTT-1,0.10657415586485564,0.008046930208925107,S
GGATGTTTCGGCCAAC-1,0.06857540989667349,0.033066078814724315,S
GGATGTTTCTAGTGAC-1,0.017076317477148772,-0.1503057162182856,S
GGATGTTTCTCAGGCG-1,-0.00019884038668999127,-0.20021511847519255,G1
GGATGTTTCTCGGTAA-1,0.10161092944302563,0.08130276514277071,S
GGCACGTAGCGTGCCT-1,0.18298588435909008,0.1435012877216847,S
GGCACGTAGGTCTGGA-1,-0.05805761044811669,-0.053122109041528254,G1
GGCACGTAGTGTAGTA-1,0.015262672144781608,0.13138445609330104,G2M
GGCACGTCAATAACGA-1,0.003286208500403398,-0.0743756528189225,S
GGCACGTGTACTTGTG-1,0.01667846757865271,-0.1418254300125481,S
GGCACGTGTCCGGTGT-1,0.048435004404732473,0.005419150904215686,S
GGCACGTGTGGTTCTA-1,0.018109094390103775,-0.0027584332412182166,S
GGCACGTGTTTCGATG-1,-0.04394844856169411,0.06586149220694693,G2M
GGCACGTTCCCGTGTT-1,-0.0013226807249622774,0.061678476704650875,G2M
GGCACGTTCGTCCTCA-1,-0.03698064208587576,-0.1465532683851201,G1
GGCAGTCAGAACTCCT-1,-0.03674131325314489,-0.11840985802952425,G1
GGCAGTCAGAGAGCCT-1,0.09791993625740975,0.12693990211021716,G2M
GGCAGTCAGCACCGTC-1,-0.03762881600263723,0.03331687869015859,G2M
GGCAGTCAGGTTAAAC-1,0.038877988399002805,-0.057118067129637295,S
GGCAGTCAGTAGTGCG-1,0.1329422746410776,-0.05327670127977463,S
GGCAGTCCACATATCG-1,-0.019017860999423652,-0.06570008163375657,G1
GGCAGTCCATCCGGCA-1,0.026717260969757073,0.07992976913360855,G2M
GGCAGTCGTAGGACCA-1,0.24523420590280454,0.07873206093735313,S
GGCAGTCGTCCTTAAG-1,-0.03741553802191322,0.02315409597328566,G2M
GGCGTCAAGAAACCCG-1,-0.04443878963571385,0.12110722138607882,G2M
GGCGTCAAGAGCCTGA-1,0.06939086111754966,-0.1200740030876612,S
GGCGTCAAGTAAACGT-1,-0.08601960201139014,0.3124480845992113,G2M
GGCGTCACAAACACGG-1,0.0403437085693969,0.22641906637735398,G2M
GGCGTCACAACTACGT-1,0.026546057203733542,-0.0022735038691444887,S
GGCGTCACAGTTGCGC-1,-0.025528313949223946,0.05237322022344998,G2M
GGCGTCACATGACACT-1,-0.005683265086398603,0.011547245332700518,G2M
GGCGTCAGTCCCGTGA-1,-0.014043818823172849,0.014830662791600446,G2M
GGCGTCAGTCGAGCAA-1,-0.03646305250848986,0.058498676032707864,G2M
GGCGTCAGTCGCGTTG-1,0.1848932153362095,-0.08882970440754362,S
GGCGTCAGTGGCTTGC-1,-0.00525337581221047,-0.014991930194900499,G1
GGCGTCATCCATTTGT-1,0.10858762231660535,-0.18540311488091749,S
GGCGTCATCGAGTCCG-1,0.023989963471957476,0.04477630897256235,G2M
GGCGTCATCGGTCACG-1,0.04561816256923895,0.06663521890371005,G2M
GGCTGTGAGAGCAGTC-1,0.07175541960830989,0.042589496939353655,S
GGCTGTGAGATTGTGA-1,0.13235175941402738,0.1715415459756212,G2M
GGCTGTGAGCAGCCCT-1,-0.04510554426019675,0.04472551425706717,G2M
GGCTGTGAGCCAGTAG-1,-0.03273299901710702,0.147725010661512,G2M
GGCTGTGAGTGATGGC-1,-0.06890871752025185,-0.11553964626896657,G1
GGCTGTGCAACAGAGC-1,0.07626839867424068,0.11780439401319831,G2M
GGCTGTGCAACCCGCA-1,-0.03948262686663018,-0.03954013748467494,G1
GGCTGTGCAATTGCCA-1,0.04548151411517587,0.029135826268505638,S
GGCTGTGCACAAGCTT-1,0.001912419347874117,-0.06510096918522268,S
GGCTGTGGTACCCACG-1,0.06941523155816959,0.021110564831724188,S
GGCTGTGGTCAGTCTA-1,0.04867915086021718,0.16992424516797217,G2M
GGCTGTGGTGAGATAT-1,-0.09133131841313374,0.011662146201676105,G2M
GGCTGTGTCAAGGAGC-1,-0.07775162528554991,0.08843277353568213,G2M
GGCTGTGTCAGGAGAC-1,0.05592745440005176,0.03640635593955033,S
GGCTGTGTCGGTAGGA-1,0.03837982484697078,0.12007428982839141,G2M
GGCTGTGTCTAAGCCA-1,0.09986872362314997,0.12196514974347195,G2M
GGCTTGGAGACCAGAC-1,-0.03427077605388518,-0.09712086042786183,G1
GGCTTGGAGTTGTACC-1,0.16283240425156337,-0.07445215899000301,S
GGCTTGGCATCAGTGT-1,0.05598077340251584,0.14316642389642614,G2M
GGCTTGGCATGTACGT-1,0.053884978330607736,-0.0442729376408027,S
GGCTTGGGTACGAGCA-1,0.012290913283733829,-0.1160979981849744,S
GGCTTGGGTCGCATGC-1,-0.051619118161702726,0.023291360491101865,G2M
GGCTTGGTCTGACGCG-1,0.027209547475329054,-0.18424340271517203,S
GGCTTTCAGCGATCGA-1,0.16421340698652126,-0.00620120551159678,S
GGCTTTCCAAACCATC-1,0.09097069301838856,-0.13985264489052462,S
GGCTTTCCAAGTGGAC-1,0.15289905172727458,0.05315210433638706,S
GGCTTTCCACAAATGA-1,-0.025892449275229823,0.18384233780501863,G2M
GGCTTTCCACAACATC-1,-0.01831210451772991,-0.11602586848797264,G1
GGCTTTCCAGAACCGA-1,0.021304164490083766,-0.14008767828203134,S
GGCTTTCCATTGACTG-1,0.11333676598658338,0.0027406239493390494,S
GGCTTTCGTAGAGACC-1,0.09592414639818497,-0.06202717758212764,S
GGCTTTCGTATGAGCG-1,0.31701952986185195,-0.1250016108925826,S
GGCTTTCGTCTACACA-1,0.1919752586630321,0.1239364122897979,S
GGCTTTCGTGACTAAA-1,0.03680438246842055,0.14848332824391203,G2M
GGCTTTCGTTGGACTT-1,0.05244865735282944,0.08339620317379104,G2M
GGCTTTCTCGGCATTA-1,0.06907745897404244,0.0071705804636506,S
GGCTTTCTCTGCCTGT-1,-0.0442019193582488,0.19091484294602795,G2M
GGGAAGTAGACTTCGT-1,0.0512640657043687,0.12837946912664897,G2M
GGGAAGTAGCCTGAAG-1,0.16316974694009334,-0.09599191970309512,S
GGGAAGTAGTGGGAAA-1,-0.013118829423946543,0.008551472067112043,G2M
GGGAAGTCAAATCAGA-1,0.003184238989212107,-0.06776707021497919,S
GGGAAGTCATTGCCTC-1,0.028603976009926424,-0.04112142199729141,S
GGGAAGTGTCGATTCA-1,0.05287403925174533,0.1969407795510391,G2M
GGGAAGTGTCGTTATG-1,0.12736561721645073,0.017694092796165017,S
GGGAAGTTCATAGGCT-1,0.1189990397267246,-0.043315339723019985,S
GGGAAGTTCCCATAAG-1,-0.025034847427455875,-0.04659043312658756,G1
GGGAAGTTCCCTCTAG-1,-0.01009352692253479,0.13126495753395262,G2M
GGGAAGTTCCTCTTTC-1,0.02280604967893296,0.004629294925718175,S
GGGACAAAGAGTCAAT-1,0.030343768994569476,-0.11090601482535078,S
GGGACAAAGGTGCCTC-1,0.0011342760025742638,0.17765948450205643,G2M
GGGACAAAGGTTGAGC-1,-0.020812966314282977,0.22207528265415205,G2M
GGGACAACAACCTATG-1,0.10584159726088332,0.023591764107168678,S
GGGACAACACCATTCC-1,-0.1140195220273229,-0.115842027276497,G1
GGGACAACACCTAAAC-1,-0.07465091160295123,-0.022880334170352512,G1
GGGACAACAGACACAG-1,0.18070963652473254,-0.11879740729491889,S
GGGACAACAGACGCTC-1,0.02798633724486349,-0.059188836419926616,S
GGGACAAGTCGTTCAA-1,0.12462876470389772,-0.04992665496889828,S
GGGACAAGTCTACGAT-1,0.05585093224464088,0.09106567352340322,G2M
GGGACAAGTGCAACAG-1,0.02194205088612644,-0.006759365233901249,S
GGGACAAGTTGGGAAC-1,0.013636108877029929,0.09866346923851815,G2M
GGGACAATCGCAGAGA-1,-0.09271329145160734,-0.18189074859663557,G1
GGGACAATCTAGGCAT-1,0.0531553451107451,0.1931558027138227,G2M
GGGACAATCTCCTGAC-1,0.07753720851262014,-0.030938227053836836,S
GGGACCTAGAATCTAG-1,-0.09613363218238724,0.0720052075746131,G2M
GGGACCTAGAGTCCGA-1,0.08093394579893654,0.14840496749534965,G2M
GGGACCTAGATACATG-1,-0.03318798643388965,-0.048682226030088094,G1
GGGACCTCAAGCGCTC-1,-0.03884508976589285,-0.026821384816693883,G1
GGGACCTCACAACCGC-1,0.12675463489404937,0.05058908840342413,S
GGGACCTCAGACCTAT-1,0.010356636146727882,-0.060468829089490084,S
GGGACCTCATCAGCTA-1,0.003908248254922475,-0.0757727731704897,S
GGGACCTTCACCATGA-1,0.06139639008867159,0.006251309976737812,S
GGGACCTTCGAATCCA-1,0.09314471007835656,-0.054212566504776544,S
GGGACCTTCGCTAATG-1,0.05329041284649805,0.09186938888393376,G2M
GGGACCTTCTGCGGAC-1,0.025047069314123926,0.05681805539565271,G2M
GGGACTCAGAACTTCC-1,0.0010657015368876754,-0.033390701366486364,S
GGGACTCCAAGAGGTC-1,0.005212040590916067,0.10784624566745332,G2M
GGGACTCCACGCTGAC-1,0.05779595705899987,0.02340875764215583,S
GGGACTCCAGCAGTCC-1,-0.019423899074608064,0.012663803774181415,G2M
GGGACTCGTAGCCCTG-1,0.09167566258994625,0.14032933332722608,G2M
GGGACTCGTCGAGTTT-1,0.07636312988503302,-0.0638576712176083,S
GGGACTCGTGGGAGAG-1,-0.006278876608735495,-0.0623692217999221,G1
GGGACTCGTTTAGAGA-1,0.12179758931978024,-0.04000041813380212,S
GGGACTCTCATGGATC-1,0.3304322496711908,0.004795325087304292,S
GGGACTCTCCGACGGT-1,0.12561408323694823,0.03115078141551203,S
GGGACTCTCCGAGATT-1,-0.04603505618574344,0.05818332636835566,G2M
GGGACTCTCGGACAAG-1,0.09860925947691124,0.05879670864806086,S
GGGACTCTCGGCTATA-1,0.004073289896631804,0.1325465417271432,G2M
GGGAGATAGGAAGTAG-1,0.05169895351057535,-0.007681390893038709,S
GGGAGATAGTATAACG-1,0.17707219038744,0.24555703569000614,G2M
GGGAGATAGTATGCAA-1,0.12649195119259016,-0.15700925556570366,S
GGGAGATCAAGAGCTG-1,0.05592901820174445,-0.02864738275724049,S
GGGAGATCAAGTGCAG-1,0.09261504371946416,-0.01611750238690668,S
GGGAGATCACGTAGAG-1,0.026838164651539875,-0.05226409151908715,S
GGGAGATCAGAATGTA-1,0.017434150788267266,-0.028895803582124346,S
GGGAGATCATAGGTTC-1,0.0010212975508316902,0.19391530297451054,G2M
GGGAGATGTACAGTTC-1,-0.002256091971922225,0.18175762693800485,G2M
GGGAGATGTGCTGATT-1,0.021491697144411348,-0.1438846895323931,S
GGGAGATGTTCTGACA-1,0.01987714054864076,-0.028731968651065865,S
GGGAGATTCGAACACT-1,0.02968632932900328,0.1234734857735067,G2M
GGGAGATTCGAGGCAA-1,-0.1102231328942595,-0.027435041808637872,G1
GGGAGATTCGGAATTC-1,-0.021329719052875118,-0.1242976928103468,G1
GGGAGATTCTGGAGAG-1,-0.0284033577770596,0.06164873024535317,G2M
GGGAGATTCTGGCCGA-1,-0.003376621662437407,0.1138448111009584,G2M
GGGAGATTCTTTGCAT-1,0.10827371218185361,0.18601776076906812,G2M
GGGAGTAAGACCGTTT-1,0.08284892366204122,-0.12329009359486875,S
GGGAGTAAGATTTGCC-1,0.016967557216849005,-0.12912708499106917,S
GGGAGTAAGCCATTCA-1,0.02301256992258871,-0.022804903593143827,S
GGGAGTAAGCCTCAGC-1,0.01101709275964935,-0.005388936413232348,S
GGGAGTAAGGAACGCT-1,-0.06291312942273314,-0.1489958935376724,G1
GGGAGTAAGTTGTAGA-1,0.009967403294023736,0.2841162816206167,G2M
GGGAGTACACACGTGC-1,-0.05808039955453026,0.031448837440159805,G2M
GGGAGTACAGCGTATT-1,0.05032409951445277,-0.05374838663509979,S
GGGAGTATCACCATAG-1,0.039701803614422826,0.13796768658512998,G2M
GGGAGTATCATTTCGT-1,-0.02186597168331389,-0.0657061414952104,G1
GGGAGTATCGCCAGAC-1,-0.02231781774169439,0.007994826423455281,G2M
GGGAGTATCGTTGTGA-1,-0.008408707956286177,-0.008591315458009119,G1
GGGAGTATCTGCTTTA-1,-0.04424415830467199,0.039606049423141276,G2M
GGGATCCAGATTAGCA-1,-0.015629134922266974,0.2476955450335625,G2M
GGGATCCAGCCGGATA-1,0.0959034610702551,-0.01666466868489308,S
GGGATCCAGGAATTAC-1,0.14868624079531034,0.028929865247300124,S
GGGATCCAGGCAATGC-1,-0.08160163381421859,-0.10406208726113048,G1
GGGATCCAGGTCGTCC-1,-0.021234973389050338,0.033239339703456605,G2M
GGGATCCAGTTCGGTT-1,0.08684021066552283,-0.0502631148361789,S
GGGATCCCACGGCTAC-1,-0.0884343330753331,-0.07834433716630601,G1
GGGATCCCAGACATCT-1,0.09627289351479185,0.10253870374253266,G2M
GGGATCCCAGCACCCA-1,0.02970269414458987,0.10347781022960312,G2M
GGGATCCCATTGCTTT-1,-0.01161030039777955,-0.09934995467486779,G1
GGGATCCGTAGTGCGA-1,0.05653277565028553,0.25297991940546566,G2M
GGGATCCGTCGAACAG-1,0.019249433686170603,-0.022794952360502163,S
GGGATCCTCAGAGTGG-1,0.045912512700667985,0.20622036238929703,G2M
GGGATCCTCCACGTGG-1,0.14159153538022468,-0.008910929438467996,S
GGGATCCTCGACCATA-1,0.05251113436331045,-0.011863648754586342,S
GGGATCCTCTTCCACG-1,0.023822025311143857,-0.11925871335751895,S
GGGATGAAGACGGTCA-1,-0.052173487175664,-0.055227568439407015,G1
GGGATGAAGCCATTGT-1,0.11446107247621362,-0.08551804739716237,S
GGGATGAAGGTGATAT-1,0.36334395595965485,0.03434207312121074,S
GGGATGAAGTCGGCAA-1,0.016673328006387933,0.1090490982027536,G2M
GGGATGACAACAGATA-1,0.049876902159008696,0.36426107197443836,G2M
GGGATGACAGCCGTCA-1,0.061880423214669966,0.08804595199401882,G2M
GGGATGAGTACTCCCT-1,0.022268256034963574,-0.14232302120696422,S
GGGATGATCAAGTAAG-1,0.012043361209286951,-0.0033661145711484375,S
GGGATGATCATTTGCT-1,-0.018794733194930913,0.004308989307002242,G2M
GGGATGATCCAGCCTT-1,0.11127709047998569,-0.05144609067492542,S
GGGATGATCCTCTAAT-1,0.04726664971179234,0.007441535433530544,S
GGGATGATCGTTCGCT-1,0.10340054096314477,0.1823263467196709,G2M
GGGCCATAGCAACTTC-1,-0.029835676127090094,0.06467391449869775,G2M
GGGCCATAGCCGGAAT-1,-0.035104268601058086,-0.06363279045886894,G1
GGGCCATAGGCCACCT-1,0.0756422236689766,0.1981268072493777,G2M
GGGCCATCAAATTGGA-1,0.10614889693989515,0.11394462426303031,G2M
GGGCCATCACATAACC-1,0.028454568730825858,-0.044043387236637865,S
GGGCCATCACCGAATT-1,0.2097034989354264,0.20085999663490428,S
GGGCCATCACGTTCGG-1,-0.026035945305097452,-0.012289528658448567,G1
GGGCCATCAGAGTCAG-1,-0.0945258600946427,-0.12382705242250375,G1
GGGCCATCAGGATTCT-1,0.11052840253810126,0.08642404655648256,S
GGGCCATCAGTGTGCC-1,0.04599576578112957,0.05178895697842434,G2M
GGGCCATGTAGGGAGG-1,-0.0048669312861656655,0.09247200769940306,G2M
GGGCCATGTTTACCAG-1,0.035405507819700255,-0.12206279419938187,S
GGGCCATTCGGAGTGA-1,0.03611043567455047,-0.006041930180688382,S
GGGCCATTCGGCTTGG-1,0.039407128536120994,-0.08907919132687528,S
GGGCCATTCGTAATGC-1,0.07222256691153589,-0.016264257261089266,S
GGGCCATTCTATCGGA-1,0.0858587294126012,-0.0105827598390425,S
GGGCGTTAGCATCAGG-1,0.012194946872439494,0.05003376740509635,G2M
GGGCGTTAGCATTTGC-1,-0.00516263351520907,0.0474538626374289,G2M
GGGCGTTAGGACGCTA-1,0.25959181656758523,0.08935054012190141,S
GGGCGTTAGGCATGGT-1,-0.07501182519609162,0.20504087489016987,G2M
GGGCGTTAGGTAGTCG-1,0.06684152541026012,-0.004090551285851507,S
GGGCGTTCACGACGAA-1,0.07223477151204866,0.16323257961478604,G2M
GGGCGTTCACTACGGC-1,-0.06295179444627297,-0.0794500482833762,G1
GGGCGTTCATTGTCGA-1,0.009383151567813997,0.09639867803750579,G2M
GGGCGTTGTAAGTTAG-1,0.06359311598323919,0.11662021040596454,G2M
GGGCGTTGTAGGCAAC-1,0.025824680073388118,0.0388539055410716,G2M
GGGCGTTGTATGTCCA-1,-0.029434048813582636,-0.07888233652013399,G1
GGGCTACAGAGAGGGC-1,0.1556501738173588,0.15073835104535238,S
GGGCTACCACTGCATA-1,0.06033131598584546,0.37969440178800057,G2M
GGGCTACGTCGCTTGG-1,0.15510222966906106,-0.11870923447410783,S
GGGCTACGTGACTCGC-1,0.005395393773146462,-0.005009645694155185,S
GGGCTACTCCGAGGCT-1,0.06158306451207496,0.19478448904376805,G2M
GGGCTACTCTCAACGA-1,0.008333272980973305,-0.028955629967512775,S
GGGCTCAAGAAATTCG-1,0.162531020872134,-0.1601326339693058,S
GGGCTCAAGGGCTTCC-1,0.06625953833464004,0.12479478755191092,G2M
GGGCTCACAGCCGTTG-1,0.051152489525256695,-0.16810568155992084,S
GGGCTCACATCACAGT-1,0.15953928379366533,0.03549710962728497,S
GGGCTCACATGACTAC-1,-0.018856063858211924,-0.037001399118592404,G1
GGGCTCAGTTGCACGC-1,0.24547798955432565,0.0914700901264292,S
GGGCTCATCAAAGACA-1,0.06209539047568702,0.11797921197472461,G2M
GGGCTCATCACTGTCC-1,-0.09823858813649472,0.2799005619146657,G2M
GGGCTCATCGCACTCT-1,-0.032269140969507726,0.12286913880308448,G2M
GGGCTCATCGCTAAAC-1,0.2174730567997003,0.010315336619299065,S
GGGCTCATCTTGCAAG-1,-0.05335946200397079,0.06005300685499754,G2M
GGGTAGAAGATCGACG-1,-0.03245852324245768,0.1401956487351967,G2M
GGGTAGAAGCATGGGT-1,0.11678479930247088,0.011830805298011449,S
GGGTAGAAGGCACTCC-1,0.13129245806589263,-0.16120841459115945,S
GGGTAGACAATCTGCA-1,0.014069556019738583,-0.06912530257713362,S
GGGTAGACAGGACTTT-1,0.008579961815206372,0.10520209330358338,G2M
GGGTAGACAGTCAACT-1,0.021458257179538642,-0.032127744032484584,S
GGGTAGACATGGAATA-1,-0.0329436821857802,-0.0694518075878039,G1
GGGTAGAGTAGGCTGA-1,0.028795686452901426,-0.07386069569048431,S
GGGTAGAGTCAGGTAG-1,0.05272468071056974,-0.05423679625069289,S
GGGTAGAGTCTCAAGT-1,0.004762861034912413,-0.10777525607096394,S
GGGTAGAGTGAGCTCC-1,0.08229725835059165,0.25262703239707646,G2M
GGGTAGAGTTACTCAG-1,0.012333613249046027,-0.15922135974591278,S
GGGTAGAGTTCCAAAC-1,0.09340272044102843,0.1102385976938253,G2M
GGGTAGATCCGGACTG-1,0.02007791883241855,-0.07310644307507722,S
GGGTAGATCGCTGTCT-1,0.09412336564024504,0.026809503566339377,S
GGGTAGATCGTTCATT-1,-0.047851369067511085,0.19403804308892936,G2M
GGGTATTAGACCAGAC-1,0.10395317331385984,0.06813760255765672,S
GGGTATTAGAGCAGTC-1,-0.07514155840788006,0.16111796628819341,G2M
GGGTATTAGATGCTTC-1,-0.035649110520896865,-0.06458316446565066,G1
GGGTATTAGCACCGAA-1,-0.003251028710683612,-0.24760064069884186,G1
GGGTATTAGGTAAGAG-1,0.10986773808071804,0.033287805117008185,S
GGGTATTCACCAGCCA-1,0.06597087202248081,0.10108052741617263,G2M
GGGTATTCAGAGGCAT-1,0.07380276006756464,0.1966943491330635,G2M
GGGTATTCAGTACTAC-1,-0.07859771391743542,-0.023468184249836932,G1
GGGTATTCATAGCACT-1,-0.0038926887853003023,0.14541561923303542,G2M
GGGTATTCATATAGCC-1,0.18453468499475073,0.08445902423729718,S
GGGTATTGTGTTCATG-1,-0.02527513870076009,0.11296474396582967,G2M
GGGTATTGTTATGTGC-1,0.07860262821537406,-0.03449358011309078,S
GGGTATTTCAGCATTG-1,-0.045002805001845614,-0.20703517454206616,G1
GGGTATTTCCATCACC-1,0.04951285810883027,0.0545082547825716,G2M
GGGTATTTCGCTTGCT-1,0.011680037839865376,-0.14188027541505802,S
GGGTATTTCTACCTTA-1,0.07031300626673503,0.016127117407791935,S
GGGTCACAGGCAATGC-1,-0.037435343028772605,0.006502684258901159,G2M
GGGTCACGTAGGCTGA-1,-0.0032877984982174757,-0.009924282251502825,G1
GGGTCACGTCCCTAAA-1,0.08217668807399037,0.038244311711846835,S
GGGTCACGTCTTGCTC-1,0.0059399208057515085,0.08770142306000303,G2M
GGGTCACTCAACGCTA-1,0.15260604207355022,0.05159566683177208,S
GGGTCACTCGTAGCTA-1,0.08156552689531177,0.08757299945254299,G2M
GGGTCACTCGTTCGCT-1,-0.020538328764212965,0.25164492500926705,G2M
GGGTCTGAGATAGTGT-1,0.07089939240200299,0.21652340632215022,G2M
GGGTCTGAGCTAGCCC-1,0.08962936796361998,-0.0014439852972287781,S
GGGTCTGAGCTCGGCT-1,-0.031746964853648973,0.34108571826415063,G2M
GGGTCTGAGGTATAGT-1,0.04314996803409665,-0.0031655910140711008,S
GGGTCTGCAAATGGAT-1,0.013116898753374961,0.06056105495675074,G2M
GGGTCTGCACAAGTGG-1,-0.06899064658796905,0.018282100387202682,G2M
GGGTCTGCAGCTTCGG-1,0.01668633269721681,0.21221889630198604,G2M
GGGTCTGCAGTCAACT-1,0.08997810272124174,-0.019520188537599625,S
GGGTCTGCATGGAGAC-1,0.10086524370804573,-0.02140939098824618,S
GGGTCTGTCGGCTGTG-1,0.056574423746885816,0.07389364455057057,G2M
GGGTCTGTCTTTCCAA-1,-0.0382133652888656,0.041581146004846026,G2M
GGGTGAAGTGCATACT-1,-0.006611041908969606,-0.02131880318562185,G1
GGGTGAAGTTAGGGAC-1,0.11515907802651182,0.04907395726268654,S
GGGTGAATCGATACAC-1,0.026290380718392237,-0.07310846839545285,S
GGGTGTCAGAGGCCAT-1,0.22009399714127165,-0.04445785151613296,S
GGGTGTCAGGATAATC-1,0.042871501415847946,0.0964356977246194,G2M
GGGTGTCCAACCGGAA-1,0.08465066226186241,0.1558399978898744,G2M
GGGTGTCCACGTAGAG-1,-0.015154712364865708,0.13537198970359554,G2M
GGGTGTCCAGCCTATA-1,0.04365521427006969,-0.09600047268529305,S
GGGTGTCCAGTTGTTG-1,0.06236135054001102,0.12110277867819158,G2M
GGGTGTCGTACAGGTG-1,-0.03503280447324558,-0.09327879794329191,G1
GGGTGTCGTCCCGCAA-1,0.03886447563480977,0.41632093704246825,G2M
GGGTGTCTCACGTCCT-1,-0.04833458707532423,-0.026858148081044086,G1
GGGTGTCTCCAAGGGA-1,0.002423481328098387,-0.07478607790015432,S
GGGTGTCTCGATTCCC-1,0.0022100356182898073,-0.16832300140942436,S
GGGTTATAGTACAGCG-1,-0.05298584347671681,0.09367152840426274,G2M
GGGTTATAGTTCATGC-1,0.045123531962458274,0.16894783286990356,G2M
GGGTTATCAACGGTAG-1,0.25686210746634563,-0.15713334696547554,S
GGGTTATCAAGCTGTT-1,0.25273185127059083,-0.06437568618904199,S
GGGTTATCACCAGTAT-1,-0.02898520631707835,-0.12382908714977653,G1
GGGTTATGTACGAGTG-1,0.08734114841965968,-0.1052860253255305,S
GGGTTATGTTAACCTG-1,0.10506005084232595,-0.06319849184469961,S
GGGTTATGTTCTCCCA-1,0.030420565839717417,0.0876912811911934,G2M
GGGTTATTCGGCTCTT-1,-0.023256837750698645,-0.12112742400848672,G1
GGGTTTAAGACAGTCG-1,0.1036058878833439,-0.095731214025706,S
GGGTTTAAGATAGCAT-1,0.036722531208932374,-0.0021098739467591554,S
GGGTTTAAGCACACAG-1,0.005522443524880627,0.14338447737595866,G2M
GGGTTTAAGGAGCAAA-1,0.05519463740706387,0.10526461234388335,G2M
GGGTTTAAGGGTCTTT-1,-0.04173561743128845,-0.10741051393563628,G1
GGGTTTAAGTGCAACG-1,0.0462753058244596,0.09392942089508777,G2M
GGGTTTACAAATGGCG-1,0.07024916648310442,-0.05405418795958855,S
GGGTTTACAAGTGCAG-1,0.014087126924463345,0.15317570702470845,G2M
GGGTTTACACCCTGTT-1,0.0027039645139186885,0.1426321448624695,G2M
GGGTTTACACCTGAAT-1,0.018889966196945385,0.15808802331690225,G2M
GGGTTTACACGTCGTG-1,0.10344518662689761,-0.05740442436689283,S
GGGTTTACAGCATCTA-1,-0.01991660722276739,0.08357340990118772,G2M
GGGTTTACATGTCGTA-1,0.023221544307586994,0.4244527638195627,G2M
GGGTTTAGTATCATGC-1,-0.026396393178007294,-0.187704575215624,G1
GGGTTTAGTTACCTGA-1,-0.06534795330186305,-0.12343728946747351,G1
GGGTTTATCAGGAAGC-1,-0.07002739221331733,-0.1011228153049504,G1
GGGTTTATCATTACCT-1,0.18436607464474658,-0.07699996881252744,S
GGGTTTATCGCGCTGA-1,0.018239885260029065,0.017573592633588236,S
GGGTTTATCGTCGACG-1,0.22121966919611458,-0.07718774926241834,S
GGGTTTATCTTTCGAT-1,0.18046435447970266,0.4171614855559684,G2M
GGTAACTAGACATAGT-1,-0.11274689552080974,0.32505453017276037,G2M
GGTAACTAGACGAAGA-1,0.21203524013244435,-0.15977454044382383,S
GGTAACTAGCTAGTTC-1,0.09808101920530521,0.2641190232506106,G2M
GGTAACTAGGACAGCT-1,0.025469310552653612,-0.20765916053838837,S
GGTAACTCAATGTTGC-1,-0.07055596757355465,-0.12198863651414671,G1
GGTAACTCACCGTGCA-1,0.09472388803203141,0.00023108958843309768,S
GGTAACTCACGCGCTA-1,0.0652475543672234,0.22583659559344682,G2M
GGTAACTCACTGTGAT-1,0.07546158420783727,-0.07162622694387646,S
GGTAACTGTGCCCGTA-1,-0.0005828386138048147,0.16396970691226298,G2M
GGTAACTGTTACACAC-1,0.027941968036416964,0.1509914062320868,G2M
GGTAACTGTTTCAGAC-1,0.0038046285112618428,-0.024948198579962333,S
GGTAACTTCGCCGATG-1,0.03641108757450828,0.023956782003372923,S
GGTAACTTCGCTCATC-1,0.06471172120320523,-0.05113700441569152,S
GGTAATCAGTAGAGTT-1,0.021872601929854074,-0.1672714835809962,S
GGTAATCCAAGCGAAC-1,0.022812028964174114,0.11971961063646436,G2M
GGTAATCCAATGCAGG-1,0.3460879285320194,0.01784611593369645,S
GGTAATCCACAACGTT-1,0.1272652611481916,0.021566611575238342,S
GGTAATCCACGGAAGT-1,-0.005095802528687299,-0.014171855993503069,G1
GGTAATCCAGAACATA-1,0.08154494372404342,0.10059375962797468,G2M
GGTAATCGTAGGAGGG-1,0.06209339854396634,0.04683486064652925,S
GGTAATCGTCCAAGAG-1,-0.0022177603946236246,0.14731248969275484,G2M
GGTAATCGTGAGCCAA-1,0.12672789830313408,-0.009755636664088602,S
GGTAATCTCAGATGCT-1,0.12110575833490089,-0.03813515518774235,S
GGTAATCTCGCAGTCG-1,0.2198216350405059,-0.029145663662270727,S
GGTAATCTCTGGCTGG-1,0.023125872623188326,0.12972310855384706,G2M
GGTAATCTCTTTCCGG-1,-0.005976890800633239,-0.21315085180464005,G1
GGTAGAGAGAAGGATG-1,-0.057130205339475215,0.03276290075000421,G2M
GGTAGAGAGGTAAGTT-1,0.019062346406966635,-0.08349236001373436,S
GGTAGAGAGTAATCCC-1,-0.0005714375526273408,-0.13662961246333427,G1
GGTAGAGAGTGGATAT-1,-0.004837238721626003,0.14474799194217502,G2M
GGTAGAGGTAACTGCT-1,0.06959495789149711,0.21473852981513597,G2M
GGTAGAGGTATGGTAA-1,-0.008538221087806885,-0.09716753048112003,G1
GGTAGAGGTCGCAACC-1,-0.030451511219392435,0.08103756290686356,G2M
GGTAGAGGTCTAACGT-1,-0.011815274290136957,-0.08492878515736327,G1
GGTAGAGGTCTTGAGT-1,0.006065267973833277,-0.09744635172970667,S
GGTAGAGGTGGGCTTC-1,0.049382276972115224,0.18192163541860507,G2M
GGTAGAGGTGTGCCTG-1,0.04198594058729915,0.06913210003185016,G2M
GGTAGAGGTTCTGACA-1,0.04064537016970193,-0.02689514765898743,S
GGTAGAGTCACTCGAA-1,0.1003530934801698,0.09664527768710313,S
GGTAGAGTCCAACCAA-1,0.02224206003673551,0.05614486646962191,G2M
GGTAGAGTCCGTGTCT-1,-0.045565281140545866,-0.11350620638402387,G1
GGTAGAGTCGCAAGAG-1,0.09624685071049632,-0.1500291719785472,S
GGTCACGAGCATTTCG-1,0.11751589108788335,-0.05527013646866591,S
GGTCACGAGCGGGTAT-1,0.23370279832730378,0.09669631136862805,S
GGTCACGCAATCAGCT-1,-0.00840959813169695,0.07180146044351815,G2M
GGTCACGGTATGGGAC-1,0.011906844392786775,0.06773128335570994,G2M
GGTCACGTCATCACTT-1,-0.004225077820119827,0.1944366162816626,G2M
GGTCACGTCCTAACAG-1,-0.017370338391490825,0.20026977515375627,G2M
GGTCACGTCGTGGCTG-1,0.1445139362524983,0.035215506913425176,S
GGTCTGGAGCAGGCTA-1,0.3615388403595182,0.07106930220837637,S
GGTCTGGAGCCTTGAT-1,0.04300976873273049,0.17438376290281343,G2M
GGTCTGGAGCTGACTT-1,0.11709954849324289,0.016092306737707618,S
GGTCTGGCAACGCCCA-1,-0.015792109862448278,0.2766079274545777,G2M
GGTCTGGCAACGGTAG-1,0.08514031026780788,-0.006787788867564926,S
GGTCTGGCACTTGGCG-1,0.005990342139438165,0.2678079342634688,G2M
GGTCTGGGTACGTACT-1,0.007168767023832845,-0.030664878630059067,S
GGTCTGGGTCACAGTT-1,-0.07328757753598636,0.2216672864954467,G2M
GGTCTGGGTCTACTGA-1,0.030314216525901716,-0.1254339726112094,S
GGTCTGGGTGACAGCA-1,0.07765389281222729,-0.034516629786892516,S
GGTCTGGGTGATAGAT-1,0.30519903749320554,-0.025124098828136432,S
GGTCTGGTCACGATAC-1,0.01524707192335617,0.01861998253106753,G2M
GGTCTGGTCCCATGGG-1,0.07678862970755501,0.2338999464511794,G2M
GGTGAAGAGGGTACGT-1,-0.006812072094322386,0.08199312032986605,G2M
GGTGAAGCACGTAGAG-1,-0.00010557714413050867,0.3869155234127156,G2M
GGTGAAGCAGTCAACT-1,0.033025651574173254,-0.06718873757138788,S
GGTGAAGCAGTTTCGA-1,0.032955351079716144,0.017408038060047704,S
GGTGAAGGTACAAACA-1,0.06949972957029432,-0.04817162683951487,S
GGTGAAGTCACCGGTG-1,0.06016083544628348,0.40864176756505777,G2M
GGTGAAGTCATGAAAG-1,-0.017608655306647958,0.12116528791064474,G2M
GGTGATTAGACATGCG-1,-0.001569260791913829,0.1594256458767928,G2M
GGTGATTAGAGTGTTA-1,0.07734414330314693,-0.10567005375895769,S
GGTGATTAGCAGAAAG-1,-0.04848982024043458,0.054178847636185246,G2M
GGTGATTAGCATAGGC-1,-0.005920363532902262,0.066667660577829,G2M
GGTGATTAGCATTTCG-1,-0.10620119503269981,0.010411166623540746,G2M
GGTGATTCAACAGTGG-1,0.28556865397904496,0.16110850933402254,S
GGTGATTCAGACCCGT-1,0.06287857616376025,0.07926586169998523,G2M
GGTGATTGTCCGACGT-1,0.020964941018580152,-0.10763558030325099,S
GGTGATTGTGACGTCC-1,-0.03479393296402622,0.02430107635096357,G2M
GGTGATTGTGCCGTTG-1,-0.05966406156153836,0.05911927198377531,G2M
GGTGATTGTGCCTTTC-1,0.026899239019852528,0.26662176308681707,G2M
GGTGATTTCAATGTCG-1,0.018469291059454496,0.11047038487307653,G2M
GGTGATTTCTTTGCTA-1,0.04822760305987095,-0.06120771624778956,S
GGTGGCTAGCCAGAGT-1,-0.03967355097430575,0.07314540921884194,G2M
GGTGGCTCACAGGATG-1,8.538445109806947e-05,0.0628865831924793,G2M
GGTGGCTCACCTCTGT-1,0.1170305318140335,-0.22205096961864312,S
GGTGGCTCAGATACCT-1,0.08914812542256723,0.06907529168748738,S
GGTGGCTCAGCGGTTC-1,-0.020528409467344855,0.036130390516987854,G2M
GGTGGCTCAGCTCGGT-1,0.08989801456747953,-0.07054327009319547,S
GGTGGCTCAGGTGGAT-1,0.14924616790358253,-0.203475586628799,S
GGTGGCTCAGTAGTTC-1,0.003063036638797423,0.10763257561693496,G2M
GGTGGCTCATTCACAG-1,0.002251526168623841,0.09306706179661428,G2M
GGTGGCTGTAGGTCAG-1,0.010984857323644348,0.11076931336430251,G2M
GGTGGCTGTATGACAA-1,0.0028900953472729696,-0.026192426504175415,S
GGTGGCTGTCGGATTT-1,0.06498047755978026,0.22161143580405523,G2M
GGTGGCTTCCCAAGTA-1,0.07902827807022772,-0.05633861863371403,S
GGTGGCTTCGGTGCAC-1,0.25925928460377096,-0.07749134980476807,S
GGTGGCTTCGTAGCCG-1,0.043954609659514476,0.11970026219115903,G2M
GGTGTCGAGTGTAGTA-1,0.26117855674203805,-0.022343150224874098,S
GGTGTCGCACAGCCTG-1,-0.08183242521601558,-0.03228320133516044,G1
GGTGTCGCACGTCTCT-1,0.0365131963193166,-0.21053144136910407,S
GGTGTCGCACTGGCGT-1,0.06287723675360907,-0.018751670085097316,S
GGTGTCGCAGGCATTT-1,0.021689872322068537,-0.13668180636996297,S
GGTGTCGCAGGCGATA-1,0.09085142700479115,0.08468973955459325,S
GGTGTCGCATAGATGA-1,0.09606213430345906,-0.10703954825884451,S
GGTGTCGGTACCTAGT-1,0.054586244887423696,0.03604454736822782,S
GGTGTCGGTCTTTCAT-1,-0.0030061717162006008,-0.022278053787284258,G1
GGTGTCGTCACCATGA-1,0.08115804470761012,-0.05905342157566895,S
GGTGTCGTCGACTCCT-1,-0.02285728186059066,0.2853771919829583,G2M
GGTGTCGTCGCAATGT-1,0.02623033510215156,0.06776208853814919,G2M
GGTGTTAAGATTGAGT-1,0.1121608802372166,0.2511298666718683,G2M
GGTGTTACAATGGCCC-1,0.0055102144116963014,-0.23673283645527732,S
GGTGTTACAGGGTTGA-1,0.050801916029846794,0.07702637150542002,G2M
GGTGTTACATTGCAAC-1,0.06651779209951836,0.1923154673205168,G2M
GGTGTTAGTCTTGCTC-1,0.04467993772338086,-0.12457319791179508,S
GGTGTTAGTGCCCACA-1,-0.02584785571630155,0.1918113725521035,G2M
GGTGTTAGTTAATCGC-1,-0.09081526498369785,-0.1327948672185219,G1
GGTGTTATCCGATGTA-1,0.12501183489851092,0.0012103544895069596,S
GGTGTTATCTCGTTTA-1,-0.05195360075112776,0.14608511686178577,G2M
GGTTAACAGCCGCACT-1,0.11493957965768625,-0.055752810035962885,S
GGTTAACAGGCACAAC-1,0.11953494277443977,-0.28089622604457953,S
GGTTAACAGTAAGACT-1,-0.010637692978335223,-0.01992964202514702,G1
GGTTAACCAAGGGTCA-1,-0.04735420289790082,-0.03153443715075871,G1
GGTTAACCAATGACCT-1,0.037736462106582214,0.14975808796454382,G2M
GGTTAACCACGATAGG-1,0.026591248715821802,-0.004912299328936609,S
GGTTAACCACGGATCC-1,0.01411477196237887,-0.012277199547263307,S
GGTTAACCACTAGTAC-1,0.3379959224861636,-0.013987223862452824,S
GGTTAACCACTGCTTC-1,-0.019357830690849454,0.042472656090607075,G2M
GGTTAACCAGACCGCT-1,0.11256919154447881,0.08594998693116129,S
GGTTAACCAGCAGGAT-1,0.03398062325554524,0.038794011549392826,G2M
GGTTAACCAGGAGACT-1,0.07475374796761458,0.024024021239604676,S
GGTTAACCAGGGAATC-1,0.28436585175599194,-0.009405567406921778,S
GGTTAACCAGTAGGAC-1,-0.0452528103553802,0.07885421205664173,G2M
GGTTAACGTATGAGGC-1,-0.020159310633288352,0.02007760853852364,G2M
GGTTAACGTCCAGCCA-1,-0.011622489600885522,0.19971916343319107,G2M
GGTTAACGTCCATCTC-1,0.031169959188131202,0.008755085805321305,S
GGTTAACGTGACTAAA-1,0.20942653806038186,0.08599835682615403,S
GGTTAACGTTACTCAG-1,-0.08583707544407543,-0.18260580611056995,G1
GGTTAACGTTCGTACA-1,0.12543832282395084,-0.2021636304176508,S
GGTTAACGTTCTCTAT-1,0.010991207624799215,0.01146861736657473,G2M
GGTTAACTCCAAAGGG-1,-0.024087451968237028,0.049591759915825484,G2M
GGTTAACTCCACATAG-1,0.12578503419808224,-0.023175754043156194,S
GGTTAACTCGACCTAA-1,0.19551415766047409,-0.11433058218985143,S
GGTTAACTCGCAGTCG-1,-0.035061126134804776,0.04535093024054515,G2M
GGTTAACTCGGCTGGT-1,0.0730973002836347,0.04077586811243697,S
GGTTCTCAGATACGAT-1,0.016122936614785977,0.17034912547335457,G2M
GGTTCTCAGATCCCAT-1,-0.013038961350452072,0.0335471246495507,G2M
GGTTCTCAGGCACAAC-1,0.2245868096281719,-0.017317855525057657,S
GGTTCTCCATCACCAA-1,0.2114913209894591,-0.040989587633981694,S
GGTTCTCCATGGACAG-1,-0.05646976137295728,-0.0880256979266783,G1
GGTTCTCGTGATAGTA-1,0.03741286055658266,0.08035007068578143,G2M
GGTTCTCTCACTCACC-1,0.024644267157949096,0.2326099367623789,G2M
GGTTCTCTCATCTCTA-1,0.11053429592634234,0.20998999531274243,G2M
GGTTCTCTCCGATAAC-1,0.05439070558156878,-0.04296562209875254,S
GGTTCTCTCGGCTCTT-1,0.14765894733003826,0.013373120520950077,S
GGTTCTCTCTTAAGGC-1,0.04113322242741907,0.07156624434231085,G2M
GGTTGTAAGAAAGCGA-1,0.13251574643602143,-0.18005725884899423,S
GGTTGTAAGAGTACCG-1,-0.032773157096388006,0.011893359159252048,G2M
GGTTGTAAGTGGTGGT-1,0.05185748824923786,-0.052472196603468274,S
GGTTGTACAAAGCTCT-1,0.004028513539690193,0.13467723686919242,G2M
GGTTGTACACTACGGC-1,0.15911628159476265,-0.07809755092088017,S
GGTTGTACAGAACGCA-1,-0.052075086290648,0.029596955388912605,G2M
GGTTGTACATTGGGAG-1,0.058402726240307734,-0.1184211580570046,S
GGTTGTAGTCAGACGA-1,0.03010509190327304,0.0994594364617174,G2M
GGTTGTAGTTGTGTAC-1,0.01319346147582029,-0.01270763865032587,S
GGTTGTATCTCAGTCC-1,-0.01568160181170969,-0.12573916205559196,G1
GTAACACAGAATTTGG-1,0.0987658658443481,0.015295024646184041,S
GTAACACAGCCTGTGC-1,0.08989610262015457,0.006735537933549973,S
GTAACACAGGAACTAT-1,-0.02130788778834275,0.006917402771357328,G2M
GTAACACAGGACAGTC-1,-0.15495924939073114,0.119502891764319,G2M
GTAACACAGTATTGCC-1,-0.027281185614368042,-0.05317792503534835,G1
GTAACACAGTGCAACG-1,0.02073744839827235,-0.0659830258328333,S
GTAACACCACTACCGG-1,0.06361644588763882,0.05945731308878072,S
GTAACACCACTTGTGA-1,0.03158568535272349,0.15384880854370164,G2M
GTAACACCATGAAAGT-1,0.11666916839078639,-0.06276361499935779,S
GTAACACGTCTAATCG-1,0.06546209690617172,0.14478916957035193,G2M
GTAACACTCACTTGTT-1,-0.05270457884170748,-0.008263676777442996,G1
GTAACACTCCCTATTA-1,0.08438477770642117,0.23109611934880103,G2M
GTAACACTCGGCTGTG-1,-0.022968946030749948,0.045923712753138446,G2M
GTAACACTCTATCGTT-1,0.06616277462509251,0.3131780929419854,G2M
GTAACCAAGGGCAGTT-1,0.10949508802982089,-0.0810469378205545,S
GTAACCAAGTAAACGT-1,0.10066923812765366,-0.025469301481041262,S
GTAACCAAGTTCGCAT-1,0.0375421165308803,0.05198675336807235,G2M
GTAACCACAAACTAGA-1,0.15859760340018736,0.10740214889090627,S
GTAACCACAACATACC-1,0.052146079832649406,0.14704068057661446,G2M
GTAACCACAAGTATCC-1,-0.07356000874031371,-0.06384224467735378,G1
GTAACCACAGTTAGGG-1,0.04143024361885744,-0.048923203316054376,S
GTAACCACATCTCCCA-1,0.11742153627183227,0.0944592432496017,S
GTAACCACATGGCTAT-1,0.08573434144137237,0.10749610695345918,G2M
GTAACCAGTACGGTTT-1,-0.04377221185558028,0.19140635319828797,G2M
GTAACCATCCATTTAC-1,0.02681861015022391,0.09572970549866966,G2M
GTAACCATCCGGTAAT-1,-0.07471958600807282,0.00032263226822298874,G2M
GTAAGTCAGCCGCTTG-1,0.33974469310333566,-0.16046561077099783,S
GTAAGTCCAAACTAAG-1,0.007156052420147607,0.014488392129744287,G2M
GTAAGTCCATGACAGG-1,0.0002889754099678621,-0.022824698449692427,S
GTAAGTCGTACTCCGG-1,0.007331101883549129,0.08089908341888635,G2M
GTAAGTCGTAGTCTTG-1,-0.0440813574578367,-0.09112974522605044,G1
GTAAGTCGTGGGTTGA-1,0.09559775134799747,-0.06352716620921983,S
GTAAGTCGTTAGGCTT-1,0.011514110292959345,-0.0480163373497155,S
GTAAGTCTCGGTGCAC-1,-0.04466856918152656,0.12002187071139248,G2M
GTAAGTCTCTGAGATC-1,0.1563030280530655,-0.1459845476010797,S
GTAAGTCTCTTGGATG-1,0.024823533786299645,-0.050344422441771675,S
GTAATCGAGCACCCAC-1,-0.0654604203544017,0.11569889248475729,G2M
GTAATCGAGCTACTAC-1,0.12078330387117697,0.3850505776795644,G2M
GTAATCGAGTGCCAGA-1,0.04923222957148998,0.03717832996174347,S
GTAATCGCACCGCTAG-1,0.12535924400099818,0.14501858621152358,G2M
GTAATCGCACTAGAGG-1,0.23486941606957945,0.1335127959333599,S
GTAATCGCAGAGGCAT-1,0.09240550373639006,0.24964838036281523,G2M
GTAATCGCATCCGAAT-1,0.08607194900635873,0.19227404569901774,G2M
GTAATCGGTCAAGTTC-1,0.048039773461421076,0.14364571011716826,G2M
GTAATCGGTTGACGGA-1,0.08782639732489772,0.0007986294367747782,S
GTAATCGTCATTGCTT-1,0.03999353261450028,0.033468669184328836,S
GTAATCGTCGTCTCAC-1,0.030300591175870195,0.02370748880443785,S
GTAATCGTCTGCATGA-1,0.10954687854197842,0.13706835927531774,G2M
GTAATCGTCTTTGATC-1,-0.0511489360501296,0.1975023912961716,G2M
GTAATGCCAACCACAT-1,0.08768824119782204,0.25401667519068494,G2M
GTAATGCCAAGCTCTA-1,0.07288546366442455,0.04935422336441059,S
GTAATGCCAAGTAGTA-1,0.061833556546843194,0.08695380611610282,G2M
GTAATGCCACAGCCTG-1,0.059326673543042885,0.07886797058440043,G2M
GTAATGCGTCGTCAGC-1,0.0347569532790431,0.0867860430190096,G2M
GTAATGCTCAAGCCCG-1,0.0032578573168829394,-0.04549110753466595,S
GTAATGCTCCTAGCTC-1,-0.02970334202640751,0.010470245422765978,G2M
GTAATGCTCTGCTAGA-1,-0.038410257718828555,0.0912933644461626,G2M
GTACAACAGTGCGCTC-1,-0.06202932673168038,-0.19211140623808498,G1
GTACAACCACAATGAA-1,-0.02976731800523369,0.07960574572408868,G2M
GTACAACCAGCAGGAT-1,0.3239453578332504,-0.05672378338947359,S
GTACAACGTATCGTGT-1,0.023796897194930722,-0.08203786545438857,S
GTACAACGTCATAGTC-1,0.09852253972163705,0.035138369369913935,S
GTACAACGTCGTCAGC-1,0.05094192957689747,0.07207279298465968,G2M
GTACAACGTGTATTGC-1,0.15824118073788862,0.09823135154405582,S
GTACAACGTTAGAGAT-1,0.012394009187085886,0.09894333260167537,G2M
GTACAACTCGGCATTA-1,0.08674138169153855,0.16510024650112082,G2M
GTACAACTCTTCGACC-1,-0.01451201150767012,0.13395178072441988,G2M
GTACAACTCTTGAGCA-1,0.005960393772647121,-0.055311819355167324,S
GTACAACTCTTTACAC-1,0.015756802787499025,-0.034530265161404394,S
GTACAGTAGACCACGA-1,0.29484738136054833,0.019486232723148367,S
GTACAGTAGAGCTGAC-1,0.19584032158532072,0.2476836024687441,G2M
GTACAGTAGCTTACGT-1,-0.025419225005614055,-0.049593495257030884,G1
GTACAGTCACGCCAGT-1,-0.07407121344423395,-0.11409965646648224,G1
GTACAGTCACTTGGCG-1,0.062338636285524274,-0.10927916106691657,S
GTACAGTGTTAAGTCC-1,0.03493686836404786,-0.16830473682372352,S
GTACAGTTCACAGTGT-1,0.040564442426142766,0.06682066490099564,G2M
GTACAGTTCGAGCCTG-1,-0.06034190841627829,0.2614839527370327,G2M
GTACAGTTCGTGCTCT-1,-0.0370888925893616,0.031894793852323744,G2M
GTACAGTTCTCCCAAC-1,-0.03172518787010803,-0.15565922082864175,G1
GTAGAAAAGGCATCTT-1,-0.05084142125908009,-0.12378123518928769,G1
GTAGAAACACACGGTC-1,0.2561824397758692,-0.13902191859638507,S
GTAGAAACACTGGCGT-1,0.007095744021497874,-0.010672031046174452,S
GTAGAAACAGTGGTGA-1,-0.006142433289190452,0.1827433571840627,G2M
GTAGAAAGTCCTGTTC-1,0.08666407246175267,-0.008775943394508545,S
GTAGAAATCACTTTGT-1,0.05013082026049537,-0.004447960760278702,S
GTAGAAATCATCTATC-1,0.10618685319000604,0.14616863777148553,G2M
GTAGAAATCGGCCTTT-1,0.016846791146823026,-0.06725740651719486,S
GTAGAAATCTCTATAC-1,0.018501675419177854,0.17126647158669284,G2M
GTAGAGGAGATGACCG-1,-0.14653965875262925,-0.014934743230638425,G1
GTAGAGGAGATGGTAT-1,0.03338915531908282,0.02134372834797521,S
GTAGAGGAGCAACAGC-1,0.03015168125353862,-0.04705669551365879,S
GTAGAGGAGGAACTAT-1,-0.014616567495782662,0.23300522290767045,G2M
GTAGAGGAGGAAGTCC-1,-0.010539825952207316,0.21819400580710197,G2M
GTAGAGGAGTTTGAGA-1,0.014540847565795045,0.028903796977311547,G2M
GTAGAGGCAGCAGTTT-1,-0.05788944124408174,0.11233739000732923,G2M
GTAGAGGGTAGACGGT-1,0.028449449688436712,-0.05890105161663478,S
GTAGAGGGTAGCTGTT-1,0.02784092204115468,-0.11752097751077936,S
GTAGAGGGTAGCTTTG-1,0.0682690877682236,0.0696762762627639,G2M
GTAGAGGGTATCGATC-1,-0.04445203524463426,-0.30106719433615564,G1
GTAGAGGGTTGGTACT-1,0.04290967610383639,0.18819406825902946,G2M
GTAGAGGGTTTCAGAC-1,0.057372175217537125,-0.02405557021460608,S
GTAGAGGTCAGGAAGC-1,-0.04798854481090198,0.01160076647541014,G2M
GTAGAGGTCGGAGATG-1,0.13738561608117816,0.09718189327094043,S
GTAGATCAGAATAACC-1,0.20482692493087828,-0.061118708711358105,S
GTAGATCAGCATTGAA-1,0.058776630666610985,0.21790054633166256,G2M
GTAGATCAGTAACCTC-1,-0.0944712543616888,-0.029998155018169936,G1
GTAGATCCACGGCCAT-1,0.08607797805601852,0.1492198778653776,G2M
GTAGATCCAGCTCTGG-1,0.05083399642423042,-0.05734735102561131,S
GTAGATCCAGGTGAGT-1,0.00851166454390162,0.0890715449382446,G2M
GTAGATCGTACCAATC-1,0.053109843597533624,0.09665436077108669,G2M
GTAGATCGTACCCACG-1,-0.05494022116867292,0.17290082805496976,G2M
GTAGATCGTGGACAGT-1,-0.04375756768993688,0.03205142353196405,G2M
GTAGATCTCCAAGCAT-1,0.05277995415720138,0.06545504096917504,G2M
GTAGATCTCCGGCAAC-1,0.11353788428616274,-0.1891970190331535,S
GTAGATCTCTACCCAC-1,0.05390429037409172,0.1427448554356831,G2M
GTAGATCTCTACTGAG-1,0.11247849498804047,0.15089332224276325,G2M
GTAGATCTCTCGTGAA-1,0.030356022825724194,0.394368296202202,G2M
GTAGCTAAGGCCACTC-1,0.11977576585364441,0.07336909591849006,S
GTAGCTACAGACTGCC-1,0.03468580346362771,0.18401669963998157,G2M
GTAGCTAGTCTCAGGC-1,0.021479789364841684,-0.01535993701701277,S
GTAGCTAGTCTTGTCC-1,0.0006992615680941894,0.08056916792994695,G2M
GTAGCTAGTGTTCATG-1,0.08725000316225784,0.35951746292338793,G2M
GTAGCTAGTTATAGAG-1,0.01894958532554808,-0.0309221741992865,S
GTAGCTATCCAAGCCG-1,0.0069550326639716276,0.003479362540348252,S
GTAGCTATCGAACGGA-1,0.008599574621369455,-0.1318601124391747,S
GTAGCTATCTTTACAC-1,-0.015182482265485242,-0.004184459908220417,G1
GTAGCTATCTTTGATC-1,0.25468526188222174,-0.21215040105993221,S
GTAGGAGAGGGAGGGT-1,-0.01260805465668352,-0.11577357131209404,G1
GTAGGAGCATGAATAG-1,0.27435721042910544,0.005864772276629904,S
GTAGGAGCATGTCGTA-1,-0.05392126496804661,-0.031308876751411474,G1
GTAGGAGGTGAATTAG-1,0.18065399288338202,0.18592600225496297,G2M
GTAGGAGGTGCACGCT-1,0.11123364047619427,-0.06989643227633435,S
GTAGGAGGTGTAGGAC-1,-0.05631186306044178,0.0474595290746862,G2M
GTAGGAGTCTCCGATC-1,-0.021358462890798458,-0.05158061536455413,G1
GTAGGAGTCTTGGTGA-1,0.014479060646556241,0.08188935932438113,G2M
GTAGGTTAGACGAAGA-1,0.01419996790815814,0.00978347034651117,S
GTAGGTTAGTTGAAAC-1,0.024105873179354198,0.2474653173019613,G2M
GTAGGTTCAAATCCCA-1,0.24005708519338165,0.17334742934848552,S
GTAGGTTCAACGATTC-1,0.02354907420824398,0.22445052526179216,G2M
GTAGGTTCACCTGTCT-1,-0.019411079111600782,0.06585593988614674,G2M
GTAGGTTCAGCTGAGA-1,0.12555501381629752,-0.160429354908511,S
GTAGGTTCATAGACTC-1,0.19525964439789062,-0.03177966857487741,S
GTAGGTTGTCTTGAGT-1,-0.01912079660550614,0.1726801378375897,G2M
GTAGGTTGTGAGACCA-1,0.05401602730213051,-0.1634609192896042,S
GTAGGTTGTGGAGAAA-1,0.0665467019009569,-0.020013131198134804,S
GTAGGTTTCACAGTGT-1,0.06866854991891902,0.028564644902332514,S
GTAGGTTTCCACATAG-1,0.08178595005291861,0.06903793967474536,S
GTAGGTTTCCCTAGGG-1,0.06529662212514475,0.163553342408703,G2M
GTAGGTTTCCTTGGAA-1,0.022485668814775317,0.20304211234411035,G2M
GTAGTACAGAAAGCGA-1,-0.021917667470624957,0.32421131657735214,G2M
GTAGTACCACTCACTC-1,0.024186536539173964,0.037569438550278056,G2M
GTAGTACCATCGATAC-1,0.08013455296472216,0.1027802463367537,G2M
GTAGTACGTTTGACAC-1,0.09102742117095336,0.10675318016510443,G2M
GTAGTACTCAACGAGG-1,0.08450605979487325,-0.02135391925601915,S
GTAGTACTCGGAGATG-1,0.18871906623694978,0.11493368997891834,S
GTAGTACTCTACACAG-1,0.08167406091638124,0.1015218934475853,G2M
GTAGTACTCTCAACCC-1,-0.055741014468888794,0.027955366034529527,G2M
GTAGTACTCTGCACCT-1,0.1096167974681656,0.09144685876072231,S
GTATTGGAGAAGAGCA-1,-0.007740787050093956,0.26415765611263586,G2M
GTATTGGAGGTTCACT-1,0.16294220180436336,-0.2134322337956822,S
GTATTGGAGGTTCCAT-1,-0.0014323824853622047,-0.032819842117145226,G1
GTATTGGCACGCTTAA-1,0.06681065948120407,0.2660747779872592,G2M
GTATTGGGTCTTGAGT-1,-0.026971106641842213,0.04405177800383414,G2M
GTATTGGGTGGTGATG-1,0.0010471772657946188,0.19125484201185705,G2M
GTATTGGTCCGCATAA-1,-0.013142067970399185,-0.059308222343247674,G1
GTATTGGTCGCTAAAC-1,0.1326462839672805,-0.04159225117076526,S
GTATTGGTCGGTAACT-1,-0.03178584683691543,-0.059857316099037106,G1
GTATTGGTCGTTGTGA-1,0.040573831272082084,0.13427537052224492,G2M
GTATTGGTCTTGCAGA-1,0.014860235892581564,0.3288432938258161,G2M
GTATTTCAGAGATTCA-1,0.058897713204670965,0.11762321995006397,G2M
GTATTTCAGGAGAGGC-1,0.00097948053441399,0.040995950243311985,G2M
GTATTTCCACCTGCTT-1,0.17171232996953278,0.24064590916982587,G2M
GTATTTCCAGAACTTC-1,0.056518568647815515,0.19328865709320536,G2M
GTATTTCCATTGCCGG-1,0.09008273959706453,0.03721170797681428,S
GTATTTCGTATGGTTC-1,0.03757706051444765,0.06665007597200118,G2M
GTATTTCGTGCATTTG-1,0.02465383494228518,0.04645415065799058,G2M
GTATTTCTCATAGCAC-1,0.22377608282441397,-0.08357961356479868,S
GTATTTCTCCACATAG-1,-0.04543892197277083,-0.006257788583904744,G1
GTATTTCTCCGGCAAC-1,-0.10145839870757462,-0.04034068216570774,G1
GTATTTCTCTCCTGTG-1,0.15972156470048737,0.056605735527875733,S
GTCAAACAGCCATTGT-1,-0.01542732263076907,0.052382376434493005,G2M
GTCAAACAGCTACTGT-1,-0.08572228753014743,-0.07621426198504183,G1
GTCAAACAGCTCGACC-1,0.14933372310161885,0.04127817905557163,S
GTCAAACAGGTCCCTG-1,-0.01226295738244032,0.10885758827283248,G2M
GTCAAACAGTTTGTCG-1,0.09536765365070093,-0.05444731363360847,S
GTCAAACCACACCGAC-1,0.03230491858920814,0.12610335846751636,G2M
GTCAAACGTTCGGCTG-1,0.06749463573563641,-0.08495267201416834,S
GTCAAACTCCTAGAGT-1,0.06450324257364559,0.059669585644491374,S
GTCAAACTCGCCATAA-1,-0.017623338520114995,-0.13807404059410128,G1
GTCAAACTCTCTCAAT-1,0.10862536903880471,0.0815718193025824,S
GTCAAGTAGAGAACCC-1,0.2576671184242276,0.051256135334994346,S
GTCAAGTAGAGGTGCT-1,-0.04702459775528739,-0.07814429117118063,G1
GTCAAGTAGGGTACGT-1,0.022969543368013656,-0.1583418994327554,S
GTCAAGTAGTTAGTGA-1,0.06163217899599338,0.029797157199265345,S
GTCAAGTCAGCACGAA-1,-0.02970231828362535,0.09696836043775114,G2M
GTCAAGTGTCCTGTTC-1,0.0619362797508316,-0.0346918112247559,S
GTCAAGTGTCTGTCAA-1,0.008695068065387168,0.056119038245142916,G2M
GTCAAGTGTTTGAAAG-1,0.04486981189215278,-0.13268461548485186,S
GTCAAGTTCAAATAGG-1,-0.06348348090387568,0.14092522824683024,G2M
GTCAAGTTCCCAGGAC-1,0.01647422151144895,0.12386328263962998,G2M
GTCAAGTTCGTGGGAA-1,0.049472534722990125,-0.2031725666847672,S
GTCACGGAGCTACGTT-1,0.009094043658028239,0.2862575789217475,G2M
GTCACGGAGCTCATAC-1,0.4322275234788462,0.00386881647109677,S
GTCACGGAGCTGACAG-1,0.013401127286540748,0.05518306397723988,G2M
GTCACGGAGGTGCCTC-1,0.00016587905533960168,0.173406626489561,G2M
GTCACGGAGTAGCAAT-1,0.10569484999671885,-0.19286011492950417,S
GTCACGGAGTGCGCTC-1,0.01367892849045782,0.030498804333162155,G2M
GTCACGGCAACCTAAC-1,0.0013855227976931617,0.27696996499902926,G2M
GTCACGGCAATCAAGA-1,0.08342481960565734,0.22488109892974723,G2M
GTCACGGCACTCCGGA-1,0.01632013009484634,0.02802223639702417,G2M
GTCACGGGTAACCCTA-1,0.11284240830397041,-0.13251890870463146,S
GTCACGGGTCCAGCCA-1,0.12284048208263343,0.013941220634832774,S
GTCACGGGTTCAGTAC-1,0.16385671353516196,0.09991467112784885,S
GTCACGGGTTTGGAGG-1,-0.011413461920329881,-0.10373595846466127,G1
GTCACTCAGAGCAAGA-1,0.1827688125394542,0.050162129050404375,S
GTCACTCAGGGCTAAC-1,0.011401432562836211,0.24595885953628394,G2M
GTCACTCGTAAGCTCT-1,-0.05018453910281867,-0.02392011154346041,G1
GTCACTCGTCTTCCGT-1,0.05361830222527869,0.12163444839309268,G2M
GTCACTCGTGATCGTT-1,0.08288522413661631,-0.05666855854974373,S
GTCACTCGTGTTTCTT-1,-0.02148658935239417,0.10412067227536154,G2M
GTCACTCGTTGTTGCA-1,0.04041984521480174,0.12165183511481531,G2M
GTCACTCTCACTTGGA-1,0.1672076467389586,0.02018548072816667,S
GTCACTCTCCAGTGCG-1,-0.016815292753885935,-0.023386989311113937,G1
GTCAGCGAGGCCTTGC-1,-0.07566676516452109,-0.01288441250624267,G1
GTCAGCGAGGTGGTTG-1,0.005601160775662306,-0.0023439157896226193,S
GTCAGCGCAACATCGT-1,0.16115414287662488,0.195447647811748,G2M
GTCAGCGCACATTGTG-1,-0.05556864095160696,0.08918075811962795,G2M
GTCAGCGCAGCAATTC-1,-0.005646672020034771,0.04038523011549772,G2M
GTCAGCGGTCACCGAC-1,0.016025162383696112,0.23344839824008967,G2M
GTCAGCGGTTGCTGAT-1,-0.06507932665304272,-0.04344655421807153,G1
GTCAGCGTCCGACAGC-1,0.063367578464055,-0.036140688324394044,S
GTCATCCAGCAGTAAT-1,0.0013481399880706513,0.0013755678548406092,G2M
GTCATCCAGCATGCAG-1,0.09651179245192532,0.08669217834689785,S
GTCATCCAGTGCGCTC-1,-0.007950176672358256,0.3276210561120485,G2M
GTCATCCCAAAGTGTA-1,0.16704372401653533,0.030468848855694175,S
GTCATCCCAGCGGTCT-1,0.07068767567726697,0.1867620352727815,G2M
GTCATCCCAGGGATAC-1,0.0027051145564962464,-0.06458410996676134,S
GTCATCCCAGTCGAGA-1,0.12673522541577542,-0.039004859746664844,S
GTCATCCCATGTCAGT-1,0.12258764126584482,0.02926171359144264,S
GTCATCCCATTGGATC-1,-0.0006787158433191331,0.004667888432986933,G2M
GTCATCCGTAGTGATA-1,0.38433683193905543,0.11000214404590397,S
GTCATCCGTATTCCTT-1,-0.0073522187905263325,0.07243922438281791,G2M
GTCATCCGTCACTGAT-1,0.046882834446929866,0.1452874483781067,G2M
GTCATCCGTCCATAGT-1,0.028670836846887426,0.2548700547735702,G2M
GTCATCCGTCGACGCT-1,0.16417267558993132,0.20063006856695093,G2M
GTCATCCGTGTTGCCG-1,-0.012600606335656017,-0.15918341679497647,G1
GTCATCCGTTGGGCCT-1,0.048058038317004725,0.01981236225983246,S
GTCATCCTCATCGCAA-1,-0.0917369100661708,-0.050609555991908584,G1
GTCATCCTCCACCTCA-1,-0.01155072294482451,0.005694734869388485,G2M
GTCATCCTCTACTATC-1,0.06966338355664459,0.024724321891834267,S
GTCATCCTCTGAGCAT-1,0.03217669604779411,0.026478260841319046,S
GTCATGAAGACCTCCG-1,0.21278872015791722,-0.013996919505072813,S
GTCATGAAGCGTACAG-1,-0.006042365460386279,-0.08316542996552467,G1
GTCATGAAGGCACTCC-1,0.35849292140790956,0.04939554218857145,S
GTCATGAAGTGCGTCC-1,-0.013727039515111228,-0.073459679588248,G1
GTCATGACAACGTAAA-1,0.2724974404402093,0.02403164406472913,S
GTCATGACACCTCGTT-1,-0.042239651070152706,0.03663301268962765,G2M
GTCATGACAGATAAAC-1,0.052528151248809274,0.12853486341853515,G2M
GTCATGACAGTCGGAA-1,0.027173425815971486,-0.008986548523726934,S
GTCATGAGTAATCAGA-1,-0.04633868011368841,-0.008832187232515942,G1
GTCATGAGTAGGTACG-1,0.06403002651598011,0.08115038482072856,G2M
GTCATGAGTCGGAACA-1,-0.05817427249333851,0.10345283652149206,G2M
GTCATGAGTGAATGTA-1,0.21602453861216458,0.0023755012664691266,S
GTCATGAGTTAGGGTG-1,0.2288459260643403,-0.18206197104159957,S
GTCATGAGTTTCACTT-1,-0.0039914911525656405,-0.021401230489554945,G1
GTCATGAGTTTGTTCT-1,0.06313222786957967,0.18750282990308292,G2M
GTCATGATCAGACCTA-1,0.10031387246653578,0.09547195963207086,S
GTCATGATCATTTGTC-1,-0.0175348851810761,0.07791232337950427,G2M
GTCATGATCGAATGCT-1,0.0032290044242598293,-0.0731053871277414,S
GTCATGATCTGTTGGA-1,-0.061849262024941454,-0.1452371839186086,G1
GTCATTTAGACTCATC-1,0.0555723734472503,0.006747470536310196,S
GTCATTTAGCTTACGT-1,-0.12001003119782988,0.03418505378013281,G2M
GTCATTTAGGCTTAAA-1,0.1094869537235264,-0.10820559708013686,S
GTCATTTCAAATACGA-1,-0.019058427212633677,0.10434190602634263,G2M
GTCATTTGTATCGCAT-1,0.07230772081212977,0.00699086644347946,S
GTCATTTGTCTGTAGT-1,0.004476024181037652,-0.04724092919322004,S
GTCATTTGTGGGCTTC-1,-0.030190347714169896,-0.14926300417856073,G1
GTCATTTGTGGTTCTA-1,0.002260914891384025,0.0855990034161192,G2M
GTCATTTTCACTGCTC-1,-0.02090532324494937,0.1553697783141776,G2M
GTCATTTTCCATAGGT-1,0.14516441288223908,0.06598477280158044,S
GTCATTTTCCATTCAT-1,0.09918687886253352,0.16316235987259015,G2M
GTCATTTTCTGCTGAA-1,-0.031296353585172965,-0.06684475183170807,G1
GTCCACTAGACGTCGA-1,0.04393889642112331,0.20001144590532327,G2M
GTCCACTAGAGATCGC-1,0.054084250953300994,0.14583984882787393,G2M
GTCCACTAGCCTCAGC-1,0.05807812792378281,0.08452172965752974,G2M
GTCCACTAGCGGACAT-1,-0.04001082677650053,0.11976443379196966,G2M
GTCCACTAGCGTGCTC-1,0.053429771736872134,0.07023612259546236,G2M
GTCCACTAGTCATGGG-1,0.03597209137063406,0.22411211975518103,G2M
GTCCACTCATAGATCC-1,0.16394086442814804,-0.24883322397929525,S
GTCCACTGTACTCCGG-1,0.12372218818065905,0.08777353253988657,S
GTCCACTGTATCGTGT-1,0.20059059283819236,0.03608446558251005,S
GTCCACTGTCACTTAG-1,-0.019817485451695704,-0.05459388949916477,G1
GTCCACTGTCCGCAGT-1,0.058186919348433896,0.13888269195403663,G2M
GTCCACTGTTACAGCT-1,0.07367778880150716,-0.058445655521979945,S
GTCCACTTCCTAGCCT-1,-0.02205235203677758,-0.0589411189533684,G1
GTCCCATAGAAGCTCG-1,0.08046981314371965,-0.1236612378870476,S
GTCCCATAGCTGACAG-1,-0.028045145279136596,0.0384171138832638,G2M
GTCCCATCAATGGGTG-1,-0.03022856933345419,0.2496953006086951,G2M
GTCCCATCACGTCATA-1,0.05693049526619037,-0.07613785891972247,S
GTCCCATCACTAGGTT-1,0.15791075091016782,0.010552478543668253,S
GTCCCATCACTTGAAC-1,0.093783988974809,0.09975218776743472,G2M
GTCCCATGTACGTTCA-1,0.09545214439524957,-0.09056108032823176,S
GTCCCATGTCGATTCA-1,0.1036240207318267,-0.019217040760004134,S
GTCCCATGTGATCGTT-1,0.032603896236742036,0.1910756194635087,G2M
GTCCCATGTGGATCGA-1,0.040317358761340016,-0.1660833963273448,S
GTCCCATGTTCGTTCC-1,0.14023622603107777,-0.057950236534325184,S
GTCCCATTCGCGTCGA-1,0.09119474109508985,-0.10980226537017856,S
GTCCCATTCTACGGTA-1,0.02984881816278745,0.035200331645272365,G2M
GTCCTCAAGCGTGTTT-1,0.07841715499499852,0.02132949028435821,S
GTCCTCAAGGCGCTCT-1,-0.04144441916955788,-0.023272776163425102,G1
GTCCTCAAGGTTGTTC-1,0.1235086538639068,0.16793202140237895,G2M
GTCCTCACACGGCACT-1,-0.017427079888474972,0.051605552339502925,G2M
GTCCTCAGTCGAAGCA-1,-0.07715439276528652,-0.016564200648568728,G1
GTCCTCAGTTCACCGG-1,-0.006528436299728213,-0.09988833560945454,G1
GTCCTCATCAATCAGC-1,0.017711514500533043,0.17156690505809225,G2M
GTCCTCATCGGTCACG-1,0.1619242276298118,0.23383814187242785,G2M
GTCCTCATCTCAATCT-1,-0.026353611750148276,-0.09892621800143947,G1
GTCGAATAGAAACTAC-1,-0.04690767144950536,0.1027763149939635,G2M
GTCGAATAGAACGTGC-1,0.008757625388741919,-0.2137436106189488,S
GTCGAATAGAGGGTGG-1,0.08116057854593017,-0.08817878160704609,S
GTCGAATAGCGATGCA-1,-0.017668693203655383,0.13459659434664872,G2M
GTCGAATCAAAGGCAC-1,-0.07503367992627202,-0.023791278103707847,G1
GTCGAATCACCGTCGA-1,-0.024346964871452548,-0.09909193545309075,G1
GTCGAATCAGCGGTTC-1,0.28363681788532075,-0.04963593711049896,S
GTCGAATCATCATGAC-1,0.05369656547838897,0.003894841623570011,S
GTCGAATGTACTCCGG-1,-0.04800176132898848,-0.11354564577182047,G1
GTCGAATGTCGTTTCC-1,0.13345378380305462,0.07118210043536599,S
GTCGAATGTTCCAAAC-1,0.03854606469434613,-0.18809357012063435,S
GTCGAATGTTTGTGGT-1,0.10932335964335338,-0.1288834031142268,S
GTCGAATTCCAGTTCC-1,-0.04121087996707634,-0.036828257589505864,G1
GTCGAATTCCCTCTAG-1,0.0046671762524529425,0.052905458084096135,G2M
GTCGAATTCTAGAACC-1,0.14543892639080014,-0.047642178170134525,S
GTCGAATTCTAGTGAC-1,0.20775464858402748,0.04765809929728265,S
GTCGAATTCTGGCCGA-1,-0.02488388911624534,0.010949668120622313,G2M
GTCGAATTCTTCGATT-1,0.04794759238967006,-0.018692665677465248,S
GTCGCGAAGACTAGAT-1,0.17844761326641856,0.27391173622824927,G2M
GTCGCGAAGTCCTACA-1,0.06250274566557762,0.018794085013249973,S
GTCGCGAAGTTCAACC-1,0.12226091687539126,-0.09654748902808633,S
GTCGCGACACTGGCCA-1,0.0728449647070874,0.21549659779091784,G2M
GTCGCGAGTGACTGTT-1,0.0467240848015284,0.04374178521271754,S
GTCGCGAGTGCTAGCC-1,0.041237839512441865,0.170122221491515,G2M
GTCGTAAAGCCAACCC-1,0.03994983736081359,-0.0728405483064867,S
GTCGTAAAGTGTTCCA-1,0.1789527301231149,-0.01240019417222371,S
GTCGTAAAGTTCGGTT-1,0.0542301701654585,0.006991648758056412,S
GTCGTAACAATTCTCT-1,0.1313368588082282,0.0403001076584279,S
GTCGTAACACACTTAG-1,0.12297255290818981,-0.0939629513944191,S
GTCGTAACATGACGTT-1,-0.021748939032775638,0.0596452900348739,G2M
GTCGTAAGTACTGTTG-1,-0.007855811221831654,0.1549911982013632,G2M
GTCGTAAGTCGAATTC-1,0.033540565164379754,0.32179526182262086,G2M
GTCGTAAGTCGTGATT-1,0.12446553416676387,0.21941051240733928,G2M
GTCGTAAGTTCCATTT-1,0.005654982801140962,-0.1470434676089203,S
GTCGTAATCTGGCCGA-1,0.07785159576168343,0.01171667530112494,S
GTCGTAATCTTCCCGA-1,0.0009730536568227088,0.05855609197009909,G2M
GTCGTTCAGTAATCCC-1,-0.04782157668671566,0.12192728164676309,G2M
GTCGTTCAGTATGAAC-1,0.03192018580314038,0.11503389934099245,G2M
GTCGTTCCAGCAAGAC-1,0.01198936160038333,-0.07739586899688511,S
GTCGTTCGTACCGTGC-1,-0.04759051609718845,-0.08700021960780735,G1
GTCGTTCTCTGTGTGA-1,-0.02579516106841767,-0.07852469323033875,G1
GTCTACCAGCCTAGGA-1,0.009337427798168096,0.016747483645515315,G2M
GTCTACCAGTCCTGTA-1,0.007382899088446193,-0.12248412205945405,S
GTCTACCCACCACTGG-1,0.11194363116263378,-0.1248878345641863,S
GTCTACCCATAGGCGA-1,0.1099599981103711,0.04880161364973484,S
GTCTACCGTCTCGGAC-1,0.03055473641990175,0.11192025305872372,G2M
GTCTACCGTTGTCAGT-1,0.04446948707607995,0.044256359449599825,S
GTCTACCGTTTCGGCG-1,0.14446089460865513,0.01259484748621964,S
GTCTACCTCATTGTGG-1,0.20910487830814672,-0.25885306604119573,S
GTCTACCTCCGAGTGC-1,-0.03939069535604833,-0.12540027806176035,G1
GTCTACCTCGTAACCA-1,0.05336862337888748,0.05795070253041992,G2M
GTCTAGAAGATCCTAC-1,0.03520126540681445,0.22714582033466696,G2M
GTCTAGAAGGGAGGGT-1,0.03605558924933355,0.23392412649475236,G2M
GTCTAGACAACAGCTT-1,0.05041614808638595,0.21096156685238443,G2M
GTCTAGACAATAGGGC-1,0.002237358255037125,-0.007492384709029132,S
GTCTAGACAGTTACCA-1,0.005681046217431707,0.3133939817865377,G2M
GTCTAGACATTGACTG-1,0.012666160815565819,0.2507347462730202,G2M
GTCTAGAGTAGCTCGC-1,0.05585360539869749,0.25882927269820105,G2M
GTCTAGAGTTGATCGT-1,0.07499397506452732,-0.10570666441567822,S
GTCTAGATCATGTCAG-1,0.011784299922277364,0.1147785834455578,G2M
GTCTAGATCCGGTTCT-1,0.09363193420399646,0.05881417118012183,S
GTCTAGATCCTTATAC-1,0.1314201607087343,0.02300261738715076,S
GTCTAGATCGAATCCA-1,0.12563919772132387,0.12185682694803468,S
GTCTAGATCTCCGTGT-1,0.0163911420316164,0.017463062486605063,G2M
GTCTCACAGTAGCAAT-1,0.10418855170578678,0.16915265908004867,G2M
GTCTCACCAGCGATTT-1,0.09295305646207747,-0.030991993145979557,S
GTCTCACCAGCTGGTC-1,-0.017936883510497437,0.005736783452871541,G2M
GTCTCACGTATAATGG-1,0.015707468100133848,0.2064544479356793,G2M
GTCTCACGTATCGTGT-1,0.006899172268193365,0.12073988168260646,G2M
GTCTCACGTCACCGCA-1,-0.01213580411907278,-0.041581198405889475,G1
GTCTCACGTCCAGCCA-1,0.0911405559782294,0.1601483505504151,G2M
GTCTCACGTGCCGTAC-1,0.08752783865106734,0.026560859936783587,S
GTCTCACTCATTCGGA-1,0.04753499600462996,0.10901340985374491,G2M
GTCTGTCAGAATCGTA-1,0.06186689649016147,0.12889823850039112,G2M
GTCTGTCAGACGAAGA-1,0.07681410974689756,0.255639377716253,G2M
GTCTGTCAGGAGATAG-1,0.13046463102534045,0.06807895909729428,S
GTCTGTCAGGTAGCAC-1,0.052377392323751604,-0.08042422362130461,S
GTCTGTCAGGTCACAG-1,0.06571002898861805,-0.03730943510547102,S
GTCTGTCCACAGTATC-1,0.023381725336982684,-0.13564274860906522,S
GTCTGTCGTACAAACA-1,-0.02465514589802864,-0.08649590966818782,G1
GTCTGTCGTATCGAAA-1,0.03224662359652908,0.20299353204304443,G2M
GTCTGTCGTATTCTCT-1,0.1030246642727417,0.1152031642106614,G2M
GTCTGTCGTCACTCAA-1,0.0672584992164591,-0.002616984936503308,S
GTCTGTCGTGACTGAG-1,-0.03873691797395051,-0.20395481865193454,G1
GTCTGTCGTTCAATCG-1,0.03329178528018606,0.05171789203423094,G2M
GTCTGTCTCCGCACTT-1,-0.06058735272944571,-0.020897231794861693,G1
GTCTGTCTCGTCAGAT-1,0.0009106570002753167,0.21068776612648665,G2M
GTCTGTCTCGTGCACG-1,0.13635898905673138,-0.03762106233725537,S
GTCTTTAAGACGTCGA-1,-0.031557993178213284,-0.08794373868527311,G1
GTCTTTAAGGCTTCCG-1,0.05855275996803577,-0.02239641315596777,S
GTCTTTAAGTCGAAGC-1,-0.019596104862805275,-0.030255535958844282,G1
GTCTTTACAAGATGTA-1,0.024750725074807356,0.021387776220944732,S
GTCTTTACAGCTGTTA-1,0.1477280885845335,0.029665564608633288,S
GTCTTTACATGGGTTT-1,-0.005130089391992887,-0.17141425242950953,G1
GTCTTTAGTCACGACC-1,-0.055984093124477996,-0.14854430510824207,G1
GTCTTTAGTCTCAGAT-1,-0.007107290228896501,0.1855941237162227,G2M
GTCTTTAGTCTCGCGA-1,0.04348029065480635,-0.056884935072517684,S
GTCTTTAGTGTTACTG-1,0.0836263488722887,-0.009815388596199404,S
GTCTTTAGTTAAACAG-1,0.04621079023838032,0.09461367227047213,G2M
GTCTTTATCGAACACT-1,0.060902171352257395,0.13696493537601567,G2M
GTCTTTATCTTCCTAA-1,0.00547739621463933,0.03392123981718992,G2M
GTGACGCAGAACCGCA-1,0.024189025458125957,0.09837002740486611,G2M
GTGACGCAGGATATAC-1,0.24741948462609387,-0.057412217934910914,S
GTGACGCAGTGATTCC-1,0.055360003585048445,0.00026027490318458746,S
GTGACGCAGTTTCGGT-1,0.11381198592435715,0.0353398158207065,S
GTGACGCCAAGAAACT-1,0.04176756947288918,0.22251973488804191,G2M
GTGACGCCAGGCGATA-1,0.12133946087307362,0.18834988293126997,G2M
GTGACGCCAGTTCACA-1,0.27100160273684826,0.07157598729699716,S
GTGACGCCATGGCGCT-1,0.0025340088411591744,-0.00514665530048003,S
GTGACGCGTGCCTATA-1,0.046924411510160136,0.009738559660599,S
GTGACGCTCATCGTAG-1,0.13805074771633674,0.037037058599221684,S
GTGACGCTCTATCGTT-1,0.020514047259014512,-0.1129075075305413,S
GTGAGCCAGGCATCGA-1,0.11105685381576974,0.09968729146543681,S
GTGAGCCAGGGCAGAG-1,0.19496048575897246,-0.10461325031839505,S
GTGAGCCAGTAAACGT-1,-0.0407199564399528,0.03970841836206068,G2M
GTGAGCCAGTAACGAT-1,0.2531324385405947,0.09972617014047919,S
GTGAGCCAGTTCCGGC-1,0.07616743800114179,0.14345883868196407,G2M
GTGAGCCCAACTGCCG-1,0.04106067066785113,-0.0611194757281614,S
GTGAGCCCAATCGAAA-1,-0.066174992652144,0.03202782619169503,G2M
GTGAGCCCACGACCTG-1,-0.01814256330210129,-0.12267458433861422,G1
GTGAGCCCACGATAGG-1,-0.05926365606305395,0.05024010359186515,G2M
GTGAGCCCACGTATAC-1,0.01570775490249754,-0.08413753331869922,S
GTGAGCCCAGGCCCTA-1,0.07626673866955042,0.15236618467862467,G2M
GTGAGCCTCCAGCACG-1,0.3068023751277963,-0.12658204826013741,S
GTGAGCCTCTGACGCG-1,0.1266902915946871,0.0846470030647698,S
GTGAGGAAGGCGAACT-1,-0.049834417593152436,0.07011136335996743,G2M
GTGAGGAAGGGCTTCC-1,0.2357354752407123,-0.0029054061395184516,S
GTGAGGACAAAGTGTA-1,0.035752957448162204,-0.08025239939708298,S
GTGAGGACATGACACT-1,0.02900211349092141,-0.09590974701765162,S
GTGAGGAGTAGGCTCC-1,0.045611552524096544,-0.06968727088993115,S
GTGAGGAGTATTCCTT-1,0.0626668305329593,0.028543573946212736,S
GTGAGGAGTCCCGTGA-1,0.008457617305686393,0.18996869556607987,G2M
GTGAGGAGTCGAGTGA-1,-0.03593916937452557,0.20796157596590975,G2M
GTGAGGAGTCGCAGTC-1,-0.0533686336027655,0.03345530065727287,G2M
GTGAGGAGTCTGTAAC-1,0.22324906592810168,0.029014817485795152,S
GTGAGGAGTTATCTTC-1,-0.07757985095322062,0.04348138018592951,G2M
GTGAGGATCGAGTGAG-1,0.01768242711566953,0.1214313953984798,G2M
GTGAGGATCTACGGGC-1,0.1425231001291034,0.0016009310486129746,S
GTGAGGATCTGCATAG-1,0.11840649791352342,0.12186795237733561,G2M
GTGAGTTAGCAACAAT-1,0.02087493422490605,-0.055360636370775984,S
GTGAGTTAGCAGAAAG-1,0.24169672609461068,0.0363740042940634,S
GTGAGTTAGCAGGTCA-1,0.009134626500437615,0.11549883242554965,G2M
GTGAGTTAGGATACCG-1,0.03889255537231351,0.04842953468979816,G2M
GTGAGTTAGGGCATGT-1,0.021487807307800644,0.05030889280716527,G2M
GTGAGTTAGTTACTCG-1,0.24846697932482664,-0.013137289239512018,S
GTGAGTTCAAACGAGC-1,-0.012086293942329907,-0.0742464000782958,G1
GTGAGTTCAATTGCCA-1,0.06430072824251781,0.20829826725828104,G2M
GTGAGTTCACGGCGTT-1,0.08899541398315025,-0.054873524382669514,S
GTGAGTTGTAACGTTC-1,0.11304252376018104,-0.07029967227700279,S
GTGAGTTGTGTTCGAT-1,0.06634640877920184,0.09510790201043223,G2M
GTGAGTTTCAAGCCAT-1,0.2486601712446927,0.1461140122898939,S
GTGAGTTTCGATCCCT-1,0.1461472599056723,0.26156763081902046,G2M
GTGAGTTTCGTCAAAC-1,-0.013958622631034978,0.04095378590873067,G2M
GTGAGTTTCTCTTGCG-1,0.03963477164041784,-0.012096469983150615,S
GTGATGTAGAAGAGCA-1,0.014569120530488977,-0.011844579339439942,S
GTGATGTAGACATCCT-1,0.012533122704385447,0.049166781932924175,G2M
GTGATGTAGGCCCACT-1,0.08538284521016887,0.00423113563645916,S
GTGATGTAGGCCTGCT-1,0.055529578018016,0.26850845405013835,G2M
GTGATGTAGTTTGGCT-1,0.15394749876588176,-0.08604419663592322,S
GTGATGTCAAGAGTAT-1,0.3103134536800648,0.09049570268610191,S
GTGATGTCACAGACGA-1,-0.07597519550590787,0.10354571485730679,G2M
GTGATGTCAGGAGGTT-1,-0.01717644209158914,0.1097678934624508,G2M
GTGATGTGTCAAATCC-1,0.004707041534646517,-0.039248610926123195,S
GTGATGTGTCCTGGGT-1,-0.027382850297964778,0.05348186792706938,G2M
GTGATGTGTCGGCTAC-1,0.07892213335715337,0.07760043218401774,S
GTGATGTGTTACAGCT-1,0.008701185352452845,0.18847746235452784,G2M
GTGATGTTCCTCAGAA-1,0.042033200936022586,0.2592139315787904,G2M
GTGATGTTCGCTTGCT-1,0.060769473954894404,0.011244182834025063,S
GTGCACGAGCCTCCAG-1,0.09769487667373211,-0.13138341069402698,S
GTGCACGAGCGATGAC-1,0.015897677070118854,0.08062850293603951,G2M
GTGCACGAGGCTCTCG-1,0.016806579299797675,-0.014247836026031635,S
GTGCACGAGGGAGGCA-1,-0.008509174311037704,0.08752655895841732,G2M
GTGCACGAGTGCAAAT-1,0.023266196581959775,0.12285793484932411,G2M
GTGCACGCAACGCATT-1,0.005959540879490577,0.019529901636953395,G2M
GTGCACGCAGCAAGAC-1,0.17407075762350954,0.08573182177171218,S
GTGCACGGTAGAATGT-1,0.075913413554899,0.07312435787841581,S
GTGCACGGTCGAATTC-1,0.16774942827022515,-0.130989581723366,S
GTGCACGGTCGCAACC-1,0.07534061914172602,0.16583225024725348,G2M
GTGCACGGTCTACTGA-1,-0.005117844799282345,-0.01717620819507304,G1
GTGCACGGTTAACAGA-1,-0.09236447638111178,0.06024505091162258,G2M
GTGCACGGTTGGGAAC-1,-0.04587913543403571,0.023676556891046585,G2M
GTGCACGTCAAGAATG-1,0.0633023776317842,0.08752869108562844,G2M
GTGCACGTCACACCCT-1,0.07761553331429771,0.07905442574127441,G2M
GTGCACGTCCTTACCG-1,-0.01684599871415049,0.212361113967518,G2M
GTGCACGTCGCTTGAA-1,0.016528545779807002,0.05622758998286698,G2M
GTGCACGTCTAGTCAG-1,0.03014785900127881,-0.04252777017568893,S
GTGCAGCAGAGACAAG-1,-0.003628635166294525,0.27082808101544625,G2M
GTGCAGCAGATGCTGG-1,0.004273644566954227,0.10199485268183711,G2M
GTGCAGCAGCTTCTAG-1,-0.005892940361353571,0.08448288916523711,G2M
GTGCAGCAGGCGCTTC-1,-0.006984189152396847,0.39154346365271864,G2M
GTGCAGCAGTAGACCG-1,-0.022480906006789647,-0.027619775688388748,G1
GTGCAGCCACCTCTAC-1,0.0976880321363493,0.12128974378141746,G2M
GTGCAGCGTAGGCAGT-1,0.09469986594234231,0.1297495014080505,G2M
GTGCAGCGTTCGTTCC-1,0.02020856242101554,-0.16575702958264138,S
GTGCGTGAGATACAGT-1,0.02469637407655112,-0.06677055383560548,S
GTGCGTGAGCTAGAGC-1,0.17647297854079957,-0.09801642220301188,S
GTGCGTGAGTCATCCA-1,0.21155908000848245,0.2434725667807237,G2M
GTGCGTGCAGCACAGA-1,0.0231280172150648,-0.16051574060391885,S
GTGCGTGCAGTTTGGT-1,-0.015586928905764408,-0.029396194993923375,G1
GTGCGTGGTCAATGGG-1,-0.02704095203001461,-0.0663570473941354,G1
GTGCGTGGTGTTATCG-1,0.16595970749010752,0.24738484515220382,G2M
GTGCGTGGTTCCGCAG-1,-0.047354624540488166,0.024009317395788987,G2M
GTGCGTGGTTTGGGTT-1,0.16171374249231973,0.006016892443992172,S
GTGCGTGTCATCGGGC-1,0.03428071625016671,-0.09467030206884292,S
GTGCGTGTCGCTGCGA-1,-0.039346791765182854,0.2798985180580764,G2M
GTGCTGGAGACTTCAC-1,-0.05865278907749433,0.1508355544565767,G2M
GTGCTGGAGGCATCGA-1,0.10594100858532207,0.03277138537027596,S
GTGCTGGAGGGCAACT-1,0.11554900499431375,0.028225363474807308,S
GTGCTGGAGTCCCGGT-1,0.12450932899034772,0.11195902973832733,S
GTGCTGGCATTGACAC-1,-0.07471023604571791,0.10198562630459412,G2M
GTGCTGGGTAAGGCCA-1,0.004026820030242795,0.0706320143598761,G2M
GTGCTGGGTAGACTGG-1,0.04191618729614921,-0.04853571965220149,S
GTGCTGGGTATGTGTC-1,0.08407378778225039,0.17544647814643738,G2M
GTGCTGGGTATTGAGA-1,0.13987014131125358,0.015618716994609094,S
GTGCTGGGTTAAGCAA-1,0.02846733416648317,0.2848249197137305,G2M
GTGCTGGGTTCGTAAC-1,0.06574213249964184,-0.07756698557570352,S
GTGCTGGGTTCTATCT-1,0.05317669544240916,0.011238252911120905,S
GTGCTGGTCAGGGATG-1,0.05862782869036587,0.22183180930200336,G2M
GTGCTGGTCCCATGGG-1,0.09145741358723691,0.10940115305543202,G2M
GTGCTGGTCTCTAAGG-1,0.055910666422667066,-0.02542112521391815,S
GTGCTTCAGAACGTGC-1,0.0719256326025316,0.055300567935129274,S
GTGCTTCAGCATCCCG-1,0.08357102163738267,0.04479489903690426,S
GTGCTTCAGCGGACAT-1,0.12708519911033644,0.20986411505268876,G2M
GTGCTTCAGGTACAGC-1,0.03841695074572865,-0.17496585074890125,S
GTGCTTCAGGTGCCTC-1,0.03184954480016472,0.1838114276971235,G2M
GTGCTTCAGTGCCGAA-1,0.06595248862739489,-0.09384346248870609,S
GTGCTTCCATCATCTT-1,-0.0717031888945574,0.021843155352342436,G2M
GTGCTTCGTAAGACCG-1,0.005528368200652389,-0.09899160703979387,S
GTGCTTCGTAAGTTAG-1,-0.05012672438605198,-0.14872233422976608,G1
GTGCTTCGTAGCCCTG-1,-0.02383533006663613,0.08257296072943648,G2M
GTGCTTCGTGGAATGC-1,0.08377795030238577,-0.04738605488534464,S
GTGCTTCTCCTAGCCT-1,-0.04646468559276473,-0.058511813643570776,G1
GTGCTTCTCGCCAATA-1,0.18902100051506404,-0.048911336530731875,S
GTGCTTCTCGCCACTT-1,-0.0287684312773257,0.06561920659122089,G2M
GTGCTTCTCTCGCCTA-1,0.0021087158366051018,0.14382416370564938,G2M
GTGCTTCTCTGTCGTC-1,-0.02372692706723356,-0.06254381849889068,G1
GTGGAAGAGAGTGTTA-1,-0.015284520757058995,-0.14717163726099983,G1
GTGGAAGAGCCTATTG-1,0.18319941670497425,-0.045812730766669696,S
GTGGAAGAGCCTGGAA-1,0.13334913477354532,-0.14385467989587145,S
GTGGAAGAGTGGATTA-1,0.15112024791386502,0.11900028581472144,S
GTGGAAGCAACCGCCA-1,-0.07511200653457867,-0.015897283100387127,G1
GTGGAAGCAATAGTAG-1,0.12118917852855082,0.07773524674486865,S
GTGGAAGCACACCGAC-1,-0.0070858591737612,0.012593514390104477,G2M
GTGGAAGTCACGTAGT-1,0.005652084352228304,-0.06224864530268809,S
GTGGAAGTCAGAGTTC-1,-0.021144498924807353,0.2924444913470897,G2M
GTGGAAGTCGGACCAC-1,0.11473636357434697,0.23237624204944107,G2M
GTGGAGAAGAAACCCG-1,0.11789977800201207,0.10787418100604962,S
GTGGAGAAGATCCTAC-1,-0.013232723138608127,0.07100835304041886,G2M
GTGGAGAAGCTATCTG-1,0.05853626478773849,0.3298345990617541,G2M
GTGGAGAAGGTTTGAA-1,0.044182536486693735,0.17020484131299557,G2M
GTGGAGACACAAATGA-1,0.014494746210675036,0.11411355548085245,G2M
GTGGAGACACAACGAG-1,0.05137675677891107,-0.03639056990161363,S
GTGGAGACACAAGCCC-1,0.10546498334264354,0.13164327561070766,G2M
GTGGAGACACTCACTC-1,0.03894055964161319,-0.008254401731073169,S
GTGGAGACACTCATAG-1,-0.06380651065577675,-0.014769966437858939,G1
GTGGAGACATCTCCCA-1,0.06885013917422828,0.03653883336451713,S
GTGGAGAGTGACAGGT-1,0.13657190493150767,0.09490543242849586,S
GTGGAGAGTGTTCATG-1,0.1928163071488409,-0.0282386230823313,S
GTGGAGAGTTCAGCTA-1,0.03705997831241009,0.02640862577633335,S
GTGGAGATCAAAGACA-1,0.044611213759139234,-0.11195874932026567,S
GTGGAGATCAAGAGGC-1,0.03715145155510635,0.048036388197235436,G2M
GTGGAGATCAGACATC-1,-0.05747475286470666,-0.169913595881878,G1
GTGGAGATCCATAGGT-1,-0.01003446047871609,0.11293083216332012,G2M
GTGGAGATCCATTTGT-1,-0.005175541346084445,0.22174179103302694,G2M
GTGGAGATCGAACGCC-1,-0.04389977978137749,0.04445731196118674,G2M
GTGGAGATCTCGTGAA-1,0.07211062571123372,-0.13002536821240446,S
GTGGCGTAGAATTTGG-1,0.018638076857776464,0.2660184041490176,G2M
GTGGCGTAGACATCCT-1,0.13085128154815817,0.0076120801963718565,S
GTGGCGTAGCTATCTG-1,0.26657302129194993,-0.040111806251489135,S
GTGGCGTAGTACCGGA-1,0.05199500351571329,-0.12353109691172415,S
GTGGCGTAGTCACGAG-1,-0.056590101509651825,0.10820748303964445,G2M
GTGGCGTCACTATCCC-1,-0.008539641919445118,0.1189104195673713,G2M
GTGGCGTCAGGATCTT-1,-0.017217395005538094,0.06603086252639073,G2M
GTGGCGTGTATTCCGA-1,0.013047571867743524,0.04615368208807008,G2M
GTGGCGTGTGTGGTCC-1,0.05124962527721183,0.03733726784720398,S
GTGGCGTGTTCCCAAA-1,0.047608982268733335,-0.16305614643504657,S
GTGGCGTTCGTTAGTG-1,-0.0018528165610525171,0.003913369324810179,G2M
GTGGCGTTCTGCTAGA-1,-0.044230034119720485,0.03162566779914411,G2M
GTGGGAAAGCAGGTCA-1,0.10879331352282007,0.07261917249593758,S
GTGGGAAAGGATGAGA-1,0.00544808989918133,-0.06924940533457727,S
GTGGGAAAGGGACAGG-1,0.044850631650470985,0.05258544910648405,G2M
GTGGGAAAGTATGTAG-1,0.024386386297733154,0.042438060823046186,G2M
GTGGGAACATGGAAGC-1,0.36268231107752735,0.11731892431512125,S
GTGGGAAGTGGGCTTC-1,0.028629643487034118,0.08675638149936676,G2M
GTGGGAAGTGGTAACG-1,0.027661733303152636,0.22501114832661384,G2M
GTGGGAAGTTTCGTGA-1,-0.006325973293289711,0.009301784349202591,G2M
GTGGGAATCAATCTCT-1,-0.07689330222324214,0.02106846356961717,G2M
GTGGGAATCATGCATG-1,0.1055173869179496,0.16505887623202742,G2M
GTGGTTAAGCTTCGTA-1,-0.06633120147906763,0.011050576122152322,G2M
GTGGTTAAGGAGAATG-1,0.0985025083113083,-0.0178015408118527,S
GTGGTTAAGTAGGCCA-1,0.02943670681659094,0.2475512877059921,G2M
GTGGTTACAGAGCTAG-1,-0.0006295472015885872,0.02272014223755514,G2M
GTGGTTACATCAGCGC-1,-0.002664366859184919,0.07355726834299003,G2M
GTGGTTACATCCTATT-1,0.13957740560819076,0.015771087971438696,S
GTGGTTAGTGAGACCA-1,-0.07329252384000118,0.2970279832270432,G2M
GTGGTTAGTTAACCTG-1,0.004125367087973841,-0.09334437804960627,S
GTGGTTATCCATCACC-1,0.06283315500448233,0.1666163798619325,G2M
GTGTAACAGCTCCATA-1,-0.06566023053136055,0.02723751442540584,G2M
GTGTAACAGGCTCTAT-1,0.04117693862157901,0.16441276266914048,G2M
GTGTAACAGGTCATAA-1,0.02100521349032869,-0.00693788374539378,S
GTGTAACCAAACAGGC-1,0.130414468162789,0.13314187136933492,G2M
GTGTAACCAACGAGGT-1,-0.04845692567223997,0.03523165201725209,G2M
GTGTAACCAACTGTGT-1,0.06489210884488905,0.0077495073455606245,S
GTGTAACCAATTAGGA-1,0.019957353565106972,0.05133966596001416,G2M
GTGTAACCACTGCGAC-1,0.09479354594137879,-0.028441268789140217,S
GTGTAACCACTGGACC-1,0.055511377708361564,0.1781346551281935,G2M
GTGTAACGTCTGATAC-1,-0.033956423746670295,-0.09376536704548533,G1
GTGTAACGTGACACAG-1,0.2361351426901649,0.027178165324388714,S
GTGTAACGTTCGAGCC-1,0.02856655452201806,0.06635603502694926,G2M
GTGTAACTCCCTTGGT-1,0.04139166404066019,0.0019144299290844158,S
GTGTAACTCCGAGCTG-1,0.008023337717577572,0.05795250137589164,G2M
GTGTAACTCTCATGGA-1,0.07781505225443974,-0.03377621528776245,S
GTGTCCTAGGATTTAG-1,-0.003144886255895596,0.19778857088186141,G2M
GTGTCCTCAGCGTGAA-1,0.1439984884749259,-0.09942155414671483,S
GTGTCCTCAGCTTCGG-1,0.023309993622770198,0.21002506419444258,G2M
GTGTCCTCAGTCCGTG-1,-0.06280963610204693,-0.04218584701386591,G1
GTGTCCTGTCACAATC-1,0.23865937068793774,-0.09961141907248533,S
GTGTCCTGTCTAATCG-1,0.08690677681664788,-0.08932107287781627,S
GTGTCCTGTCTGGTTA-1,0.0502625036462373,0.18640349475005275,G2M
GTGTCCTGTGAGATTA-1,0.32179525873544174,0.0669662946485956,S
GTGTCCTGTGTAACGG-1,0.03366370011517439,-0.04742903518343661,S
GTGTCCTTCAATCTTC-1,-0.01031076468515607,0.1046395533290202,G2M
GTGTCCTTCCGGTAAT-1,0.045664651651591615,-0.09171134915667539,S
GTGTCCTTCGCCAGTG-1,0.060976712785259735,0.11022286649347257,G2M
GTGTGATAGCTGGCTC-1,0.10514116520245537,0.16240164158835513,G2M
GTGTGATAGGGAGGCA-1,-0.0861336760810098,-0.1886961357640031,G1
GTGTGATCAAATGAGT-1,0.0007830919897204858,0.09290497105849721,G2M
GTGTGATCAACTCCCT-1,-0.03507221625048468,-0.0561783227315715,G1
GTGTGATCAATCCTAG-1,-0.07734262918375351,0.1021242730502867,G2M
GTGTGATCACTACCGG-1,0.11701770630795977,0.0031225651002385613,S
GTGTGATCATGGCGCT-1,-0.06909051388094734,-0.10983632293333037,G1
GTGTGATGTATACCTG-1,0.08212129124280565,-0.03308584369257117,S
GTGTGATGTATAGGAT-1,-0.05609042519319818,0.2032461228991676,G2M
GTGTGATGTCTGTTAG-1,-0.001150017038417217,0.05227504447832637,G2M
GTGTGATGTGCAGTGA-1,0.2818743787232588,0.02292566650115263,S
GTGTGATGTTCGGGTC-1,0.04430488629292162,-0.016618704858293032,S
GTGTGATGTTCGTACA-1,0.049662248348133986,-0.04387584648158227,S
GTGTGATTCCATACTT-1,0.099095124032062,-0.14479074302039965,S
GTGTGATTCGTAGCCG-1,0.07040977268622611,0.11135416501845491,G2M
GTGTGATTCTTACGGA-1,-0.07047577114522802,0.04791263984849686,G2M
GTGTGGCCAAGGCTTT-1,0.12578439530835017,0.08444859235847502,S
GTGTGGCCACTCTCGT-1,0.11641168593333856,0.13335188278455343,G2M
GTGTGGCCATGGCTGC-1,0.09485801517099879,0.13684048918972064,G2M
GTGTGGCGTCAAATCC-1,0.14882859019055972,0.09324418620595046,S
GTGTGGCGTGCCGTAC-1,-0.04856696206961392,-0.030297485600274676,G1
GTGTGGCGTGGTACAG-1,0.003839364445068605,0.09644375369880426,G2M
GTGTGGCGTTGCGGCT-1,0.04645239780519561,0.06487051103090485,G2M
GTGTGGCTCGATTCCC-1,0.06186440034469326,-0.021654949649016153,S
GTGTGGCTCTCCAAGA-1,0.14973834231603322,0.10482744067827338,S
GTGTTAGCAACTTGGT-1,0.06300195217635546,0.050969569449675955,S
GTGTTAGTCTCCGAGG-1,0.0693497265963201,-0.19625574286937608,S
GTGTTCCCAATTGCAC-1,-0.016938715533538096,-0.0721810927409095,G1
GTGTTCCCACTACAGT-1,0.07983698777263731,-0.08756430632299878,S
GTGTTCCCAGCTGGTC-1,-0.0003011083201546194,0.0971485501693371,G2M
GTGTTCCCAGGTACGA-1,0.2093503344465225,0.23157295878933337,G2M
GTGTTCCCATGTTCGA-1,0.006794231180672183,0.048039582378554824,G2M
GTGTTCCGTGCTAGCC-1,0.05517987466085833,0.04918446125541143,S
GTGTTCCTCCGGACGT-1,0.11620218631200019,0.005648620316538233,S
GTGTTCCTCGACGAGA-1,0.045961759766523724,-0.11582013545294312,S
GTTACAGAGCCAACCC-1,0.1750378241526786,0.126441836145076,S
GTTACAGAGCTAAACA-1,-0.0653079706709,0.017757928617011143,G2M
GTTACAGAGGCTCCCA-1,0.07899234852944703,-0.0009446165539392926,S
GTTACAGAGTAGCATA-1,0.0589449983124245,0.1480750000988434,G2M
GTTACAGCAACCACAT-1,0.02710621535522706,0.13726572251590524,G2M
GTTACAGCACGGTCTG-1,0.08033306027470866,-0.0151272843723822,S
GTTACAGCAGGTTCAT-1,-0.03138922105278852,-0.09648485779897203,G1
GTTACAGCATACAGGG-1,0.024664514296211748,-0.09273346959879547,S
GTTACAGCATCTCGTC-1,0.10277242198394965,0.2925898747265113,G2M
GTTACAGGTCTGTGCG-1,0.08398108611391109,0.01297492526958588,S
GTTACAGGTCTTCAAG-1,0.03036998437300026,0.09012402967232974,G2M
GTTACAGGTGCAGTGA-1,-0.0067081228872162835,0.1387439674857841,G2M
GTTACAGGTGCTGATT-1,0.19712601281201947,0.06922319201331895,S
GTTACAGTCAAAGCCT-1,0.15830063324602,-0.03607271516513155,S
GTTACAGTCCTCTTTC-1,0.11012837343435816,-0.15991338013885578,S
GTTACAGTCGATTGAC-1,0.1677328566366706,0.11919399390518731,S
GTTACAGTCTATCCAT-1,0.09040255120882856,0.008243417466913927,S
GTTACAGTCTCCCTAG-1,0.05405847355923865,0.11146736601485357,G2M
GTTACCCCAATTGGTC-1,0.03335642293690633,-0.17232863376644947,S
GTTACCCCACGATTCA-1,-0.02916041262873026,0.04724402847282638,G2M
GTTACCCCAGCACCCA-1,0.09680365883793113,0.04581745916664948,S
GTTACCCGTACTCAAC-1,0.09509320949206002,0.05065886259796065,S
GTTACCCGTCCAGAAG-1,-0.022699233474683833,-0.045118053804289404,G1
GTTACCCGTCGATTCA-1,-0.0834043934879381,-0.0874701035114877,G1
GTTACCCGTCGTTGCG-1,-0.0011761561278298416,-0.020840687429622362,G1
GTTACCCGTGGAACCA-1,0.08013398748982559,0.17483063341864122,G2M
GTTACCCGTGGACCTC-1,0.10904270634698304,0.03709221570929214,S
GTTACCCGTTTCGACA-1,0.015129035649313893,0.1428114974727367,G2M
GTTACCCTCAACGAGG-1,0.2016718584433943,0.04506800895728669,S
GTTACCCTCATGCCGG-1,0.24878778614284547,-0.021714166097362486,S
GTTACCCTCGAGAGCA-1,0.15895675501674478,0.17524581293074187,G2M
GTTACCCTCGCCAGAC-1,-0.009871534522818304,-0.01035117609550773,G1
GTTACCCTCGGTCGGT-1,-0.05228797346465808,0.19342220702781543,G2M
GTTACCCTCTACCACC-1,-0.0548534501708291,-0.10568423959116383,G1
GTTACGAAGGACGCTA-1,0.036425521883762246,0.012086249034720331,S
GTTACGAAGGCAATGC-1,0.09647143088051635,0.10594487612014836,G2M
GTTACGAAGGCTAAAT-1,0.08691314994702465,0.31800727736907125,G2M
GTTACGAAGGCTTCCG-1,0.18665786170626886,-0.1094542302080177,S
GTTACGAAGGTTGTTC-1,-0.04125372581768527,0.017237113690353967,G2M
GTTACGACAACTACGT-1,0.09986586459159869,0.23755564877311536,G2M
GTTACGACATGGCGCT-1,0.09633710497129233,0.1363058986178361,G2M
GTTACGATCACTGAAC-1,-0.001560430071175456,0.02651906166929141,G2M
GTTACGATCTCCTACG-1,0.08310522392712616,0.11538125006656999,G2M
GTTAGACAGCACAAAT-1,0.056881940590923,0.04151486361968609,S
GTTAGACAGGCTCAAG-1,0.12289718896624702,0.10652702222731386,S
GTTAGACCACACGTGC-1,0.05784614640509089,0.5451319317533785,G2M
GTTAGACCACATACGT-1,0.12631466499922994,-0.13344797157099336,S
GTTAGACGTAATCAGA-1,0.08993201405358486,0.08616185054900571,S
GTTAGACGTCACTCTC-1,0.03144022625614046,-0.02534697816927156,S
GTTAGACGTCATCAGT-1,-0.010563707576486725,-0.06686028672091221,G1
GTTAGACGTGCGAACA-1,-0.04105758892820821,-0.004008740025733093,G1
GTTAGACGTGGATTTC-1,-0.06063653976594485,-0.07025134832159463,G1
GTTAGACGTTCCGTTC-1,0.06007647161742646,0.28987986128310417,G2M
GTTAGACTCAAGGTGG-1,-0.024176966250193055,-0.06283055827301587,G1
GTTAGACTCGTCGCTT-1,-0.011000032268694393,-0.1540463259957177,G1
GTTAGACTCGTCTCAC-1,0.24590471833626754,-0.05115829984196668,S
GTTAGACTCGTGCGAC-1,-0.01489901986622133,0.25530910180436267,G2M
GTTAGTGCAACGGCTC-1,0.012835934429387574,0.08193511138784754,G2M
GTTAGTGCAATGTGGG-1,-0.05052098295233026,-0.04464466052655086,G1
GTTAGTGCAGTGACCC-1,0.10983564397237744,-0.08195131965667557,S
GTTAGTGGTACCTATG-1,0.06367557743169328,0.1306941636085726,G2M
GTTAGTGGTCTGTGTA-1,0.08390478941759522,-0.12255853214253429,S
GTTAGTGTCTTCCGTG-1,0.07824329117297907,0.023093159944141906,S
GTTATGGAGGTAGTAT-1,0.1915634448357943,-0.003717152029348192,S
GTTATGGCACCAATTG-1,0.03353837187563802,0.15661739916739925,G2M
GTTATGGCACTACCCT-1,0.07350959910865629,0.03860353008633094,S
GTTATGGCAGAAATCA-1,0.02166287327722216,0.0260054144898329,G2M
GTTATGGCATGTTTGG-1,0.03292006843531914,-0.02256325999043718,S
GTTATGGGTCTATGAC-1,0.09790918373500601,-0.11120277433283426,S
GTTATGGTCTTAAGGC-1,0.04907862426128451,0.19788969712340504,G2M
GTTATGGTCTTACGGA-1,-0.005207124219460013,0.10781758016858517,G2M
GTTCATTAGTAACAGT-1,-0.03521901972544883,-0.02448388705998905,G1
GTTCATTCAACTCGAT-1,-0.04041708193459076,0.03339806132280965,G2M
GTTCATTCAGATCACT-1,-0.07342233048715502,-0.10938312077382717,G1
GTTCATTCAGGATTCT-1,-0.02681065244192027,0.15665726821907805,G2M
GTTCATTGTCTCGCGA-1,0.039585834739924386,-0.15471247606446176,S
GTTCATTGTGGAACAC-1,0.05804050626958618,0.19876958336852807,G2M
GTTCATTTCCTACGGG-1,0.020632580971945202,-0.04595874847938153,S
GTTCATTTCTCGTGAA-1,0.07010673427033642,-0.009877646340654911,S
GTTCATTTCTCTCTTC-1,0.032313595212699386,-0.18970884533032714,S
GTTCATTTCTTTGCGC-1,0.1785787610277032,0.07754854972279013,S
GTTCCGTAGCACCAGA-1,0.021220736412961627,-0.038356700970127944,S
GTTCCGTAGCAGTAAT-1,0.005679295675989571,0.12605727799539168,G2M
GTTCCGTAGGTTCACT-1,0.024121777181350446,0.06653691241813736,G2M
GTTCCGTCAAGATGGC-1,-0.06895028431854439,0.09534353957147373,G2M
GTTCCGTCACATCCCT-1,0.1030898840335579,0.02098255395573151,S
GTTCCGTCAGTCAGTT-1,-0.026788202489053448,-0.15493226052101625,G1
GTTCCGTGTCACTTCC-1,0.12633730046005365,0.13516117321219318,G2M
GTTCCGTGTCAGACGA-1,0.06797048323065091,-0.015420448440409129,S
GTTCCGTGTGCTGATT-1,0.15832255997447453,0.1785461145980034,G2M
GTTCCGTTCATTCATC-1,-0.007083137322839439,0.11166976114351229,G2M
GTTCGCTAGAGGGTCT-1,0.05757529288065222,0.051342664847980446,S
GTTCGCTAGCATGCAG-1,-0.0021270070525489793,0.03569747888040686,G2M
GTTCGCTAGTGTGTTC-1,0.03496602994388209,0.15160960854420263,G2M
GTTCGCTCACGGTGCT-1,0.0644673992994026,0.26091486364983757,G2M
GTTCGCTCACTACCCT-1,-0.03771902300365937,-0.0477637989871626,G1
GTTCGCTGTATAATGG-1,0.08996608523001615,-0.20031502591442124,S
GTTCGCTGTGTACAGG-1,-0.10763515351450081,0.14438070806323983,G2M
GTTCGCTTCCAAAGGG-1,0.07026951216477062,-0.0006568305477982483,S
GTTCGCTTCCTAGCCT-1,0.17751613166353652,-0.034464645916229525,S
GTTCGCTTCTCTGCTG-1,0.024905315736927447,0.020936985218811377,S
GTTCGCTTCTTGGCTC-1,0.06915632909027863,-0.07865436351382946,S
GTTCTATAGAACTGAT-1,0.012141966448685704,-0.031435722128269505,S
GTTCTATAGATGACAT-1,0.009189570401504421,-0.0550196770920659,S
GTTCTATAGCGAATGC-1,-0.03596955071639529,0.1305221914647487,G2M
GTTCTATAGTTCATGC-1,0.12143516388606262,0.06138898555190214,S
GTTCTATCAAGTGGAC-1,0.21386455655536785,-0.08863603866353603,S
GTTCTATCAATATCCG-1,0.12371815635942784,0.3047093065446339,G2M
GTTCTATCAATCACGT-1,-0.006787462439590497,0.15883440798811926,G2M
GTTCTATCAGCACAGA-1,0.004599764763165648,-0.09631956072767495,S
GTTCTATGTAATTAGG-1,0.3711727090516578,-0.05638812960075118,S
GTTCTATGTCTCTCCA-1,0.024475079097242336,-0.043854620234554,S
GTTCTATGTTTAGAGA-1,0.012206753070184095,0.06861594673162413,G2M
GTTCTATTCAACTCTT-1,-0.0659196191056487,0.1750928599291386,G2M
GTTCTATTCTTGGGCG-1,-0.0005689251064379119,0.07159910537898856,G2M
GTTGAACAGAAATCCA-1,0.03782861763916778,0.30110007392446814,G2M
GTTGAACAGGGTAATT-1,0.018631373155341024,-0.04261173370303101,S
GTTGAACCACTGTTCC-1,0.07893074424398261,-0.1134066521120983,S
GTTGAACGTAGGAAAG-1,0.08331521207738701,0.07389015227855977,S
GTTGAACGTATCGAGG-1,-0.006646011431702292,0.0555594587907427,G2M
GTTGAACTCTCGTGAA-1,0.014530416007468294,0.20571539237849995,G2M
GTTGCGGAGAGTCGAC-1,0.12607038760419798,0.0947327734578115,S
GTTGCGGAGGAGAATG-1,-0.010214675587324473,-0.04742305594371765,G1
GTTGCGGAGGCATTTC-1,0.06974479182247473,0.1025780553531841,G2M
GTTGCGGAGTGCAAAT-1,0.02854358417786168,0.10328419269208805,G2M
GTTGCGGCAATGCAAA-1,0.1470226543397689,0.09045048437923203,S
GTTGCGGCACTGAGGA-1,0.06683417370282768,0.12350070387474882,G2M
GTTGCGGTCAGAACCT-1,0.1396915093845406,0.050043762032834005,S
GTTGCGGTCAGCCCAG-1,-0.020727630108392736,-0.008894005751980627,G1
GTTGCTCAGAAGCGCT-1,0.016207087589891533,0.20909588195301387,G2M
GTTGCTCAGTGCAGGT-1,-0.07055548891950247,-0.10036321604052542,G1
GTTGCTCCACAAGTTC-1,0.1314139716902829,-0.014464200551156492,S
GTTGCTCCAGTTGCGC-1,-0.06657538505256766,-0.02211220982057699,G1
GTTGCTCCATATACCG-1,0.2919487763387335,0.09230312320764378,S
GTTGCTCCATCACCAA-1,0.036067862871288436,0.20441659800483003,G2M
GTTGCTCCATGGCGCT-1,0.05925004840977538,-0.0007696589385432773,S
GTTGCTCGTGTTAAAG-1,0.010639718948589894,0.05018728883002521,G2M
GTTGCTCTCACCATGA-1,-0.009172210174364148,-0.06606440838518035,G1
GTTGCTCTCCATAGGT-1,0.03929028677236707,-0.01962458921209015,S
GTTGCTCTCCCTGTTG-1,0.030274775924717112,0.2678065468540885,G2M
GTTGCTCTCCTTATAC-1,-0.08720784752607025,-0.010379767788786187,G1
GTTGCTCTCTTCGGTC-1,0.01188184007172427,-0.020576203232968715,S
GTTGTAGAGGCTAAAT-1,0.034420994345195854,0.04986744880645427,G2M
GTTGTAGAGGTAACTA-1,0.04384545116068572,0.02678876089550869,S
GTTGTAGAGTACTGTC-1,0.036189396656016504,-0.0651222292662384,S
GTTGTAGCAACATACC-1,0.21360421798161117,0.04291633264101136,S
GTTGTAGGTAATTAGG-1,0.018653765788794907,0.21866493484789704,G2M
GTTGTAGGTATTGGCT-1,-0.014694254762699921,0.11485846968441366,G2M
GTTGTAGGTCGCGTCA-1,-0.015229221401724113,0.2173579902460171,G2M
GTTGTAGGTCGTTGCG-1,0.026845815479261348,-0.11964311581534492,S
GTTGTAGGTGCATTAC-1,-0.027906070399063176,0.12374319671979256,G2M
GTTGTAGGTTCGGTCG-1,0.00530147185005464,0.04903007359404621,G2M
GTTGTAGTCAATCCAG-1,-0.025389581589596866,0.20355184545245858,G2M
GTTGTAGTCTAGTCAG-1,-0.003579962280002791,0.07047067916523203,G2M
GTTGTAGTCTGGAGAG-1,-0.08769434583848423,-0.2530995135758997,G1
GTTGTAGTCTGGTTGA-1,0.0019790656065742374,-0.11250741446081058,S
GTTGTCCAGCTGAAAT-1,0.02863191626745465,-0.060184035062643415,S
GTTGTCCAGCTTACGT-1,0.10986968550366832,0.015576225330849597,S
GTTGTCCAGGTCGCCT-1,-0.13055893340808894,-0.1811584363351189,G1
GTTGTCCCAACACTAC-1,0.07166696594079303,-0.03288479254735455,S
GTTGTCCCACATGTTG-1,-0.07879838961342434,-0.06969105761324362,G1
GTTGTCCGTCAAACGG-1,0.06859752098341187,0.0013302651943193355,S
GTTGTCCGTCGTGGTC-1,-0.021567591578342538,-0.00636675317646529,G1
GTTGTCCTCCTTCACG-1,0.009827486606926616,0.0005848302496060942,S
GTTGTCCTCGTTGCCT-1,0.07310257375174894,-0.11889894471039444,S
GTTGTGAAGGTAGATT-1,0.09271781426534592,-0.17176666842993246,S
GTTGTGACAACTCCAA-1,0.045300584033115876,0.0036151919357681472,S
GTTGTGACAATGACCT-1,0.045263747851964076,0.26097381695180216,G2M
GTTGTGAGTTTCCATT-1,-0.04561894902771768,-0.03438009959305677,G1
GTTGTGATCGTTGTGA-1,0.05843855243369411,-0.07444199482222078,S
GTTGTGATCTCACCCA-1,-0.01975373887370091,0.16081701266164555,G2M
GTTTACTAGGCAGCTA-1,0.037227285590143155,0.16725074599914264,G2M
GTTTACTCAGCGTGAA-1,-0.023722514868465217,0.061016761756591764,G2M
GTTTACTGTCAAGGCA-1,0.04946177431711418,-0.016654529314308553,S
GTTTACTGTTACAGCT-1,0.026877676737751655,-0.08832409469689861,S
GTTTACTGTTCTCTCG-1,0.004058045971199298,-0.18401248939040174,S
GTTTACTGTTGTCCCT-1,0.00044267971523404004,0.11648851325998388,G2M
GTTTACTTCATCACTT-1,0.08068326160453165,0.1466635116217404,G2M
GTTTACTTCCGCGGAT-1,0.04730521602768978,-0.06730722650851367,S
GTTTGGAAGCTGACAG-1,-0.032636128080018756,0.009643629109935381,G2M
GTTTGGAAGGGTGGGA-1,-0.0578067789723834,0.11516157314164466,G2M
GTTTGGACAAATTGGA-1,0.10249387714687452,-0.08451032593828489,S
GTTTGGACACAAGCTT-1,-0.04234584351518822,0.0567960119514222,G2M
GTTTGGAGTACCGTCG-1,0.2137713159777912,-0.06565316755633388,S
GTTTGGATCAAGAGTA-1,0.05416931751980353,0.11333876256627234,G2M
GTTTGGATCATGTCTT-1,0.17057878511795216,0.07901095033196998,S
GTTTGGATCCCAGGCA-1,0.03091074125816995,0.0733921926576197,G2M
GTTTGGATCGAAGTGG-1,0.0032467874436604705,0.04962196271758251,G2M
GTTTGGATCGTAGGGA-1,0.03046866762592665,-0.1143015179310713,S
GTTTGGATCTTAATCC-1,0.13618111677647937,-0.08291658478163177,S
TAACACGCAGTCAGAG-1,0.0976850886859491,-0.11783723646739888,S
TAACACGTCATCGCAA-1,0.020174025709122523,0.02232330916658154,G2M
TAACACGTCGCTAAAC-1,-0.02497668004848419,0.05054590402192766,G2M
TAACCAGAGCGCATCC-1,0.05657313093955252,0.014823334479462325,S
TAACCAGAGTGCTCAT-1,0.02941773667765718,0.21379468104905713,G2M
TAACCAGCAGAACTAA-1,-0.030760367391461152,-0.005706330551019656,G1
TAACCAGCAGCTTTCC-1,-0.06893145164765835,0.02315749022851249,G2M
TAACCAGGTACGACTT-1,-0.008574586067251477,0.12537322299284054,G2M
TAACCAGGTCGCATCG-1,0.04878191430276191,0.2635312830313478,G2M
TAACCAGGTCTGTAAC-1,0.047109703246434376,0.09315896425166698,G2M
TAACCAGGTCTTCATT-1,-0.00046696191844830537,0.03940233393623138,G2M
TAACCAGGTCTTCCGT-1,0.1403436129658716,0.10525710308005493,S
TAACCAGGTTAAACCC-1,0.1562610589923883,0.014682693348206599,S
TAACCAGTCAAAGGTA-1,0.1002534624039414,0.004511164375952392,S
TAACCAGTCTAGCAAC-1,0.1310946543968663,-0.013634331672559674,S
TAACCAGTCTGCTCTG-1,-0.028704082147478716,0.019004168075098138,G2M
TAACGACAGATCCCGC-1,-0.03525630103536592,-0.23849366567933747,G1
TAACGACAGCGATTCT-1,0.023236628880124233,0.08199978081399178,G2M
TAACGACAGGTCGAGT-1,-0.001441979298942575,-0.13983036766176846,G1
TAACGACAGTTGAAGT-1,0.03979259403345292,0.15708044606113158,G2M
TAACGACCAAAGAGTT-1,0.13253126197170967,0.14226953756847405,G2M
TAACGACCACCAAAGG-1,0.02450983736755402,-0.09288408027529997,S
TAACGACCAGCATTGT-1,0.04179324893944436,-0.0029742104366962674,S
TAACGACCATTCACAG-1,0.05183593914731721,-0.0771258052148508,S
TAACGACGTACTCCGG-1,0.06769958663453302,0.058451447333128626,S
TAACGACGTCGCCACA-1,0.07926478412716786,0.06838333658766327,S
TAACGACGTTAAGGAT-1,0.0036275020403345737,0.12294321901249788,G2M
TAACGACTCCCATAAG-1,0.03744993726575835,0.217378217912361,G2M
TAACGACTCCTACAAG-1,-0.029223897820347622,0.023283079214019897,G2M
TAACGACTCGGAGTAG-1,-0.007658425787433254,-0.11871343736780254,G1
TAACGACTCGGTCGAC-1,-0.044668645429484954,0.14923014896336445,G2M
TAACGACTCGTTCTGC-1,0.10865012371657862,0.0977137537453786,S
TAACGACTCTACCCAC-1,0.10279902993466367,0.050880667208807906,S
TAACGACTCTTCACAT-1,0.015109436967705281,0.082106137629611,G2M
TAACTTCAGATTAGCA-1,-6.5433641061041214e-06,0.04792857827816721,G2M
TAACTTCAGGAGAGTA-1,-0.014284089238123299,0.06833089819423582,G2M
TAACTTCCAAACTCGT-1,0.13044682419128395,-0.09491765374589262,S
TAACTTCGTGGTCTGC-1,0.0942014872782726,-0.19057993001985052,S
TAACTTCGTTCCAGGC-1,-0.0011726660489589369,-0.031193700090717202,G1
TAACTTCGTTCCTACC-1,-0.017820167635941297,0.01863443167928791,G2M
TAACTTCGTTTCGTGA-1,-0.04055971722888929,0.07253227858134581,G2M
TAACTTCTCAAGGAGC-1,0.37413624694980574,0.050113691672490523,S
TAACTTCTCAATGCAC-1,0.04548367574684914,-0.025992364933695777,S
TAACTTCTCATCTCTA-1,-0.020321244298173613,0.08451313459103299,G2M
TAACTTCTCATGGCCG-1,-0.0984954589268256,0.09851070856940858,G2M
TAACTTCTCCTGCCAT-1,0.16771320108730636,0.35062918011173194,G2M
TAAGCACAGAAGATCT-1,0.23246776075036535,-0.10288627816720841,S
TAAGCACAGCGACATG-1,-0.03409579594040385,0.13784673387369492,G2M
TAAGCACAGGGACAGG-1,0.16309476793332012,0.11633663437182279,S
TAAGCACAGTAATCCC-1,0.03079598836820996,0.169657018876223,G2M
TAAGCACCACGCACCA-1,0.05681324216584671,-0.06484132593204933,S
TAAGCACCATAGAGGC-1,0.06055034036090057,-0.009567213399278907,S
TAAGCACCATTGGATC-1,0.02589193627469555,-0.07680454095621042,S
TAAGCACGTATCTCTT-1,0.15413081294134828,0.10909984622302824,S
TAAGCACGTGGTCTTA-1,0.05304558397794468,-0.02636872545057689,S
TAAGCACGTTTAGAGA-1,0.15683484200119618,0.01848493665307377,S
TAAGCACTCAACTCTT-1,-0.04181882353939448,0.047005496918432255,G2M
TAAGCCAAGAGGCTGT-1,0.0336453342526023,-0.027750072687125038,S
TAAGCCAAGGCCTGAA-1,0.03634727016844208,-0.14527280899466816,S
TAAGCCAAGTCCGTCG-1,0.15670291102515316,0.04418525511980753,S
TAAGCCAAGTTGGAAT-1,0.004507901493890687,0.13127229420435022,G2M
TAAGCCACAAGAGAGA-1,-0.004228258308465016,0.040625782610662964,G2M
TAAGCCACACCAGCTG-1,0.0077196997882572616,-0.026905219947600534,S
TAAGCCAGTTAAGCAA-1,-0.052848930392555726,-0.015497241012954688,G1
TAAGCCAGTTGTGCCG-1,0.11027522108961485,-0.12077563615747566,S
TAAGCCATCGCAGTCG-1,0.035848092769028006,-0.013596198517247415,S
TAAGCCATCTGATGGT-1,0.006163955496973905,-0.10592315568717614,S
TAAGCCATCTGATTCT-1,-0.037765691722424555,-0.034263809140319734,G1
TAAGCGTAGATGTAGT-1,0.019471374412189935,0.3215494165444897,G2M
TAAGCGTAGCCTCGTG-1,0.02544018555705785,-0.14366558926568368,S
TAAGCGTAGCTATCTG-1,0.20863806391738532,-0.12468222138227908,S
TAAGCGTAGTCATCGT-1,0.09548604332602367,0.011774824513858861,S
TAAGCGTCAACTCGTA-1,-0.03720693859456492,-0.03415295306748234,G1
TAAGCGTCACAACATC-1,0.033632872576985884,0.045735953615267,G2M
TAAGCGTCATAATCGC-1,0.0371324704942787,0.2991805322874772,G2M
TAAGCGTCATCAACCA-1,0.0680769701767534,0.2670985127762979,G2M
TAAGCGTCATGGAGAC-1,0.178211488202912,0.048730019575287886,S
TAAGCGTGTACGACTT-1,0.16942441344653808,0.10131207723319308,S
TAAGCGTGTATGAAAC-1,0.019505537357165648,0.10895299727987423,G2M
TAAGCGTGTCCGGCAT-1,-0.04767027622459652,0.15753589736347778,G2M
TAAGCGTGTCCTTAAG-1,-0.012729795546797873,0.24706853030936254,G2M
TAAGCGTGTGCAATAA-1,-0.02252207526456873,-0.0054019660760952215,G1
TAAGCGTGTGCCGTAC-1,0.0069641543751683965,-0.07911318097408027,S
TAAGCGTGTGGAGGTT-1,-0.031106091073272113,0.03721965313466663,G2M
TAAGCGTTCGAAATCC-1,0.05425089848294817,0.03445315346372868,S
TAAGCGTTCGATACGT-1,0.0784755029136972,-0.00536816780403937,S
TAAGCGTTCTTCACGC-1,0.012898272000952615,0.16941453642502963,G2M
TAAGTCGAGATAGCAT-1,-0.05661179337632816,0.13888040913141758,G2M
TAAGTCGAGATTAGAC-1,-0.03869804580396452,0.07021613882991384,G2M
TAAGTCGAGGCCCAAA-1,0.03955276238300609,-0.022615394556508073,S
TAAGTCGAGTGGTGAC-1,0.00828362402227073,0.0359815278809999,G2M
TAAGTCGAGTTGGCTT-1,0.026935595458868755,0.07427197780173023,G2M
TAAGTCGCACAGAAGC-1,-0.06908367275152388,0.07417919276382967,G2M
TAAGTCGCAGAGGCAT-1,-0.060200854784664304,0.25337238385172217,G2M
TAAGTCGGTTAGAGTA-1,-0.06072824676180599,0.05188363323444223,G2M
TAAGTCGGTTCGAGCC-1,0.07776489444223766,-0.1422422919867553,S
TAAGTCGTCACACCCT-1,0.35468337024304986,0.009604470695361633,S
TAAGTCGTCTGCGGAC-1,-0.03387680654825698,0.1322619168393913,G2M
TAATCTCAGACATAGT-1,0.02721058521948644,0.03294359401274666,G2M
TAATCTCCACACCTGG-1,-0.01235946927253223,-0.06735596003405497,G1
TAATCTCCACCCAACG-1,-0.03209928441498816,0.07805691691883121,G2M
TAATCTCGTAATCAGA-1,0.07826768908257287,-0.001511699165395286,S
TAATCTCGTATTAAGG-1,0.08431106662477195,0.053214713497845956,S
TAATCTCGTCAACATC-1,0.17852868825024637,-0.06543004687431309,S
TAATCTCGTCCACTTC-1,0.023006336641725356,-0.014394969982747863,S
TAATCTCGTGTTCGAT-1,-0.03624825433152912,0.03784169179533259,G2M
TAATCTCTCCGCAAAT-1,0.0018725953717905197,0.19979861710898983,G2M
TAATCTCTCCTACTGC-1,-0.07868019690172917,0.17251700123756425,G2M
TAATCTCTCTGAATGC-1,0.11419680370411045,-0.14174665873774173,S
TAATTCCAGAGTTGAT-1,-0.012190192317463766,0.3410472499765619,G2M
TAATTCCAGATGACAT-1,0.06328379858698269,0.18929647592056198,G2M
TAATTCCAGATGTAGT-1,-0.030036169948910063,0.2343983888155754,G2M
TAATTCCAGGACGCTA-1,-0.03300615800552842,0.08199198903482621,G2M
TAATTCCAGTAAGCAT-1,0.04470899833728631,0.019457330232156844,S
TAATTCCAGTTCGGTT-1,0.10508387108227701,0.08569870977135563,S
TAATTCCCAAATGCTC-1,0.1281697037961489,0.190127761015234,G2M
TAATTCCCAGCTTTGA-1,-0.007214809293970559,-0.02630899581743862,G1
TAATTCCGTATCGAGG-1,0.06167230644469973,0.08244237233278479,G2M
TAATTCCGTCCTCCAT-1,0.14476875167379255,0.20956894006763355,G2M
TAATTCCGTCTCAGGC-1,0.020908092150346225,-0.029060422339031777,S
TAATTCCGTGCATCTA-1,0.06473312495360573,-0.03415418691312211,S
TAATTCCGTGTACAGG-1,0.034753415488741,0.20255651184389964,G2M
TAATTCCTCGAGTGGA-1,0.07277802392679034,-0.19508018547934763,S
TAATTCCTCTCGGTCT-1,0.13702725585026954,0.11177305069381782,S
TACAACGAGCGCATCC-1,-0.060160904098187806,-0.0598409408500743,G1
TACAACGAGCGTATGG-1,0.14694567646217704,-0.12484704044441106,S
TACAACGCAGAACTAA-1,-0.010180579857161698,0.07641184833872416,G2M
TACAACGCATAGAGGC-1,0.06344498291140449,0.21194941738221562,G2M
TACAACGGTATTTCCT-1,0.0903553094191128,0.04029370612613303,S
TACAACGGTCGACTTA-1,0.027286538245682945,0.09674396427300486,G2M
TACAACGTCCCTTGGT-1,-0.05021466874841224,-0.0033502775817557118,G1
TACAACGTCTCCGTGT-1,0.22633558032746348,0.04405149132478847,S
TACAACGTCTCGCAGG-1,-0.017380982721449556,-0.047097378894207176,G1
TACACCCAGCATATGA-1,0.062093995758050746,-0.017640436687613226,S
TACACCCAGCCTCCAG-1,0.14960452345367958,-0.05949815786701024,S
TACACCCAGCGCCTCA-1,0.005034873019177766,0.1446660631729481,G2M
TACACCCAGCGTTCCG-1,0.16451900613486814,-0.10732406464343525,S
TACACCCAGTCATCCA-1,0.06442139661086532,-0.1603266400887785,S
TACACCCCAACTAGAA-1,0.05482251452231507,-0.014833538896427412,S
TACACCCCACAGTGAG-1,0.028072283023823308,-0.024752886536428154,S
TACACCCCACCTCTAC-1,0.021560803498117842,-0.07266347901231512,S
TACACCCCATAATCCG-1,0.10533591755711447,-0.13087562354885315,S
TACACCCGTACAGTTC-1,0.08768099205764873,-0.09034447416921959,S
TACACCCGTCGTGATT-1,-0.04673929173212482,0.035008164003608455,G2M
TACACCCTCAACCCGG-1,0.046256143484829426,0.08576817850389445,G2M
TACACCCTCGACATAC-1,-0.037757371456515865,0.002512073328707759,G2M
TACACCCTCTCTAAGG-1,0.09176610646467431,0.15970752456742515,G2M
TACAGGTAGACCCGCT-1,-0.0030281025506301296,-0.08321320062574844,G1
TACAGGTAGATGAATC-1,0.16399731842475257,0.07684020302759165,S
TACAGGTAGCGAGAAA-1,0.06600956550042852,-0.027515160567485736,S
TACAGGTCAACCAACT-1,-0.014366949417823405,-0.12541151612708873,G1
TACAGGTCACAATTCG-1,0.010783065315663531,-0.04156119687518439,S
TACAGGTCACGAAAGC-1,0.08939494363607697,0.0038561275846487053,S
TACAGGTCATCCGGTG-1,0.14988067052445075,0.15237181851558596,G2M
TACAGGTGTAGAGACC-1,0.010979592272779115,0.04173684538862249,G2M
TACAGGTGTCCACTCT-1,-0.04295199121609855,-0.0075742726122275394,G1
TACAGGTGTCCCACGA-1,-0.025810879439277845,-0.09744370350310766,G1
TACAGGTGTGCCTGCA-1,-0.012062886188641708,-0.17960280159351638,G1
TACAGGTGTGCGAGTA-1,0.28911255774958783,0.08979156836860103,S
TACAGGTGTTCCGCGA-1,-0.09784062926541837,0.18736328003358022,G2M
TACAGGTTCAGCACCG-1,0.10659074244415961,-0.0015544085140073438,S
TACAGGTTCCATACTT-1,0.060601416187024804,0.2528097835496482,G2M
TACAGGTTCTGGACCG-1,0.037616781676913624,0.08739011916332096,G2M
TACATTCAGGGCAATC-1,0.020179889329043854,0.20953463493345442,G2M
TACATTCAGTCGGCCT-1,0.07299903781104089,0.06319232767463556,S
TACATTCCAAGGTTGG-1,0.11995730887567346,-0.01821425269435839,S
TACATTCCAGCAGTGA-1,0.013496320748014545,-0.1663922836384148,S
TACATTCGTACGTTCA-1,-0.009733850336525462,0.016918882184509598,G2M
TACATTCGTAGACGGT-1,0.055504033596983304,-0.16904158034132966,S
TACATTCGTCTACACA-1,-0.07642437288574472,0.06174107846396115,G2M
TACATTCGTGAGACCA-1,-0.03829483169530373,0.01594461592352292,G2M
TACATTCGTGTGTCCG-1,0.23162766887464503,-0.01708787409995005,S
TACATTCGTTCCTAAG-1,0.03470689836257812,0.05852513633899015,G2M
TACATTCTCCTAAACG-1,0.04398228586178132,0.015149852289681132,S
TACATTCTCTCCTGAC-1,-0.03456035196271762,0.0961043226245088,G2M
TACATTCTCTCTGGTC-1,0.03655104503393858,0.09967841706035832,G2M
TACATTCTCTTTACAC-1,-0.06035804518600546,0.1896657747877072,G2M
TACCCACAGGACACTG-1,0.0673310070831527,0.04061280155524233,S
TACCCACAGGTTAAAC-1,0.05025039980635454,0.12917903626143618,G2M
TACCCACAGTCTAGAA-1,-0.02042531335869413,-0.07399879426081185,G1
TACCCACCACGACCTG-1,0.047421401902974614,0.03231567425251486,S
TACCCACCAGCAGGAT-1,-0.002760278784189163,0.17227669103939552,G2M
TACCCACCATTGACCA-1,-0.04617444802656795,0.20524827664706768,G2M
TACCCACGTCAAGGCA-1,0.00899063956018209,-0.0361436808588495,S
TACCCACGTCTTCAAG-1,0.08696466236148581,-0.005033695151490436,S
TACCCACGTGCCTTTC-1,0.055317158966231905,-0.0671342481042762,S
TACCCACGTTATGTCG-1,0.16642437363467455,0.23339478719211715,G2M
TACCCACTCCATCCGT-1,0.15735262139781298,0.19264403783906103,G2M
TACCCACTCCGATCTC-1,0.040071211382049,0.10766152757895278,G2M
TACCCACTCTGCGGCA-1,0.039879989057398924,0.13108109476371932,G2M
TACCCGTAGCCTCTGG-1,0.08030759128043918,-0.05964517912601447,S
TACCCGTAGGCTGTAG-1,0.018790696795537465,0.11526365345845432,G2M
TACCCGTCACTTTATC-1,-0.013931590492028967,0.1567838095218413,G2M
TACCCGTCAGACGATG-1,0.046756439598230726,0.09138750506420462,G2M
TACCCGTCAGCAGTAG-1,0.07767505829289045,-0.014245226552764667,S
TACCCGTGTCAGACGA-1,0.027956357919019903,0.1844922903997347,G2M
TACCCGTGTCATCCGG-1,0.03129985881509212,0.12544677570664148,G2M
TACCCGTTCACCCATC-1,0.05894980801064631,0.02216558822518827,S
TACCCGTTCATTACCT-1,0.2667098780421321,0.10945784916471712,S
TACCCGTTCGGAGATG-1,0.22031122244225837,-0.09036029357850939,S
TACCCGTTCTTCCACG-1,0.096809503529307,-0.17541671497062086,S
TACCCGTTCTTTGCAT-1,0.017432746709007685,-0.13401854580677222,S
TACCGAACAAGTACCT-1,0.08078224081614638,-0.0038376948776484565,S
TACCGAACACAAAGTA-1,-0.039541262285708256,0.20104516310855453,G2M
TACCGAACACGCGCAT-1,0.022320680550742877,0.021705071540048637,S
TACCGAACACTGGCCA-1,0.13041093780430202,0.01629687778962302,S
TACCGAACAGCTGGTC-1,0.034614119953563394,0.01381745231571424,S
TACCGAACATCACGGC-1,0.2128258104168108,-0.006734573927067833,S
TACCGAAGTACACGTT-1,0.06287395443708044,0.1481239409153869,G2M
TACCGAAGTATCGTGT-1,-0.010203601279648866,-0.06859837011394831,G1
TACCGAAGTCTTGCGG-1,0.18622374660352414,-0.010745383655225704,S
TACCGAAGTGCTGCAC-1,0.015292644531527233,0.16130784419856622,G2M
TACCGAATCTGGAGAG-1,0.01056796715615893,0.24282790940551424,G2M
TACCGGGAGAACTCCT-1,0.006866793287297501,0.14004370958120926,G2M
TACCGGGAGACCATGG-1,0.017967613367537272,0.14407066931711743,G2M
TACCGGGAGCTGACCC-1,0.06022655556123058,0.23880987419339872,G2M
TACCGGGAGGTCCCGT-1,0.034826727798084434,-0.02243474283832453,S
TACCGGGAGTGGATTA-1,0.03001416286652203,0.05513110391682147,G2M
TACCGGGCACGAAGAC-1,0.27806434108246425,0.07894369952988106,S
TACCGGGCAGCTGTTA-1,-0.025574956553987227,-0.0475895057762854,G1
TACCGGGCATAACAGA-1,0.004968248604265368,0.01644744150103694,G2M
TACCGGGCATGTTTGG-1,0.11738554087121034,-0.020455875818034153,S
TACCGGGGTCGTATGT-1,0.022825060179602397,0.13885933225357894,G2M
TACCGGGGTTGGTAGG-1,-0.019579785336124533,0.2391765546121718,G2M
TACCGGGTCCTAGCGG-1,0.08412751771070659,-0.02619165745178126,S
TACCGGGTCTCTCTTC-1,-0.002879702795709982,0.2227691339993862,G2M
TACCTCGAGCTGTTAC-1,0.01949029117344686,-0.14776481849125367,S
TACCTCGAGTTACTCG-1,0.06513572098982845,-0.003322975867077027,S
TACCTCGCACCTCTGT-1,0.0036356727255688615,0.013375523258375877,G2M
TACCTCGCATCGATGT-1,-0.041417218480272244,0.2607190813848154,G2M
TACCTCGCATGACAGG-1,-0.07784321608231443,-0.1425107449070494,G1
TACCTCGGTGTCGCTG-1,0.2288808610147623,0.12374836946458256,S
TACCTCGTCCCAGGAC-1,0.05962836195536558,-0.0041274769039936765,S
TACCTCGTCCTACCAC-1,0.11208085547971064,0.11827448935616827,G2M
TACCTCGTCTACTTCA-1,-0.036453579449000295,0.12749440757682623,G2M
TACCTCGTCTCAGAAC-1,0.05563887632529835,-0.14051029311358046,S
TACCTGCAGACCCGCT-1,0.2270267318145165,0.17546882646666206,S
TACCTGCAGCGCCTAC-1,-0.06062637271453675,0.044016056684422045,G2M
TACCTGCCACGGCTAC-1,0.07718067925920669,0.03484655462104447,S
TACCTGCCAGGGAATC-1,0.0420543314337774,0.0037623942389894693,S
TACCTGCCAGTTTCAG-1,0.02160352165289997,-0.07244065247317313,S
TACCTGCCATCGTGCG-1,-0.02058671131700246,0.039988857211426976,G2M
TACCTGCGTACCAATC-1,-0.019318870324517567,-0.12530174963509974,G1
TACCTGCGTACCCGAC-1,0.06498965092414433,0.15521476794706385,G2M
TACCTGCGTTTGGCTA-1,0.1159393080694387,-0.019162868474958683,S
TACCTGCTCACATACG-1,-0.006054218343068296,0.07318066790396838,G2M
TACCTGCTCGCACGAC-1,0.017043625251409122,-0.12348406196338368,S
TACCTGCTCGTCTCAC-1,0.06444138999986426,-0.06502078938949135,S
TACCTGCTCTATCCAT-1,-0.04326366162352979,0.0556243072255132,G2M
TACGCTCCAAACGAGC-1,0.0012333729324963127,0.18129664814289848,G2M
TACGCTCCAAGACAAT-1,-0.06469231078055693,0.05600092080334851,G2M
TACGCTCCAATTGCTG-1,0.019619297134918057,-0.10044686679624809,S
TACGCTCCACTTGGCG-1,0.033460765496431066,-0.038410844664374555,S
TACGCTCCACTTTATC-1,-0.0616722233397628,0.297936799721215,G2M
TACGCTCCAGGCTATT-1,0.03597359592310545,-0.019359087991065227,S
TACGCTCCAGTCTGGC-1,0.02864856336883226,-0.017974736685046733,S
TACGCTCGTTGCCATA-1,0.009299750466948586,0.008347242901933671,S
TACGCTCTCACAGAGG-1,0.09688153686845347,0.02372359825458248,S
TACGCTCTCCCGTTGT-1,0.07662800810702652,0.19206606768485374,G2M
TACGCTCTCGGCAGTC-1,0.05982688228129329,0.06970287554438553,G2M
TACGCTCTCGTCTACC-1,-0.016064916311843813,-0.07589883083537075,G1
TACGGGCAGTCGCTAT-1,0.042254003280433605,0.0007674124789791015,S
TACGGGCCAAGAGATT-1,0.058298973052454905,0.05869134705131679,G2M
TACGGGCGTCATCCGG-1,0.054018211475607425,0.027726677240458297,S
TACGGGCGTCGGATTT-1,0.046188276560779284,0.12220127356398991,G2M
TACGGGCGTTGCTTGA-1,-0.012694442977644105,-0.09649524267415077,G1
TACGGGCTCACCGGTG-1,0.021566552232854808,0.21796217773097987,G2M
TACGGGCTCAGTCCGG-1,0.09866717474900916,0.028871938160707877,S
TACGGGCTCATGGCCG-1,0.012700857208832073,0.018540058016935146,G2M
TACGGGCTCCACAGGC-1,-0.038851723256153325,-0.004138706055901442,G1
TACGGGCTCCACGTCT-1,0.017165186340872052,0.07565762287994965,G2M
TACGGGCTCCGTGGCA-1,0.003949248798183036,0.025795123859401914,G2M
TACGGGCTCGCACTCT-1,0.061126461024536116,0.16937493773682727,G2M
TACGGGCTCTGAGTCA-1,0.01875128290372119,0.007990489905557785,S
TACGGGCTCTGTGCGG-1,0.052744947352214466,0.02682321906910956,S
TACGGTAAGAGGACTC-1,0.2925727394962481,0.01431924652719413,S
TACGGTAAGCGAGGAG-1,-0.03746354294816889,0.20068280745676814,G2M
TACGGTAAGCTGACCC-1,-0.06114830255400644,0.10357619357415182,G2M
TACGGTAAGTCATACC-1,0.08766088522055648,0.3749377349150805,G2M
TACGGTAAGTGCAGGT-1,0.05133534112156357,-0.032728359888235414,S
TACGGTACAAATGAAC-1,-0.09884390041517283,0.19872989711907663,G2M
TACGGTACAAGACCGA-1,0.10153332519892583,0.06611681143334841,S
TACGGTACACAACGCC-1,0.053962181503055706,0.03016633118599571,S
TACGGTAGTCTCACAA-1,-0.05150830269660528,0.24174934196725073,G2M
TACGGTAGTTGATGTC-1,0.08876729187579324,0.0659696940389396,S
TACGGTAGTTTGCAGT-1,0.06863084212136394,0.01434055015751734,S
TACGGTATCAAGTGGG-1,-0.03632950632394538,-0.04392236355710344,G1
TACGGTATCACCCATC-1,0.027782051021222887,0.07385347034531697,G2M
TACGGTATCCCGAATA-1,0.04503943797828769,-0.025740191466225137,S
TACGTCCAGACCCGCT-1,-0.029406094595738952,0.08699981096294285,G2M
TACGTCCAGAGTAACT-1,0.06081257486867919,0.028829889207117432,S
TACGTCCAGAGTCAGC-1,-0.07614302124512212,0.08750126942530062,G2M
TACGTCCAGCAATTCC-1,0.07436541892215875,-0.013336595235676374,S
TACGTCCCAAAGCGTG-1,0.15323621609330396,-0.19325070093791552,S
TACGTCCGTTCCTACC-1,0.22763838320556734,-0.015128380723112289,S
TACGTCCGTTTCACTT-1,0.08874883941820544,0.12405514108737964,G2M
TACGTCCTCGCTACGG-1,0.1475975236664202,-0.01143408816318986,S
TACGTCCTCTGCGATA-1,0.09531799680852604,0.03902979397665024,S
TACTGCCAGAGTTGTA-1,0.015584100381608401,0.029031668199434535,G2M
TACTGCCAGCAGGCAT-1,-0.02057142945235968,-0.0842262573836827,G1
TACTGCCAGGCTAACG-1,-0.05351373933912784,0.12158500105369091,G2M
TACTGCCAGGTCGTCC-1,0.07017759375224947,0.2264281097364736,G2M
TACTGCCCAGAGTTCT-1,0.0684322531024722,-0.038382497642948654,S
TACTGCCCAGCAGATG-1,0.12085335180710316,-0.050965490541969805,S
TACTGCCCAGCCTTCT-1,0.017128079986555855,0.39396066049728967,G2M
TACTGCCCATGGGCAA-1,-0.08474580271519716,-0.04387988762290962,G1
TACTGCCCATGTGCCG-1,-0.11516890641709016,-0.07144107410251654,G1
TACTGCCGTACCCAGC-1,0.10080679970952877,0.24162597035703215,G2M
TACTGCCGTATCACCA-1,0.04571904871888899,-0.012544747894159797,S
TACTGCCGTCGAAACG-1,0.030407763614522687,0.10082722755758561,G2M
TACTGCCTCCTAAACG-1,-0.012222134668963103,0.05735854208729624,G2M
TACTGCCTCTGCGAGC-1,0.08323330181503596,-0.022091685389759974,S
TACTTACAGACAGCGT-1,0.017820807470047773,-0.12570401020814317,S
TACTTACAGATTGACA-1,-0.0005592500329713035,0.2550395754491569,G2M
TACTTACAGCAGTAAT-1,0.0035942425330693917,-0.06589815261227427,S
TACTTACAGGCACAAC-1,-0.002309122324333779,-0.05690515249922273,G1
TACTTACAGTGCAGGT-1,0.008776595568735446,-0.014945562596517109,S
TACTTACGTCACTGAT-1,0.15325950822273227,-0.1832539911030497,S
TACTTACGTCTGCGCA-1,0.02283264009713326,0.09972158617492344,G2M
TACTTACGTGATATAG-1,0.0644870804700518,0.2748546347435054,G2M
TACTTACTCAAGGCTT-1,-0.012497691670046662,-0.03497023437653968,G1
TACTTACTCGCTGTTC-1,0.0018401194488214534,0.041660491640118036,G2M
TACTTCAAGATAGGGA-1,-0.04158389023517284,0.10678187955964458,G2M
TACTTCAAGCCAAGTG-1,0.13462489467286864,0.0064878317861106205,S
TACTTCAAGGAAGTCC-1,0.04446680111138085,0.027796737589721565,S
TACTTCAAGGCTGGAT-1,0.004988471927872329,0.2342091531341179,G2M
TACTTCACAAGGCTTT-1,0.017647112896323702,0.005823936165082699,S
TACTTCACAATTCTCT-1,-0.0344874518932784,-0.1473978065179092,G1
TACTTCACACGCTGTG-1,0.05515985495255865,0.0007533544726260888,S
TACTTCACACTGTCGG-1,0.03609356003459646,-0.19958194849434913,S
TACTTCACAGACCTAT-1,-0.01625952922758722,-0.026414812492108364,G1
TACTTCACAGAGTCTT-1,0.0579058925315048,0.05550593329927084,S
TACTTCAGTAGCTCGC-1,0.07302976064686323,-0.02042147883552814,S
TACTTCAGTCCATACA-1,0.09823239911804327,0.11821035960833948,G2M
TACTTCATCTACGGTA-1,0.06855341123153463,0.0013686663690943845,S
TACTTGTAGCGAATGC-1,0.08906396808320016,0.045024391580941125,S
TACTTGTCATATAGCC-1,0.07984270037479285,0.1046632226243418,G2M
TACTTGTGTAATGCGG-1,0.02770641033655552,0.13573380271620716,G2M
TACTTGTTCCAACCAA-1,-0.05171321118077865,0.08665852898139742,G2M
TACTTGTTCCAGTTCC-1,0.009937572317061993,-0.13203041595365717,S
TACTTGTTCCCTCATG-1,0.046690127689086536,0.3094655803017804,G2M
TACTTGTTCGCAGTGC-1,0.0219142857073783,-0.005999725041763104,S
TACTTGTTCGTGCAGC-1,0.07386699246453837,0.21187977358886312,G2M
TAGACCAAGGTTCAGG-1,0.013415735771260207,-0.09765803519776023,S
TAGACCACACGCTGTG-1,0.09455081986587505,0.06594035497539386,S
TAGACCAGTAACTGCT-1,-0.018240061858019962,0.15156842206428972,G2M
TAGACCAGTAGAGCTG-1,0.16006077191232926,0.05188630689050572,S
TAGACCAGTCAGATTC-1,0.352244062885423,-0.06914780584900171,S
TAGACCAGTTGTGTAC-1,0.28427448641832254,-0.01596616188168487,S
TAGACCATCACCGGTG-1,0.05334029691333725,0.08987624154609497,G2M
TAGACCATCAGGAAGC-1,0.06932317382991193,-0.07852602210106086,S
TAGACCATCCCATACC-1,0.039938679701842617,0.06773835160569497,G2M
TAGACCATCTAGTGTG-1,-0.020982516686236297,0.061556444667427435,G2M
TAGACCATCTCATTGT-1,-0.0429303347429279,0.04244983532824986,G2M
TAGACTGAGACGACTG-1,-0.041465210513766004,0.23949889949197656,G2M
TAGACTGAGACTCTAC-1,0.04452191081172385,-0.10853482703759182,S
TAGACTGAGCATCAGG-1,-0.0405235723707722,0.10254953820571017,G2M
TAGACTGAGTGCTCGC-1,0.05325079790560894,-0.14495831048487462,S
TAGACTGCACTAACGT-1,0.3215326376501034,-0.01823602401710206,S
TAGACTGCAGAATGTA-1,-0.016724424362387913,-0.08073300353953569,G1
TAGACTGGTGAACTAA-1,0.011796045762187457,0.059086752587096336,G2M
TAGACTGGTGTACGCC-1,0.004510622359378436,0.20826033334413452,G2M
TAGACTGGTGTCTCCT-1,0.1506109528579237,0.13813216442363407,S
TAGACTGTCAAATGCC-1,0.05191138734386991,-0.06278115136785073,S
TAGACTGTCAATGCAC-1,0.04551133593581291,0.09232845977524617,G2M
TAGACTGTCCCTTTGG-1,0.01623556527850617,0.42978055500042733,G2M
TAGAGTCAGACTCCGC-1,0.07171337347847934,-0.012192099265796869,S
TAGAGTCAGCAACAAT-1,0.13392470568816905,-0.028451508798102987,S
TAGAGTCAGGATCATA-1,0.004807723945809972,0.16761473360879275,G2M
TAGAGTCAGTTCGGTT-1,0.013184796923895847,0.12948134574570613,G2M
TAGAGTCCAAATCAGA-1,-0.04361458847916039,-0.1436635067637103,G1
TAGAGTCCAATGGCCC-1,0.06090311556230116,-0.03850098161446641,S
TAGAGTCCACCAGTTA-1,0.34107767879941114,0.06473639547961718,S
TAGAGTCCAGGTTACT-1,0.28280756529125906,-0.03459768868029334,S
TAGAGTCCATCGAAGG-1,-0.004589678681587328,0.017779003767681767,G2M
TAGAGTCGTAGACACG-1,0.08232429960486248,-0.05974616645390324,S
TAGAGTCGTATTGCCA-1,0.07268716937242853,0.09113602844733731,G2M
TAGAGTCTCAGCTAGT-1,0.10898607677888134,0.13835815522707828,G2M
TAGAGTCTCCATAAGC-1,0.12428036749849247,-0.07307044155349948,S
TAGAGTCTCCATCCGT-1,0.14893496767136494,-0.03665312290854761,S
TAGAGTCTCGCACGGT-1,0.010394650989104082,0.12220873440542973,G2M
TAGAGTCTCTGGCCGA-1,-0.04969457945335981,0.05219699048713766,G2M
TAGATCGAGAAGCGGG-1,-0.022097312628823862,0.018286701285173235,G2M
TAGATCGAGCAACAGC-1,0.2118841376193868,-0.03533657148983049,S
TAGATCGAGCACTAAA-1,0.030679831809587776,0.019181564605921186,S
TAGATCGAGTCCCGAC-1,-0.004970979981049506,0.04842827737317895,G2M
TAGATCGCAGGTGTGA-1,0.031230725115591107,-0.04588012850140771,S
TAGATCGCAGTCGGAA-1,-0.007334712760208695,0.022720098348982587,G2M
TAGATCGCATCCTTCG-1,0.07123066797848343,-0.08469417638702509,S
TAGATCGGTCCCTGAG-1,0.12608716901202255,-0.10881188827114441,S
TAGATCGGTCCGATCG-1,0.02093211325460126,0.16417091260817324,G2M
TAGATCGGTCGCTCGA-1,0.03704370115939276,0.12800321698955985,G2M
TAGATCGGTCTCTCAC-1,-0.02184542604065831,0.0021266051465413383,G2M
TAGATCGTCAGGAAAT-1,-0.002966235729115141,-0.06720759917121322,G1
TAGATCGTCCATCTAT-1,0.27497924110941935,-0.024848736310574993,S
TAGATCGTCCCAGCGA-1,-0.011398716090741834,0.05372212590924835,G2M
TAGATCGTCGTTCTCG-1,0.012617752764670587,-0.048154024468530454,S
TAGCACAAGCAATTCC-1,0.1332718658644353,0.24521019136391758,G2M
TAGCACACACAACCGC-1,0.01599038428152455,0.16404165992923103,G2M
TAGCACACACCCTTGT-1,-0.02121220117872441,0.07981799289659819,G2M
TAGCACACACGTGAGA-1,0.03998716215300735,-0.10325983675495976,S
TAGCACAGTACCGCGT-1,0.034566703085067596,-0.2482862405143785,S
TAGCACAGTACCTAGT-1,0.06269868587884542,0.09724634646181957,G2M
TAGCACAGTATCAGCT-1,-0.09298175611970827,0.06133843769806169,G2M
TAGCACAGTATCATGC-1,0.21162048129453592,0.11249813685453108,S
TAGCACAGTGGCGTAA-1,0.1343762634249751,0.04970539612771774,S
TAGCACAGTGGGAGAG-1,0.04062549092681195,0.08172651239510309,G2M
TAGCACAGTTCCGGTG-1,-0.003711996849798671,0.07407072664429082,G2M
TAGCACATCAGTCTTT-1,-0.0952585188844085,0.08485419765403446,G2M
TAGCACATCATCACTT-1,-0.04221206636954189,-0.013212364050954994,G1
TAGCACATCCATCACC-1,0.26228529630973935,-0.05468735615157949,S
TAGCACATCCTTTGAT-1,0.03529871099565379,0.19790879531440403,G2M
TAGCACATCGCGTTTC-1,-0.006521548526427168,0.07019225117120942,G2M
TAGCACATCGTTATCT-1,0.07139780489930786,-0.006732667935495595,S
TAGGAGGAGACGCAGT-1,0.0592440415734411,-0.15564590314509377,S
TAGGAGGAGCACTAGG-1,-0.0968602721053114,-0.11969890972608843,G1
TAGGAGGAGGTATAGT-1,0.01266635835402985,-0.000316666383213704,S
TAGGAGGAGTCATGGG-1,0.05629040272970376,0.053351966264751305,S
TAGGAGGCAAAGCGTG-1,-0.03158623128317839,0.1761718149932489,G2M
TAGGAGGCACGTAGTT-1,0.03915089051761922,0.08921511698106888,G2M
TAGGAGGGTGATAGAT-1,0.09828258160715597,0.23531448519949666,G2M
TAGGAGGGTTAGTTCG-1,-0.022688406059293564,0.0704844406846925,G2M
TAGGGTTAGCAGTACG-1,0.19581145707278808,0.07047544010382323,S
TAGGGTTAGCCAACCC-1,0.07464451482215767,0.12494321876600639,G2M
TAGGGTTAGGCTAGCA-1,0.0011228469797062157,0.07609321542053132,G2M
TAGGGTTAGTCACGCC-1,0.0028371453898548005,0.035532037004578354,G2M
TAGGGTTTCAAACGTC-1,0.07584735982947172,0.0618656284653899,S
TAGGGTTTCAATCTTC-1,0.049918686573983684,-0.10671939092983823,S
TAGGGTTTCCATAAGC-1,0.04062891235377841,-0.04410246461711792,S
TAGGGTTTCGACACTA-1,0.05367459428222371,0.13755942795857326,G2M
TAGGGTTTCTAATTCC-1,0.11980712367852248,-0.10204139893416048,S
TAGGGTTTCTAGCAAC-1,0.06257374668045379,-0.0766695277710395,S
TAGGGTTTCTTCCACG-1,0.020580193081464193,0.003512361627096783,S
TAGGTACAGAGCCCAA-1,-0.056054731335390684,-0.08926407173832557,G1
TAGGTACAGTCTGCAT-1,-0.01766308222438462,0.06074824863215594,G2M
TAGGTACCAATAAGGT-1,0.01239947945458858,-0.12865786973272186,S
TAGGTACCACCCTGAG-1,0.04820689055038552,0.06613976719239018,G2M
TAGGTACGTACAGTTC-1,-0.025089671557227744,-0.029861673400934208,G1
TAGGTACGTGACCTGC-1,-0.040623079077013347,-0.18109533050491214,G1
TAGGTACGTGCCTTCT-1,0.02758583303873674,-0.05208167119629306,S
TAGGTACGTGTAAACA-1,0.055709442106809504,0.052216311883758304,S
TAGGTACGTGTTGATC-1,-0.04359162363701069,0.06264246292338788,G2M
TAGGTACGTTCTGAGT-1,0.05639530481046118,0.11352339398795003,G2M
TAGGTACTCACTTGGA-1,0.0005309246349747276,0.08505561637761216,G2M
TAGGTACTCATTTGGG-1,-0.012848053338198995,0.1667919955283364,G2M
TAGGTACTCGGCCCAA-1,-0.0368463620403941,0.05410272187385673,G2M
TAGGTACTCGGCTCTT-1,0.04473834271513394,0.01895290767193103,S
TAGGTACTCGTGGCTG-1,-0.016877536421799566,-0.12520402838189837,G1
TAGGTTGAGAAGTCTA-1,0.044301560863654,-0.07574586401642353,S
TAGGTTGAGAGAGTGA-1,-0.03917597490519703,0.12752074053531082,G2M
TAGGTTGAGCTAGTTC-1,0.20145823909189697,0.10004001645929911,S
TAGGTTGAGTCTGTAC-1,0.12735037760229218,-0.1441780708303489,S
TAGGTTGCAAACTAGA-1,0.04098398127607272,0.21077874019789722,G2M
TAGGTTGCAAGATTGA-1,0.03171619902826689,-0.030038657940504643,S
TAGGTTGCACTAGGTT-1,0.03325814662717619,-0.05232547281830968,S
TAGGTTGCACTTGGCG-1,-0.0051571811497579945,0.19719329589219992,G2M
TAGGTTGCAGTCGGTC-1,0.08685443938860143,0.0073086211892712805,S
TAGGTTGCATGATAGA-1,0.10690948711828285,0.21072726787738505,G2M
TAGGTTGGTTCCGCAG-1,-0.0010096913551361775,0.04366284540024096,G2M
TAGGTTGTCAAATGAG-1,0.12633886861408006,0.023396883115419598,S
TAGGTTGTCACTCTTA-1,0.05216242087463985,0.17890287879012906,G2M
TAGGTTGTCGCGATCG-1,0.2938798533197733,0.0023116171003401687,S
TAGGTTGTCGCTGACG-1,0.11647433481993896,0.1211837106555867,G2M
TAGGTTGTCTATACTC-1,0.06347969913653073,0.020626417990123436,S
TAGTGCAAGTCATGCT-1,0.05444983843953538,0.013565397591043582,S
TAGTGCAAGTGTTCCA-1,0.0010341741762959211,-0.1693147655323103,S
TAGTGCAAGTTTCAGC-1,0.23585661945051906,0.000544195106392642,S
TAGTGCACAAGGATGC-1,0.09022993929862994,-0.022774485296336522,S
TAGTGCACACACTGGC-1,0.08024505649888802,0.0071526706876045565,S
TAGTGCACACCGGTCA-1,-0.08758828328597246,0.01600891083179179,G2M
TAGTGCACATGGGAAC-1,0.101498287968663,0.11775269623557749,G2M
TAGTGCAGTAAGCTCT-1,-0.08234109977699339,0.1275142911357885,G2M
TAGTGCAGTATCTTCT-1,-0.018948077611475878,0.13861723425147693,G2M
TAGTGCAGTCCCTGAG-1,-0.0006603327767111256,-0.03292422570500941,G1
TAGTGCAGTGTGGACA-1,0.07740856950214736,0.06358976010374723,S
TAGTGCATCACTACGA-1,0.13877011710695714,0.17039974802721092,G2M
TAGTGCATCGCATGAT-1,0.10026528900838255,0.05067997420421297,S
TATACCTAGACTTGTC-1,-0.015273305450197006,-0.23667297533376452,G1
TATACCTAGCGAAACC-1,0.08301381514823969,-0.12015764656460443,S
TATACCTAGGCATGCA-1,-0.016040471060356665,-0.08205002147866647,G1
TATACCTCAACCACGC-1,-0.0037505032595188115,0.09609693811772607,G2M
TATACCTCAACCCTAA-1,-0.023693474455957375,0.21527381236454268,G2M
TATACCTCAATTCTCT-1,0.005009063680628811,-0.021282421872137858,S
TATACCTCAGCATGCC-1,-0.0005965366395962457,-0.0036747833029395216,G1
TATACCTGTCTAGGTT-1,0.1171920133699958,0.01729676920947959,S
TATACCTTCTAAGGAA-1,0.022718159104847035,-0.15183861880741775,S
TATATCCAGGAACTAT-1,0.043605514889992314,-0.1666475319275591,S
TATATCCCAAGCCTGC-1,0.25100923152698007,-0.0381623570350999,S
TATATCCCAAGCTGCC-1,0.03897570087622643,-0.06921646293594985,S
TATATCCCATCGTGGC-1,0.08705835110624927,0.025632785241834655,S
TATATCCCATGGATCT-1,0.010883920218842769,0.07555705164533733,G2M
TATATCCCATTGGGAG-1,0.02513658146097275,0.1704970583686398,G2M
TATATCCGTATCGCGC-1,0.23665230853091607,-0.015627259490429896,S
TATATCCGTGACTAAA-1,0.21908851096163706,-0.02996815269127001,S
TATATCCGTTGCATTG-1,-0.03527019249364627,0.26772572020309904,G2M
TATATCCTCATTATCC-1,-0.0885341835132834,-0.06327362815566034,G1
TATATCCTCCGAAATC-1,0.10137971434565385,0.018786024320195327,S
TATATCCTCCTGCCAT-1,0.2684442038387538,-0.05194006675250673,S
TATATCCTCTCTCCGA-1,0.027947214856752445,0.262903920406165,G2M
TATCAGGAGCGAGTAC-1,0.015822469360530222,0.2288095290361457,G2M
TATCAGGAGGGCAAGG-1,-0.0036787157861638553,-0.030836606379610998,G1
TATCAGGAGGGTGAAA-1,0.034819127597036426,-0.1585248384148471,S
TATCAGGCAACGAGGT-1,-0.03623936653773635,0.10343889062684758,G2M
TATCAGGCACTCCCTA-1,0.04958034736528677,0.14593364441326567,G2M
TATCAGGCATACAGAA-1,-0.01897241302812791,0.11808003004014933,G2M
TATCAGGCATACTGAC-1,-0.011132786739111888,0.04558229935261365,G2M
TATCAGGCATCTGTTT-1,-0.02968674702985452,0.27283330135012984,G2M
TATCAGGGTAGATGTA-1,0.030450614638660445,0.054615610610667276,G2M
TATCAGGGTATCCCAA-1,0.048191126438962284,0.08392144153190689,G2M
TATCAGGGTGGATTTC-1,-0.015155700180365494,-0.04388441496202883,G1
TATCAGGGTTCTGAGT-1,0.029263258190777908,0.03985149760684392,G2M
TATCAGGTCAGAATAG-1,0.022318425795553265,0.13341035960404618,G2M
TATCAGGTCAGTCCGG-1,0.07792395889275333,-0.045596852100071694,S
TATCAGGTCCGCACGA-1,-0.03282597829042572,-0.20323113225293707,G1
TATCAGGTCGGAATGG-1,0.07619544415957108,0.2233942966443293,G2M
TATCCTAAGACTGGGT-1,0.031222109137352794,0.12038854594866155,G2M
TATCCTAAGCGATGAC-1,0.07300158975671123,0.08483347863923696,G2M
TATCCTAAGTGAACAT-1,0.009120267084170297,0.2980229665289212,G2M
TATCCTAAGTGGGAAA-1,0.0827247931765136,0.0670385187075705,S
TATCCTACACGCGTGT-1,0.044567840331784236,0.04107750215064987,S
TATCCTACATATCTGG-1,0.12080507395667978,0.07755303739872987,S
TATCCTACATCACAGT-1,0.09791884464285838,0.06315665974321999,S
TATCCTAGTATCCCTC-1,-0.07984205961684204,-0.10323339319603861,G1
TATCCTAGTATGGTTC-1,0.050977706991299165,0.16858584640027713,G2M
TATCCTAGTTTCCAAG-1,0.13664124273903294,-0.022283127651706258,S
TATCCTATCCGAACGC-1,0.05577115717148334,0.12770441766582644,G2M
TATCCTATCTCGGCTT-1,0.008041637638188881,0.07355889240522856,G2M
TATCGCCAGAGGACTC-1,0.0022451837920008932,0.1059582177835735,G2M
TATCGCCAGCTGCCAC-1,-0.06233900241532775,0.08204613294496887,G2M
TATCGCCAGGGCAGGA-1,0.08687719774126118,0.13813612500491107,G2M
TATCGCCAGTCACGAG-1,0.08605108925660471,0.09525993936625732,G2M
TATCGCCAGTGCTACT-1,0.01995352125320793,0.13489919633915626,G2M
TATCGCCCAAATGGAT-1,0.1024701126250061,-0.10622923209401117,S
TATCGCCCAGACCATT-1,-0.004504964284572699,0.10436073607450969,G2M
TATCGCCGTCATGACT-1,-0.0011273207270419139,0.2150808977535612,G2M
TATCGCCGTCGCATCG-1,0.06495989763223226,0.039840039636018454,S
TATCGCCGTGAGCGAT-1,0.08832482990042101,-0.06358686791466833,S
TATCGCCGTGGACCAA-1,0.010926350216289293,-0.002848609638593458,S
TATCGCCTCAGCCTTC-1,-0.0028112529874286807,0.14590818567936953,G2M
TATCGCCTCAGCTGAT-1,0.12053346862819242,-0.06509350026310393,S
TATCGCCTCCTACAAG-1,0.005079052777931192,0.13160237960344157,G2M
TATCTGTAGACAACTA-1,0.3564699821840885,0.1618579290095224,S
TATCTGTAGAGTCAAT-1,0.001957651632295554,0.15127584128557015,G2M
TATCTGTCACTAGGCC-1,-0.02458949390120918,0.043841647907500225,G2M
TATCTGTGTATTGAGA-1,-0.03020658873460591,0.10800214089974403,G2M
TATCTGTGTCCAGAAG-1,0.0931585672928043,0.13422277566590202,G2M
TATCTGTGTGGTCAAG-1,-0.021754318517167914,0.0736023130077913,G2M
TATCTGTGTTCTCTAT-1,-0.08135307483148763,0.08509054036225411,G2M
TATCTGTTCGACCTAA-1,0.009262873020746576,0.03570851480539461,G2M
TATCTGTTCGTGCAGC-1,0.09213447496893235,-0.14651775492729252,S
TATCTGTTCTCCCATG-1,0.08982510029136631,-0.0254594273849561,S
TATCTTGAGGATGCGT-1,-0.04942356078660087,0.10422670213190999,G2M
TATCTTGAGGTAAGTT-1,-0.023016158421683752,0.045035740678498026,G2M
TATCTTGCAGCCATTA-1,-0.09675283236767712,-0.022519782884806938,G1
TATCTTGGTCCCACGA-1,-0.0008332036918217156,0.23258075089246627,G2M
TATCTTGTCTCGTGAA-1,0.027282860277389576,0.08897992083482048,G2M
TATGTTCCAAATCCCA-1,0.01859412547336048,0.19823556393409025,G2M
TATGTTCCAATTTCCT-1,-0.10033741850946687,0.18109396744551637,G2M
TATGTTCCAGGACAGT-1,-0.019520290413269914,0.004281884705371497,G2M
TATGTTCGTATGGAAT-1,0.011099694180796038,-0.002794153111042863,S
TATGTTCGTGTTACAC-1,0.07792409582702431,-0.03220127478657808,S
TATGTTCTCACATACG-1,-0.08886905239284987,0.03389458597556477,G2M
TATGTTCTCAGTCATG-1,0.0737182786435795,0.10660377609279081,G2M
TATGTTCTCGGCACTG-1,0.0828314007561658,0.06867288763613083,S
TATGTTCTCGGTAGAG-1,0.05668541047220643,0.15778550959501636,G2M
TATGTTCTCTCTGAGA-1,0.009705501082813317,0.1452117601752856,G2M
TATTCCAAGACAGTCG-1,0.13494914665039043,-0.13334821992386034,S
TATTCCAAGTCGCCCA-1,0.006057729403472212,-0.04845629324098327,S
TATTCCACAAAGGTTA-1,0.059584372180081946,0.07940537024082511,G2M
TATTCCACAAGCTCTA-1,-0.04973199297567643,0.03995222104813617,G2M
TATTCCACACCCTGTT-1,0.018459591596495573,-0.05950724859988066,S
TATTCCACACGAAGAC-1,0.07039033368599085,0.18900230953993408,G2M
TATTCCACACTCAGAT-1,0.1510214563863741,-0.033412877432545396,S
TATTCCACAGACCGCT-1,0.06399110380144024,-0.017291216950363952,S
TATTCCACAGAGCCCT-1,0.023681451134247133,-0.054781885351579074,S
TATTCCACAGGTGACA-1,-0.03663883911760868,-0.06773101512035112,G1
TATTCCACATCCGAGC-1,0.27226947279963726,0.06851022215201957,S
TATTCCAGTACCTTCC-1,-0.048883517519910824,0.026735506507728213,G2M
TATTCCAGTTGCAAGG-1,-0.08876680266938497,-0.03307866323835068,G1
TATTCCATCAACGTGT-1,0.23733124814988038,-0.03399134174185431,S
TATTCCATCCAGTTCC-1,0.024943146179959963,0.279938584531226,G2M
TATTCCATCCGTGTAA-1,0.05109648427067537,0.0765256154761193,G2M
TATTCCATCCTTCTAA-1,0.02227351435202951,0.11816762601769087,G2M
TATTGCTAGCGCCTCA-1,-0.011720462602231863,-0.017393848973980525,G1
TATTGCTAGTGTCATC-1,-0.0007812266041536398,-0.06261700699613976,G1
TATTGCTCAAACAGGC-1,0.004090371533358672,-0.01781271265879364,S
TATTGCTCAGAACATA-1,-0.03525198323296602,0.04964458553415002,G2M
TATTGCTGTCACGACC-1,0.28296842934961963,-0.021448279748715937,S
TATTGCTGTCTTACTT-1,0.040452388393643623,-0.1330546128680838,S
TATTGCTGTGCAACAG-1,0.021682140278158735,0.08233196169965873,G2M
TATTGCTTCAAATAGG-1,0.09460622577126476,0.2497893024056091,G2M
TATTGCTTCATGCCCT-1,-0.015296516856153963,0.18949169981684355,G2M
TATTGCTTCGAAGTGG-1,0.036299162839166454,-0.12390798902624173,S
TATTGCTTCTTTGGAG-1,0.10256826743893177,0.03474462040414217,S
TATTGGGAGCACTCGC-1,0.09721324862267333,-0.10396051295828126,S
TATTGGGAGCTGTTAC-1,0.005031013443603793,0.07935700614418201,G2M
TATTGGGAGGGATGTC-1,0.014511801610220754,-0.02303630891405578,S
TATTGGGAGTGGGAAA-1,0.054599625110739125,-0.09204908735959291,S
TATTGGGAGTTACTCG-1,-0.06117839688821375,-0.029910734379022808,G1
TATTGGGCAACTGGTT-1,0.060932549204048336,0.03266510726416977,S
TATTGGGCAGAGTAAT-1,0.14965901335707488,0.37337850741730033,G2M
TATTGGGCATCTCCCA-1,-0.04819167380650852,0.019912157039902012,G2M
TATTGGGGTATGCTTG-1,0.022651148112375064,0.34983437656797245,G2M
TATTGGGGTGAACTAA-1,0.0349049678934949,-0.10838916635517934,S
TATTGGGGTTGATCGT-1,0.13702501300240794,0.07653497308728796,S
TATTGGGTCACCTACC-1,0.015424429889161817,0.006904056049797325,S
TATTGGGTCCTAGCGG-1,-0.0018157462161383364,0.13271240685165853,G2M
TATTGGGTCGGCTTCT-1,0.013683981796184852,0.037486165427501605,G2M
TATTGGGTCGTTCATT-1,0.0422216378492557,0.07743257862650049,G2M
TATTGGGTCTGGGCGT-1,0.0032274074873477887,0.20370567018042512,G2M
TATTTCGAGGATAATC-1,0.026300083958848308,-0.029679980107919945,S
TATTTCGAGGTTGAGC-1,-0.005936112431687568,-0.062478505610139734,G1
TATTTCGCAGCGTAGA-1,0.06083131856308388,0.25058818755577467,G2M
TATTTCGCAGTGACCC-1,0.03331779552409869,0.08869403822949967,G2M
TATTTCGGTTGGCCGT-1,-0.04190931015732369,-0.012214634212692421,G1
TATTTCGTCGAGTTGT-1,0.00979400669091579,-0.0906106783784626,S
TATTTCGTCGCAGAGA-1,0.06838966830976273,-0.12053790098174086,S
TATTTCGTCTCATTAC-1,0.018128883958496766,-0.008113917124417502,S
TCAAGACAGACCAAAT-1,0.008614530882183502,0.07469833205994664,G2M
TCAAGACAGCGCCCAT-1,0.15196561325769942,-0.18105960368015206,S
TCAAGACAGGAGAATG-1,-0.04056305953371481,-0.21710261209542875,G1
TCAAGACAGTCATAGA-1,0.05919928176357925,-0.08300794003285145,S
TCAAGACAGTGGCAGT-1,0.16369899272395189,0.0902732574192959,S
TCAAGACCAACAAGTA-1,0.09032371492582741,0.07984005475367323,S
TCAAGACCACGTATAC-1,0.26980562710806677,-0.009276156075261943,S
TCAAGACCATATTCGG-1,-0.030428881240045502,-0.18296240672292274,G1
TCAAGACGTCGGAAAC-1,0.18122470392476775,0.04568999888714126,S
TCAAGACGTTGCACGC-1,0.17558013330175093,-0.016489207630867475,S
TCAAGACTCACTAGCA-1,0.10301674355927415,0.18054203339279368,G2M
TCAAGACTCTTGCGCT-1,-0.031387916379187086,0.223010736921118,G2M
TCAAGCAAGAACTTCC-1,0.17441296983431903,0.23842021118279533,G2M
TCAAGCAAGCCGATTT-1,0.050810999062757656,0.03326964752319647,S
TCAAGCAAGCCTCTTC-1,0.15903425386046277,-0.13698040952904866,S
TCAAGCAAGGCGTTAG-1,0.054108533977710316,0.1752224226347368,G2M
TCAAGCACATGGCACC-1,-0.0014290259328029187,0.2533281916060132,G2M
TCAAGCACATGGCGCT-1,-0.04195747230136765,0.16085753942506714,G2M
TCAAGCACATGGGTTT-1,-0.11672573649244028,0.019728064463797934,G2M
TCAAGCAGTACCACGC-1,-0.009635072276632961,-0.01469427194321149,G1
TCAAGCATCACTCCGT-1,0.08648140493631135,0.11260881914650961,G2M
TCAAGCATCCTCTCTT-1,0.15828078475688384,0.009199557654904933,S
TCAAGCATCCTGGGTG-1,0.1235136643443131,0.11190439213571735,S
TCAAGTGAGTGAGCCA-1,0.09595125885006478,0.2156722115450999,G2M
TCAAGTGAGTTGGAGC-1,0.13554946735667767,0.16379989215548207,G2M
TCAAGTGCAAAGCGTG-1,0.0520081840654576,-0.07759402426736967,S
TCAAGTGCAACTCATG-1,0.14457795238776133,0.20907967803294808,G2M
TCAAGTGCAAGATGGC-1,0.15996934030422105,0.0906946333008069,S
TCAAGTGCACACAGAG-1,-0.02621841442981987,0.24822597615311182,G2M
TCAAGTGCACCTATCC-1,0.029556820180278387,0.020701895355079547,S
TCAAGTGCAGTCGAGA-1,0.07014877309153122,0.1345540223695772,G2M
TCAAGTGCATAAGCGG-1,0.002379246426098769,0.028209907356800845,G2M
TCAAGTGGTAATACCC-1,0.00848434753234023,0.1738714397826805,G2M
TCAAGTGGTGCCTACG-1,0.0875013570001486,0.04943283085125871,S
TCAAGTGGTGGTTTAC-1,-0.018667558334134138,-0.1349872319889016,G1
TCAAGTGGTTCCGCTT-1,0.19704586774944177,0.005901245376756181,S
TCAAGTGTCAAGGTGG-1,-0.023394228482948032,0.07378164310319002,G2M
TCAAGTGTCGTCCTTG-1,-0.03170636406812821,-0.10752213173582492,G1
TCAAGTGTCGTTCAGA-1,-0.02757142759448805,0.17239357750388273,G2M
TCAAGTGTCTGAGATC-1,0.026473476045383637,0.267100437643349,G2M
TCAATCTAGCGAATGC-1,0.26023594671472794,-0.12113374060112675,S
TCAATCTAGCTTCGTA-1,0.12447925350256633,0.04176992540552876,S
TCAATCTCACGGTCTG-1,-0.010652582147515466,0.22616795912770032,G2M
TCAATCTCAGACAAAT-1,0.03784559424505052,0.06935677602865464,G2M
TCAATCTCAGCGATTT-1,0.2266780577842672,-0.030467188399558476,S
TCAATCTGTACGACAG-1,-0.04667025419456172,0.19883616581828573,G2M
TCAATCTGTGCGGCTT-1,-0.0418715092773122,0.04798559816976766,G2M
TCAATCTGTGGATCAG-1,-0.03487736592725865,-0.08851467849466449,G1
TCAATCTGTTCTGAGT-1,0.22804051551295745,0.02524319221237753,S
TCAATCTTCAGAACCT-1,-0.04335930567471563,0.028651414368301487,G2M
TCAATCTTCCACACCT-1,-0.04055204488585801,0.16186871492694221,G2M
TCAATCTTCCGACGGT-1,0.25979175600064164,-0.1342277935824177,S
TCAATCTTCCGCTTAC-1,0.13356634492348374,0.10575167109820471,S
TCAATCTTCCTCTAGC-1,-0.006502698733624801,0.045142801253392595,G2M
TCAATCTTCGAAGCAG-1,0.05454475922320007,0.0782114819541816,G2M
TCAATTCAGCTGTACT-1,-0.09308760602376742,0.08503281927128808,G2M
TCAATTCAGGAAAGGT-1,-0.013689532622919831,0.1527378591419843,G2M
TCAATTCAGGAGATAG-1,0.19092201215008103,0.015675729946695194,S
TCAATTCAGTGCAACG-1,-0.013369428255128213,0.10220818726081388,G2M
TCAATTCCAAAGGCGT-1,-0.010937746678774674,-0.08942764706986517,G1
TCAATTCCAGGAAGTC-1,0.1070754415182662,0.04664138754343822,S
TCAATTCCAGTATTCG-1,0.09794052616247739,0.09604596149442979,S
TCAATTCGTCCCTAAA-1,0.32537949940048294,0.003528511172212867,S
TCAATTCTCAGTCACA-1,0.019460654080631357,0.03523815850584522,G2M
TCAATTCTCCTCATAT-1,0.08856484525219566,-0.014602826817571357,S
TCAATTCTCTATACGG-1,-0.04657970282540447,0.06937503265704581,G2M
TCACAAGAGCCTGTGC-1,0.08390326618293698,-0.12780981668968416,S
TCACAAGAGGTGCCAA-1,0.07690647419149838,-0.010317366812755857,S
TCACAAGAGGTGGCTA-1,-0.02702617409170094,-0.10564678842047315,G1
TCACAAGAGTCCCGGT-1,0.1053829681726276,-0.021182341122395143,S
TCACAAGAGTTCCGGC-1,0.038663649680660495,0.05352615840545827,G2M
TCACAAGCACTCAGAT-1,-0.014017231114916151,-0.04847971511948895,G1
TCACAAGCAGATAAAC-1,0.11722856168123047,0.21205363044308212,G2M
TCACAAGCAGCAGGAT-1,0.002222690028379326,0.3279583665941478,G2M
TCACAAGCAGGTTCGC-1,0.08834398994070514,-0.14987315556691594,S
TCACAAGGTGCGAGTA-1,0.13360927712274995,-0.010727382277591124,S
TCACAAGGTGGCTTGC-1,0.03415606763163592,-0.05051461751477759,S
TCACAAGTCACGATAC-1,0.01281455905127521,-0.011903940283894798,S
TCACAAGTCACTACGA-1,0.02531308723163772,0.00048090716790982757,S
TCACAAGTCTCACCCA-1,0.08716034701886072,-0.060474294558413716,S
TCACAAGTCTCCGCAT-1,-0.0469296851835731,0.3633079056921623,G2M
TCACACCAGATCGGTG-1,0.10649714427720769,0.004172609068359534,S
TCACACCAGCATGTTC-1,0.0590835192143318,0.15430512293657117,G2M
TCACACCAGCATTGAA-1,0.07812293227197814,0.03562462292468227,S
TCACACCAGCGGTAGT-1,0.006782428801484386,0.1817331015842011,G2M
TCACACCAGCTGGCCT-1,0.11782944121073463,0.05999428049057115,S
TCACACCAGCTTTCCC-1,0.004864508350234276,-0.08716820765311145,S
TCACACCAGTAGGTTA-1,0.046857078075460246,0.28382720680788276,G2M
TCACACCCAATGGCAG-1,-0.02925293355204378,0.029369874156457088,G2M
TCACACCCACGGCACT-1,0.07220209620292667,-0.05968258215189709,S
TCACACCGTCTACAGT-1,0.06637677509320261,0.22071093963329924,G2M
TCACACCGTCTTCGAA-1,0.11581701172300712,-0.13354058521831216,S
TCACACCGTGAGTTTC-1,0.035835168144714324,0.03225171715980135,S
TCACACCGTTCAGCGC-1,0.06024907022426551,-0.12481935187494272,S
TCACACCGTTGTCTAG-1,0.005101367069379359,-0.03994688539439306,S
TCACACCTCAGACAAA-1,-0.0789055212797437,0.07655566338791753,G2M
TCACACCTCCGTCCTA-1,0.12607108418288082,-0.027447266873372345,S
TCACACCTCGGCTGGT-1,0.032550082176855066,-0.06361584731089931,S
TCACACCTCGGTCATA-1,-0.008688798077105986,-0.056477368516009985,G1
TCACACCTCTCCGATC-1,0.028909454565783366,-0.08984024594623602,S
TCACACCTCTGCATGA-1,0.0611442656413661,0.09958922086166522,G2M
TCACATTAGAGAGGGC-1,0.15795345457085763,-0.0828126701507218,S
TCACATTAGCGACCCT-1,0.04721864889151184,0.1865640417392433,G2M
TCACATTCAGACCAGA-1,0.2113484140849048,-0.03667034320529661,S
TCACATTGTTTCACTT-1,0.030404024631438764,-0.03839334484399015,S
TCACATTTCCACGAAT-1,-0.0025181015543826457,-0.1485031545133286,G1
TCACATTTCGCAATGT-1,0.03317770162311445,-0.034553233103149006,S
TCACATTTCGTAACAC-1,0.04267066573053763,-0.059818379240022757,S
TCACATTTCTCGCTTG-1,0.07631448701341953,-0.1344911003748144,S
TCACGCTAGCGTCAAG-1,0.08137903863682139,-0.05741023665731926,S
TCACGCTAGGTCCAGA-1,0.03756772931639918,0.003754737872879388,S
TCACGCTCAACTGAAA-1,-0.06110958797134647,0.018362544285426385,G2M
TCACGCTCAACTGATC-1,-0.022699491781579928,0.16623488219225924,G2M
TCACGCTCAAGAGCTG-1,0.02110728343367191,0.17842344434136181,G2M
TCACGCTCAGGACTTT-1,0.055638797531635475,0.13045174737576665,G2M
TCACGCTGTACAGCGA-1,-0.02746386007890733,0.0660314782926249,G2M
TCACGCTGTCGAAACG-1,0.06291276842539856,0.3388583431661501,G2M
TCACGCTGTTAAGCAA-1,0.030703751208838503,-0.017954076301434307,S
TCACGCTGTTGCACGC-1,0.028861157704695106,-0.17728989626487612,S
TCACGCTTCCATACAG-1,0.03007576177315907,-0.18788549609443497,S
TCACGCTTCGTTCTCG-1,0.0039498104955825175,0.21559545416360237,G2M
TCACGCTTCTCGCTCA-1,0.08797564590805906,0.09973829587763255,G2M
TCACGGGAGTAGTCTC-1,0.0659179701049718,-0.02447831811519688,S
TCACGGGCAAGAATGT-1,0.07201160991538058,-0.12759431955758155,S
TCACGGGCAATTAGGA-1,0.06450595781394741,0.33285583806243774,G2M
TCACGGGCACTACACA-1,0.038306135568049404,0.2076962280002026,G2M
TCACGGGGTTCCCAAA-1,0.031325565463202754,-0.06579533834159151,S
TCACGGGTCCCTCGTA-1,0.10446271702765575,0.02256730298230153,S
TCACGGGTCCTCTCGA-1,-0.014467356523353625,-0.009941728190414056,G1
TCACGGGTCGACATTG-1,-0.005152123532757014,-0.1576326293812074,G1
TCACGGGTCGCTACGG-1,-0.06774301487665613,0.21360593230560637,G2M
TCACGGGTCGGACTGC-1,0.01764422631367918,0.12936745961877266,G2M
TCACGGGTCGTAACTG-1,-0.009026149182884913,0.08250693970180561,G2M
TCACGGGTCGTGCTCT-1,0.04739868773060729,-0.08232523444198447,S
TCACGGGTCTCCGATC-1,-0.04535939017864049,0.02375968160074421,G2M
TCACGGGTCTTAGCAG-1,0.0981390750249323,0.07134372838498598,S
TCACTATAGCTATCTG-1,0.15765488197777167,-0.1731356555896405,S
TCACTATAGTTACTCG-1,-0.05620309204248719,0.18736314136666365,G2M
TCACTATGTCCAGCAC-1,0.11614093817881949,-0.041955385621108066,S
TCACTATGTGATGTAA-1,0.03967288650434847,0.227822303371023,G2M
TCACTATTCGCCAGAC-1,0.06014145503831336,0.08017907019732651,G2M
TCACTATTCGGCACTG-1,0.2109040995756678,0.19524061162846273,S
TCACTCGAGCAGGCAT-1,0.03567174405191231,-0.06964266890445658,S
TCACTCGAGGAGGCAG-1,-0.1572749040751576,0.2502796756261641,G2M
TCACTCGAGTACTGGG-1,0.056923904231712896,-0.035604297950926955,S
TCACTCGAGTTGCGAG-1,0.04944544296522502,-0.05566776511639937,S
TCACTCGCACTTCCTG-1,-0.06809520548984588,-0.0025414961290592397,G1
TCACTCGGTAGTAAGT-1,0.01635393565574572,0.16487832021745646,G2M
TCACTCGGTCCAACGC-1,0.02357973056832885,0.08420611552057755,G2M
TCACTCGGTGTTCCTC-1,0.027199188798061047,0.0041385354672192065,S
TCACTCGGTTATTCCT-1,0.042521768249310754,0.03997950678651091,S
TCACTCGTCATCCCGT-1,-0.010444372089789933,-0.12148561496474924,G1
TCACTCGTCCGCTAGG-1,0.23868684208416446,0.056761212600456856,S
TCAGCAAAGCAAATCA-1,0.06115397709377246,0.4057559457526455,G2M
TCAGCAAAGGTCGTGA-1,0.2195190679495027,-0.08264237089247473,S
TCAGCAAAGTACAACA-1,0.025266717920579884,-0.1076254831865979,S
TCAGCAAAGTATGATG-1,0.04877384355696268,0.07378376995637018,G2M
TCAGCAAAGTCATGCT-1,-0.024963322818629563,-0.08772374143236833,G1
TCAGCAACAACTCCCT-1,0.040418284123052595,-0.031081078960132125,S
TCAGCAACACAAGTTC-1,-0.08118700189200179,0.08596113395006222,G2M
TCAGCAACACAGCTGC-1,-0.002978636800538337,0.06163060192087061,G2M
TCAGCAACATAAGATG-1,0.005565112038423248,0.07093868796588926,G2M
TCAGCAACATACCAGT-1,-0.06795496100222331,0.07575131341651625,G2M
TCAGCAAGTCGCTTAA-1,0.14203572009958743,0.015858534579790362,S
TCAGCAATCACCATCC-1,-0.060275523626075356,-0.07488116864564986,G1
TCAGCAATCCGAGGCT-1,0.13086543270936635,0.14671625951750494,G2M
TCAGCAATCGCTTACC-1,0.1063260432426823,0.13741044173754646,G2M
TCAGCAATCTGCCCTA-1,0.024956712814546922,0.1921481737046966,G2M
TCAGCAATCTTCCGTG-1,-0.026024705772982104,-0.027910305547635572,G1
TCAGCAATCTTCGATT-1,0.041761884462886534,-0.008774771325967046,S
TCAGCAATCTTGGCTC-1,0.03475390619383023,-0.0065894329680118435,S
TCAGCCTAGAGGACTC-1,0.04476696378440054,0.15025558347076856,G2M
TCAGCCTAGTGGATTA-1,-0.0002694219351456195,0.11524730599839089,G2M
TCAGCCTCATGACTGT-1,0.04518853546156365,-0.005008970032202131,S
TCAGCCTGTAGTTACC-1,-0.010885935718860817,0.15161845485195874,G2M
TCAGCCTGTCAACCTA-1,0.0966466574346257,-0.03673039322809876,S
TCAGCCTGTCGGTACC-1,0.11969801551894887,0.03937650432384959,S
TCAGCCTGTTGGGTTT-1,0.03292307597999122,-0.24328911745133033,S
TCAGCCTTCGCCTATC-1,0.018161410343900286,0.015310438695312789,S
TCAGGGCAGGGCAGTT-1,0.05395884334526513,0.09846007796571565,G2M
TCAGGGCGTCTTGAGT-1,0.0010722166108251274,0.03911424367094185,G2M
TCAGGGCGTCTTGCGG-1,0.1505070399065781,0.11703323188333414,S
TCAGGGCTCGCGTCGA-1,0.07049374340902304,-0.07652006293942312,S
TCAGGGCTCTAGAACC-1,-0.014039511614188871,-0.09516787677805727,G1
TCAGGTAAGAAACTCA-1,0.15736387398692908,0.07071191253469655,S
TCAGGTAAGGGCATGT-1,0.09145660815915307,0.06738954728319199,S
TCAGGTAAGGTAAGGA-1,0.003416809715336866,-0.06308108380631877,S
TCAGGTAAGTCGGCAA-1,0.08073744269753647,-0.09380148530511451,S
TCAGGTAAGTGTTCAC-1,0.05662225338906268,0.10221152957763158,G2M
TCAGGTACACCCTCTA-1,-0.0963217284228628,0.0986423443700829,G2M
TCAGGTACACCTAAAC-1,0.14132313977462563,-0.190075721875195,S
TCAGGTACACCTGCGA-1,0.03037258772547946,0.14052871704595044,G2M
TCAGGTACATCAGCTA-1,0.2919553548499868,-0.054063383216965244,S
TCAGGTACATTGTACG-1,0.219762839857935,-0.18387028375336126,S
TCAGGTAGTCGGCACT-1,-0.021059012932944043,0.2524370815446979,G2M
TCAGGTAGTCTGCGCA-1,0.16259648259806536,0.22204723255141062,G2M
TCAGGTATCACCTCTG-1,0.24215573092065168,0.06131841266553495,S
TCAGGTATCAGACAAA-1,-0.019122931425161804,0.12328965788589852,G2M
TCAGGTATCGTAACAC-1,0.10679922333200548,0.08053465189621806,S
TCAGTCCAGGGTGAAA-1,0.13989741488159801,0.07052386884589712,S
TCAGTCCAGTACGAGC-1,-0.05844111394628654,0.002118131321069694,G2M
TCAGTCCAGTGTTGTC-1,0.15626621047198097,0.010200009540777322,S
TCAGTCCAGTTGTAGA-1,0.08138183082309736,0.000830857127115503,S
TCAGTCCCAACGTATC-1,0.05515277908453631,0.03236025162584544,S
TCAGTCCCAACTAGAA-1,-0.0667909025553135,0.0718762753470194,G2M
TCAGTCCCAATACAGA-1,0.09449234675599427,-0.012673572821441492,S
TCAGTCCCACGTGTGC-1,0.07096487079819336,-0.03278100159401026,S
TCAGTCCCAGCTGGTC-1,0.03854434695964537,0.08725422123634224,G2M
TCAGTCCCAGTCGAGA-1,0.035644865188958264,0.029713840835604355,S
TCAGTCCGTACAGTAA-1,-0.034883605777682236,0.09680429952526526,G2M
TCAGTCCGTCAGCGTC-1,0.14724444790763924,0.5277679721310053,G2M
TCAGTCCGTGCTGCAC-1,0.0032945489677098094,0.19920811255734355,G2M
TCAGTCCTCAATCCAG-1,-0.001057413338644786,-0.011707453519382571,G1
TCAGTGAAGTAACAGT-1,0.04221748925409147,0.08471271977156752,G2M
TCAGTGACAAAGGATT-1,-0.010956820739939255,0.2750172039996852,G2M
TCAGTGACAACCGTGC-1,-0.04555143669568085,-0.07921886373154541,G1
TCAGTGACAATGACCT-1,0.06066404060201336,0.03373668266373614,S
TCAGTGACAATGTCTG-1,-0.09162070082788765,0.09132218757995308,G2M
TCAGTGACAATTGGTC-1,0.04125080347199739,0.19047797350397566,G2M
TCAGTGAGTCTGATAC-1,0.020555390856498157,0.11847325043082874,G2M
TCAGTGAGTGAGTAAT-1,0.08497191868415932,0.0434281767187627,S
TCAGTGATCATAGGCT-1,0.09843851377347457,0.01470591937819804,S
TCAGTGATCCTCTTTC-1,-0.002444482035979023,0.2183542196379223,G2M
TCAGTGATCGGACTTA-1,0.21976072388470524,0.01644011534785883,S
TCAGTTTAGATTGGGC-1,-0.009134578008871186,0.365649218608767,G2M
TCAGTTTAGCCGATCC-1,0.02714557937997525,0.030393163798786094,G2M
TCAGTTTAGGAACATT-1,0.0925018896551647,0.18388137078401645,G2M
TCAGTTTAGGGCCAAT-1,0.0650461057419438,0.043404950935509556,S
TCAGTTTCAACTACGT-1,0.07309938533887173,0.14079475976498546,G2M
TCAGTTTCAAGTATAG-1,0.011752145620341103,0.1773079364189744,G2M
TCAGTTTCAATCCTAG-1,0.021543783861615706,0.15163252352974266,G2M
TCAGTTTCATGGGATG-1,0.07093602143670891,0.11241474245988725,G2M
TCAGTTTGTATAGCTC-1,0.02318698320620166,0.21270018603760787,G2M
TCAGTTTGTGAGTGAC-1,0.035728948128055826,0.0879258013053813,G2M
TCAGTTTGTGTAGGAC-1,0.015480834449825731,-0.26529140527696904,S
TCAGTTTGTTGATCGT-1,0.02814697526929255,0.2334151891173754,G2M
TCAGTTTGTTTACCAG-1,0.07668634892238824,-0.06362389983074823,S
TCAGTTTTCCCGAATA-1,0.016957187699806697,0.24048699453944877,G2M
TCAGTTTTCCGGACTG-1,0.13292128777033319,-0.00519420861511638,S
TCAGTTTTCTTTCCAA-1,0.06653063661625697,-0.24622311104331304,S
TCATACTAGAACAAGG-1,0.035216765791454274,0.07571999091641884,G2M
TCATACTAGCTGCCAC-1,-0.0062358926331227416,0.16088316251750379,G2M
TCATACTCACAGTACT-1,-0.009341251815997209,0.09923381166367759,G2M
TCATACTCAGACCTGC-1,-0.04388123953804102,-0.10489875692541073,G1
TCATACTCAGACGCTC-1,0.10901184300469124,-0.1383965729950031,S
TCATACTGTGCTATTG-1,-0.062347547237016854,0.0019719477693876386,G2M
TCATACTGTTCGCGTG-1,-0.027368477003501424,-0.1443223135618076,G1
TCATACTTCAAAGCCT-1,0.08591204558194232,0.06479984364377422,S
TCATACTTCATTGCCC-1,0.18066516479008665,0.19935004496257497,G2M
TCATACTTCTACCTTA-1,0.029553163686235007,0.06388178754101892,G2M
TCATATCAGATCGCTT-1,-0.013014867324078527,0.20999581574553222,G2M
TCATATCAGGTCACCC-1,0.03297454938768862,0.03625170343547768,G2M
TCATATCAGTCATGGG-1,-0.010563782633712326,0.03213209603320949,G2M
TCATATCAGTTTGGCT-1,0.012180294371666456,-0.1572792488962469,S
TCATATCCAACGGCCT-1,0.02413732650921402,0.061730428375967566,G2M
TCATATCCACATGTTG-1,-0.050019939346154174,0.09797430730861464,G2M
TCATATCCACTAACGT-1,-0.10938599321466647,0.01839014069814504,G2M
TCATATCCAGGTGAGT-1,0.0970355879233204,-0.04794372674437375,S
TCATATCCATAGGCGA-1,0.0005800882468857127,0.09251445547459,G2M
TCATATCCATCCTTCG-1,0.10468859386462565,0.09348689645826613,S
TCATATCCATGTTACG-1,0.05296984183463155,0.19561215346999378,G2M
TCATATCCATTGACAC-1,0.019573259299233536,0.05202676469521511,G2M
TCATATCGTATTGGCT-1,0.20919438889472497,0.005047169806851548,S
TCATATCTCACTAGCA-1,-0.06790092838127959,0.032687692576517824,G2M
TCATATCTCATGCTAG-1,-0.02180981651958014,0.20675599339484768,G2M
TCATATCTCGCTCCTA-1,0.008948486674997813,-0.13021134630080308,S
TCATATCTCGCTTAAG-1,0.07449869637063011,0.12444263807509998,G2M
TCATCATAGAGGGCGA-1,0.05325178613170617,0.1088784657244517,G2M
TCATCATAGTGATAAC-1,-0.049335540381581,0.056200651405260205,G2M
TCATCATCAGTAGTTC-1,-0.0035164366034705075,-0.03140944265030837,G1
TCATCATCAGTTGAAA-1,0.055637267481058406,0.12455416624760635,G2M
TCATCATCATCGATGT-1,0.005517232139110706,0.26280134334350164,G2M
TCATCATCATGTGGTT-1,0.01573494401293324,0.0320739092545716,G2M
TCATCATGTAGCCAGA-1,0.0012677068913367617,0.03169942583004104,G2M
TCATCATGTAGGCAAC-1,-0.04057121194735969,0.04724868044562214,G2M
TCATCATGTCTCTCAC-1,0.13553037728221,-0.10063916977386164,S
TCATCATGTGCCCGTA-1,-0.04967274859942489,0.03333133857149434,G2M
TCATCATGTGGTCCCA-1,-0.006035171997235855,-0.021520984669767373,G1
TCATCATTCTCCCATG-1,0.08495087490459946,-0.12026374661819517,S
TCATCCGAGACAGCGT-1,0.04319012274647799,0.020556999561352596,S
TCATCCGAGGGATCAC-1,0.021761678765028603,-0.0762986313506003,S
TCATCCGCACAGTGTT-1,-0.06154219741300648,-0.02883146395254116,G1
TCATCCGCATTCCTAT-1,-0.00011065106185270679,-0.03659588215533921,G1
TCATCCGGTCTTACAG-1,0.05801293464650631,0.18048878239766464,G2M
TCATCCGTCCGATGTA-1,0.045087484128533695,0.13187208416537433,G2M
TCATCCGTCTATCGCC-1,-0.0012092831763369505,-0.012864092467253008,G1
TCATGAGAGACTGTTC-1,0.07352384088873576,0.061580275082849634,S
TCATGAGAGCAATTCC-1,0.07708515128393806,-0.028335793970365314,S
TCATGAGAGCGTTAGG-1,0.07482535921251643,0.09767062145650263,G2M
TCATGAGAGTCATTGC-1,0.029094410392231262,-0.08530889865609631,S
TCATGAGCACAGAGAC-1,0.13876579491116403,-0.01564434088894523,S
TCATGAGGTAAGGAGA-1,0.053350538570313855,0.10654126189472968,G2M
TCATGAGGTGACTGTT-1,0.08441677290182065,0.12053180340017161,G2M
TCATGAGGTGAGTTGG-1,-0.009943332877007327,0.11396177531884788,G2M
TCATGAGTCATGGCCG-1,0.0386151957249633,0.12943650868032985,G2M
TCATGAGTCCTTACCG-1,0.09873165559853869,-0.04723476594842452,S
TCATGAGTCGCAAGAG-1,0.16246578554967206,0.04026807933262205,S
TCATGAGTCTATTGTC-1,-0.05463416046766023,-0.07583422022546538,G1
TCATGCCAGACATCAA-1,0.3031803632278841,0.20903003521513952,S
TCATGCCCACGACCTG-1,0.1506140437538913,0.20751516546277332,G2M
TCATGCCCAGCAGTTT-1,-0.05962231434669818,0.013293410915864445,G2M
TCATGCCGTAGTGATA-1,0.14652303862750843,-0.05933742718116608,S
TCATGCCGTGGTCTAT-1,0.017575125913636636,-0.09299806545994455,S
TCATGCCGTTTAAGGA-1,-0.028021070715085306,0.0789260207008704,G2M
TCATGCCTCGGTTAGT-1,0.07341783228873738,0.18124007549528304,G2M
TCATGCCTCGTTCTCG-1,-0.05750049823216291,-0.0029067998098827874,G1
TCATGCCTCTTGTTAC-1,0.13800270090913463,0.11840613354594437,S
TCATGGAAGAGTGAAG-1,0.11693626359299825,0.04471263550550825,S
TCATGGAAGTGGAATT-1,0.07801961386583306,-0.04926743619496965,S
TCATGGAAGTTGCTCA-1,-0.024322930751256355,0.006826507224406253,G2M
TCATGGACAAGGCGTA-1,0.08709319498614265,0.0778808858993657,S
TCATGGACAATCTCTT-1,0.04773288015076904,0.08330140576927486,G2M
TCATGGACATAATGCC-1,0.035314986259922465,0.012251667994730542,S
TCATGGAGTCTGTAGT-1,-0.0981811857828116,0.062377445648668095,G2M
TCATGGATCCTGGGAC-1,-0.04723599002586765,0.19146891621968742,G2M
TCATGGATCGCACGAC-1,0.05581960135495967,-0.035503346307562744,S
TCATGTTAGATAGTCA-1,-0.14855384325731186,0.21316471083198685,G2M
TCATGTTAGTCTAGAA-1,-0.0683932444498726,-0.17195254364388712,G1
TCATGTTAGTCTTCGA-1,-0.06156240008355851,-0.07102830861611831,G1
TCATGTTCAACACTAC-1,-0.012142298293596698,-0.07285512181080306,G1
TCATGTTCAAGGTCGA-1,0.08951182481719222,-0.05281478580445126,S
TCATGTTCAATAGTCC-1,0.29347931117443615,-0.14311347564917354,S
TCATGTTCACACACTA-1,-0.03550096931923141,-0.05236098508870923,G1
TCATGTTCACCGTCGA-1,0.07963471770597075,-0.10182949509797551,S
TCATGTTCAGCTCCTT-1,-0.02107284415656907,0.03455644498794047,G2M
TCATGTTGTACGAGCA-1,0.23214469556389872,-0.020508562615230708,S
TCATGTTGTAGCTGCC-1,0.10775149931751737,0.09249472483168025,S
TCATGTTGTAGGTACG-1,-0.005812685587120114,-0.028695519607922437,G1
TCATGTTTCAGTGTTG-1,0.06057149988789967,0.04503393421498175,S
TCATGTTTCCGGACGT-1,0.10955812677876098,0.03800521895122194,S
TCATGTTTCTCTGCTG-1,0.20995233396286628,-0.18795254780956963,S
TCATTACAGAGCCGAT-1,0.032033448470482395,0.21214123462467155,G2M
TCATTACAGAGTCCGA-1,0.061457228856130586,-0.07359203851715312,S
TCATTACAGCGTTGTT-1,0.056763969971423134,0.04505714642762915,S
TCATTACAGGCACAAC-1,0.12278305115136329,0.20478462820539478,G2M
TCATTACAGGGCAGAG-1,0.04495788493577402,0.08253693845100041,G2M
TCATTACAGTATTCCG-1,0.015435096514565538,-0.0985183177314004,S
TCATTACCACAACCGC-1,0.00202835652424449,-0.08612011368850442,S
TCATTACCACCGGTCA-1,0.09256027062696326,0.0712711515211048,S
TCATTACCATCTCAAG-1,0.12070059048008819,0.3603500156360026,G2M
TCATTACCATGGAAGC-1,0.06826275873601989,-0.09867825148342413,S
TCATTACGTAACACGG-1,-0.008740449027168418,-0.10479718050986486,G1
TCATTACGTTCAATCG-1,0.062376293620644896,0.09661252817613047,G2M
TCATTACGTTGCGTAT-1,0.07468183033484765,0.19749304713223942,G2M
TCATTACTCAACTCTT-1,0.0017360494439266905,0.05197356381880036,G2M
TCATTACTCGTTCAGA-1,0.06965960774296354,-0.03459003194407578,S
TCATTCAAGAGTGTGC-1,-0.08172796887991962,-0.05626676276994591,G1
TCATTCAAGGCGTTAG-1,0.12712205955780148,-0.050292362113082356,S
TCATTCAAGGTTACCT-1,-0.0833442074268177,-0.12420929630585864,G1
TCATTCAAGTTACGAA-1,0.028372686101687472,0.140943908864123,G2M
TCATTCACAACCGACC-1,0.018562126972651027,0.12508067163766146,G2M
TCATTCACACAACATC-1,0.07223339699581005,-0.02823734628880864,S
TCATTCACACCAGTAT-1,0.17545064419018475,-0.04984843780659698,S
TCATTCAGTACGACAG-1,0.019252941338615104,0.15668522733707663,G2M
TCATTCAGTACGCTAT-1,-0.1490959634904679,0.12925245996195606,G2M
TCATTCAGTATCGCAT-1,0.28353970993081734,-0.02734574204154938,S
TCATTCAGTATGTCTG-1,-0.04034082079601964,0.026343916656167476,G2M
TCATTCAGTTCTCCCA-1,-0.006917564039468693,0.0036898504071963267,G2M
TCATTCAGTTTGCCGG-1,-0.05584621341164897,0.0037562529230591446,G2M
TCATTCATCAGTGTTG-1,0.07841056248236994,-0.1206660424439712,S
TCATTGTAGAAGTCCG-1,0.0968224492993926,-0.1791684656447602,S
TCATTGTCAACTCGTA-1,-0.016098294912918032,0.10035996736088715,G2M
TCATTGTCAGGTTCGC-1,0.026206328245630295,0.032642912692739334,G2M
TCATTGTGTAACGCGA-1,-0.041305005094877945,0.1376047791031677,G2M
TCATTGTGTCCGACGT-1,0.05166908734540676,0.0072651104038650716,S
TCATTGTGTGACTATC-1,-0.0037362691165531148,0.15179197780759274,G2M
TCATTGTTCAGGACAG-1,0.0885229865601303,0.03884723842585441,S
TCATTGTTCCGGTAAT-1,0.14336823496349327,0.10868851598239548,S
TCATTGTTCGGAGCAA-1,0.04090993756937722,-0.08334003715087046,S
TCATTGTTCTATCGGA-1,-0.0011326602192363588,-0.013360649905357902,G1
TCATTGTTCTGGCCGA-1,-0.03315449087411354,0.16481850037063245,G2M
TCATTGTTCTTCTAAC-1,0.08752319894021643,-0.13180426349037233,S
TCATTTGAGGAGGTTC-1,-0.04805603435477679,0.14647317986713337,G2M
TCATTTGAGTAGAGTT-1,0.1025194289176028,-0.04127397586887527,S
TCATTTGCAACAAGTA-1,0.0683518928867971,0.14156890631778396,G2M
TCATTTGCAACCAGAG-1,0.10671325160328282,0.17419516966616727,G2M
TCATTTGCACCTTCCA-1,0.11741984653988197,-0.2630628866973706,S
TCATTTGCATGGCTAT-1,0.014556516131176755,0.02576027361866512,G2M
TCATTTGCATGTCAGT-1,0.009952607084120768,-0.0011809616986994675,S
TCATTTGCATTAGGAA-1,0.08629672597576737,-0.06605525023107334,S
TCATTTGGTCGCAACC-1,0.03742695135995627,0.3450715590647517,G2M
TCATTTGTCCGATGCG-1,-0.027498456696977647,0.08980791169579821,G2M
TCCACCAAGATAGGGA-1,0.06912670181074371,-0.07027889085284009,S
TCCACCAAGTCACTGT-1,-0.08606211616079734,-0.07198139951984811,G1
TCCACCACAACCAACT-1,0.14685198418627493,0.05331886727983931,S
TCCACCACACAATGAA-1,-0.021825132135338654,0.1938512256894097,G2M
TCCACCACAGTGTGGA-1,-0.038050075009793405,0.10422912093816666,G2M
TCCACCACAGTTAGGG-1,0.14264448921926765,0.17969382933050398,G2M
TCCACCAGTACCGGCT-1,-0.017311907901632118,0.0012895137448463712,G2M
TCCACCAGTGCCTTTC-1,-0.007461214980157671,-0.13651271719337452,G1
TCCACCAGTGTTTGCA-1,0.1490565261740635,-0.01586553525432749,S
TCCACGTAGAGCCCAA-1,0.028223054595284403,0.02984941050813633,G2M
TCCACGTAGAGTAACT-1,0.019632259985860268,-0.10593827244751294,S
TCCACGTAGATTCGCT-1,0.05844267499697586,-0.0889123105658916,S
TCCACGTAGCTTGTGT-1,0.00778181998949834,-0.09003067775321794,S
TCCACGTAGGCCGCTT-1,0.013081706892088318,0.021294977334857967,G2M
TCCACGTAGGTAGATT-1,0.12715606204126867,0.013724250012530359,S
TCCACGTAGTGTAGAT-1,-0.018473451479827097,-0.0328979184073066,G1
TCCACGTCAAGCCCAC-1,0.005717964148548527,0.050528174549883786,G2M
TCCACGTCAGGAATAT-1,-0.021238777739258585,-0.047070837225975215,G1
TCCACGTCATCCTTCG-1,-0.02234363311602683,0.13142347793823372,G2M
TCCACGTCATTCGGGC-1,0.03847427525012315,0.031116943449434442,S
TCCACGTGTATTCCTT-1,0.017234892495427312,0.3382900511053022,G2M
TCCACGTGTCGTGGTC-1,0.04874002682781092,-0.0706595747796473,S
TCCACGTGTTTAGACC-1,0.022852594520428093,-0.006767376332560471,S
TCCACGTTCACTACGA-1,-0.05480492842548218,0.06152017071593996,G2M
TCCACGTTCTCTCTTC-1,0.246321093121753,-0.04137199842036571,S
TCCAGAAAGTCATGCT-1,-0.04379141139534526,0.15041682151221258,G2M
TCCAGAAAGTGGGAAA-1,0.04332488122018319,-0.15277702930746895,S
TCCAGAACATCTAGAC-1,0.10663704844108068,0.3034202973178972,G2M
TCCAGAAGTACTGTTG-1,0.0622878379822599,0.02492294164714154,S
TCCAGAAGTCCACTTC-1,-0.068826696889289,0.2651495532120367,G2M
TCCAGAAGTGAATATG-1,0.06329532479828248,0.20266152538544946,G2M
TCCAGAAGTGAGCAGT-1,0.0032147686389040198,0.09739596541233769,G2M
TCCAGAATCGTAACCA-1,0.08483019159050253,0.12401102480622042,G2M
TCCATCGAGACAACTA-1,-0.03607553020502996,0.013690043388611739,G2M
TCCATCGAGCATAGGC-1,-0.05030243294058334,0.01567419270549092,G2M
TCCATCGCACGGCACT-1,-0.0735727057704253,0.12529372126476057,G2M
TCCATCGCAGAGTTCT-1,0.1749093369401068,-0.078215481766846,S
TCCATCGGTAGCCCTG-1,0.03336138217474288,-0.03445497232584374,S
TCCATCGGTGTCGCTG-1,0.033816697043043076,-0.0032827347340634028,S
TCCATCGGTTAGGAGC-1,0.24159010898909616,0.031154311993641715,S
TCCATCGTCCCTTTGG-1,0.15654531745811284,-0.23020962802771858,S
TCCATCGTCTCCCAAC-1,0.07767070825858574,-0.04034757413660886,S
TCCATGCAGTCATTGC-1,0.022545795031308102,0.0944564338566388,G2M
TCCATGCCACTATCGA-1,-0.04668714412330921,0.029052498770779478,G2M
TCCATGCGTATGGAGC-1,0.03148092336783792,-0.15509781760820296,S
TCCATGCGTCGATTTG-1,0.09367418431867203,0.1663344560181939,G2M
TCCATGCGTGAATATG-1,0.03394007921460096,0.0977688848554022,G2M
TCCATGCGTGCTAGCC-1,0.061081996516406556,0.15063201221078562,G2M
TCCATGCGTTCCCAAA-1,0.20110228348427062,0.0657288236831779,S
TCCATGCGTTTGCCGG-1,0.10310738197510444,0.006459886516298252,S
TCCATGCTCCACCCTA-1,0.012520038316578996,0.12966538968352564,G2M
TCCATGCTCGGCATTA-1,-0.02271763411486538,0.07379735882071525,G2M
TCCCACAAGAGTCTTC-1,0.009537712666913056,0.3059054522398531,G2M
TCCCACACAAAGCACG-1,0.09419489086496768,-0.09716949272902145,S
TCCCACACACGCCAGT-1,0.11351888421467016,0.1363588512446932,G2M
TCCCACACAGACCTAT-1,0.07479670431001462,0.10553208278316617,G2M
TCCCACACATAGAATG-1,0.008628099323399419,0.012322230764828024,G2M
TCCCACACATGGCACC-1,0.12335278542232248,0.1688863108373313,G2M
TCCCACACATTAAGCC-1,0.04426094718537127,-0.014812858465329232,S
TCCCACAGTACCGGCT-1,0.024422421403134775,0.05204296719653573,G2M
TCCCACAGTACGATCT-1,0.002033187655656521,-0.08494911426398488,S
TCCCACAGTCTGTGGC-1,0.01860236283963107,0.0039579756282047684,S
TCCCACATCAAAGAAC-1,0.08541711585487266,0.05880785566696173,S
TCCCACATCATGGCCG-1,0.05179019283586778,0.019090668565493463,S
TCCCAGTAGAGCCTGA-1,0.010677274332347664,0.050343015169959315,G2M
TCCCAGTAGTCACGAG-1,-0.016896071902204768,-0.09868354250837977,G1
TCCCAGTAGTGCTACT-1,0.055249023429288,0.02906170553232873,S
TCCCAGTCACATACGT-1,0.12207500710773855,-0.0805955884188384,S
TCCCAGTGTCGCAGTC-1,0.13853831879687617,0.23551991968120056,G2M
TCCCAGTTCATCACAG-1,0.06923579005633784,-0.06900218260912411,S
TCCCAGTTCCGCTGTT-1,0.0961210612878321,0.2595596364674757,G2M
TCCCAGTTCTAGACAC-1,-0.005555028954206731,0.07973968393223346,G2M
TCCCATGAGCAGCGAT-1,0.013694889935046417,-0.010788619173231928,S
TCCCATGAGCTTCGTA-1,-0.05306374088744187,-0.013666571144653528,G1
TCCCATGAGGATTCCT-1,0.011647185152617312,-0.229346896385276,S
TCCCATGAGGCGAAGG-1,-0.17037546147859395,-0.12968418423222183,G1
TCCCATGAGTGGGAAA-1,0.14274061079536254,-0.01341762217646919,S
TCCCATGCAACTGTGT-1,0.01882011965909991,0.14649028450531093,G2M
TCCCATGCATCATGAC-1,0.09367432654965097,-0.10992953169797312,S
TCCCATGGTAGGCAGT-1,0.07242580483866295,0.12183467203978365,G2M
TCCCATGGTGGGATTG-1,-0.00731039853038834,0.05832672122224858,G2M
TCCCATGTCAAACGAA-1,-0.0677081078468651,-0.12925885276588406,G1
TCCCATGTCATTTCCA-1,0.06346469631395846,0.1679789962391045,G2M
TCCCATGTCCCACAGG-1,0.2921995947574657,0.05174950556213631,S
TCCCATGTCCCAGCGA-1,0.06995963389230975,0.028483719741082547,S
TCCCATGTCGATGCAT-1,-0.0028190738435808216,-0.06686569429886557,G1
TCCGAAAAGCACTCTA-1,0.224985610142033,0.12275068721596671,S
TCCGAAACACGGCACT-1,-0.06854672953712598,-0.03622980612199689,G1
TCCGAAACAGCGTATT-1,-0.05908286574838789,0.06437402585627539,G2M
TCCGAAAGTGATCGTT-1,0.06506412793439653,-0.056789270074504516,S
TCCGAAAGTTCTCAGA-1,0.04658737389558337,0.15268405594657192,G2M
TCCGAAATCATCACCC-1,0.14372676473011553,0.10357387713344132,S
TCCGAAATCATCTCTA-1,-0.06704906732318061,0.2013714563560911,G2M
TCCGAAATCCTACAAG-1,-0.06615146346424089,0.1731196541337593,G2M
TCCGAAATCTCTCTTC-1,0.058656480595505656,0.021276150525130877,S
TCCGATCAGCAAGGAA-1,0.03663183288692473,-0.005323940490651546,S
TCCGATCAGGACCCAA-1,0.07145958496156823,9.283272007420962e-05,S
TCCGATCAGGTGGTTG-1,0.08799202661376937,0.19194365881658354,G2M
TCCGATCCACCTGCTT-1,0.002278692696196294,0.3769732437313908,G2M
TCCGATCCATAGGCGA-1,0.01499017781108647,-0.028605224498589543,S
TCCGATCCATCGCTGG-1,0.0063551623831574755,0.13189315598507811,G2M
TCCGATCCATGGCACC-1,0.15409951103985164,0.03765974041407155,S
TCCGATCCATTGTAGC-1,-0.04171460378958619,0.06607091854400549,G2M
TCCGATCTCCGAGTGC-1,-0.08572211458647444,0.018774404519896815,G2M
TCCGATCTCGACCTAA-1,-0.04859325964966699,0.05290800217171737,G2M
TCCGATCTCTCTCGAC-1,0.04867037154628756,0.16240638035134286,G2M
TCCGATCTCTTGCGCT-1,0.04077709995296297,-0.057779566551803885,S
TCCGGGAAGAAACCCG-1,-0.0250399690155495,-0.09806022029973058,G1
TCCGGGAAGCAAGGAA-1,0.10870872366003148,-0.10750541250284956,S
TCCGGGAAGCCTGGAA-1,0.0415874248228143,0.11621998986506704,G2M
TCCGGGAAGCGTTAGG-1,0.11876592762777732,-0.06011112550302633,S
TCCGGGAAGGAGATAG-1,0.2162944234549477,0.46359028903661026,G2M
TCCGGGAAGGTACTGG-1,-0.05166384011447367,-0.04346542235646139,G1
TCCGGGACAATTCGTG-1,0.1872747067042173,0.02111918009991809,S
TCCGGGACATGACGTT-1,0.02610741181437548,0.10076076971066228,G2M
TCCGGGAGTACTTGTG-1,0.24067357900727626,-0.1772891231798531,S
TCCGGGAGTCACAGAG-1,-0.060897923803092335,-0.018174219530877334,G1
TCCGGGAGTGACCGTC-1,0.022265541041020298,0.13814933216512826,G2M
TCCGGGAGTGATCGTT-1,-0.03279226236296373,0.18314006534377913,G2M
TCCGGGAGTGTGCCTG-1,-0.01932275116904275,0.1256421182531962,G2M
TCCGGGAGTTGCACGC-1,0.15480339412932698,-0.006708608454417453,S
TCCGGGATCAACTCTT-1,0.07125276255920177,-0.014438691698546058,S
TCCGGGATCTCGTGGG-1,-0.010813537030046283,-0.1100690714666272,G1
TCCGGGATCTCTCTTC-1,0.022321781691156506,0.059441449451653194,G2M
TCCGGGATCTCTGGTC-1,0.057559646692834976,-0.08255109370308028,S
TCCGTGTCAAATCGGG-1,-0.027603497600754534,-0.0295955308762626,G1
TCCGTGTCACGGTGTC-1,-0.07451925979215818,0.11401636052041436,G2M
TCCGTGTCACTTGGGC-1,0.043776726580547876,0.050819660766725894,G2M
TCCGTGTCAGAAGCTG-1,0.09498872153995558,0.1478300662410972,G2M
TCCGTGTCAGTCAGCC-1,0.04983389896743229,0.18941205936016248,G2M
TCCGTGTCATACAGAA-1,0.09510514198960018,-0.014894959303668132,S
TCCGTGTGTAACTTCG-1,0.006117520572433366,0.10485345201340257,G2M
TCCGTGTGTACAAACA-1,0.13495547605213187,0.25069738355800497,G2M
TCCGTGTGTAGACTGG-1,0.07272894253703155,-0.016827843405983645,S
TCCGTGTGTAGTCGTT-1,0.052586682006581065,-0.2008832708097037,S
TCCGTGTGTCATAGTC-1,0.07212792032489124,0.17995835972890162,G2M
TCCGTGTGTGACATCT-1,0.0244141248287027,0.011559647478418394,S
TCCGTGTGTGCCTTCT-1,0.024883699461253517,-0.03894024926012862,S
TCCGTGTGTTCGGCGT-1,-0.02307319821776188,0.025106163206255028,G2M
TCCGTGTTCGCTTTAT-1,-0.010109261943124115,-0.08073185913652448,G1
TCCGTGTTCGTGCACG-1,0.08880232372722863,0.06378513802640373,S
TCCTAATAGAGAGCCT-1,0.08724823915321722,0.016397383654010805,S
TCCTAATAGCAGCCTC-1,0.06951628243954233,-0.028943069785923037,S
TCCTAATAGGACAGTC-1,-0.04647249893498229,-0.2176003065498174,G1
TCCTAATAGTCGGGAT-1,-0.006534001784794463,0.020224620513999925,G2M
TCCTAATCACTGCGAC-1,0.06976248028126791,0.285234459683047,G2M
TCCTAATCAGAACGCA-1,0.05775175110412495,-0.022378550722830237,S
TCCTAATCAGCTATTG-1,0.029674158684905028,0.056061757921281985,G2M
TCCTAATCATGACAAA-1,-0.0333720371802369,0.04934180511901959,G2M
TCCTAATGTCCGGCAT-1,-0.012147100765302288,-0.08847623380142428,G1
TCCTAATGTGATTCTG-1,0.09743954858038167,0.04411355917329085,S
TCCTAATGTGTGCCTG-1,0.04962765427576832,0.2268812511983585,G2M
TCCTAATGTTCTCTAT-1,0.07260010241589632,0.0438385850834756,S
TCCTAATTCACTCACC-1,-0.025528703996332613,-0.014934668453516736,G1
TCCTAATTCAGCGTCG-1,0.020665420314774086,0.24545895321195454,G2M
TCCTAATTCGGCTGGT-1,0.09600074012074261,-0.05496979669613053,S
TCCTAATTCTACCAGA-1,-0.023615135365486317,0.028176774106109415,G2M
TCCTAATTCTTAATCC-1,0.0853886842352991,-0.03740131617139858,S
TCCTCCCAGGCGATAC-1,0.07525439132333378,0.2188650885442841,G2M
TCCTCCCAGGCGCTCT-1,0.15872077739880552,0.27584980346920507,G2M
TCCTCCCAGTTCCAGT-1,0.04523746033155002,0.19498168706223096,G2M
TCCTCCCCAAAGGCGT-1,-0.09215864686512437,0.20086309708651745,G2M
TCCTCCCCACCCTCTA-1,0.0209780036036587,0.21740571060247282,G2M
TCCTCCCCAGGACTTT-1,0.1457185748729336,-0.05489781767911556,S
TCCTCCCCATACCATG-1,0.1627013319991617,0.17968084090377712,G2M
TCCTCCCCATCATCCC-1,0.05204779046591834,-0.02196173470362875,S
TCCTCCCCATCCAACA-1,0.0004410208602168564,0.06962705246824902,G2M
TCCTCCCCATGTGGTT-1,0.1782811429917182,0.12974373575116008,S
TCCTCCCGTCAATCTG-1,0.009485907373245006,0.08366551745744039,G2M
TCCTCCCGTCTCAGAT-1,-0.004163537013031127,-0.09899576387053483,G1
TCCTCCCGTGCATGTT-1,-0.00439913187196761,-0.14089564682460337,G1
TCCTCCCTCACCTTAT-1,-0.07743570367463565,-0.11904354141105566,G1
TCCTCCCTCCGAAGGA-1,0.26226150103411716,0.4496970839343286,G2M
TCCTCCCTCTTCCCGA-1,0.053586663264282686,-0.06837832078384415,S
TCCTCGAAGGTCGTGA-1,0.04325443520996697,0.1804181420900609,G2M
TCCTCGACACTGCGAC-1,-0.01718520448890115,0.08204428191434976,G2M
TCCTCGACAGAACTCT-1,-0.01833676336204404,0.07149870023008481,G2M
TCCTCGAGTCTTACTT-1,-0.07272079188895603,-0.02950359378532308,G1
TCCTCGAGTGTATCCA-1,0.23242120547969336,0.022869076057538407,S
TCCTCGATCGAGATAA-1,0.15835793188277103,-0.16843016074131784,S
TCCTCTTAGAGCAGAA-1,-0.002019404800418678,-0.09491012785807218,G1
TCCTCTTAGCGATGCA-1,0.10675462874658337,0.10959042818417297,G2M
TCCTCTTAGCGGCTCT-1,0.030027230009232908,0.31907843661367663,G2M
TCCTCTTCAATGCAAA-1,0.011405105645019176,0.14650468242449477,G2M
TCCTCTTCATCCGAGC-1,-0.029658870250701963,0.08688804999286392,G2M
TCCTCTTGTCCGAAAG-1,0.040737834800096184,-0.07468846212757008,S
TCCTCTTGTCGTTGCG-1,0.0781746759349593,0.037415749343314986,S
TCCTCTTTCAACCTCC-1,0.02716870928232562,0.21695665747061227,G2M
TCCTCTTTCATCCTGC-1,0.11209348927780499,0.08232765627078525,S
TCCTCTTTCTCTCTAA-1,0.0513704318937423,0.05520938052762847,G2M
TCCTGCAAGGGTACGT-1,-0.017717630432626863,-0.18378620924005412,G1
TCCTGCAAGTTCAACC-1,0.054829525023213144,-0.0298740971979366,S
TCCTGCACACAAACGG-1,0.09445752188676576,0.26666281564952543,G2M
TCCTGCACAGGTGGAT-1,-0.03811632163393286,-0.0558532450710415,G1
TCCTGCACATAGGCGA-1,0.09489829909841774,0.13429375912477653,G2M
TCCTGCAGTATGCTAC-1,0.029301562504401635,-0.01505411311597088,S
TCCTGCAGTCAAGTTC-1,0.03356502782520154,-0.005969348906360417,S
TCCTGCAGTCCAGAAG-1,0.3185297421735883,0.14148700481313753,S
TCCTGCAGTGCCCACA-1,-0.06134798983912926,0.24653130611470137,G2M
TCCTGCAGTGCCTTTC-1,0.027955510815288243,0.37781607809005396,G2M
TCCTGCAGTGTCATCA-1,0.0016122863610548155,0.24241732018163786,G2M
TCCTGCATCAACTGAC-1,0.04257225700310918,0.11291457087660295,G2M
TCCTGCATCCACAAGT-1,-0.06060542439889893,-0.10073772330614283,G1
TCCTGCATCCCTAGGG-1,-0.06451438504050855,0.033965940220398116,G2M
TCCTGCATCCCTCTCC-1,-0.0023022290079662278,0.12600501611236536,G2M
TCCTGCATCCTTGAAG-1,0.052116876043390714,0.17779344007440806,G2M
TCCTGCATCTCTCGAC-1,-0.03100332426382768,0.008467906466940206,G2M
TCCTGCATCTGTCTCG-1,0.019809453712660297,0.1455532230468367,G2M
TCCTTCTAGAGTCTTC-1,0.15396528420780786,-0.10475541462677268,S
TCCTTCTAGCCATTGT-1,0.07355479838103751,0.28271860416484274,G2M
TCCTTCTAGCGAGTCA-1,0.2761180418555406,0.03710226875231892,S
TCCTTCTAGCGCCGTT-1,0.017571732119882832,-0.017448645753627035,S
TCCTTCTAGGCTCTCG-1,0.07803742464162583,-0.03772587654511267,S
TCCTTCTCAACCTAAC-1,0.009158209168666942,0.22933280641089387,G2M
TCCTTCTCAGGGCTTC-1,0.09442154689284032,-0.15859203601399322,S
TCCTTCTCATGGGAAC-1,0.03196630411593776,-0.10707037990396487,S
TCCTTCTGTCCTCCAT-1,0.08191278978402428,0.010859478044693421,S
TCCTTCTTCATTGAGC-1,-0.0010169885352186991,0.20189956443468082,G2M
TCCTTCTTCTTCCCGA-1,0.025359588714035264,0.0027795618415699663,S
TCCTTCTTCTTTGGAG-1,0.048894447420440634,0.09524907770018376,G2M
TCCTTTCAGAGCCGAT-1,-0.010304285620620635,-0.11060317571735073,G1
TCCTTTCAGCCGTTGC-1,0.01965413300815988,0.08821914129780595,G2M
TCCTTTCAGCTCATAC-1,0.0734591569987354,0.17887797302757336,G2M
TCCTTTCCAACAGATA-1,-0.011337001026068105,0.15323425160470294,G2M
TCCTTTCCAAGAATGT-1,0.1246063572068139,-0.09881362401206584,S
TCCTTTCCAGCAAGAC-1,0.07650932259619475,0.03333806829655145,S
TCCTTTCCAGCGCGTT-1,0.09733808915448228,0.06249628001939378,S
TCCTTTCCAGTTGCGC-1,-0.044455235441660024,-0.16445045174180198,G1
TCCTTTCCATTACTCT-1,0.06801843539512609,0.013145430924408896,S
TCCTTTCCATTGCTTT-1,0.08422255116232918,-0.050628902077778926,S
TCCTTTCGTCGTATGT-1,-0.016467652402878674,0.06518484909912814,G2M
TCCTTTCGTCGTCTCT-1,-0.03374712121213874,0.01686480072999552,G2M
TCCTTTCGTGCAACAG-1,0.07015558921556603,0.16203667664835547,G2M
TCCTTTCTCGCGTGAC-1,-0.050915616147780396,0.10990092311854321,G2M
TCGAACAAGAATCGAT-1,0.0643471988479824,-0.08185669817655708,S
TCGAACAAGTCATCGT-1,0.10105088145484525,0.08874047283274877,S
TCGAACACAAAGGCGT-1,0.048238540638574245,-0.01609227845533162,S
TCGAACACAGCGGTCT-1,0.006980878545699398,0.2152662678479817,G2M
TCGAACAGTACCTAGT-1,-0.005771506392881043,-0.07059120841208427,G1
TCGAACAGTACGTACT-1,0.02659490566152245,-0.06795671304545031,S
TCGAACAGTGGAACAC-1,0.008985739735805798,0.13798690342640207,G2M
TCGAACAGTGTAAACA-1,-0.020279911253045957,-0.0014169216233111404,G1
TCGAACAGTGTCGATT-1,0.03566487056740475,0.24550398504636495,G2M
TCGAACAGTTGCATCA-1,0.19365716133990596,-0.024760670358283998,S
TCGAACATCGATTGAC-1,0.05831360592666679,-0.03494052921506252,S
TCGAACATCGATTTCT-1,-0.027488307999278372,0.09568072807233305,G2M
TCGAACATCTGGACTA-1,0.07840209986230307,-0.10856362958415655,S
TCGAAGTCACGGATCC-1,0.0888804204830469,-0.0877543691482956,S
TCGAAGTGTACGTACT-1,0.05246334709479705,0.005344633844667435,S
TCGAAGTGTAGTGCGA-1,-0.019007892554033123,0.13111210224071057,G2M
TCGAAGTGTATGCAAA-1,-0.018980651954669137,-0.032995507532155965,G1
TCGAAGTGTCTTAGTG-1,-0.0504806959043701,-0.08421359650203003,G1
TCGAAGTGTGCCTAAT-1,-0.01384962911028742,0.04559456862976463,G2M
TCGAAGTTCACCCTCA-1,0.05812342775149526,0.08967462034291163,G2M
TCGAAGTTCATCGGGC-1,0.007390579684487419,-0.11648700902002534,S
TCGAAGTTCCATCCGT-1,-0.006410398711773901,0.3091182706889697,G2M
TCGAAGTTCCGTACGG-1,0.08929262429580359,-0.06568762384855531,S
TCGACCTAGAGAGCCT-1,0.07162436377980863,0.032474161100389115,S
TCGACCTAGCGCAATG-1,0.09764093947565067,-0.049427709088767036,S
TCGACCTCAAGGAGTC-1,0.03261473605217713,0.24332298638306282,G2M
TCGACCTCAATACCCA-1,-0.022317540711551564,0.15442020410954893,G2M
TCGACCTGTGAGTTGG-1,0.04356224682195953,0.10527559629961974,G2M
TCGACCTGTGGCTAGA-1,0.03864440797253077,-0.04598982911427446,S
TCGACCTGTGTGTCCG-1,0.107107070296444,0.05061146124326599,S
TCGACCTGTTCACCGG-1,0.15802260411942282,-0.007289859148344235,S
TCGACCTTCAGACAAA-1,0.1169053822254757,-0.034469255789305264,S
TCGACCTTCATTGCCC-1,0.03320213201097166,0.17111713780394844,G2M
TCGACCTTCGACCACG-1,-0.02315018126888252,-0.040757002873221926,G1
TCGACCTTCGAGATAA-1,-0.020777018748271425,0.1259611787071535,G2M
TCGACGGAGAAGGATG-1,0.010472111359834946,-0.15594049430110163,S
TCGACGGAGAGTGTTA-1,-0.0222988418543954,-0.03971749953382253,G1
TCGACGGCAAGAGTGC-1,0.13798607084755388,0.0260729526803401,S
TCGACGGCACCAACAT-1,-0.04458332020707828,0.123187871650283,G2M
TCGACGGCAGGACTTT-1,0.12724257555341134,-0.15946907084353903,S
TCGACGGCATGACTTG-1,0.045774275603762515,0.11685194521501469,G2M
TCGACGGGTATGTGTC-1,0.1032139728023781,0.056029892874536635,S
TCGACGGGTCGAGTGA-1,0.05195985558836075,-0.0535265716920868,S
TCGACGGGTCGTCGGT-1,0.039361257813624706,-0.11228553342277933,S
TCGACGGGTGAGCCAA-1,-0.02398563544567961,0.10124016455793466,G2M
TCGACGGTCACACGAT-1,0.26794465850290716,0.07090058367895646,S
TCGACGGTCACTGATG-1,-0.07245973542650541,-0.09607924874065371,G1
TCGACGGTCCCAAGTA-1,0.044084893359390254,0.0661046881635779,G2M
TCGACGGTCCGGACTG-1,-0.04916787058730254,-0.03033829142469735,G1
TCGACGGTCCTCATAT-1,0.05691358796916801,-0.023601887994925796,S
TCGACGGTCGAACTCA-1,-0.03401902442912258,0.018374689761642582,G2M
TCGATTTAGATGTTAG-1,0.013793476984975295,0.08016275154395791,G2M
TCGATTTCAGCTTTCC-1,0.011422278598633206,0.2362214130354608,G2M
TCGATTTGTAACTGCT-1,0.11531092795022446,0.02885003689941451,S
TCGATTTGTAGATGTA-1,0.06778952157364221,-0.014728852098052359,S
TCGATTTGTTCTCCTG-1,0.12591877976877963,0.07705485010003682,S
TCGATTTTCGAGGCAA-1,0.17959219436328522,-0.055788319191291624,S
TCGATTTTCGCTAATG-1,0.026104998938083157,0.02355068344713812,S
TCGATTTTCTAGTACG-1,0.20590727642283424,0.14977911759200074,S
TCGATTTTCTGTCCCA-1,-0.024173169783457016,0.1316871475284372,G2M
TCGCACTAGCGATCGA-1,0.1373111397689416,0.015186104528199462,S
TCGCACTAGGCGCTTC-1,0.03720629945847431,-0.0481042021486191,S
TCGCACTAGTACTGGG-1,0.012835847998610816,0.0682080278636868,G2M
TCGCACTCATTAGGCT-1,-0.0006296580218576597,-0.03461926433957646,G1
TCGCACTCATTGAAGA-1,-0.05086734400466242,0.040748761814480505,G2M
TCGCACTGTCCATAGT-1,0.015552663639888165,0.05004600084351135,G2M
TCGCACTGTTCAAAGA-1,0.05986815595402034,0.15662251627270574,G2M
TCGCACTTCACAAGAA-1,0.19052485439581468,-0.01083931812343003,S
TCGCACTTCGAAACAA-1,0.202673661768625,0.03699940877336877,S
TCGCAGGAGGTAGTCG-1,0.1277005698168503,0.09187399221844494,S
TCGCAGGCACGTCATA-1,-0.01473656182725075,0.01644857526345961,G2M
TCGCAGGGTACCGGCT-1,0.02258314634810138,0.0658838574904288,G2M
TCGCAGGGTAGCGCCT-1,0.008939842324471203,0.21071598681791032,G2M
TCGCAGGGTGTGTTTG-1,0.0016146781326348836,0.01204939173224101,G2M
TCGCAGGTCGTTGCCT-1,-0.017547786360271767,0.01978786595946186,G2M
TCGCAGGTCTCGACGG-1,0.025467906185975664,-0.11001031913299622,S
TCGCAGGTCTCGGGAC-1,0.09134709252260648,-0.008755127010615038,S
TCGCTCAAGAGTGGCT-1,0.019839884901068305,-0.04803033280791302,S
TCGCTCAAGCATCAAA-1,0.06940377358817684,0.0650150132770661,S
TCGCTCAAGCGCTGAA-1,0.03772717701863454,0.1597795604267727,G2M
TCGCTCACATTCGATG-1,0.12646258271266847,0.10826068632175756,S
TCGCTCAGTCAAAGTA-1,0.02197085750440969,-0.14026988580847521,S
TCGCTCAGTCTGTCCT-1,0.030671596414185265,-0.03399878105537876,S
TCGCTCATCCACATAG-1,0.04398015190438043,0.21121147609513424,G2M
TCGCTCATCCTTCGAC-1,0.4347891925089691,-0.06207777475278281,S
TCGCTCATCGATTCCC-1,-0.03408227291127297,-0.03295241879258742,G1
TCGCTTGAGCTGAGCA-1,-0.052941550475168964,0.054586412804790096,G2M
TCGCTTGAGGGCAGAG-1,0.2938716326648215,0.13698237036591548,S
TCGCTTGCAGGGACTA-1,0.007637118609568061,-0.08407062036300794,S
TCGCTTGCATCCGTTC-1,0.021303472633272258,-0.10668335723975647,S
TCGCTTGCATGCTGCG-1,-0.004530956872792202,0.05811171030335893,G2M
TCGCTTGCATTCTGTT-1,0.12585422492957798,0.10257271550489022,S
TCGCTTGTCACACGAT-1,0.06184944749183863,-0.1717389384238533,S
TCGCTTGTCATGGTAC-1,0.09373965175190879,0.018237861384588605,S
TCGCTTGTCGCCGTGA-1,0.051449998629721105,0.06290048556865863,G2M
TCGGATAAGAATAGTC-1,0.02523957138910643,-0.0011974032585766459,S
TCGGATACACACCGAC-1,0.032799965172330525,-0.0014560453094711878,S
TCGGATACACTTCATT-1,0.039009050016929,0.29923190443224557,G2M
TCGGATAGTATGAGGC-1,0.17435548532007328,-0.060149077166908343,S
TCGGATAGTATGATCC-1,0.14430439269722584,-0.1681437977211337,S
TCGGATAGTCACGCTG-1,0.04294188751988681,0.07330138865057262,G2M
TCGGATAGTGTTATCG-1,0.032856751876100876,0.19714877178349682,G2M
TCGGATATCTGAGCAT-1,0.023280798127581326,-0.0177004695929468,S
TCGGATATCTTTCCGG-1,0.024177518052192315,-0.028098930582678372,S
TCGGGACAGGCACCAA-1,-0.025521288050919133,-0.002243535838866273,G1
TCGGGACAGGGAGAAT-1,-0.10594961454498109,-0.023642315908821654,G1
TCGGGACAGGGCAACT-1,0.20899596633206552,0.16461587043965276,S
TCGGGACCAAGTGGAC-1,0.1427688310803955,0.09802894225878803,S
TCGGGACCACTTGTCC-1,0.110640157984088,0.19002997230995378,G2M
TCGGGACCAGCAGATG-1,-0.049732523426605,-0.13587629022089678,G1
TCGGGACCATTGACAC-1,0.07786442787837711,-0.025769815543333158,S
TCGGGACGTAGAGACC-1,0.1681358166675897,-0.018944227819990778,S
TCGGGACGTAGTGTGG-1,-0.07035076177572125,0.11693662604139543,G2M
TCGGGACGTTGTTGTG-1,-0.025917471498343947,0.006537564848447086,G2M
TCGGGACTCATTTGCT-1,-0.036286382211401014,0.034010221415259057,G2M
TCGGGACTCCAGCAAT-1,0.01288717387862126,0.02712291183217541,G2M
TCGGGACTCTTACCGC-1,0.01951943965522046,-0.03463696050195167,S
TCGGGCAAGGCACTCC-1,0.13862479588901944,-0.0990121613567857,S
TCGGGCAAGGCTATCT-1,-0.0034939641909196295,-0.011753511476638556,G1
TCGGGCAAGGTCTGGA-1,-0.008495572734602275,0.020092672897817077,G2M
TCGGGCACAGCTACTA-1,0.05224854308735155,-0.018378214911529966,S
TCGGGCACATACCACA-1,-0.13037172036286643,-0.06262706559077802,G1
TCGGGCAGTAGACGGT-1,0.036988721659521606,0.06061738959444718,G2M
TCGGGCAGTTGTGTAC-1,-0.014863077679037162,0.06919088326945139,G2M
TCGGGCATCGATAACC-1,0.22630660676023096,0.07885023534484925,S
TCGGGTGAGCTGGTGA-1,-0.007464856939049136,-0.11185401847910661,G1
TCGGGTGAGGCATTTC-1,0.01798468170090467,-0.055869284771357025,S
TCGGGTGAGGTTAGTA-1,0.0023064151317432335,0.12129530291836277,G2M
TCGGGTGCAATTTCTC-1,0.08427250819234677,0.08673560144768577,G2M
TCGGGTGCACCTGATA-1,0.022608726983834815,0.16195993212809107,G2M
TCGGGTGGTTCCGCGA-1,-0.026524482624237122,-0.03763467232856613,G1
TCGGGTGTCAGACTGT-1,0.04048873259685387,0.07767194819663958,G2M
TCGGTCTAGTGGCCTC-1,0.07902153954912311,0.2531577766275102,G2M
TCGGTCTCACGCTGTG-1,0.15921279176034508,0.057809841123559746,S
TCGGTCTCATCATTTC-1,-0.021734331903027926,-0.046188701683797684,G1
TCGGTCTGTGAGACGT-1,0.019271234073769905,-0.2595194813535969,S
TCGGTCTGTGCAAGAC-1,0.2589739430639234,-0.01058206971205744,S
TCGGTCTGTTCCGCTT-1,0.06989597082984922,0.03038772155410363,S
TCGGTCTTCGGTGAAG-1,0.15535638246808686,-0.017882305192267356,S
TCGGTCTTCTGTCGTC-1,0.2340173487067595,0.14266457530999638,S
TCGTAGACACTGGATT-1,0.023532547986774566,-0.025533518358327234,S
TCGTAGAGTACTCCCT-1,0.05089557225528707,-0.03310288405542533,S
TCGTAGAGTATTGGCT-1,0.023310804922398565,-0.08292900959642965,S
TCGTAGAGTGACTAAA-1,0.08943725016685106,0.05226017963777929,S
TCGTAGAGTGCAGATG-1,0.2040572121379794,0.006035214828136348,S
TCGTAGATCAAAGGTA-1,-0.01287947907590603,-0.12841948125569114,G1
TCGTAGATCACAAGAA-1,0.11686282601035314,0.11352756229202132,S
TCGTAGATCGGAACTT-1,-0.031728122369482414,0.017126015644364057,G2M
TCGTAGATCGTTCAGA-1,0.23101231450991228,0.08326545723474393,S
TCGTAGATCTATACGG-1,0.06174459940465438,0.12859242412961552,G2M
TCGTCCAAGAAGCTCG-1,-0.007202560143627468,0.03691283148568203,G2M
TCGTCCAAGGTTTGAA-1,0.05128294009196216,0.25397027568595687,G2M
TCGTCCAAGTGCAAAT-1,0.12543607607541285,0.16559735407307585,G2M
TCGTCCACAACCAACT-1,0.02064197318478428,-0.036374517910647275,S
TCGTCCAGTAACCAGG-1,0.05184529970308793,0.08729899707978134,G2M
TCGTCCAGTACTCAAC-1,0.028863829791198115,-0.04497960546702087,S
TCGTCCAGTCTGTGCG-1,0.06737017044889565,0.16748711205497258,G2M
TCGTCCAGTGCGTTTA-1,0.01983757742515785,0.03263538520112008,G2M
TCGTCCAGTGTCTTAG-1,-0.039624714485434365,0.26861422717550054,G2M
TCGTCCAGTTTCACTT-1,-0.07806512502808616,-0.013237909174093454,G1
TCGTCCATCGAGTGGA-1,0.06118810214059767,-0.0034637996771909596,S
TCGTCCATCTACAGGT-1,0.0026201465744568053,0.050795602951131225,G2M
TCGTGCTAGCTCCATA-1,-0.04123173891616516,0.0044222358882992086,G2M
TCGTGCTGTTACACAC-1,0.07394992466304251,0.1981924148053263,G2M
TCGTGCTGTTCCGCAG-1,0.08251493970223744,0.03071360370481402,S
TCGTGCTGTTTCGACA-1,0.10326433648817362,-0.040555279366176866,S
TCGTGCTTCCAGTACA-1,0.11960659072675933,0.048809171736901524,S
TCGTGCTTCTACACAG-1,-0.030700613751112826,-0.1488897529573182,G1
TCGTGGGAGTCTTCCC-1,0.10729389479323881,0.08714824597063947,S
TCGTGGGCATCTGGGC-1,0.10344643406320553,0.08654858684259131,S
TCGTGGGGTGTCATTG-1,0.04556428375812416,0.04248626043777959,S
TCGTGGGTCGTTCTGC-1,0.06699639195285001,0.08335320791719047,G2M
TCTAACTAGCAATTAG-1,0.13813778190718728,-0.19329444949035757,S
TCTAACTAGCACTCAT-1,-0.041427672785701364,-0.06216504170482029,G1
TCTAACTAGGGATGTC-1,0.04398047500356439,-0.0787292394233719,S
TCTAACTAGTGGGAAA-1,0.14447778790430227,-0.10594162716292951,S
TCTAACTCACTGAGGA-1,0.07652625732113105,0.18487067580519942,G2M
TCTAACTCATGGGATG-1,0.14661546897301037,-0.0909543970239482,S
TCTAACTCATGGGCAA-1,-0.0377585515958912,-0.09746634112397229,G1
TCTAACTGTAGCGTCC-1,-0.003448695383849343,-0.03107546214811252,G1
TCTAACTGTATTTCGG-1,0.009037027758725502,0.09766408128813353,G2M
TCTAACTTCCGAGCTG-1,-0.05919671442050217,-0.03592817800550285,G1
TCTAACTTCTCCACTG-1,0.04236023311037279,0.023553304825527366,S
TCTAACTTCTTGGTCC-1,0.07398169296225554,0.17266872036268538,G2M
TCTACATAGGCTCCCA-1,-0.04968799038975036,0.1254871316654848,G2M
TCTACATAGTGTTGTC-1,0.011466737563696316,0.008409108178303482,S
TCTACATCAAGCGCTC-1,0.09134928753585769,0.005483534144790858,S
TCTACATCAATAAGGT-1,-0.04271003866525186,-0.1820558165097498,G1
TCTACATCAGAGAAAG-1,0.13233253293906544,0.052784758094350126,S
TCTACATCAGCATCTA-1,0.02627200606903335,-0.022700961358388116,S
TCTACATCAGCCGTCA-1,0.03413639931268897,0.18462694988557304,G2M
TCTACATCAGGCACAA-1,0.0005100043220874206,0.09066346257559743,G2M
TCTACATCATCATGAC-1,0.18454650170379172,0.17556104817021417,S
TCTACATCATCCGTGG-1,-0.00249000900623636,-0.006257117424925351,G1
TCTACATGTATTAAGG-1,0.01806948778434425,-0.04770108573298948,S
TCTACATGTCAGTCCG-1,0.024172797001973834,0.10808260314912782,G2M
TCTACATTCTGCATAG-1,0.08594505478896286,0.09177861874171633,G2M
TCTACCGAGGCCACTC-1,0.07604478291566202,-0.06046811148202849,S
TCTACCGCACCAAAGG-1,-0.02941721131813768,-0.11215683696903875,G1
TCTACCGCAGTCCCGA-1,0.03599756098079965,0.20757708141301856,G2M
TCTACCGGTATTCTCT-1,0.03133749381370793,-0.04919647130315105,S
TCTACCGGTCGGCTAC-1,-0.03736548189418554,0.04733548938971682,G2M
TCTACCGTCATGTCAG-1,0.08114935946157109,-0.04293755938151628,S
TCTACCGTCCGTCACT-1,0.08019980824222334,-0.14144387730481586,S
TCTACCGTCGGCTGTG-1,0.046978103335167054,-0.02680520214696297,S
TCTATACAGAGCATCG-1,0.1417662593629766,-0.10389068158214705,S
TCTATACAGCTGCCAC-1,0.26148223913906904,0.11477791968872705,S
TCTATACAGCTGCGAA-1,0.12088237164867555,-0.1344844048846944,S
TCTATACAGGGCTAAC-1,0.02363323002840023,0.12022734386932266,G2M
TCTATACAGTAGTGCG-1,0.03756419624796864,0.028544239738634403,S
TCTATACCAAAGGGTC-1,-0.024191919924242633,0.01570279781516365,G2M
TCTATACCACTCTGCT-1,0.015678814306245403,-0.08954751197388328,S
TCTATACCATGTGGCC-1,0.020903690421814558,-0.02702264584366476,S
TCTATACCATTGAGGG-1,0.031613837889166496,-0.1600322911989249,S
TCTATACGTGACACAG-1,0.20125860608776547,0.13609264598681242,S
TCTATACGTGCCCAGT-1,0.06435934099661322,-0.015277054357573427,S
TCTATACGTGGCATCC-1,0.06598871379838578,-0.052186803711959995,S
TCTATACGTTCCAGGC-1,0.0959828103127306,0.19884162737023897,G2M
TCTATACTCAACTACG-1,0.03227324152476274,0.15877238458335052,G2M
TCTATACTCAGTGTCA-1,0.005888540398391207,-0.07028799453947054,S
TCTATACTCCGTTGAA-1,0.03046016374080973,0.15975723027265426,G2M
TCTATCAAGGACAGCT-1,0.048878332289202464,-0.1173883394437675,S
TCTATCAAGGGTCAAC-1,0.15749924453834874,-0.15826760156162112,S
TCTATCAAGGTTCTTG-1,0.12032565237454279,-0.03519402119024717,S
TCTATCACAAACTCTG-1,0.05010892913084536,0.10458168971585191,G2M
TCTATCACAACTAGAA-1,0.05283350609163523,0.15739128766279317,G2M
TCTATCACAATTCACG-1,0.06532409122202543,0.13705446100116248,G2M
TCTATCACACCGCTAG-1,0.038091204193255124,-0.044772521848300106,S
TCTATCAGTAGACTGG-1,0.003960422716815515,0.009246682385139038,G2M
TCTATCAGTAGCTGTT-1,0.03430126714847048,-0.011920566465694171,S
TCTATCAGTAGTCGGA-1,0.10755941445066897,-0.05659601019955571,S
TCTATCAGTTGGTGTT-1,-0.032229617509744846,-0.06668992716599659,G1
TCTATCATCCAAACCA-1,0.07562078739925293,-0.18651011532889947,S
TCTATCATCCAGCTCT-1,0.03277031428343852,0.20839927173448075,G2M
TCTATCATCCATACAG-1,0.02680580307997854,-0.03602225576696655,S
TCTCACGAGATAGTGT-1,0.014312502298689134,0.19203059254856614,G2M
TCTCACGAGCCGTCGT-1,-0.013412354993447562,0.2404405124390797,G2M
TCTCACGAGGCCTAAG-1,0.1261608508591287,0.41023598791830396,G2M
TCTCACGAGGGTTAAT-1,0.040148543030459116,0.21912147879989913,G2M
TCTCACGCAACTAGAA-1,0.17368748208907941,-0.03461039705906599,S
TCTCACGCAACTTCTT-1,0.001981106727877213,0.05411081748037877,G2M
TCTCACGCAAGTGTCT-1,0.05764643563379024,-0.052092018212566094,S
TCTCACGCACGATTCA-1,0.06593047481120767,-0.06234897399356559,S
TCTCACGGTAGATTAG-1,0.16138142013853646,0.0692656513852053,S
TCTCACGGTCCTTGTC-1,0.020891216510392274,0.04606401289208334,G2M
TCTCACGTCATAGACC-1,-0.011932439974269793,0.10227736175794705,G2M
TCTCACGTCGCAATGT-1,0.03334905829565232,0.13924267811638114,G2M
TCTCACGTCTTACGTT-1,0.048356663589751825,-0.0466511358646822,S
TCTCAGCAGTGTAGAT-1,0.01364286546442528,-0.09498980973594298,S
TCTCAGCCAAGAGATT-1,0.009371115517580852,-0.0142395784049828,S
TCTCAGCCACCCTTAC-1,0.2297037206876471,-0.00123461345848902,S
TCTCAGCCACGGCTAC-1,0.1557321951463374,0.12160727331683907,S
TCTCAGCCAGCTAACT-1,0.03571738878153674,0.017144778548875084,S
TCTCAGCCATGGAAGC-1,0.04131724845579593,-0.15136989064128867,S
TCTCAGCGTATGTGTC-1,0.021727791207805658,0.027309242478742002,G2M
TCTCAGCGTCACCGCA-1,-0.019662771363962772,-0.05399022145997795,G1
TCTCAGCGTGTCTCCT-1,-0.013893440029293824,0.20821625669531246,G2M
TCTCAGCGTTGCGAAG-1,0.046413518696111766,0.05957921330607502,G2M
TCTCAGCTCCGTGGCA-1,0.1692220535411354,0.02508863784845805,S
TCTCAGCTCGTTCTAT-1,-0.05999314126251282,-0.2115068479464991,G1
TCTCAGCTCTGTAACG-1,0.054896144675194325,0.0781998225832305,G2M
TCTCCGAAGGTTATAG-1,0.07996932790910316,0.026701296984634693,S
TCTCCGACAAGTCCAT-1,0.022918482528698658,0.1494272718808617,G2M
TCTCCGACACCCTAGG-1,-0.03759200852225164,-0.13852247459791847,G1
TCTCCGACAGCACACC-1,-0.060583473732609416,0.04904155873692534,G2M
TCTCCGACAGCGACAA-1,0.09209138998633104,0.3975506955217696,G2M
TCTCCGAGTCTAATCG-1,-0.01768955504745673,-0.005767389209091367,G1
TCTCCGATCAACTGAC-1,0.1716111793540238,-0.001733682229707767,S
TCTCCGATCAAGTGGG-1,-0.0596731437321944,-0.08294055824357505,G1
TCTCCGATCCCTCATG-1,0.0749739617615488,0.09419986237175293,G2M
TCTCCGATCCGACATA-1,-0.042622841754606455,0.18075050917060675,G2M
TCTCCGATCGGAGTGA-1,0.008467571626522397,-0.029154245404900136,S
TCTCCGATCTCGTGAA-1,0.12450640019827874,0.08871175786285435,S
TCTCTGGAGCGCAATG-1,0.0807810356713824,-0.10428394001678576,S
TCTCTGGAGTCACTCA-1,0.06940421465202662,0.24086686823941045,G2M
TCTCTGGCAAGTTTGC-1,0.07317586446366314,-0.02330284409186678,S
TCTCTGGCAATTAGGA-1,-0.013484657684563306,-0.1563746382720504,G1
TCTCTGGCATATGCGT-1,0.09909823085921315,-0.005339566549652314,S
TCTCTGGCATGCCGAC-1,0.01600428386963576,0.03557151830704122,G2M
TCTCTGGCATGGAAGC-1,0.01779748910343837,-0.07338492390193527,S
TCTCTGGGTCTCAGAT-1,0.054950408380419036,-0.013439569639506543,S
TCTCTGGGTTACGGAG-1,0.226455782872931,-0.13343619863874628,S
TCTCTGGGTTGGGATG-1,-0.05403171179869576,0.12606337748918262,G2M
TCTCTGGTCCGAGGCT-1,-0.012407900563246754,0.04658876826000502,G2M
TCTCTGGTCGAACACT-1,-0.023693495067952597,-0.05445963170325552,G1
TCTGCCAAGGAGAGTA-1,0.1809268203143105,0.00407676527761619,S
TCTGCCACAAGCGAGT-1,0.17884122920652729,-0.08241231851468886,S
TCTGCCAGTAGGCTCC-1,-0.01765308918420294,0.2535887041798515,G2M
TCTGCCATCACCGCTT-1,0.0031052090273635535,0.11899367692973978,G2M
TCTGCCATCCGCAGTG-1,0.021557294572821073,-0.03056544914602144,S
TCTGCCATCCGTGTAA-1,-0.03912476924813879,0.09259520847420111,G2M
TCTGGCTAGCGACTAG-1,0.061702120833521834,0.1498257899892727,G2M
TCTGGCTAGCTCCACG-1,0.02198481798413221,0.2522041361759337,G2M
TCTGGCTAGCTCCCTT-1,0.05822904480570412,0.05856789250619193,G2M
TCTGGCTAGGATACGC-1,0.0011376874520211966,-0.09559281935401454,S
TCTGGCTAGGGAGTGG-1,-0.013810806376242268,-0.06882595891789975,G1
TCTGGCTCACTTCAGA-1,0.037546578083469895,-0.08917191387830498,S
TCTGGCTCAGTAGTGG-1,0.0483002493800464,0.08592407919526973,G2M
TCTGGCTGTCGCTCGA-1,0.12687820302522157,0.22630875126278682,G2M
TCTGGCTGTGACAGCA-1,-0.004633088282583353,0.24085335876310876,G2M
TCTGGCTGTTTCGGCG-1,0.02377055592730215,0.05398560446233419,G2M
TCTGGCTTCATGACAC-1,0.03386946038389105,0.1074567758220854,G2M
TCTGGCTTCTCAAAGC-1,-0.0823895002318345,0.250405614856668,G2M
TCTGGCTTCTCATGCC-1,-0.03978164364410708,-0.05012452465523837,G1
TCTGGCTTCTCTGCTG-1,0.011657006932575764,-0.10058901849013085,S
TCTGTCGAGATCCCAT-1,0.0789528331995149,-0.07085803558923523,S
TCTGTCGAGATCGGTG-1,-0.04924265357482249,0.2831897248904435,G2M
TCTGTCGAGCAACTTC-1,0.046212778310484426,-0.09701834794894476,S
TCTGTCGAGTCGCCAC-1,0.23730270431400624,0.06585704339228715,S
TCTGTCGAGTTAGTGA-1,-0.039555228965453326,0.18092920289712439,G2M
TCTGTCGCAAGGCTTT-1,0.06565853858218373,0.11882064708056966,G2M
TCTGTCGCAGAAGCGT-1,-0.0308596413299716,-0.01979100228065328,G1
TCTGTCGCATATGAAG-1,0.061221264746849524,0.020324028470122157,S
TCTTAGTAGCGTGAGT-1,-0.005329256121587189,0.04377838041745297,G2M
TCTTAGTAGTACTGTC-1,0.03238536819196214,0.27742607219342347,G2M
TCTTAGTCACTGCGAC-1,0.1492972074328866,-0.03953590558381059,S
TCTTAGTCAGGCATTT-1,0.103457953212228,-0.03198769784892025,S
TCTTAGTGTAATGCGG-1,0.015230636895594674,0.28462797130188583,G2M
TCTTAGTGTACCCGCA-1,0.1217469746357242,-0.067551821209065,S
TCTTAGTGTATTGCCA-1,0.07961994239548126,0.04427894482363248,S
TCTTAGTGTCTACACA-1,-0.014193511262246994,-0.06996784137417283,G1
TCTTAGTTCACCCTGT-1,-0.025557268587911075,0.08119386985282617,G2M
TCTTAGTTCATCGTAG-1,-0.014492279833526633,-0.19766649218025972,G1
TCTTAGTTCATTGTTC-1,0.0136956638292412,-0.015020763815068117,S
TCTTAGTTCATTTCCA-1,0.004903551410905538,0.07076659599978535,G2M
TCTTAGTTCCCGTTGT-1,0.16195232005477878,0.16105059375160274,S
TCTTCCTAGCCTGGAA-1,0.0016085859741371,-0.04291566055676349,S
TCTTCCTAGGTTACAA-1,0.10189595531550422,0.114799814318929,G2M
TCTTCCTAGTGGACTG-1,-0.057596854793215246,0.09904216704549479,G2M
TCTTCCTAGTTGTAAG-1,0.06568287030345821,-0.00608497105302952,S
TCTTCCTCAACTCGAT-1,0.01890821327365666,0.04462179044737885,G2M
TCTTCCTCACACTTAG-1,-0.03087867765722474,0.14349713783045792,G2M
TCTTCCTCACGACGAA-1,0.1384187211436666,0.0657586478650356,S
TCTTCCTGTACGGGAT-1,-0.031666050372389454,-0.20232687844314393,G1
TCTTCCTGTAGCTGAG-1,0.13074020695496952,0.19341881024352114,G2M
TCTTCCTGTCAGTCCG-1,0.013954783010500182,0.013507883205076399,S
TCTTCCTGTCTTCCGT-1,0.13159630720657428,-0.04975447477843614,S
TCTTCCTGTTCTCGTC-1,-0.055039652242852066,0.005409500229648201,G2M
TCTTCCTTCCGTGGGT-1,-0.045377275108344106,0.02562698451726536,G2M
TCTTGCGAGAAGCGCT-1,0.020065496902641478,0.10645259744788443,G2M
TCTTGCGAGACTAAGT-1,0.12447353396131267,0.15608245067078902,G2M
TCTTGCGAGGGCTTCC-1,-0.016387239548602217,0.07348063118472214,G2M
TCTTGCGAGGTGAGAA-1,0.17286881293336498,-0.15113755086080435,S
TCTTGCGAGTCATCCA-1,-0.043521408136239004,0.18623376749283643,G2M
TCTTGCGAGTGCACTT-1,-0.07296109632191056,0.20509400714249898,G2M
TCTTGCGCAAGGCTTT-1,0.011572273524896204,0.12374864917327161,G2M
TCTTGCGCAATAGGGC-1,0.020466109958169332,-0.06007162298107088,S
TCTTGCGCACAACCGC-1,-0.0338705751150824,0.10178962160500749,G2M
TCTTGCGCAGCAGGAT-1,0.06602182405345458,-0.1809533695859876,S
TCTTGCGCATCATGAC-1,0.0477612019765673,0.05199565876964796,G2M
TCTTGCGTCAAGGACG-1,-0.012292041605702908,0.0310223090463983,G2M
TCTTGCGTCGAGGCAA-1,0.13316845659306037,-0.005308280366346313,S
TCTTTGAAGAGAAGGT-1,-0.022109436136327487,-0.06601374425592282,G1
TCTTTGAAGCATGATA-1,-0.024553189690196764,0.07097574176457083,G2M
TCTTTGAAGGGCAATC-1,0.49269019880687537,-0.15722683007224966,S
TCTTTGAAGGGCGAGA-1,-0.030746947997142948,0.2234156034822502,G2M
TCTTTGAAGTGTTCAC-1,-0.046373207833495744,0.08395115298521033,G2M
TCTTTGACAACAAGTA-1,0.021770418825835802,-0.045358293558677515,S
TCTTTGAGTCGCGTTG-1,0.13220175623475444,-0.03255198121452535,S
TCTTTGAGTCTGTGAT-1,0.13558174438621096,-0.1823732863807697,S
TCTTTGAGTTCGGTAT-1,-0.003135292152258773,0.14819918502013613,G2M
TCTTTGAGTTTACTTC-1,0.12304758340389133,-0.09750972886407969,S
TCTTTGATCGAGTTGT-1,-0.03271879813253992,-0.14934243352750673,G1
TCTTTGATCGTTTACT-1,0.008679112492343044,0.23636710132171895,G2M
TCTTTGATCTTCGTGC-1,0.08001887093364723,0.0017107817400419667,S
TGAACGTAGGGTATAT-1,0.07398553069404179,-0.0791426824839449,S
TGAACGTCAAACGAGC-1,-0.08974537141042915,-0.014199883550533698,G1
TGAACGTGTAATGTGA-1,-0.02777190527982576,-0.009006785596967992,G1
TGAACGTGTACGCTAT-1,0.18820725836528118,0.1631752555257216,S
TGAACGTGTGGCTCTG-1,-0.02561453092784194,-0.08707816862727669,G1
TGAACGTTCACTACGA-1,0.04471719866766111,0.09238515354051752,G2M
TGAACGTTCATACGGT-1,-0.04734901044067624,0.04622845418247884,G2M
TGAACGTTCCATCTCG-1,-0.029609235375494092,0.0172324180757239,G2M
TGAACGTTCGTTCAGA-1,0.07403087145832637,-0.0898091908950191,S
TGAATCGAGAAATTGC-1,0.07323001110753652,-0.003793236031221836,S
TGAATCGAGAGCCGAT-1,-0.000185852982016399,0.06163615587631188,G2M
TGAATCGAGAGGGTCT-1,0.12179643447321176,0.16992892764378853,G2M
TGAATCGCAACTCCAA-1,0.10942329620413227,-0.06242585600873968,S
TGAATCGCACCTCTGT-1,-0.0043013568196828,0.07235066951861385,G2M
TGAATCGCACGGGCTT-1,0.20049928137091666,-0.08189586744761546,S
TGAATCGCAGTAACAA-1,0.04503967279900606,-0.08994739849282662,S
TGAATCGGTCATCACA-1,0.05874994589310201,0.09129749644886365,G2M
TGAATCGGTCTAGTGT-1,0.04705742014043901,0.10030162751198524,G2M
TGAATCGGTCTGTCCT-1,-0.11177868625769877,0.22610849538590722,G2M
TGAATCGTCAACCCGG-1,0.051955529286592306,0.005282096730788,S
TGAATCGTCACGAGGA-1,-0.02819308988671232,0.15620279464803105,G2M
TGAATGCAGCAGCCTC-1,0.09787044201185041,-0.09286749086521573,S
TGAATGCAGCCATTCA-1,-0.011493222622574462,-0.11389630444048832,G1
TGAATGCAGCGTTAGG-1,-0.01627043473862466,0.1244017871592556,G2M
TGAATGCAGTTGCCTA-1,0.0719916018680502,-0.09324537218436285,S
TGAATGCAGTTGGGAC-1,0.055125029960150895,0.0042535643625227215,S
TGAATGCCAAGAGTGC-1,-0.005242172412676438,0.0722095542797423,G2M
TGAATGCCAGGGCTTC-1,0.038796617867084215,0.3275058981109369,G2M
TGAATGCGTGTTGCCG-1,0.03253070706559302,-0.09076387901277777,S
TGAATGCTCCATGATG-1,0.04229226998332508,0.03746148092750362,S
TGAATGCTCCGGCAGT-1,-0.01805114544900971,-0.004801341553662131,G1
TGAATGCTCTCCCATG-1,0.079182071228796,0.016556914898784914,S
TGAATGCTCTCGCTTG-1,0.11252621980467198,-0.09034408398346305,S
TGACAGTAGCTCCATA-1,-0.016665632300358113,0.08731031422473018,G2M
TGACAGTAGTACTGGG-1,0.19396394847004084,0.08121013036848623,S
TGACAGTAGTCCTGCG-1,-0.06914825177491912,0.004803819145315413,G2M
TGACAGTCAAAGTATG-1,-0.036511091678578245,0.036963436767858404,G2M
TGACAGTCAAGACGAC-1,0.038416062335887124,0.16889020149914669,G2M
TGACAGTCAATGACCT-1,0.02116524169532963,0.10138978141117733,G2M
TGACAGTCACAGTGTT-1,0.13683456670705968,0.23305055274024544,G2M
TGACAGTCACGGATCC-1,0.09053283187028266,-0.10982350989126116,S
TGACAGTCACTCTAGA-1,0.27318695676372173,-0.0725544516248608,S
TGACAGTCACTTGACA-1,0.13794859011042415,-0.2152394534182855,S
TGACAGTCATGAGGGT-1,0.08635983924815632,-0.10588220114125182,S
TGACAGTCATGCCGGT-1,0.09409085309197768,-0.05302389776609154,S
TGACAGTCATGTCTAG-1,0.08652341160772081,0.041356476916713514,S
TGACAGTGTCATCACA-1,0.045550782819139435,-0.09456057667419962,S
TGACAGTGTGAGCTCC-1,0.2201535743478681,-0.16125834760403424,S
TGACAGTGTTTCCAAG-1,-0.04650937588846732,0.1702350434362223,G2M
TGACCCTAGACTCCGC-1,-0.024185695265927065,-0.06674103579427576,G1
TGACCCTAGTCATGGG-1,0.007171486575408503,-0.011685622886923486,S
TGACCCTCACGGGCTT-1,0.04591370187318866,0.08613716922576314,G2M
TGACCCTCACTGGAAG-1,0.010917852408015571,0.16657831227731962,G2M
TGACCCTCAGCATACT-1,-0.08236717469001453,0.08389165470005722,G2M
TGACCCTTCAAATAGG-1,0.12154579704586377,-0.068431975381124,S
TGACCCTTCCAATCCC-1,-0.04444307157242078,0.030998957765884627,G2M
TGACCCTTCTATTGTC-1,0.031179699094945335,0.025104427032307863,S
TGACGCGAGAATACAC-1,0.0657800243680624,0.1316161956829055,G2M
TGACGCGAGCATTTGC-1,0.023990321841467932,-0.00137011648084151,S
TGACGCGAGCGCCGTT-1,0.031322136193823735,-0.004865815393451517,S
TGACGCGAGCGTTGTT-1,0.10030231455710803,-0.005401763503962709,S
TGACGCGAGTGGTTCT-1,0.061265284988468616,0.1572697752563994,G2M
TGACGCGGTATCGCTA-1,0.12992119917948508,0.13677253845279985,G2M
TGACGCGGTATGGTTC-1,-0.0268268879603496,0.0630200033427511,G2M
TGACGCGGTCAAATCC-1,0.061622224921515756,-0.0630706913130954,S
TGACGCGGTCACTTAG-1,0.013578414506394632,-0.022852864735324163,S
TGACGCGGTCGCAACC-1,-0.0925274643372343,-0.0365221028741074,G1
TGACGCGGTCTCACAA-1,0.05847468932621952,0.049250244118912045,S
TGACGCGGTGATAGTA-1,0.055182681916063014,0.06816889800906956,G2M
TGACGCGGTGCAGATG-1,0.0028148260069974507,-0.1074827873422683,S
TGACGCGGTTCTCCCA-1,-0.007905301361415651,0.20100732128947307,G2M
TGACGCGTCTACTTCA-1,0.02479443055237207,-0.06930191043986877,S
TGACTCCAGAAGCGCT-1,-0.010335421640721598,-0.19815893545792584,G1
TGACTCCCAACGACAG-1,0.12900100083735355,-0.19600886119791824,S
TGACTCCCACGAAGAC-1,0.09492459429700523,0.06309988467768352,S
TGACTCCCACGTGTGC-1,-0.06047756080183175,0.013950290718792946,G2M
TGACTCCCAGAGTAAT-1,0.04205111542874723,-0.09813817593487023,S
TGACTCCCATCCTAAG-1,-0.017903443791983165,0.08720446260575088,G2M
TGACTCCGTAAGCAAT-1,-0.01139926432054289,0.03705886498964417,G2M
TGACTCCTCCAAGCTA-1,0.09914300733933401,-0.0040086306898302615,S
TGACTCCTCCGTGTCT-1,-0.03136996686249438,-0.16773816824522225,G1
TGACTCCTCGCATGAT-1,-0.018146867842201375,0.14800021643857747,G2M
TGACTCCTCGTGCGAC-1,0.009222483651885882,-0.1855324558227708,S
TGACTCCTCTCAATCT-1,0.14806920684038583,-0.008666182916765297,S
TGACTCCTCTGTCGCT-1,-0.0474848656614017,-0.10727614624866294,G1
TGAGACTAGAACGTGC-1,0.1001233318569385,0.3083854561916727,G2M
TGAGACTAGACTACCT-1,0.02002565235562248,-0.08123794974008824,S
TGAGACTAGGGTTAAT-1,0.11522818901997023,0.007682049005731162,S
TGAGACTCAACCTATG-1,0.01329792694771087,0.01915900766847589,G2M
TGAGACTCAATGGCAG-1,0.2091430442914679,0.22206668182014783,G2M
TGAGACTCACAACGAG-1,-0.025765271376011423,-0.053760875046690804,G1
TGAGACTCACGCTGCA-1,0.19301217669827647,0.45679679434618925,G2M
TGAGACTCATCGGCCA-1,0.13831854902309382,0.0648877661794367,S
TGAGACTCATTAAAGG-1,0.07278326019476966,-0.1239186621225804,S
TGAGACTGTCGATTAC-1,-0.09176246996672982,-0.1648452343096736,G1
TGAGACTGTCGCACGT-1,0.010777428961466384,-0.07778751377855675,S
TGAGACTGTGCGTGCT-1,-0.016857611315167165,0.16023109697947846,G2M
TGAGACTGTTTCCAAG-1,-0.03825638843548118,0.06760521949152948,G2M
TGAGACTTCATGCCCT-1,0.03826268696028956,0.03632426114629944,S
TGAGACTTCATTACTC-1,0.046952780924210236,0.17469905230133942,G2M
TGAGACTTCCAGTGCG-1,0.0007955239380768586,0.018223449123741964,G2M
TGAGACTTCCATCGTC-1,0.022330549508355668,0.18005587230319792,G2M
TGAGACTTCCGACGGT-1,0.14742728139659583,-0.14535923108397317,S
TGAGACTTCTCTAAGG-1,-0.0361568943726871,-0.07058086079438664,G1
TGAGCATAGATTGAGT-1,0.1131662047235501,0.07917212286439917,S
TGAGCATAGCACCAGA-1,0.009185486146970734,0.1807568002566765,G2M
TGAGCATAGCGGTAAC-1,0.09110316852885497,-0.008882015258250164,S
TGAGCATCAACAGTGG-1,-0.013221392577023983,0.14780700447711953,G2M
TGAGCATCAACTTGGT-1,0.08108004218392151,-0.24649232550590466,S
TGAGCATCACCCTCTA-1,0.023835072088217946,-0.0069994364660402875,S
TGAGCATCAGAACGCA-1,-0.006506719181304854,-0.003905100322957933,G1
TGAGCATCAGACACCC-1,0.2931168565472353,-0.04388242076151949,S
TGAGCATCAGCTATAC-1,-0.04818711325885833,-0.07708731601619229,G1
TGAGCATCATGACCCG-1,0.031779298422459856,-0.188356163685174,S
TGAGCATGTACAAACA-1,0.06896106307812921,-0.053520962282215756,S
TGAGCATGTACATTGC-1,0.0008454337904399978,0.11238141107835242,G2M
TGAGCATGTTTCTATC-1,0.09387957607611974,0.16522935761397156,G2M
TGAGCATGTTTGAAAG-1,-0.01175950237812301,0.20681723969738558,G2M
TGAGCATTCACAAGGG-1,0.0026602966060264577,-0.2110149129419909,S
TGAGCATTCACGGGCT-1,-0.07325261733381722,0.07268242074039866,G2M
TGAGCATTCGACATTG-1,0.1436401588335321,-0.19494455337431887,S
TGAGCATTCGAGAAGC-1,0.10347903985816836,-0.15574770618975503,S
TGAGCATTCGCAGTTA-1,0.09346482347929341,-0.018455716579066306,S
TGAGCATTCGTGACTA-1,0.012754739222607614,0.26649794562051615,G2M
TGAGCGCAGAAGTGTT-1,-0.01250508258954175,0.21174377156917012,G2M
TGAGCGCAGAGTCAGC-1,0.04239463305223373,0.1653684808729784,G2M
TGAGCGCCAAACCGGA-1,0.16642383452013843,0.19259544150000663,G2M
TGAGCGCCACAGCCTG-1,0.019703204132980767,-0.04022088125943252,S
TGAGCGCCATCGAGCC-1,0.2608054945333559,-0.12764550593926294,S
TGAGCGCGTAAGAACT-1,0.15153955526891655,0.033330263378572283,S
TGAGCGCGTATCAGCT-1,0.05136121870141941,0.010291560301246061,S
TGAGCGCGTCGACTGC-1,0.08870149042147873,0.03404675678596014,S
TGAGCGCGTGTAAACA-1,0.05866545346510349,-0.06111493215057878,S
TGAGCGCGTGTTATCG-1,0.004040197215136598,0.1472074589720519,G2M
TGAGCGCTCAAGGTGG-1,0.2719030304904379,0.3292559293119801,G2M
TGAGCGCTCGTCGGGT-1,0.08621991644315619,0.033412804367170534,S
TGAGCGCTCTCTCGCA-1,-0.09393792383057936,0.011817915103964516,G2M
TGAGGAGAGACCAACG-1,0.03034906110381086,0.141120964803585,G2M
TGAGGAGAGACGTCGA-1,0.028765285361291193,0.1257100474622016,G2M
TGAGGAGAGCGAAACC-1,-0.020118117889331377,0.1243771140709033,G2M
TGAGGAGAGGTCGTCC-1,0.10994049945031698,0.16954227622817314,G2M
TGAGGAGCATGGGTTT-1,0.050250189087710284,0.17332957915973551,G2M
TGAGGAGGTAGGAAAG-1,0.056750448009845855,0.00691606495637237,S
TGAGGAGGTCAAGCGA-1,-0.02581028575633204,0.09754387054956576,G2M
TGAGGAGGTGATTCTG-1,0.039085229857192205,0.05999240768529834,G2M
TGAGGAGGTGCAGATG-1,0.10396547994785482,0.0022821029759807487,S
TGAGGAGGTTAGCGGA-1,0.015254939094907938,-0.01550564242073954,S
TGAGGAGGTTCGTGCG-1,0.25955939328321753,0.06920665953038352,S
TGAGGAGTCATCGTAG-1,0.07525711337955426,0.09369245215015282,G2M
TGAGGAGTCCTCTTTC-1,-0.01822728977068283,0.06608200147263676,G2M
TGAGGAGTCGAACCAT-1,0.04214643141251928,0.2584577836586631,G2M
TGAGGAGTCTCTCAAT-1,-0.04572827644636385,-0.1228545106770802,G1
TGAGGGAAGACCATGG-1,-0.022582940474507707,-0.07875402884882593,G1
TGAGGGAAGCCTCAAT-1,-0.01170479912825928,0.08756630559706419,G2M
TGAGGGACAAGCTCTA-1,0.06629076423453678,0.1393059446503176,G2M
TGAGGGACAGGTGGAT-1,-0.02519287754177335,0.032884248119327275,G2M
TGAGGGATCAAACGAA-1,-0.08443452795953066,0.06530658310734477,G2M
TGAGGGATCGACGTCG-1,-0.015253018730333912,0.011808201264395912,G2M
TGAGGGATCGTCGCTT-1,0.1814042532084471,-0.05242072853919144,S
TGAGGGATCTGACCCT-1,0.1415857810613616,-0.08397913070110721,S
TGAGGGATCTGAGAGG-1,0.03667474595234682,-0.16513545734986215,S
TGAGGGATCTTCGACC-1,-0.046549798002479714,0.32681356109108883,G2M
TGAGGTTAGATGGCAC-1,-0.0442321856917548,-0.025899612927883287,G1
TGAGGTTAGATGTTAG-1,0.08909788273985902,0.17730287304092957,G2M
TGAGGTTAGGACTGGT-1,-0.0416682593607377,0.13454412230428747,G2M
TGAGGTTAGTGCCCGT-1,0.20662687307917882,-0.0023003239506895756,S
TGAGGTTCAGCACAGA-1,-0.03334558509233926,0.11901636938818838,G2M
TGAGGTTCAGCGACAA-1,0.14261017349095684,0.1340585987247373,S
TGAGGTTGTCGACTGC-1,-0.03037496750761204,-0.0638808618098134,G1
TGAGGTTGTGGGTCAA-1,-0.023962464114040016,-0.03145257262601292,G1
TGAGGTTTCAAGATAG-1,0.1309757959834213,0.2595807477036206,G2M
TGAGGTTTCCCGATCT-1,0.0926162192601474,0.08031572366777828,S
TGAGGTTTCGGCATCG-1,0.11620830803351895,0.03945177961014967,S
TGAGTCAAGAGATTCA-1,0.043654778338688915,0.12593644399591436,G2M
TGAGTCAAGTCTAGCT-1,-0.059058429119448586,-0.09015585123145226,G1
TGAGTCAAGTGCAGCA-1,0.11035726023852566,0.028814280450638996,S
TGAGTCACAATCGCCG-1,0.16860924689291867,-0.031217359547349666,S
TGAGTCACAGATACTC-1,0.021682126892679787,-0.0394046294041876,S
TGAGTCACAGCTCATA-1,0.030156727250629956,-0.21494734905264262,S
TGAGTCACAGGCATGA-1,-0.04339945833410941,0.05870551380756922,G2M
TGAGTCAGTAAGATAC-1,0.0017552714023159055,0.021964611841672255,G2M
TGAGTCAGTCATAGTC-1,0.15814374438749335,0.04159571676419893,S
TGAGTCAGTCTACAGT-1,0.14148716124575117,0.30642469013875745,G2M
TGAGTCAGTGCATTAC-1,-0.02286717208715472,0.0028216101166301244,G2M
TGAGTCAGTTCCGTTC-1,0.03881836368627389,-0.06964782810948311,S
TGAGTCATCCGACATA-1,-0.00978139190348637,0.19283120387977837,G2M
TGAGTCATCCTAAACG-1,0.05115273062811704,-0.03208769402911549,S
TGAGTCATCCTAGCTC-1,0.17921487200009445,0.09623927748691741,S
TGAGTCATCTCAACCC-1,-0.0153766994884042,-0.07931408879519519,G1
TGAGTCATCTGTACAG-1,0.030216666932711966,0.08375365212634395,G2M
TGATCAGAGATAACAC-1,-0.027198019252101524,-0.2070823577801163,G1
TGATCAGAGGAGCTGT-1,0.02380326133322186,-0.08480483488418017,S
TGATCAGAGGTCATCT-1,0.06932261451397809,-0.08771213127028404,S
TGATCAGAGTGCTCGC-1,0.05358869847298142,0.054325716534298074,G2M
TGATCAGCACAGTATC-1,0.15578229687091893,0.05881301582809914,S
TGATCAGCACTGGCGT-1,0.038177293886643704,0.007425866904702372,S
TGATCAGCATCGGCCA-1,0.06153109465092321,0.07292828609685781,G2M
TGATCAGGTCCAAAGG-1,0.014070254774588176,0.04722718287900643,G2M
TGATCAGGTCTCAGGC-1,-0.029215567084202365,-0.02120317372933095,G1
TGATCAGGTTGCTCCT-1,0.06678526837728305,-0.14381937296569958,S
TGATCTTAGAGTCGAC-1,0.09928797778381543,-0.0024747417644011005,S
TGATCTTAGCTACGTT-1,-0.015469272968199499,-0.06816266196105863,G1
TGATCTTAGGGCATGT-1,0.09503255725905191,0.035116228926694915,S
TGATCTTCAGACCTGC-1,-0.007241945108848902,-0.07751479160739025,G1
TGATCTTCAGTCAACT-1,0.058484761283243314,-0.06171340146034998,S
TGATCTTGTGGTTCTA-1,-0.029561153831742237,0.04104016623758089,G2M
TGATCTTGTTTACCAG-1,0.11425947229939148,0.06435096137817656,S
TGATCTTTCCTGATAG-1,-0.051797432224350126,-0.08497268165639452,G1
TGATCTTTCGGTAGGA-1,0.03401641249515536,0.012516650232613835,S
TGATCTTTCTGCAGCG-1,-0.029076169926139983,0.09852542453424257,G2M
TGATGCAAGACGCCCT-1,0.00891994086825565,-0.01154031007465145,S
TGATGCAAGCGAGTAC-1,0.004449478887504188,0.0661011812414814,G2M
TGATGCAAGGCAATGC-1,0.030739701320554702,-0.04694719543733378,S
TGATGCAAGTCTCCTC-1,-0.03132921567510416,0.00939947574707145,G2M
TGATGCACAGAACGCA-1,0.1820449152026261,0.11276337804424513,S
TGATGCACAGAGTGTG-1,-0.038425932730591195,0.04751285523246551,G2M
TGATGCAGTGACGCCT-1,-0.02730950900043677,-0.04792409152749599,G1
TGATGCATCAGGGTAG-1,0.08307176363767654,0.1520723385642916,G2M
TGATGCATCCCAAGTA-1,-0.02243484328889578,0.06712419826884708,G2M
TGATGCATCGGCAGTC-1,0.17215754717740472,-0.16258652599388135,S
TGATGCATCTCCGAGG-1,0.0861358742763918,0.03798818790273806,S
TGATGCATCTTGGGCG-1,0.07473927621186732,-0.21176388954492487,S
TGATGGTAGATACTGA-1,0.036569939294451737,0.013765469031054689,S
TGATGGTAGCACGTCC-1,0.021490245394780283,0.1065900755176869,G2M
TGATGGTAGGTAAGAG-1,0.02661731574537063,-0.021376147137118162,S
TGATGGTCAAATCGGG-1,0.0071200335333478915,0.15571472938655784,G2M
TGATGGTCAGATACTC-1,0.09778159154289578,0.1372511389570038,G2M
TGATGGTCAGCAGGAT-1,0.10125431511380723,0.10385722370097744,G2M
TGATGGTGTCATCCCT-1,0.03668226678489528,-0.04386838206243732,S
TGATGGTGTGAGCAGT-1,0.031073977543669085,0.10265565207664495,G2M
TGATGGTGTGGACCAA-1,0.04377695840390439,0.08012581007288089,G2M
TGATGGTGTGGCCTCA-1,0.03690726293125696,0.2631639249458731,G2M
TGATGGTTCACCTACC-1,0.049213474051876815,-0.0368210556382122,S
TGATGGTTCGCTGACG-1,-0.021215898547750356,0.10615377813834992,G2M
TGATGGTTCTGGAGAG-1,0.07607585972760145,0.030607488014184447,S
TGATTCTAGCCTGGAA-1,0.05336182474630674,-0.04214266590165161,S
TGATTCTAGTTTCTTC-1,0.028724153016228604,0.21604359744803442,G2M
TGATTCTGTCCAAGAG-1,0.18509167891756062,-0.043615643194185094,S
TGATTCTGTCGTATTG-1,0.004436739032071868,0.017332567264498555,G2M
TGATTCTTCCCATACC-1,0.1265233318056303,-0.008665657734324234,S
TGATTCTTCGAAGAAT-1,0.04972130754490661,-0.04085517460884838,S
TGATTCTTCGCCTCTA-1,0.049473054375204106,0.06925791213045235,G2M
TGATTTCAGCACCGAA-1,0.048303117978519716,-0.21254533751538834,S
TGATTTCAGCCTATTG-1,0.018209620527853354,0.030376664132042708,G2M
TGATTTCCAAACTCTG-1,0.051053288714163536,0.0872817136488735,G2M
TGATTTCCAAAGGCAC-1,0.16710090485285944,-0.14670549170450686,S
TGATTTCCACAATCTG-1,-0.007941907033123141,0.06062074791841121,G2M
TGATTTCCACCTTCGT-1,0.09617595263241696,-0.01561839241039431,S
TGATTTCCAGACACCC-1,-0.058262671674565336,-0.0576258871835299,G1
TGATTTCCATGACTGT-1,0.010241665393726729,0.08596848175452493,G2M
TGATTTCCATTGGATC-1,0.08553415462331382,-0.06481586374381718,S
TGATTTCGTCGTTGGC-1,0.15059944101753697,-0.10909786309489944,S
TGATTTCGTCTAATCG-1,-0.02600884480160537,-0.013803935252210242,G1
TGATTTCGTGGATGAC-1,0.0058136650674903145,-0.059913516048471976,S
TGATTTCTCACGAACT-1,-0.022114077900166007,-0.036760925980628356,G1
TGATTTCTCGCAATGT-1,0.05040815662696663,0.024830733020718643,S
TGATTTCTCGGATTAC-1,-0.011213118254020826,0.23516052063260673,G2M
TGATTTCTCGGTCACG-1,0.15900685378502422,-0.051233350318846294,S
TGCACGGAGATCCGAG-1,0.03261754971270314,0.08098201079964001,G2M
TGCACGGAGCCGAATG-1,0.018685722634386503,-0.010716733053181604,S
TGCACGGAGCGACATG-1,0.27995363590681543,-0.012115011779315343,S
TGCACGGAGGCACTAG-1,0.020938926709752226,0.129756744040319,G2M
TGCACGGAGTTCACTG-1,0.058736652387981536,0.007030361470759472,S
TGCACGGCAATTGAGA-1,0.09212930279522485,0.0868639042150704,S
TGCACGGCAGCCTACG-1,0.32159550251099633,-0.01423706728776497,S
TGCACGGGTATCGAGG-1,0.024158697699231735,0.11400598813636137,G2M
TGCACGGGTATGTCCA-1,0.009596544310543242,0.19302528907887156,G2M
TGCACGGGTTCTTCAT-1,-0.004260310864337202,-0.07220439504387349,G1
TGCACGGGTTTACTTC-1,0.07104601303789404,-0.027555138554117675,S
TGCACGGTCCACGGGT-1,0.021536458719842444,0.009162865451180974,S
TGCACGGTCCTGCCAT-1,-0.007299250807877189,0.053610138803530605,G2M
TGCACGGTCTGCATAG-1,0.030104818157910218,-0.04577364517073246,S
TGCACGGTCTGTGCAA-1,-0.02903606637420897,-0.024375958367278627,G1
TGCAGATAGATACGAT-1,0.05428758105956999,-0.05131044332609694,S
TGCAGATAGGTTTGAA-1,0.06585738870003477,0.18610258889820547,G2M
TGCAGATCAGCTGCCA-1,0.0006202688884999752,0.10519912161851303,G2M
TGCAGATGTAATCAGA-1,0.03573401748814564,-0.14512237212215418,S
TGCAGATGTACAGGTG-1,0.09501203526681312,-0.039247151006529146,S
TGCAGATTCTCCATAT-1,-0.0009398437497372125,-0.09865091035230428,G1
TGCAGATTCTTTCGAT-1,0.26739221088001364,-0.0032333566355930987,S
TGCAGGCAGGACTGGT-1,0.04569607706082057,0.2472974603826349,G2M
TGCAGGCAGTTGGCTT-1,-0.003446385054286183,0.04112123429114056,G2M
TGCAGGCCAAATCCCA-1,0.13415844374302682,-0.04621220333587536,S
TGCAGGCCAACAAGTA-1,0.005142129794559747,-0.03888409341516236,S
TGCAGGCCAAGTATCC-1,0.057274743219475455,0.09740389854169856,G2M
TGCAGGCCACACGCCA-1,0.09605510520249361,-0.019777064127422583,S
TGCAGGCCAGCGGTCT-1,0.10281015388357873,-0.027861995764257658,S
TGCAGGCCAGTCAGCC-1,0.08575413556739775,0.2933391435215496,G2M
TGCAGGCGTAAGGCCA-1,0.049649695109271974,-0.1044969883176666,S
TGCAGGCGTAGTCCTA-1,-0.047037035944726024,-0.0899764030717839,G1
TGCAGGCGTTGTATGC-1,-0.026005886323336058,0.187492755578879,G2M
TGCAGGCTCATCTATC-1,0.18340923425196787,0.208899196502497,G2M
TGCAGGCTCGAGTTGT-1,0.018215249285996604,-0.003215987586500102,S
TGCAGGCTCTACTTCA-1,-0.04487482615005617,0.07777955905959583,G2M
TGCAGTAAGAATCGAT-1,0.036156688416974,-0.034240499573997496,S
TGCAGTAAGACCGCCT-1,0.06805058546790776,-0.02890922636076082,S
TGCAGTAAGCAGCCCT-1,0.12466064041542047,-0.09201281282210205,S
TGCAGTAAGCGTGTCC-1,0.04242909511749865,-0.01117128382246968,S
TGCAGTAAGGGCAACT-1,0.07383849847520252,0.004186854287386799,S
TGCAGTAAGGTGCCAA-1,0.04226096212816449,0.02965648874174459,S
TGCAGTAAGTATGAGT-1,0.0044601913355904466,-0.020118908733943952,S
TGCAGTAAGTGTACCT-1,-0.045679591529564856,-0.039779995966727155,G1
TGCAGTACAACCTATG-1,-0.03559218602060071,-0.048252809132900754,G1
TGCAGTACACGAGGTA-1,0.126633656811997,-0.03464492928499485,S
TGCAGTACACTAGGCC-1,-0.01722850696500572,0.3085802537858812,G2M
TGCAGTACAGTGTACT-1,0.10391680459797792,0.29314393566325647,G2M
TGCAGTAGTTCCCAAA-1,0.03223059928946104,0.009211133998422938,S
TGCAGTAGTTGGCCTG-1,-0.019922752512583464,0.09067132979499382,G2M
TGCAGTATCATTGAGC-1,0.10128668144829989,0.047468980970722274,S
TGCAGTATCCCTATTA-1,0.06278022713721043,0.08356949040183531,G2M
TGCAGTATCCGCGATG-1,-0.02445428594640514,0.010917882677816404,G2M
TGCAGTATCTACGGGC-1,-0.07119497732333646,0.024030987278254923,G2M
TGCAGTATCTAGAACC-1,0.25003080438048864,-0.2300167598960617,S
TGCAGTATCTTAAGGC-1,0.08677115768949312,0.21162717964851135,G2M
TGCATCCAGACTTCGT-1,0.13020075527717795,0.21313781617379496,G2M
TGCATCCAGGATCATA-1,0.026623740282556152,0.10943491314473824,G2M
TGCATCCCAAAGCTAA-1,-0.08067010064028879,0.0862983898104735,G2M
TGCATCCCAAGGAGTC-1,0.2997289428520421,0.12540587800304964,S
TGCATCCCAATTAGGA-1,-0.020948631140941087,0.1724876219556779,G2M
TGCATCCCAGACATCT-1,-0.03375854259789307,-0.025643892258291,G1
TGCATCCGTATGAGCG-1,0.21194177118053026,-0.023417192976454948,S
TGCATCCGTCCGTTTC-1,0.040175248785501216,-0.05484168296111497,S
TGCATCCGTGGTTTGT-1,0.19456343607397186,0.0075421550905314105,S
TGCATCCGTTGCCAAT-1,-0.006068509928626287,-0.0231259192938037,G1
TGCATCCGTTGTGGCC-1,0.07240184577569242,0.12317229928770168,G2M
TGCATCCTCAGATGCT-1,0.004736950278777408,-0.02383554165678131,S
TGCATCCTCCAATCCC-1,0.06759986571956855,0.032670669022709375,S
TGCATCCTCCCGATCT-1,0.018114942817917035,0.30747762720580474,G2M
TGCATCCTCCTCTAGC-1,-0.07527899522970039,-0.016310427638476732,G1
TGCATGAAGAGAGGTA-1,0.08026142028798083,0.04085748488110169,S
TGCATGAAGTAAGCAT-1,0.16594272451996328,0.17586355103561552,G2M
TGCATGAAGTTGTAGA-1,0.015704882567586786,-0.03961567816884365,S
TGCATGACAATGCAAA-1,0.09059839866811786,-0.04903441717482715,S
TGCATGACAGGTGGAT-1,0.1371162785238218,0.030760728280836758,S
TGCATGAGTCCAAGAG-1,-0.05526079213947971,0.042739804906534506,G2M
TGCATGAGTCCGGTCA-1,0.047400981410441245,0.009274150894898803,S
TGCATGAGTGAGAACC-1,0.035214907673463414,0.2470617950943786,G2M
TGCATGATCACTAGCA-1,0.11832524518203169,-0.019336631553208,S
TGCATGATCAGCTTCC-1,-0.040082035266300664,-0.004684282464901823,G1
TGCATGATCTATACTC-1,0.07195518568709564,0.23670628121643966,G2M
TGCCGAGAGGAGGTTC-1,-0.08080684886954792,-0.15103619166747675,G1
TGCCGAGCACATGAAA-1,0.0036244583630811733,0.1451562093942803,G2M
TGCCGAGCAGATCCTA-1,0.164845966865251,-0.035655602211824344,S
TGCCGAGCAGGACTTT-1,0.07308345567453078,0.10816990924002584,G2M
TGCCGAGCAGTTGAAA-1,-0.004710168891673305,-0.03014749034302866,G1
TGCCGAGCATAAGCAA-1,0.0501840690918442,0.004162434414200222,S
TGCCGAGGTAACCCTA-1,0.0823680549289656,-0.029552135564374082,S
TGCCGAGGTACAACGG-1,-0.027865770704699533,-0.0794690963556609,G1
TGCCGAGGTGGAATGC-1,0.03941198286629266,0.04129203362620815,G2M
TGCCGAGTCCAAGAGG-1,-0.02350318513203875,-0.013051354365794354,G1
TGCCGAGTCTCTATAC-1,0.00047375307815433754,-0.08441583572293443,S
TGCCGAGTCTGTAACG-1,0.33387108432990753,-0.031027878947301357,S
TGCGACGAGAACTCCT-1,0.07736088763401583,0.14422179664046048,G2M
TGCGACGAGATTGGGC-1,0.06804452899033403,0.42631007386635644,G2M
TGCGACGAGCACCGAA-1,-0.023749443167359885,0.024482881107998344,G2M
TGCGACGAGCTCACTA-1,0.09427587748821042,-0.039638262093288856,S
TGCGACGAGGGTCACA-1,-0.061932734857192584,0.1335179172949018,G2M
TGCGACGCAAGATCCT-1,-0.031042560264270935,0.05870912179983606,G2M
TGCGACGCACCGGCTA-1,0.03682274964490484,-0.020369611980497082,S
TGCGACGCATCCTTGC-1,0.1965073962089764,-0.06332403290129496,S
TGCGACGGTCAACATC-1,0.04171849395467486,0.05273347678011331,G2M
TGCGACGGTCCACTCT-1,0.008794236603515693,0.17005626082223735,G2M
TGCGACGGTTACTCAG-1,0.09793767230445477,0.11096625483663297,G2M
TGCGACGGTTGAAGTA-1,0.08354450520885459,0.014828026053752885,S
TGCGACGGTTTAGACC-1,0.0344773757481599,-0.06261920657542966,S
TGCGACGTCCGTGGGT-1,0.008718383968411514,0.14748134762930615,G2M
TGCGATAAGAGCTGCA-1,-0.011108996883376965,-0.0501650899406747,G1
TGCGATAAGATTAGTG-1,0.054267047036824057,0.04459983385502492,S
TGCGATAAGCTAGAAT-1,0.19840724482653438,-0.0775650916126227,S
TGCGATAAGGCTAACG-1,-0.020980709235978612,-0.0934436338298908,G1
TGCGATACAATTGCAC-1,-0.019370540038886386,0.14439807893202766,G2M
TGCGATACACGATTCA-1,0.01718463794645103,0.24856816859893144,G2M
TGCGATACAGTCAACT-1,0.05260672515999876,0.04905181900926986,S
TGCGATAGTACGCTAT-1,0.09646229853484412,0.08618946885974721,S
TGCGATAGTAGCGTTT-1,0.07637558913812403,-0.013668911642346793,S
TGCGATAGTCCACGCA-1,0.045621419675080266,0.09132202991418853,G2M
TGCGATAGTGCCCAGT-1,0.0009348839370642015,0.1135836802318185,G2M
TGCGATATCCGATAGT-1,0.014794039032860806,-0.015191610616413331,S
TGCGATATCGACATAC-1,0.19882480796334556,-0.014053124080850521,S
TGCGATATCGTACACA-1,-0.0010368335753356828,0.1661061291583455,G2M
TGCGATATCTCTGAGA-1,0.15516392564095044,0.08266882068153758,S
TGCGATATCTGGTGCG-1,0.054708955116149594,0.02200211205159719,S
TGCGGCAAGCAACAAT-1,-0.04600402416999283,-0.11993278532903193,G1
TGCGGCAAGTATGGCG-1,0.3072807912798001,-0.0292477346647102,S
TGCGGCAAGTCTACCA-1,0.07296964945819945,0.14635626922229417,G2M
TGCGGCAAGTGAACAT-1,0.06054477692882182,0.005516124046934856,S
TGCGGCACAACGAGGT-1,0.026642121419355735,-0.0039043689289946504,S
TGCGGCACACCCATAA-1,0.09426053629222686,-0.007257613816216146,S
TGCGGCACAGGAATCG-1,0.08523249043624442,0.03196967778086052,S
TGCGGCACATACAGAA-1,0.039048271482220176,0.20301260596116455,G2M
TGCGGCACATGGGTCC-1,0.12753500371893606,-0.13859795146939793,S
TGCGGCAGTAACAGGC-1,0.09565921377202086,0.18438040831199975,G2M
TGCGGCAGTGTAGGAC-1,0.0700680216996043,-0.02027140089011409,S
TGCGGCAGTTAATGAG-1,0.050602232563280836,-0.07259057383230258,S
TGCGGCATCAACTTTC-1,-0.05193634469257685,-0.1906277089766491,G1
TGCGGCATCCATTGCC-1,0.2845813506586704,0.03526456958783952,S
TGCGGCATCCGTATAG-1,0.11157400824191016,0.08889456743071528,S
TGCGGCATCGGACGTC-1,0.017753872479175647,-0.10550797154873265,S
TGCGGCATCTCTGACC-1,0.09292075307218389,-0.013549535249292033,S
TGCGGGTAGAACGTGC-1,-0.04905346826550022,-0.09776065076701734,G1
TGCGGGTAGACATCAA-1,0.1643531291325161,-0.03868451576014542,S
TGCGGGTAGGAAAGTG-1,0.1291842145806681,-0.015763299399870867,S
TGCGGGTAGGTACATA-1,0.20696950939616077,-0.10627952670184354,S
TGCGGGTCAGACAAGC-1,-0.028947920244230207,0.11031480423210005,G2M
TGCGGGTCAGCGTATT-1,0.024428191037285107,0.15533142617863682,G2M
TGCGGGTGTTGGAGGT-1,0.004282413862304435,0.030679715650864525,G2M
TGCGGGTTCCCAGTGG-1,-0.04947055551979229,0.054786187572854916,G2M
TGCGGGTTCCTCTCTT-1,-0.0026264244872699627,0.13846222952850146,G2M
TGCTCCAAGAGGCGGA-1,0.13151585821971662,-0.12563042057612622,S
TGCTCCAAGCGCATCC-1,0.017763157690302567,0.001904338888361612,S
TGCTCCACACCTGCGA-1,-0.02533742125225824,0.07732299687980293,G2M
TGCTCCACATCCTTGC-1,0.06693175848422439,0.15381052805479056,G2M
TGCTCCACATTCACAG-1,0.027960626819255763,-0.036218371221201195,S
TGCTCCAGTATGGAAT-1,0.04285492428028681,-0.2306638938297079,S
TGCTCCAGTCCGGTGT-1,0.0457763551569928,0.06822267196599507,G2M
TGCTCCAGTTGGACTT-1,0.11101431065764827,0.05455849069753432,S
TGCTCGTAGCAAGTCG-1,0.024943789709443998,0.09091599822402913,G2M
TGCTCGTAGTTACGTC-1,0.02247820460362404,0.07920879773475858,G2M
TGCTCGTCATGGCCCA-1,0.027113070773443992,-0.033356950067231605,S
TGCTCGTGTACTCCGG-1,-0.05674142418509648,0.18960806356627258,G2M
TGCTCGTGTATAGGAT-1,0.058012959323416824,0.3264166359867347,G2M
TGCTCGTTCGGCAGTC-1,0.0405344226153842,-0.04509263081660242,S
TGCTCGTTCTTTCAGT-1,0.046050005178981446,0.09349960388092798,G2M
TGCTGAAAGCACACAG-1,-0.10620974026498659,0.08023285186482348,G2M
TGCTGAAAGCTCGTGC-1,0.025843845205081373,-0.15976908617064992,S
TGCTGAAAGGGCTTCC-1,0.02270849331088426,0.15008961669007959,G2M
TGCTGAAAGGTTACAA-1,0.0013482061353301544,0.08755572653885457,G2M
TGCTGAACACACGGTC-1,-0.011049366627581603,0.14491641814841105,G2M
TGCTGAACACTTACAG-1,0.045782337398536044,0.08036766525366756,G2M
TGCTGAACAGACAAGC-1,0.05228518090884432,-0.07365263796443292,S
TGCTGAAGTGATACTC-1,0.05319213271821105,0.12880425974266452,G2M
TGCTGAAGTTCAGTAC-1,-0.024132609318612164,-0.0038099389794704064,G1
TGCTGAAGTTTGTTCT-1,0.008013674962036366,0.22583677694608684,G2M
TGCTGAATCAATCCGA-1,-0.03100656646497929,0.005774243012663882,G2M
TGCTGAATCATACGAC-1,0.1362766656511616,0.043149802174421215,S
TGCTGAATCATCACAG-1,0.01396163062736444,-0.018821133944555035,S
TGCTGAATCGTACACA-1,-0.024723230603000246,0.22542536959973974,G2M
TGCTGAATCTTACCAT-1,-0.12497467586453359,0.22729790068463834,G2M
TGCTTCGAGGGAGGGT-1,0.006411597245917888,0.07553863707360109,G2M
TGCTTCGAGTGGACTG-1,0.027792072146274438,0.03520313483893589,G2M
TGCTTCGCATTAAGCC-1,0.0756002947647364,-0.054089632777909236,S
TGCTTCGGTTCCTACC-1,0.009061093412810695,0.05927477857242375,G2M
TGCTTCGTCCATAGGT-1,0.10082372889139857,0.28371877520086153,G2M
TGCTTCGTCCTTGAAG-1,-0.04612818023574555,0.1636905508552438,G2M
TGCTTCGTCGTCCTCA-1,0.057422869762809636,0.06152984276421147,G2M
TGCTTCGTCTCTTGCG-1,0.09198627780282564,0.12240240492999166,G2M
TGCTTCGTCTGCCCTA-1,0.026191619534057575,-0.011422188160725655,S
TGCTTGCAGAAAGCGA-1,0.03099685874901026,0.05411427724462042,G2M
TGCTTGCAGCCTAGGA-1,0.01616498077374845,0.16077523968482765,G2M
TGCTTGCAGCCTCCAG-1,-0.013700416906065827,0.16949155747722766,G2M
TGCTTGCAGCGTCAAG-1,-0.01045395921326897,0.12321603633211586,G2M
TGCTTGCAGGAATGTT-1,0.08599783447159193,0.023618513498194937,S
TGCTTGCCAAGTTGGG-1,0.18833572574599305,-0.05194691364740722,S
TGCTTGCCACTACGGC-1,0.1029552890597828,-0.023546168475775453,S
TGCTTGCGTCCCAAAT-1,0.03725012918284687,0.10333278872271973,G2M
TGCTTGCGTGACACGA-1,0.07115047697004401,-0.0924299370791069,S
TGCTTGCGTGTTAACC-1,-0.00032269950832042316,0.10109384403566174,G2M
TGCTTGCGTTAATCGC-1,0.08280039025572505,-0.15831087832347393,S
TGCTTGCGTTCAGTAC-1,0.07156793043625909,0.02531893543783642,S
TGCTTGCTCGGCTGAC-1,-0.0033874765057416156,-0.050397931247566974,G1
TGGAACTAGCCTCGTG-1,0.09809364672125759,-0.1069695361160738,S
TGGAACTAGCGAAACC-1,-0.0017007649518407941,0.0653838841766548,G2M
TGGAACTAGTTTCTTC-1,-0.04895735826825509,-0.0985005626294172,G1
TGGAACTCAAACAGGC-1,0.09299475329660267,0.05605620569300862,S
TGGAACTCAACAACAA-1,-0.010371724702060992,0.14538768188969053,G2M
TGGAACTCAATTTCTC-1,0.05180452954609249,-0.025823652850313572,S
TGGAACTCACTCGATA-1,-0.005498069922659665,-0.04772959418293882,G1
TGGAACTCAGAGGTAC-1,0.0879948370716348,-0.16304703103605817,S
TGGAACTCAGCTGAAG-1,0.1743670041816775,-0.012752059098106727,S
TGGAACTGTCAAGCGA-1,0.09864698197385724,-0.06762694834444574,S
TGGAACTGTGCTCTCT-1,-0.08275493604334716,0.11557475114361415,G2M
TGGAACTGTGCTGCAC-1,0.015577806907149438,-0.044667615545377765,S
TGGAACTGTTCTGAGT-1,0.02097994277359888,0.0055493218042668435,S
TGGAACTTCAGACCGC-1,-0.006609290956929914,-0.06997593901628568,G1
TGGAACTTCCGTGGCA-1,-0.06056497783380449,-0.14272195025798995,G1
TGGAACTTCGCCTTGT-1,0.029632420174732166,0.1804540494809827,G2M
TGGAACTTCTATTTCG-1,-0.0030376999390471227,-0.030609874836990847,G1
TGGAACTTCTCCCATG-1,0.13729524081729466,-0.16167666748537637,S
TGGAACTTCTGCGAGC-1,0.0574657144637456,0.13797365308698492,G2M
TGGAGAGAGGGACACT-1,-0.004900505187947546,0.053845288624665866,G2M
TGGAGAGAGTGATAAC-1,0.07886125279086748,0.132692156886342,G2M
TGGAGAGCACATGTTG-1,0.045321838900857836,0.12140461871203068,G2M
TGGAGAGCACTAGGCC-1,0.054497960960919134,0.09510279175211311,G2M
TGGAGAGGTACGCTTA-1,0.022542361655953913,-0.07924521137095797,S
TGGAGAGGTTGGACCC-1,-0.03893514981406465,-0.07639588452585264,G1
TGGAGAGGTTGGGTTT-1,-0.08505253285439696,0.06007775347135896,G2M
TGGAGAGTCGCTCATC-1,-0.03515275782708177,0.18148228422119084,G2M
TGGAGAGTCGTGCACG-1,0.012119213556972819,0.04699241735275106,G2M
TGGAGAGTCTTTCCAA-1,-0.012347784036815357,-0.05891420554306681,G1
TGGAGGAAGAGAGCGG-1,0.1037037559770253,0.07695620138846188,S
TGGAGGAAGCTAGTTC-1,0.08362887741390079,0.002572330642512166,S
TGGAGGAAGTTGGCGA-1,0.02347690754808468,0.0029341103146129366,S
TGGAGGACAAAGGCTG-1,0.07441586739634104,0.0543603524519915,S
TGGAGGACACCCTAAA-1,-0.0688871508036979,-0.04323592265701426,G1
TGGAGGACACTGCGTG-1,0.02952843097542812,0.07114149061366898,G2M
TGGAGGACATCTCGTC-1,0.01886326959822804,-0.0560560889857995,S
TGGAGGAGTTTCGTGA-1,0.10319620834198501,-0.06539550693781276,S
TGGAGGATCGAGATGG-1,-0.04516902464782324,0.0353655189797169,G2M
TGGAGGATCGCTGTCT-1,0.0162216287366187,0.022952066726662335,G2M
TGGATCAAGTCTGTAC-1,-0.004782392008990888,0.10401022093041834,G2M
TGGATCACACCTGATA-1,0.17830171717090115,0.16149202748183267,S
TGGATCACATGTGGTT-1,0.0421389536516501,0.008509901014738641,S
TGGATCAGTCAAGTTC-1,0.007663531937060375,0.09001462492950985,G2M
TGGATCAGTCAGTCTA-1,0.15583900523268357,-0.005942477349040465,S
TGGATCAGTCCGCAGT-1,0.0050112098738356314,-0.15700302140678274,S
TGGATCAGTCTTCCGT-1,0.027756008709644453,0.05153747598195241,G2M
TGGATCAGTGGACTGA-1,-0.01289589320425405,0.049316242230724616,G2M
TGGATCAGTGGTAATA-1,0.027608738960143098,0.20016184787979094,G2M
TGGATCATCAAATGCC-1,-0.020664286860336112,0.07788138449575649,G2M
TGGATCATCCAAGAGG-1,0.016454407266145388,-0.06540400630069704,S
TGGATCATCTCATGCC-1,-0.011100520179815387,0.006370720080410841,G2M
TGGATCATCTCTGGTC-1,0.0021863564596446006,0.1886585334661125,G2M
TGGATGTAGCACCAGA-1,0.04315490871292549,-0.07362023188231165,S
TGGATGTAGCATTGAA-1,0.04607217050565138,-0.01623435915027277,S
TGGATGTCAAAGGGCT-1,0.08771820717924639,-0.04950799785029364,S
TGGATGTCATTGAGGG-1,0.00022375076304126384,-0.017632233934990638,S
TGGATGTGTACGGTTT-1,0.027641946567882547,-0.13864787552258873,S
TGGATGTGTCCCAAAT-1,0.06619850798238092,-0.06719798504475427,S
TGGATGTGTCGAGCAA-1,0.01737677389163006,0.05109312679213912,G2M
TGGATGTTCAACACGT-1,0.016201228199124618,-0.03537528491190606,S
TGGATGTTCATCCTAT-1,-0.11160567105862179,-0.09313425341235693,G1
TGGATGTTCCAGTTCC-1,0.0650844702491632,0.06779791654102757,G2M
TGGCGTGAGCACGGAT-1,0.09511988597149929,-0.09431562284607345,S
TGGCGTGAGGGTCTTT-1,0.045750118016893826,-0.050165335568638086,S
TGGCGTGAGGGTGAGG-1,0.07929821748142057,-0.010326918514428463,S
TGGCGTGCACCGTGAC-1,0.020073263313563294,0.043787638192142764,G2M
TGGCGTGCACGGGTAA-1,0.03070447431212081,0.110394995439477,G2M
TGGCGTGGTAAGATTG-1,-0.05802632636655208,0.01322361988143994,G2M
TGGCGTGGTACCTGTA-1,0.018550668325172326,0.08063432361556766,G2M
TGGCGTGGTCCAAAGG-1,0.16831223177832355,0.10054935713040403,S
TGGCGTGTCCTCATAT-1,0.10336157846170568,0.06234048696759564,S
TGGCGTGTCTCTCTAA-1,-0.043564656536650925,0.10408674255348394,G2M
TGGGAAGAGTATAACG-1,0.012110827636521715,0.2037129502552284,G2M
TGGGAAGCACGGTAGA-1,0.015515252991754047,-0.09745008987641912,S
TGGGAAGGTAGCTGTT-1,-0.04460099583469912,-0.10619928713376259,G1
TGGGAAGGTGGTCCGT-1,-0.030837545312161985,0.07840878776643306,G2M
TGGGAAGGTGTTTGCA-1,0.05313129448452886,0.268992035552642,G2M
TGGGAAGGTTTGACAC-1,-0.013370349923368496,-0.08262957495245293,G1
TGGGAAGTCATAGGCT-1,0.004943580521507229,-0.14628365886369077,S
TGGGAAGTCCGCTGTT-1,-0.028735401047712383,0.02549731975454378,G2M
TGGGAAGTCTTCGGAA-1,0.025766863139394802,0.011753048811510625,S
TGGGAGAAGGGCAAGG-1,0.14703440095981435,0.04943808255230009,S
TGGGAGACAATCGAAA-1,0.07962707131270236,-0.011384882781519556,S
TGGGAGACACAACCGC-1,-0.016393367880740972,0.12378798983491163,G2M
TGGGAGACAGATCCAT-1,0.01817235510806009,0.0001025083152085271,S
TGGGAGACAGTCAGAG-1,0.07973874086168914,0.04665515954927579,S
TGGGAGACATACAGAA-1,-0.0005567805352817978,0.33148795820247123,G2M
TGGGAGAGTAGGTAGC-1,0.12333168596573962,0.12742803078342974,G2M
TGGGAGAGTCTTGCTC-1,-0.0789238745780319,0.13065290372401978,G2M
TGGGAGATCAACCCGG-1,0.04652606097011497,0.026616731292506468,S
TGGGAGATCAACCTTT-1,0.1387722819002314,0.06754560727497294,S
TGGGAGATCACTGTCC-1,-0.005335018570281014,-0.10642925020771024,G1
TGGGAGATCTACCCAC-1,-0.00883302862486679,0.22964427710265706,G2M
TGGGATTAGAGGATCC-1,0.049670411026716765,0.1050215644919083,G2M
TGGGATTAGCACTCCG-1,0.13920291776387955,0.18713414596943018,G2M
TGGGATTAGGGATCGT-1,0.07132066376814433,0.044053955530889755,S
TGGGATTAGTCTTGGT-1,0.06675933618795793,0.2656128482011153,G2M
TGGGATTCACCAAATC-1,-0.017002006799949454,-0.03518324915185589,G1
TGGGATTCACGAGGTA-1,0.11465876614616588,-0.046140514035871216,S
TGGGATTCAGCTGCCA-1,0.07634001657082223,0.017822580987371384,S
TGGGATTCATGACAAA-1,0.04779232222972368,-0.06890034560710631,S
TGGGATTGTAAGATTG-1,-0.09037676112730303,-0.08205889705575181,G1
TGGGATTTCGCAGATT-1,0.1831994351408026,0.001512089998839783,S
TGGGATTTCGTAGCTA-1,-0.012138376184021304,0.02989316689066357,G2M
TGGGATTTCTTCCCGA-1,0.0625612807346233,0.06002940828103709,S
TGGGCGTAGATTCGCT-1,0.09355972402050061,-0.03212813745668103,S
TGGGCGTAGGATTACA-1,0.12543051892547608,-0.08097850801040979,S
TGGGCGTAGTTCATCG-1,-0.05336350815505525,0.06048852121038495,G2M
TGGGCGTCAAGTCCAT-1,0.2065485235595309,0.24974285256627088,G2M
TGGGCGTCACTACGGC-1,-0.012388046531044083,-0.011195599356203734,G1
TGGGCGTCAGACACAG-1,0.006729606786251674,0.14409236424351946,G2M
TGGGCGTCATTGGGAG-1,0.019402822981023804,0.044485231446848184,G2M
TGGGCGTGTGTCCGGT-1,0.2414166802772626,0.144514493787124,S
TGGGCGTTCAAGGAGC-1,0.018517606151072452,0.08904094649164651,G2M
TGGGCGTTCACTAGCA-1,-0.03720448827177936,0.036736422247266864,G2M
TGGGCGTTCGTAGCCG-1,0.05037594381488464,0.14205510586771,G2M
TGGGCGTTCGTTCTAT-1,-0.001807755167316516,0.09491428940768293,G2M
TGGGCGTTCTTGCGCT-1,0.12148947739676585,0.08023973290213432,S
TGGGCTGAGTAATTGG-1,-0.005755376192714157,0.1546280647688158,G2M
TGGGCTGAGTACTGGG-1,0.048836569102118976,0.42300566801613554,G2M
TGGGCTGAGTGTGTTC-1,0.0912992078193029,-0.08159663923105695,S
TGGGCTGAGTTCGGTT-1,0.0003479481143740526,-0.05972955304081015,S
TGGGCTGCAATCCTAG-1,-0.006348640944958572,0.04786753550387268,G2M
TGGGCTGCACAGGATG-1,-0.05077789537724908,0.0498314240606354,G2M
TGGGCTGCACTTGTCC-1,-0.007830868079798659,0.09473165267999112,G2M
TGGGCTGCAGTCAACT-1,-0.04342739185783845,-0.017473946852600897,G1
TGGGCTGCATACTGTG-1,-0.10186326986462363,-0.034313714780665916,G1
TGGGCTGGTAGCTGCC-1,0.09863249802336382,0.2034694869885072,G2M
TGGGCTGGTTGCTCAA-1,-0.07385174948348017,0.16098013781918302,G2M
TGGGCTGTCGATGCAT-1,-0.015673788551611556,0.18602825676900236,G2M
TGGGTTAAGACTTCCA-1,-0.051467273904235666,-0.0649127658259101,G1
TGGGTTAAGCTGAAAT-1,0.0975777893726647,0.07490565075856903,S
TGGGTTACAACCCGCA-1,-0.017277341708837657,-0.041511808845498044,G1
TGGGTTACACAGAGAC-1,-0.04210152863260308,0.13713611095612654,G2M
TGGGTTACACGATAGG-1,0.08494937035212813,0.16135568138560025,G2M
TGGGTTAGTACCTATG-1,0.07602838122841876,0.19814956527852579,G2M
TGGGTTAGTCTACACA-1,0.08164150628186867,-0.06719452975264406,S
TGGGTTAGTGCAGATG-1,-0.05429223990426507,-0.0799827253381708,G1
TGGGTTATCACACCGG-1,-0.004287721122594013,0.2543125975460073,G2M
TGGGTTATCAGCACCG-1,0.22306114780482766,0.0860307382036044,S
TGGGTTATCCAAGCTA-1,0.04057274524165705,-0.06311028253746456,S
TGGGTTATCCACTGAA-1,0.05297279173141278,0.10360334431584195,G2M
TGGGTTATCCGCAAAT-1,0.0854188998189524,0.0055153008046447405,S
TGGGTTATCCTTCAGC-1,0.024977983695591843,0.10235690117530011,G2M
TGGGTTATCGGAACTT-1,0.04507853712657933,-0.07179975517354126,S
TGGGTTATCTGGTGCG-1,0.05859017340823286,0.2431217842648576,G2M
TGGTACACAACAAGTA-1,-0.043761876377071796,0.004411438158283931,G2M
TGGTACACAAGGTCGA-1,0.09040448992711136,0.0007898019736551909,S
TGGTACACAAGGTCTT-1,0.1380113597126938,-0.03068179525366299,S
TGGTACACAATCGCCG-1,0.03369269388380458,0.09588708254857725,G2M
TGGTACACACGCCAGT-1,0.055466088638304045,0.19103284516104296,G2M
TGGTACAGTCTACGTA-1,-0.03617476185199642,0.01028687622163088,G2M
TGGTACAGTCTGTCAA-1,0.03877113392706533,0.22854857196328576,G2M
TGGTACAGTGGACTAG-1,0.10090174890654136,-0.0624524466236791,S
TGGTACAGTGTCTTAG-1,-0.020469312536660844,0.028179328741792464,G2M
TGGTACAGTGTGCCTG-1,-0.03454378689872328,0.06135395799886478,G2M
TGGTACATCAGTGGGA-1,-0.0070176282550147295,-0.17422760561904221,G1
TGGTACATCATCGCTC-1,0.06507785281326545,-0.04641545897972649,S
TGGTACATCCACAGCG-1,0.12720846348146764,0.10785876726534377,S
TGGTACATCGAACCTA-1,0.034839933804874657,-0.05935804392294419,S
TGGTACATCGGAATTC-1,0.11258300207398908,0.16192821222514225,G2M
TGGTACATCGTCAAAC-1,0.045010834441534864,-0.08782466722989718,S
TGGTAGTCAAATCGTC-1,-0.0175471122002131,-0.06924126321788843,G1
TGGTAGTCAATTAGGA-1,0.0468033373482894,0.1334546563125768,G2M
TGGTAGTCAGTGCGCT-1,0.1305816386294304,-0.0005144746162994707,S
TGGTAGTCATCGTGCG-1,0.04443738307233924,0.2275905544978905,G2M
TGGTAGTCATCTCGTC-1,-0.004769636838271307,0.24948698564255972,G2M
TGGTAGTCATTCATCT-1,-0.0624458198924292,-0.014546879744037011,G1
TGGTAGTGTCGGATTT-1,0.19687868537547248,-0.014412146545135784,S
TGGTAGTGTGAGATTA-1,0.21439230041457913,0.024632609425261576,S
TGGTGATAGACGGAAA-1,0.04993084050676316,0.03903105795520312,S
TGGTGATAGCTCGGCT-1,-0.10037391814436619,0.031757401709129274,G2M
TGGTGATAGTTTAGGA-1,0.31874033722803485,-0.004702571662746624,S
TGGTGATCAATCGCGC-1,0.06324322239625302,-0.0005332454472779524,S
TGGTGATCAGGTGTGA-1,0.02547136883693263,-0.12052436897514945,S
TGGTGATGTACGGTTT-1,0.10624621138388857,-0.08283565755394867,S
TGGTGATGTATCATGC-1,-0.04308448479285554,-0.11079295394545613,G1
TGGTGATGTCATCACA-1,0.01582409388959527,0.11506289756643884,G2M
TGGTGATGTCGAACGA-1,0.23916073919992675,0.03130016985078676,S
TGGTGATGTCTAGGTT-1,-0.04707230906326071,0.09942270147974319,G2M
TGGTGATGTGAGATCG-1,0.07364127752616823,0.05194650285900393,S
TGGTGATGTGGTATGG-1,-0.015031671030304339,0.1554695354666586,G2M
TGGTGATGTGTGTGGA-1,0.012964821646057667,0.12689341926963316,G2M
TGGTGATGTTCATCTT-1,0.0572056116961413,-0.016413961953161638,S
TGGTGATTCCATGATG-1,-0.05762692847436768,-0.04083926992063858,G1
TGGTTAGAGAACCGCA-1,0.002552832068302313,-0.02878920297365764,S
TGGTTAGAGCTAATCC-1,0.05352711857700926,0.02421042806661694,S
TGGTTAGAGGATGGCT-1,0.2927577610182982,0.0011065511684060225,S
TGGTTAGAGGCGACAT-1,0.009831758586643813,-0.03994055957990961,S
TGGTTAGAGTAAACAC-1,0.07965469655981772,-0.020521121779025153,S
TGGTTAGAGTGATGGC-1,0.08011448106947844,0.4411625256224879,G2M
TGGTTAGCAACTGAAA-1,0.031715277195787706,-0.05787400686433608,S
TGGTTAGCACATATGC-1,-0.032887542378393586,-0.05013377823537729,G1
TGGTTAGCACCAACAT-1,0.08977622198313806,-0.05489396180739853,S
TGGTTAGCATCGATGT-1,-0.0005307420833198795,-0.007734603119414651,G1
TGGTTAGGTACCTGTA-1,-0.008107914892902912,0.038512627106388975,G2M
TGGTTAGGTTCACCGG-1,0.18999727814250866,0.03101678525471241,S
TGGTTAGTCGATACGT-1,0.019881157342002798,0.1436494197039242,G2M
TGTAACGAGAGGTCAC-1,0.08175309572328038,-0.07112384345968575,S
TGTAACGAGCATGATA-1,0.13261952015375,-0.0883069638427782,S
TGTAACGAGGTAGTCG-1,0.07689264966061282,0.061248510290459024,S
TGTAACGAGTCATCCA-1,0.03531846229635838,0.1660213042368059,G2M
TGTAACGAGTTAGTGA-1,0.04008040195044882,0.04604388025082168,G2M
TGTAACGCAGACCTAT-1,-0.007575215326993678,0.05851218248646556,G2M
TGTAACGCATATCTCT-1,0.030019039902736244,-0.09438817182852832,S
TGTAACGCATGAGAAT-1,0.1988271479585791,0.05593633165967399,S
TGTAACGGTAGGCAAC-1,-0.00988911068319126,0.09117581777170758,G2M
TGTAACGGTCACAGAG-1,-0.12443814267281333,-0.030748721625748543,G1
TGTAACGGTCATACCA-1,-0.003267165192992527,0.044466962203962235,G2M
TGTAACGGTGAGACGT-1,0.10793235594368189,0.1978331551947063,G2M
TGTAACGTCACACCCT-1,0.17199572273145836,0.05644353378837241,S
TGTAACGTCCATACAG-1,0.07499431721543587,-0.06222276174714858,S
TGTAACGTCCGAAGGA-1,0.04612098118846897,0.10007136924652116,G2M
TGTAACGTCGGATAAA-1,0.06898307319893882,-0.09080689835720349,S
TGTAACGTCTCGTGAA-1,-0.033674697312636725,0.1424543803214935,G2M
TGTAAGCAGGTCCAGA-1,0.20034751960249036,-0.1410957853157436,S
TGTAAGCAGGTCCTGC-1,0.23855624834210587,0.018433406657487328,S
TGTAAGCAGTCGTCTA-1,-0.022266339242587974,0.1143738131740416,G2M
TGTAAGCCAAAGCTCT-1,-0.02827466288426511,0.12480071031940476,G2M
TGTAAGCCAAATGAGT-1,0.09452762221493483,0.09142257844887852,S
TGTAAGCCAACGGCCT-1,-0.027708404813980847,0.022342381696798808,G2M
TGTAAGCCACTGTTCC-1,-0.14955355635377698,-0.08165495511550291,G1
TGTAAGCCATGGGAAC-1,0.008022075951416352,0.016544629151853285,G2M
TGTAAGCCATTCACAG-1,0.031551034330482564,-0.022377521793336685,S
TGTAAGCGTAGGAGGG-1,0.018763180664711554,0.03468748281837947,G2M
TGTAAGCGTGGATACG-1,0.06895386115667002,0.23659655478857983,G2M
TGTAAGCGTGGTCTGC-1,0.028974524786984923,0.11199823688371252,G2M
TGTAAGCTCACGAGGA-1,0.034469306808989686,-0.13515918861905585,S
TGTAAGCTCCAAACCA-1,0.01304948960449348,0.05351666576676278,G2M
TGTAAGCTCCAAGCTA-1,0.044428249618053695,0.3073051438819374,G2M
TGTAAGCTCTCGAGTA-1,0.012786803069911368,0.07166957685592035,G2M
TGTACAGAGAGTAACT-1,-0.06675005091524144,-0.16581175625777247,G1
TGTACAGAGGCGAACT-1,0.14322107821042795,-0.016452574644332085,S
TGTACAGAGTGCAAAT-1,-0.055430885608765024,-0.10935686954739973,G1
TGTACAGAGTGGCGAT-1,-0.02906602204963571,0.014036362408890057,G2M
TGTACAGCAATACCCA-1,0.09049607637154233,0.0021622875121466434,S
TGTACAGCAGCTACTA-1,0.04351150674142257,0.01940055390208667,S
TGTACAGGTACCGGCT-1,-0.005984260122698981,0.0336985850078948,G2M
TGTACAGGTAGTAAGT-1,-0.07214932543026364,0.08426183189381481,G2M
TGTACAGGTGCTTCAA-1,0.026565886107368375,0.16724008342002333,G2M
TGTACAGGTTACGGAG-1,0.026929055461662188,0.15028548494339422,G2M
TGTACAGGTTCGAAGG-1,0.00022702880935576708,-0.005534799883673336,S
TGTACAGTCACCCTGT-1,-0.018021656705076106,-0.06934308159116559,G1
TGTACAGTCGTAACTG-1,-0.029071604574498866,0.0651855713020903,G2M
TGTAGACAGTAGCAAT-1,0.0422661404608346,0.0028407341843068035,S
TGTAGACAGTTCGCAT-1,0.11870080374148068,0.1356270863412211,G2M
TGTAGACCAATCAAGA-1,-0.03008484386169563,0.2630439696739579,G2M
TGTAGACCACAGTCGC-1,0.07648315690006324,0.03050761665271945,S
TGTAGACCATGTGGTT-1,0.035971988105359176,0.0963674258886621,G2M
TGTAGACGTAGTCACT-1,-0.04916416457519901,-0.0454348025672483,G1
TGTAGACTCATCGCCT-1,0.10817391329442116,-0.09151292827242632,S
TGTAGACTCGAACCAT-1,0.037428491511232176,-0.01386823244280827,S
TGTAGACTCTGGAGAG-1,0.0015769556767485926,0.06761108433721075,G2M
TGTCAGAAGGTTTGAA-1,0.2987711571406064,-0.18016640928174735,S
TGTCAGAAGTATGAAC-1,0.05373765241136658,-0.05577871422499153,S
TGTCAGACAACATCGT-1,0.07615077312089186,0.032798797037703165,S
TGTCAGACAGGACAGT-1,0.0656935244056377,0.15503974044304847,G2M
TGTCAGACAGTGTGGA-1,0.3400468406457987,-0.1622121269384233,S
TGTCAGACATGGCTAT-1,0.13924526145372873,-0.24928997861495095,S
TGTCAGAGTACGACAG-1,0.011151760368124597,0.08573792296182886,G2M
TGTCAGAGTAGTGTGG-1,0.06817670402553955,0.022144832323017005,S
TGTCAGAGTCCACACG-1,0.03321286067765972,0.08303254202973515,G2M
TGTCAGAGTCTAGATC-1,-0.0042339489231237315,0.15838646622718194,G2M
TGTCAGATCAACCCGG-1,0.16125857231858354,-0.1268012068187669,S
TGTCAGATCACCATAG-1,0.20652927651363356,0.00936914208149614,S
TGTCCACAGGTACAGC-1,-0.09457645860115677,0.17141347227389248,G2M
TGTCCACAGGTGCGAT-1,0.07712238829038326,-0.20308625312175502,S
TGTCCACAGTGATAAC-1,0.09073523878910067,-0.007724349138896358,S
TGTCCACAGTGCAACG-1,-0.0907238888473138,-0.10118781082658146,G1
TGTCCACCAGCAGTGA-1,0.00035572678163164895,-0.03332592556529873,S
TGTCCACGTCAAATCC-1,0.08821414250068832,0.09365227917859059,G2M
TGTCCACGTCCCGTGA-1,-0.024867664355470942,-4.7445490005515456e-05,G1
TGTCCACGTTAATGAG-1,0.1539827801374266,-0.03533429671704802,S
TGTCCACTCAGAGCGA-1,0.012029027250065438,-0.25263390354943466,S
TGTCCACTCAGTAGGG-1,0.020477144437886063,-0.10283158444705962,S
TGTCCACTCGCTCATC-1,0.10501467197459191,-0.08186639224622055,S
TGTCCCAAGGCACTCC-1,-0.011880365492871414,0.02359534785739892,G2M
TGTCCCAAGTAACGTA-1,0.16657476799019932,-0.13494240084524425,S
TGTCCCACAAATCGTC-1,-0.027548704758513287,-0.07408986949491947,G1
TGTCCCACATTCGGGC-1,0.16507433935497207,0.09089635649942912,S
TGTCCCAGTAGTCACT-1,0.16929646239220042,0.2084883745118905,G2M
TGTCCCAGTCAAGCCC-1,-0.13796595924753058,0.1724711360445939,G2M
TGTCCCAGTCTCTCTG-1,-0.08920146635093851,0.23338236472133306,G2M
TGTCCCAGTGGTCAAG-1,0.12237150803106667,0.1553853023160549,G2M
TGTCCCATCCTCTGCA-1,0.23227946943501065,-0.047151035496235616,S
TGTCCCATCGCATGAT-1,0.08703562781861718,0.1158853930106335,G2M
TGTCCCATCGTCGGGT-1,-0.04855866635743661,0.10516608629207874,G2M
TGTCCTGAGGAGAATG-1,0.018255825723084707,0.021203047152590415,G2M
TGTCCTGAGGTGAGAA-1,0.12844485344343864,0.09365826745509931,S
TGTCCTGAGTTAGAAC-1,-0.03636182716423336,0.0318039687491532,G2M
TGTCCTGCAAGCCCAC-1,-0.023341913884123322,-0.0696179440627489,G1
TGTCCTGCACTTCTCG-1,-0.01759817016534554,0.005103922079938816,G2M
TGTCCTGGTGGACCAA-1,-0.04641022204972983,0.003937746913223128,G2M
TGTCCTGTCACGAACT-1,0.02817265120470913,0.11034114357493785,G2M
TGTCCTGTCATCCTGC-1,0.022682700601534656,0.19221714618485836,G2M
TGTGAGTAGCGCCCAT-1,-0.03006964645696153,0.07005103967356413,G2M
TGTGAGTAGGCATCAG-1,0.1489437476833103,0.12893523647453559,S
TGTGAGTCACGTCTCT-1,0.12407353310667857,-0.12766565350048031,S
TGTGAGTCATATGAAG-1,0.0699816395786661,-0.0011594298046197493,S
TGTGAGTCATGAATAG-1,0.10234125731176286,0.051461558559263876,S
TGTGAGTCATGACGTT-1,0.015200047586083953,-0.014839815209042317,S
TGTGAGTGTGGACAGT-1,0.0437333502379505,0.1942703743877851,G2M
TGTGAGTGTGTTCATG-1,0.06139221164306813,0.09997382404108657,G2M
TGTGAGTGTTTCACAG-1,-0.0017786421201084757,-0.05741839993181613,G1
TGTGAGTTCAAATGAG-1,0.05490334249067841,-0.010765635131814222,S
TGTGAGTTCCGCACGA-1,0.0023874715155036697,0.037967337530645684,G2M
TGTGAGTTCCGTGACG-1,0.02314079086267251,0.16860631611687932,G2M
TGTGAGTTCGCTAGCG-1,-0.012226336806043125,0.10307464446631637,G2M
TGTGATGAGTCCCAAT-1,0.09622550037883237,0.0029993976659513644,S
TGTGATGCAATGAACA-1,-0.09575310646056967,0.1763490264395154,G2M
TGTGATGCACCATATG-1,0.0343329177293763,-0.03740634716504343,S
TGTGATGCACCCTAGG-1,0.1701442145804446,0.08605135414348314,S
TGTGATGCACTGCGTG-1,0.08273682019360146,0.2302191927910992,G2M
TGTGATGCAGTCGCAC-1,-0.05960043339986654,0.05587143366135039,G2M
TGTGATGCATACAGGG-1,0.00744730652314024,0.016651347315691956,G2M
TGTGATGCATAGAAAC-1,-0.11071456437156779,0.03675458656469688,G2M
TGTGATGGTAAGGTCG-1,0.059696681398936136,0.002013623007002141,S
TGTGATGGTCCCAAAT-1,0.18540938354818037,0.05421894294687207,S
TGTGATGGTGCCGGTT-1,0.20188504424497644,0.21055576502978035,G2M
TGTGATGTCATGCAGT-1,0.019068627563500196,-0.07951142097760103,S
TGTGATGTCTAAGGAA-1,0.0003097801807147027,-0.006416657629383482,S
TGTGCGGAGTGCCCGT-1,0.0346386175562336,0.4182665139482022,G2M
TGTGCGGCACGACGCT-1,-0.03233218827940609,0.1794981639577448,G2M
TGTGCGGCAGCAGTTT-1,0.041750551273478265,0.15619021913782516,G2M
TGTGCGGCATAAGCGG-1,0.08408119093755134,-0.10839006502227919,S
TGTGCGGGTAATGCTC-1,0.05610376538325601,0.11752778139611253,G2M
TGTGCGGGTAGCTTAC-1,0.06287012327485453,0.01847829415000063,S
TGTGCGGGTATGCGGA-1,0.02243015385468572,-0.03307077174607548,S
TGTGCGGGTGGATCGA-1,0.04830769634610205,0.05370121335910799,G2M
TGTGCGGGTGTATCCA-1,-0.0469265867326113,-0.13883709268325367,G1
TGTGCGGGTTGCTTGA-1,0.06849410592261201,0.019124825841754983,S
TGTGCGGTCAGCACCG-1,0.23769767280338666,-0.0786977379300694,S
TGTGCGGTCATCGCAA-1,-0.008615288434597246,0.04931835178138255,G2M
TGTGCGGTCCGGTAGC-1,0.08314925771846338,0.015221387239466477,S
TGTGCGGTCGCTGTCT-1,-0.057413897878645925,-0.01831906653210824,G1
TGTGCGGTCTCGACCT-1,0.013724535362991452,-0.23216136375237997,S
TGTGGCGAGTGGACTG-1,0.04108304051314304,0.08566801111817124,G2M
TGTGGCGCACGACCTG-1,0.022429750853225572,-0.226977283103913,S
TGTGGCGCAGGCCTGT-1,0.02690601954508287,0.07971014124791742,G2M
TGTGGCGCATAACAGA-1,0.005070143345649369,0.07893855380293335,G2M
TGTGGCGCATCCTAAG-1,0.06403917618886756,-0.08231424067840126,S
TGTGGCGGTCCGGATC-1,0.009114435860392844,0.013771717215504964,G2M
TGTGGCGGTTCTGACA-1,0.08529105892792777,0.08184455088064602,S
TGTGGCGTCATTCGTT-1,0.16555453807502418,0.10038435096354581,S
TGTGGCGTCCACACAA-1,0.04973054385386949,-0.021204800073898744,S
TGTGGCGTCCGAGCTG-1,0.10555803311555545,-0.16611499897563395,S
TGTGGCGTCGGCATTA-1,0.06190379635498777,0.0009515708725209016,S
TGTGTGAAGACCAGAC-1,0.03373944065715728,-0.030168843413535873,S
TGTGTGAAGGGATGTC-1,-0.06234501557486377,-0.04295535698416919,G1
TGTGTGAAGGGCTAAC-1,-0.054368948101409686,0.047755288212632696,G2M
TGTGTGAAGTGGTGGT-1,0.08316686138886975,0.010904311763681618,S
TGTGTGACACATAACC-1,0.00881339360537825,0.13783971164040015,G2M
TGTGTGAGTCTTAGTG-1,0.0045122981310131705,0.25889721288706014,G2M
TGTGTGAGTGAGGCAT-1,-0.04061005003775181,0.11536163887583278,G2M
TGTGTGAGTGGCTACC-1,-0.06041647526526672,0.030550960334621624,G2M
TGTGTGATCCGTGCGA-1,-0.04102122723354379,0.048727592780879125,G2M
TGTGTGATCTCTAGGA-1,0.0725195632207648,0.06780489719892119,S
TGTTACTAGCGTCAAG-1,0.07031248283702396,0.19907251870445963,G2M
TGTTACTAGTAGAATC-1,-0.05868676023237124,0.14081533647347677,G2M
TGTTACTAGTTCTACG-1,0.008963056399311942,0.09178847010703695,G2M
TGTTACTCAGTCGCAC-1,0.018761574366176204,0.08216511600635396,G2M
TGTTACTCAGTCGTTA-1,0.055284549475891565,0.1285544871312404,G2M
TGTTACTGTAGTGGCA-1,0.03308594387740055,-0.06307688866945893,S
TGTTACTGTATGCTAC-1,0.07222298149184597,0.22799160882913994,G2M
TGTTACTGTGATTAGA-1,0.09378678892137804,0.18935173209605416,G2M
TGTTACTTCAAGCTGT-1,-0.027598800447311334,0.022409002822782742,G2M
TGTTACTTCACCTCGT-1,-0.011016229149897638,0.010101388309678994,G2M
TGTTACTTCCCAAGTA-1,0.14228944029307222,0.01141888254622797,S
TGTTACTTCCTTCTTC-1,0.014177088182873221,-0.022205962997825845,S
TGTTACTTCTCTAAGG-1,0.11420595933066174,-0.0012864270797349198,S
TGTTCATAGACAAGCC-1,-0.011856272985708682,0.01647083065587751,G2M
TGTTCATAGATGACAT-1,-0.07048897957454348,-0.12178374818763821,G1
TGTTCATAGGCGCTTC-1,0.0021721729844120796,0.12157506829557829,G2M
TGTTCATAGTTACGGG-1,-0.0032220396639248694,0.057968829559526536,G2M
TGTTCATCACGGGTAA-1,0.0358939590570711,0.21529056225475007,G2M
TGTTCATCAGACCGCT-1,0.07288565303199818,0.15530579932344124,G2M
TGTTCATCAGGCATGA-1,-0.018798146409947147,-0.018496704033709455,G1
TGTTCATCATACAGGG-1,0.1481045772705315,-0.02962901270646706,S
TGTTCATGTACTTCCC-1,-0.004771261839523477,0.0669432107090144,G2M
TGTTCATGTGACGCCT-1,0.04188059678573597,0.11153643947265879,G2M
TGTTCATTCAACTACG-1,0.13934824760436515,0.1313442150528143,S
TGTTCATTCAAGAATG-1,0.06852868049159577,-0.1738026255542867,S
TGTTCATTCACCACAA-1,-0.06606076992569432,-0.07535434735360674,G1
TGTTCATTCATCCCGT-1,-0.00223853088047804,-0.04914767973242806,G1
TGTTCATTCATGCCGG-1,0.03178779799630305,0.0078320485808972,S
TGTTCATTCCAAGGGA-1,-0.041891821782699235,-0.15758608874218002,G1
TGTTCATTCGATCCCT-1,-0.05486767790847358,0.13229720877250178,G2M
TGTTCATTCTAGCATG-1,-0.03599038804752497,-0.14233334242366524,G1
TGTTCCGAGATTACCC-1,0.1244839649037432,0.022259776062769687,S
TGTTCCGAGCGACAGT-1,-0.001631097639810286,-0.0010303605139083682,G1
TGTTCCGAGTATAGGT-1,0.13087457470408026,-0.03226810345030251,S
TGTTCCGCAATAGAGT-1,0.006415645983766649,-0.06577393868381182,S
TGTTCCGCACCGTGCA-1,-0.04276927536332975,0.05821195494900783,G2M
TGTTCCGCACGCTATA-1,-0.0594024017260405,-0.11113294082858238,G1
TGTTCCGCATCGATAC-1,0.13947447956903036,-0.13823825423758596,S
TGTTCCGGTTCGTACA-1,0.016872811758322892,0.13899275474786438,G2M
TGTTCCGTCATTTACC-1,-0.0344903611409057,-0.14850525436408768,G1
TGTTCCGTCCCGTAAA-1,-0.07850644426951664,-0.1413438468896835,G1
TGTTCCGTCTCGTCGT-1,0.07117632379614597,0.2939236041572038,G2M
TGTTCCGTCTTAGGAC-1,-0.006672585631300687,-0.02237225605905535,G1
TGTTCTACAACTTCTT-1,-0.02544231015283538,0.14948914819876985,G2M
TGTTCTACAAGTCCAT-1,-0.03226049173287071,0.02143645185551568,G2M
TGTTCTACATCGAGCC-1,0.15932047563926133,0.03821766860333717,S
TGTTCTAGTACATACC-1,0.006279512172627788,-0.09470119909960895,S
TGTTCTAGTCCTGGGT-1,-0.01678277950760282,0.010809703699957485,G2M
TGTTCTAGTCTGTCCT-1,0.019692589366043067,-0.16800217905905362,S
TGTTCTATCAAGCCAT-1,0.06050831377551169,-0.17512802770662803,S
TGTTCTATCCGCGGAT-1,-0.03201343143106655,-0.045052316649056234,G1
TGTTCTATCGACATTG-1,0.07865464710186898,0.10510040903256435,G2M
TGTTGAGAGACGCTCC-1,-0.06602394770485792,0.0760834406982907,G2M
TGTTGAGCAAGATGTA-1,0.022854861347184563,-0.17580744744519178,S
TGTTGAGCAGGGCTTC-1,-0.032723319509187276,0.06174319310359622,G2M
TGTTGAGCATCGTTCC-1,-0.05625737143253695,0.10063211968998287,G2M
TGTTGAGCATGAGATA-1,-0.017715537576037166,-0.011060483373694585,G1
TGTTGAGCATGTGCCG-1,0.018179864772356225,0.01305628700339001,S
TGTTGAGGTGTCACAT-1,0.035511963355092935,-0.013785768097289985,S
TGTTGAGTCCGTGTAA-1,0.1996353301663621,-0.010483178641801427,S
TGTTGAGTCGTTCGCT-1,0.07139831026272836,0.05947112225957263,S
TGTTGGAAGAGCCCAA-1,-0.005881628112418491,0.16192498513510395,G2M
TGTTGGAAGAGGGTAA-1,0.13244154189827956,0.0672072009973047,S
TGTTGGAAGCCTCTCT-1,0.10517023353559413,-0.09772183877299662,S
TGTTGGAAGCGTGAGT-1,0.01557587882334216,0.04344040947864747,G2M
TGTTGGAAGCTCGCAC-1,-0.0775878603146915,0.11304463773020329,G2M
TGTTGGAAGGATGCGT-1,0.011823452694604497,0.20026999475083052,G2M
TGTTGGAAGTCTAGCT-1,-0.022050277492837,0.011104332313921272,G2M
TGTTGGAAGTTGTACC-1,0.36229706566046305,0.12391386201428639,S
TGTTGGACATCCTATT-1,-0.02086597149706687,-0.07957962085850578,G1
TGTTGGAGTCACAGAG-1,-0.05711455726290954,-0.018651697252512367,G1
TGTTGGATCACTGAAC-1,0.04141147077202917,0.10740226843560569,G2M
TGTTGGATCCATTGCC-1,0.003049390635710969,-0.08435068848809996,S
TGTTGGATCCTGGGTG-1,0.023501073059485456,-0.0054999583096188576,S
TGTTGGATCTCCTACG-1,-0.09281223545448519,0.5045579901827534,G2M
TGTTTGTAGCATCGAG-1,0.033032877022870055,-0.08905936254381241,S
TGTTTGTAGCTGGAGT-1,-0.06387243463238962,0.057401332520277404,G2M
TGTTTGTAGTTGGAGC-1,-0.03318551915342671,0.10901060894241055,G2M
TGTTTGTCAAGCCATT-1,0.00024357133154651045,-0.10868698677560656,S
TGTTTGTCAATCCTAG-1,0.02561264566935534,0.015560692508078566,S
TGTTTGTCACAGAAGC-1,0.08976745096327832,-0.004753211611652153,S
TGTTTGTCACCTCTAC-1,0.1496256346533512,0.1317595534335287,S
TGTTTGTCATCATGAC-1,0.11357802663955885,0.1539205507536469,G2M
TGTTTGTCATGCCATA-1,0.12020148854849705,-0.130026982667271,S
TGTTTGTCATGTTTGG-1,0.06453832193121334,-0.0542243025033865,S
TGTTTGTGTATCCTTT-1,0.06569182149350722,-0.13566799425360945,S
TGTTTGTGTGTCATCA-1,-0.029629920498125295,0.02997436824458205,G2M
TGTTTGTTCCGAGGCT-1,-0.02243560437244807,-0.0831745993153814,G1
TTAATCCAGCAGGCAT-1,0.03716002339411201,-0.024067766919858846,S
TTAATCCAGTCGTTAC-1,0.22071650317032793,-0.11650441245826687,S
TTAATCCGTCGTATGT-1,0.254094906788202,-0.039227450866640035,S
TTAATCCGTGGTTCTA-1,-0.02336072610725315,-0.019777220713707133,G1
TTAATCCGTGTGCTTA-1,0.07515294015044449,0.07722754589641034,G2M
TTAATCCGTTTGCCGG-1,0.015473919412849646,-0.0905025820887716,S
TTAATCCTCACATTGG-1,-0.07036457275688879,-0.13477525356064862,G1
TTAATCCTCCGGGACT-1,0.008269912569940585,0.10460390288518062,G2M
TTAATCCTCCGTGGTG-1,-0.055932035723936235,0.012413021355480891,G2M
TTAATCCTCCTCAGGG-1,-0.006017759008315027,-0.056105577838917814,G1
TTAATCCTCTCGACCT-1,0.04958451456051838,0.006794450585382084,S
TTACAGGAGAGAAGGT-1,-0.05061335109230869,0.054566205833619874,G2M
TTACAGGCAGCGTTGC-1,0.028827912034566083,0.17411228768525822,G2M
TTACAGGTCACATCAG-1,-0.024012903185539336,-0.04698849257936777,G1
TTACAGGTCAGGTGTT-1,0.017867639237085786,0.011312519747205207,S
TTACAGGTCGCATAGT-1,0.20359065835346024,0.1786079495564064,S
TTACAGGTCGTCAGAT-1,-0.011664444290649612,0.002049475683709001,G2M
TTACCATAGCAGCAGT-1,-0.08144130082268292,0.13842248797883178,G2M
TTACCATCAATAACGA-1,0.06289738945444356,0.06551544274824572,G2M
TTACCATCAGTCTGGC-1,-0.035080827055194386,-0.005647335581127011,G1
TTACCATGTGCGAGTA-1,0.05388876063172954,0.05424397744512821,G2M
TTACCATGTGGATCAG-1,0.05055497324105129,-0.08235053803918357,S
TTACCATTCCATCACC-1,0.08362043306542333,-0.09372847009524773,S
TTACCATTCCTACGAA-1,0.09624064535026394,0.19110717155358098,G2M
TTACCATTCTATTCGT-1,0.1452710570461298,-0.16842375920902292,S
TTACCATTCTGAGAGG-1,0.01729052964933714,0.11169710261389726,G2M
TTACCGCAGCCGCACT-1,0.04561534003980666,-0.16455496736549124,S
TTACCGCAGCCTGTGC-1,0.1156594181559667,0.247343907507852,G2M
TTACCGCCAAGTGGTG-1,0.011431461406740007,-0.08199777008201725,S
TTACCGCCAATACAGA-1,0.013168594171148185,0.07278063392805711,G2M
TTACCGCGTATAGGAT-1,0.058222360278172625,-0.007680127284593219,S
TTACCGCTCACTTGGA-1,0.19838851295733811,-0.23214161485083712,S
TTACCGCTCCATAGGT-1,0.025478541811267075,-0.01710091417208437,S
TTACCGCTCCGGTAAT-1,-0.08656425505637244,0.1228869547877397,G2M
TTACCGCTCTGGTGCG-1,-0.0681612675298729,-0.026751118718542632,G1
TTACGCCAGACCACGA-1,0.010359746936144998,0.05713215372678915,G2M
TTACGCCAGACTCATC-1,0.008116658238490282,-0.05418455783864595,S
TTACGCCAGCAGGTCA-1,0.04990137294966124,0.01834025391785654,S
TTACGCCCAGAAGTGC-1,0.010495183860652846,-0.08140690668037667,S
TTACGCCGTAGGCAAC-1,0.08253409662198047,0.10704620766349021,G2M
TTACGCCGTGGCTCTG-1,0.02199981707026699,-0.042521994664688256,S
TTACGCCGTTATTCCT-1,0.38019826274496793,0.033159381201125326,S
TTACGCCTCATTGTTC-1,-0.014187962693798295,-0.058365834637927494,G1
TTACGCCTCCGAGGCT-1,0.07918972907773492,0.07971279917441526,G2M
TTACGCCTCGAGAAAT-1,0.026238292769395377,0.22548092772120903,G2M
TTACGCCTCGCGTCGA-1,0.1336146546362742,0.11063163574491147,S
TTACGCCTCGTAGTCA-1,0.14032778163963533,-0.016849911554884967,S
TTACGTTAGAGAGCCT-1,-0.028636708679521117,0.07372873347047915,G2M
TTACGTTAGAGTACCG-1,-0.06569815754692837,0.029451962287774247,G2M
TTACGTTAGCTTACGT-1,-0.02273627023272129,-0.033141243408061016,G1
TTACGTTCAATTGAGA-1,0.03287078716669045,-0.0167795501540709,S
TTACGTTCACCAGCTG-1,0.04081095889153924,0.18168088911051644,G2M
TTACGTTCACGGTCTG-1,0.10987789355327632,0.11467504860655403,G2M
TTACGTTCATCCTGTC-1,0.01468346483486277,-0.044485615494989805,S
TTACGTTGTTCTTGCC-1,0.029615189121569796,-0.18509933756600722,S
TTACGTTTCTTAGCAG-1,0.06685325108983226,-0.13743603603870946,S
TTACTGTAGACCATAA-1,0.08446806457905826,0.10105374082934981,G2M
TTACTGTAGATGCGAC-1,0.004042010701177712,-0.08683190796524165,S
TTACTGTAGGACTTCT-1,-0.0542990384957861,0.01645681425576795,G2M
TTACTGTCAAGAGTTA-1,0.0716750495382944,-0.19650267746619615,S
TTACTGTCAAGCGAAC-1,0.06162700218253403,0.03951955109170602,S
TTACTGTCAGGACAGT-1,0.0736126656953458,-0.06609533123093958,S
TTACTGTCATCTAGAC-1,0.025373513759192334,0.20323519831483122,G2M
TTACTGTGTAATGCTC-1,0.02933287278208757,-0.07017517763747697,S
TTACTGTGTACAGAAT-1,0.03322570630301158,0.1944428536404706,G2M
TTACTGTGTAGAGGAA-1,-0.008306600237971529,0.01998232956255841,G2M
TTACTGTGTGACAGGT-1,-0.060249211921467705,0.050740031259056295,G2M
TTACTGTGTGGATCAG-1,-0.0021206335115747654,-0.090205002145646,G1
TTACTGTTCGCCGAAC-1,0.057875567071956624,-0.01968527822536764,S
TTACTGTTCGTGCAGC-1,-0.008895688843958582,0.0977205940708723,G2M
TTACTGTTCTGGGAGA-1,0.0575876096564058,0.07573431327200264,G2M
TTACTGTTCTGGTCAA-1,0.06050651515310057,0.12155749670519511,G2M
TTACTGTTCTTCCCAG-1,0.029185484369904646,-0.10536895343107788,S
TTAGGCAAGCCTAACT-1,-0.03466224867496964,0.21794380152704712,G2M
TTAGGCAAGCTGTCCG-1,-0.005292106654531947,0.31404861657948946,G2M
TTAGGCAAGGGTTAAT-1,0.008091537430912898,-0.06751629917708205,S
TTAGGCACACATACGT-1,0.11422378981513509,0.10430245026129226,S
TTAGGCACACTTCCTG-1,0.12850258805263037,-0.08787877101422603,S
TTAGGCACATACCATG-1,0.01839633609312763,0.26161670546024174,G2M
TTAGGCAGTAGCGTTT-1,0.2170713141493512,0.07696121520295357,S
TTAGGCAGTATGGTAA-1,0.10793821077681648,-0.05280471690848951,S
TTAGGCAGTATTCTCT-1,-0.0006137410449799097,0.01751301360390159,G2M
TTAGGCATCACGTCCT-1,-0.058355822577644934,-0.07366919283886778,G1
TTAGGCATCATTATCC-1,-0.02155389051412948,-0.12389423563372354,G1
TTAGGCATCGAGCCTG-1,0.015024219137078465,0.12030330089350605,G2M
TTAGGCATCTTAGCTT-1,0.24859477139580682,0.20102394454125533,S
TTAGGGTAGCCAAGCA-1,0.05622245385038982,0.09216083352537463,G2M
TTAGGGTAGCTCCACG-1,0.01731613143084265,0.22764908914666898,G2M
TTAGGGTAGTCTGGAG-1,0.07158714019990209,-0.018244536673011458,S
TTAGGGTCAAACCGGA-1,0.08878552831802888,0.22449914516435282,G2M
TTAGGGTCAGAGATTA-1,-0.07882961569809005,-0.027702640243406407,G1
TTAGGGTCAGCTGTCG-1,0.10714606145758943,0.1806540627524429,G2M
TTAGGGTCATGAGTAA-1,0.07246964334982242,-0.08643611495782683,S
TTAGGGTGTACGTACT-1,0.03927671126887389,0.24751118650442883,G2M
TTAGGGTGTAGGAAAG-1,0.013199806069669806,0.1653429174603645,G2M
TTAGGGTGTCCAGGTC-1,0.10429013254537123,-0.06739791596731165,S
TTAGGGTGTCCTCCAT-1,0.0677009569216172,0.07429021213114878,G2M
TTAGGGTTCTTACTGT-1,0.0518192343980487,0.1061007223440471,G2M
TTAGGGTTCTTCGCTG-1,0.07992814633339862,0.05643474355189168,S
TTAGTCTAGACCAAGC-1,0.08270483661811173,-0.09765695693603071,S
TTAGTCTAGACCGCCT-1,0.15525240497081205,0.015391746763539826,S
TTAGTCTAGGTTAGTA-1,-0.0828294576034298,0.01794767788421031,G2M
TTAGTCTAGTTCTACG-1,0.0785108565093447,0.023128059871801,S
TTAGTCTCAAGCCCAC-1,-0.00030550881689384024,-0.125251530020285,G1
TTAGTCTCAGGACTAG-1,-0.005422585798824431,0.1974089566272072,G2M
TTAGTCTCATAGAATG-1,0.02147469134504537,0.017927683909865155,S
TTAGTCTGTATACCTG-1,0.02292892348970854,-0.036974358314229655,S
TTAGTCTGTTTCACAG-1,0.02886973939804116,-0.10054229363013101,S
TTAGTCTTCAGGAACG-1,0.11047506107595323,-0.09271797736447246,S
TTAGTCTTCATCGCAA-1,-0.0355870558099593,-0.08421362922569514,G1
TTAGTCTTCCATACTT-1,0.11118702743445208,0.0022731035054336934,S
TTAGTCTTCGATACGT-1,0.26720883959043296,0.008943046189107018,S
TTATTGCAGAAACCAT-1,0.12890020941255004,-0.0041762483655463645,S
TTATTGCAGGCGAAGG-1,0.08333263865708557,0.1919447207164804,G2M
TTATTGCAGGTAAAGG-1,-0.0875183778273837,0.0014788337799552798,G2M
TTATTGCCACATACGT-1,-0.08194300409482536,0.03812408496613279,G2M
TTATTGCCATCCAACA-1,0.14738222714725657,0.021404510258217324,S
TTATTGCCATTGCTGA-1,0.10315385861635246,0.07832883241001495,S
TTATTGCGTGATACTC-1,-0.009710256294744979,0.36597123643697405,G2M
TTATTGCTCAGCTGTA-1,0.08023297700743792,-0.08488934712662721,S
TTATTGCTCATCGTAG-1,0.05012856649073982,0.06934280262269138,G2M
TTATTGCTCCGCGGAT-1,0.14900762803397533,0.07769507075076243,S
TTATTGCTCGTGGGTC-1,-0.035194813236416156,-0.11978553478847576,G1
TTCAATCAGAGTGGCT-1,-0.02377214666419175,0.0086274002537583,G2M
TTCAATCAGGACACTG-1,0.08410993062843969,-0.08096784197695447,S
TTCAATCCAAGTACCT-1,0.022086142364509176,-0.11739976703494148,S
TTCAATCCAGATCATC-1,0.2232537887028297,0.23493581456457371,G2M
TTCAATCCAGGGAGAG-1,0.02853464374546749,0.04233242115225422,G2M
TTCAATCCAGTGTGCC-1,-0.08117523905335466,0.05012455278340289,G2M
TTCAATCCATTCGGGC-1,0.06116395013785514,0.04615588922371999,S
TTCAATCGTAGCGTAG-1,-0.05905471575764942,0.08347320929832286,G2M
TTCAATCGTATCAAGA-1,0.22273114167268193,0.11358573071949923,S
TTCAATCGTCCGACGT-1,-0.02039977825822492,0.12208091027947704,G2M
TTCAATCGTCGAATGG-1,0.12868221797766155,0.13952405673019297,G2M
TTCAATCGTGCTCTCT-1,-0.0025169822244991424,0.05787607983604315,G2M
TTCAATCGTGGCTACC-1,-0.03338286229628107,0.03050879957774555,G2M
TTCAATCGTTATTCTC-1,-0.04715326164796957,0.09548177528202462,G2M
TTCAATCGTTGGACTT-1,0.045155279896034684,0.28924365746998465,G2M
TTCAATCTCGAGTGAG-1,0.10351173758591464,-0.01837640227955656,S
TTCAATCTCGGATAAA-1,0.1458842188611964,0.003389074956532956,S
TTCACCGAGGTTCAGG-1,0.044449555276708075,0.04888563901585974,G2M
TTCACCGCAGTAACGG-1,0.020728340359972952,0.02357383431447929,G2M
TTCACCGCATGATAGA-1,0.0637003471783959,0.06533306706966013,G2M
TTCACCGGTAACATAG-1,0.19485573646155013,0.10334967493582992,S
TTCACCGGTAGGCTGA-1,-0.10913261045021894,0.020878770712958572,G2M
TTCACCGGTATGGAAT-1,0.17590578738766421,-0.02077256786202958,S
TTCACCGGTGGCTACC-1,-0.0212153200158528,0.1842033589111024,G2M
TTCACCGGTGGGTATG-1,-0.04664103020390531,-0.06099950133402904,G1
TTCACCGGTGTACAGG-1,0.13347054800684321,0.16098140343237707,G2M
TTCACCGTCGAGGCAA-1,0.09038970558347659,-0.14499558107398242,S
TTCACCGTCGGAGTGA-1,0.060653852281653986,0.0750127486834716,G2M
TTCACCGTCTTTGCAT-1,0.041749922771863235,0.16825805656166878,G2M
TTCACGCAGGTGATAT-1,0.06456894757860415,0.20128920392791794,G2M
TTCACGCCAAAGACTA-1,0.2010345139539509,0.06520112266107503,S
TTCACGCCAATGCTCA-1,0.10637692465088355,-0.035020271112021245,S
TTCACGCCAGGTTTAC-1,0.04208575589863206,0.0827560743097076,G2M
TTCACGCCATAGAATG-1,0.19056292007016307,-0.056112790770065146,S
TTCACGCGTCTGTAGT-1,0.049704948313446184,0.1429926244397008,G2M
TTCACGCGTGGTTCTA-1,0.1744156458625583,-0.09689798963003987,S
TTCACGCGTTTGGGTT-1,-0.06586354499386421,0.05125399102508038,G2M
TTCACGCTCATTCATC-1,0.12063419378255713,0.035921220695219525,S
TTCACGCTCCACACCT-1,0.09525222668280181,-0.1057494089090748,S
TTCACGCTCGGTCATA-1,0.22801389130258176,0.17192968047338708,S
TTCACGCTCTGGGCGT-1,0.04785528670157352,-0.06274139519893762,S
TTCAGGAAGCAACTTC-1,-0.019307728186132633,-0.0743497881388619,G1
TTCAGGAAGTGCAGCA-1,0.002960524112393559,-0.14144056021698792,S
TTCAGGACACATACTG-1,0.03503648018325267,0.016462377834002395,S
TTCAGGAGTATCGTTG-1,-0.030000641972498243,0.12121969613917588,G2M
TTCAGGAGTGCTTCAA-1,0.07528340972781478,0.13133568308963406,G2M
TTCAGGAGTGGATCGA-1,-0.0472901660685231,-0.06345707063806622,G1
TTCAGGAGTGTCTTAG-1,0.08305724347248233,0.04117781212025989,S
TTCAGGATCAAGTCGT-1,0.11650500275887371,-0.10995821759901328,S
TTCAGGATCATCCCGT-1,0.03549294690075944,0.01823791070140346,S
TTCATGTCAGCTAACT-1,0.07514310482076803,0.021088859634841084,S
TTCATGTGTCCCGGTA-1,0.040438951220452934,0.052319013703467365,G2M
TTCATGTGTGAGTAGC-1,0.0460438451076548,-0.06785815886548108,S
TTCATGTTCAATCCGA-1,-0.05105018537709127,0.3499144527027815,G2M
TTCATGTTCAATCGGT-1,0.047089858616914726,0.11137078018955832,G2M
TTCATGTTCCATCCGT-1,-0.03750398191720927,0.09310311087699663,G2M
TTCATTGAGGAGGGTG-1,0.025618645443412413,-0.11203418606593146,S
TTCATTGAGTCGAAGC-1,0.01021354217394621,0.04128807612915969,G2M
TTCATTGCAACGCATT-1,0.11920722654463078,-0.024508638179324194,S
TTCATTGCAAGATCCT-1,0.002289736352767413,0.11988031140529132,G2M
TTCATTGCAATCCTAG-1,-0.01590867648480787,0.5243212930374538,G2M
TTCATTGCACCTGCTT-1,0.046522250132465914,0.026570102907176263,S
TTCATTGCACGACCTG-1,-0.009842139846775122,0.2093138285331841,G2M
TTCATTGCAGATACTC-1,-0.009944670028872116,0.05033830882221385,G2M
TTCATTGCAGTTGGTT-1,0.1155110435706741,0.045807174405530116,S
TTCATTGCATGACAAA-1,-0.02331667856089925,-0.039199505720196814,G1
TTCATTGTCGCACGGT-1,-0.08124161084814635,0.1321301205971468,G2M
TTCATTGTCGTGGAAG-1,0.01107966026582241,-0.09619852643839416,S
TTCCAATAGTCTTCGA-1,0.08339353178765546,-0.08279856036017108,S
TTCCAATCACGACTAT-1,-0.07410042370040354,0.24241844327262968,G2M
TTCCAATCACGCAAAG-1,0.003140193126308033,0.045003095630347045,G2M
TTCCAATCACTATCGA-1,0.04631052228053739,0.09782138246601826,G2M
TTCCAATCAGAGGACT-1,-0.007689744030710988,-0.11482667381691514,G1
TTCCAATCAGCGAGTA-1,-0.0003151860254674288,-0.05286144281142252,G1
TTCCAATGTAGACACG-1,-0.09727497666222862,-0.1777895680413333,G1
TTCCAATGTTCAGTAC-1,0.10618579208285,0.11430519716901805,G2M
TTCCAATTCAAACGAA-1,0.13301890765781732,-0.010992175729843567,S
TTCCAATTCAAGATAG-1,0.09693179823334858,0.22526190270967672,G2M
TTCCAATTCCCATTCG-1,-0.007364643676605387,0.15658949454771948,G2M
TTCCAATTCGTTCAGA-1,0.09284592446728013,0.2904286084024445,G2M
TTCCAATTCTCGTGGG-1,0.15167935653705245,0.22369867145141947,G2M
TTCCACGAGACATATG-1,0.007863292719138215,0.17357777495930282,G2M
TTCCACGAGAGCCTGA-1,0.05983574153855886,0.2474312679120152,G2M
TTCCACGAGGCAGGGA-1,0.030125028301336954,0.1395351613101088,G2M
TTCCACGAGGTCGTAG-1,0.03624826525342306,-0.10318608683558395,S
TTCCACGAGTGAGCCA-1,0.06449572211063492,0.042827868607338726,S
TTCCACGAGTTAACGA-1,0.058995929526104274,0.06268405605883781,G2M
TTCCACGCAACTCCAA-1,0.042848392741389074,-0.009848046135476018,S
TTCCACGCAATGCAAA-1,0.06805152746072496,-0.0063361807915985335,S
TTCCACGCACCTGATA-1,0.006630538721334844,-0.10075032830157377,S
TTCCACGCAGAACTAA-1,0.11744705999875032,0.0434408373536771,S
TTCCACGCAGGCTATT-1,-0.041311517007214416,0.13213406699097235,G2M
TTCCACGGTCGATTTG-1,0.010776725156267264,-0.10648936789848723,S
TTCCACGGTGCTCTTC-1,0.003095744959959512,-0.02238599093078103,S
TTCCACGGTGTTAGCT-1,0.12365554528885858,-0.06448472731673449,S
TTCCACGGTTCCTAAG-1,-0.04721127636678546,0.23280614008628547,G2M
TTCCACGTCACTACTT-1,0.004125860092409117,0.07222478355273737,G2M
TTCCACGTCAGAGTTC-1,0.1962359484267553,-0.01838684933278334,S
TTCCACGTCGGTGCAC-1,0.009276889464910287,-0.06924844265431346,S
TTCCACGTCTTCTCAA-1,0.11168198401459922,0.11701876876355838,G2M
TTCCACGTCTTGCAAG-1,-0.00591507883494613,0.10650113068362232,G2M
TTCCGGTAGTACCATC-1,0.03568486403852322,0.07272175218019528,G2M
TTCCGGTCACTGTCCT-1,0.013101113455119995,-0.014190133532963944,S
TTCCGGTCAGGATGAC-1,0.01124675464874425,-0.007351844031098065,S
TTCCGGTCAGGCAATG-1,0.12589883725281265,0.08813220728824273,S
TTCCGGTCAGGCCTGT-1,0.048302610397872536,0.03820791124530343,S
TTCCGGTCATCTCGTC-1,-0.004028244351959864,-0.042774963200021,G1
TTCCGGTGTACTAACC-1,0.0023221620801903153,-0.09964778394703105,S
TTCCGGTGTATCAAGA-1,0.05385722395057424,-0.07429707234991673,S
TTCCGGTGTCAGGCAA-1,0.1625047552776272,-0.11110829531323352,S
TTCCGGTTCACCTGGG-1,0.1103461872858218,-0.019631480735778084,S
TTCCGGTTCAGGAACG-1,0.0006389550171331804,-0.24467589970775555,S
TTCCGGTTCTGAGGTT-1,0.03707772175021046,0.15051562175193722,G2M
TTCCGGTTCTTCGTAT-1,0.15633388022710482,-0.017037790206613612,S
TTCCGTGAGGTGGGTT-1,0.052224927571321134,0.026341704400698163,S
TTCCGTGAGTCTCCTC-1,0.07465477540767962,-0.1370862155862615,S
TTCCGTGCAATCAAGA-1,-0.0028963676759599655,0.04893818609750206,G2M
TTCCGTGGTATGTCCA-1,-0.059336469208999376,0.1344127432347994,G2M
TTCCGTGGTTAAGCAA-1,0.0060164733864382924,0.034883297930435875,G2M
TTCCGTGTCACGGACC-1,0.17073751924276742,-0.07332325324038824,S
TTCCGTGTCCACAAGT-1,0.056315064119722535,0.1652558945633339,G2M
TTCCGTGTCGCCGATG-1,0.16202943893155708,-0.05034233805841887,S
TTCCGTGTCTGAATGC-1,0.05409244787571643,0.07719766533485434,G2M
TTCCTAAAGATTGGGC-1,0.2840357084432167,0.047079036894369264,S
TTCCTAAAGCGACAGT-1,0.12786502869750777,0.0472558395878232,S
TTCCTAAAGCTTTCCC-1,0.1458664612167221,0.15225229552914724,G2M
TTCCTAAAGGATCACG-1,0.0430450845123469,0.14757675663634795,G2M
TTCCTAAAGTAACGAT-1,0.01561372031144781,0.041153094588173955,G2M
TTCCTAAGTCCGGTGT-1,-0.00861303622511217,-0.026239913106947732,G1
TTCCTAAGTCGGCACT-1,0.05735654163506354,0.1931719313787113,G2M
TTCCTAAGTTTCGCTC-1,0.1225922085472943,0.0025197347683738602,S
TTCCTAATCATCTACT-1,0.13072545636245048,0.13241402895691695,G2M
TTCCTAATCATGCATG-1,0.09458728453839599,0.046460727096887755,S
TTCCTAATCCCAATAG-1,0.05179658440207291,0.053889466590396506,G2M
TTCCTAATCCGGGACT-1,0.07213965573562442,-0.09226352760367007,S
TTCCTAATCGGTCTGG-1,0.030715776870954503,-0.10223900740176167,S
TTCCTAATCTCGACGG-1,0.12126728489235078,0.15740027803486595,G2M
TTCCTCTAGACTGTTC-1,0.16824596269449998,-0.029724265589858523,S
TTCCTCTCATACCAGT-1,0.26572989838537975,0.01749881628294403,S
TTCCTCTGTCAAACGG-1,-0.0027036591936070997,0.10025476346074996,G2M
TTCCTCTGTTACGGAG-1,0.13078340793136856,0.12952364082073653,S
TTCCTCTGTTCGTACA-1,-0.062594142413957,0.2547461083865152,G2M
TTCCTCTGTTGCATGT-1,0.011081835652512528,0.11587950858010088,G2M
TTCCTCTGTTGCGGCT-1,0.004990644768857799,0.23307109703349438,G2M
TTCCTCTTCGCTAGCG-1,0.05422736681093021,-0.050752596838046116,S
TTCCTCTTCTACGGTA-1,-0.03695000198545245,0.27759705121564754,G2M
TTCCTTCAGGATTTAG-1,0.006024272604101377,0.034136197348082986,G2M
TTCCTTCAGTCCTGCG-1,0.17203290323968562,0.026798302789334427,S
TTCCTTCAGTTGGCGA-1,0.016246691773125876,-0.06268841475233883,S
TTCCTTCCACGCACCA-1,0.046390716204219196,-0.005303055760252973,S
TTCCTTCCACTCAGAT-1,0.08101751466994628,0.2407293574767852,G2M
TTCCTTCCAGCGAGTA-1,0.08338781039871301,0.056256297180505455,S
TTCCTTCCATGTCGTA-1,-0.05785618842955598,-0.20203791949716687,G1
TTCCTTCCATTCAGGT-1,-0.06210402431491735,0.11761552137628589,G2M
TTCCTTCGTACGACTT-1,-0.020416886789088984,0.1729749140010483,G2M
TTCCTTCTCATGAGTC-1,-0.021164946065119317,0.09962930744398513,G2M
TTCCTTCTCATTCGGA-1,0.03118992523133579,0.11398419633433993,G2M
TTCCTTCTCCTTACCG-1,0.14745607569695363,0.02524070388760885,S
TTCCTTCTCGCGTGAC-1,0.0729345250580844,-0.22058962301373508,S
TTCGATTAGCAATAGT-1,-0.014048438784283357,-0.12892279315436628,G1
TTCGATTCAGTTACCA-1,0.08117066249240135,0.16704462712711887,G2M
TTCGATTGTTCCTTGC-1,0.07522299991157899,0.10297920831806318,G2M
TTCGATTTCAGTGCGC-1,-0.02074675684921856,0.1314974812269866,G2M
TTCGATTTCCCTATTA-1,0.1039220774912556,0.15272348114691714,G2M
TTCGATTTCCGATCTC-1,0.01286434211112597,-0.12053092823489348,S
TTCGATTTCCTGTTGC-1,0.021073969234817802,-0.022171425559550706,S
TTCGCTGAGAAGCTGC-1,-0.022695698435385214,-0.08922219173877627,G1
TTCGCTGAGACGCCAA-1,0.013005995502528955,-0.12842088488811376,S
TTCGCTGAGCGAACTG-1,0.09871643996327506,0.04664294393770191,S
TTCGCTGAGGCCTGAA-1,0.09432242109791295,0.06774393001906887,S
TTCGCTGAGTCCGCCA-1,-0.026159246260467006,0.12961421270874135,G2M
TTCGCTGCACACTTAG-1,0.006268077442454223,-0.06877564620564564,S
TTCGCTGCACAGTCAT-1,0.011620404011871699,-0.00920437929111434,S
TTCGCTGCACGGCCAT-1,0.024517536933200412,0.009650024288719417,S
TTCGCTGGTAGTCCTA-1,-0.01578574104334529,0.1390337513009819,G2M
TTCGCTGGTATCAAGA-1,-0.06986548338958165,0.14393337130457895,G2M
TTCGCTGGTATCGTAC-1,-0.01808993627962796,0.10329554641598787,G2M
TTCGCTGGTCGAGATG-1,0.18355098089006638,0.08744288248022841,S
TTCGCTGGTTATGACC-1,0.0709716780943816,0.05144689659927215,S
TTCGCTGGTTCTCGTC-1,-0.01581255343056176,-0.04049164568567132,G1
TTCGCTGTCACTACGA-1,-0.05050804118557034,0.07578136191431789,G2M
TTCGCTGTCCTTTAGT-1,0.0611170123134791,-0.00801327433570237,S
TTCGCTGTCGGTCAGC-1,0.012269365659964171,-0.010373880736659236,S
TTCGGTCAGCGGACAT-1,0.08276657385505126,0.08027793551427392,S
TTCGGTCAGGACTATA-1,0.09368752996967683,0.14427951510983217,G2M
TTCGGTCAGGCCTGCT-1,-0.08804304265689561,0.14210898724831666,G2M
TTCGGTCCAAATAGCA-1,0.01826628491462423,0.06725516047400154,G2M
TTCGGTCCATAATCCG-1,0.02381904051357392,-0.035584638923804646,S
TTCGGTCTCAATCCAG-1,0.08469552989463136,0.2070692612049146,G2M
TTCGGTCTCAGTCCGG-1,-0.07433509013677075,0.23686738373688032,G2M
TTCGGTCTCATTACCT-1,-0.027601780851487845,0.12023280745686682,G2M
TTCGGTCTCCCATACC-1,-0.011178151564411043,0.11265473985559421,G2M
TTCTAACAGAGAGAAC-1,-0.02617598086017492,-0.01209708537927734,G1
TTCTAACAGATAGGGA-1,-0.015467264612578191,0.03613353710866046,G2M
TTCTAACAGCGCATCC-1,-0.024680521563482993,-0.05847730680084301,G1
TTCTAACAGTATGGAT-1,0.014331855360864676,-0.0830067997318642,S
TTCTAACAGTCTCCTC-1,0.16048879863407334,-0.03730132392359478,S
TTCTAACCACCTAAAC-1,0.0717087265411121,-0.042081516166310284,S
TTCTAACCACCTCTAC-1,0.10551782239767316,0.08111410189413598,S
TTCTAACCATGTGGTT-1,0.024285261755166376,0.03113152892055765,G2M
TTCTAACGTCCGACGT-1,0.14037807860333495,0.0016121898091150944,S
TTCTAACGTGATTCAC-1,0.057553979379585285,0.02595124664607662,S
TTCTAACTCAGGAGAC-1,0.12636145890917716,0.1352015304047279,G2M
TTCTAACTCGCGTCGA-1,0.0776603420673832,0.00822360117497678,S
TTCTAACTCTGTGCGG-1,-0.029736067346306794,0.18322331514978757,G2M
TTCTAACTCTTCGACC-1,0.008617064309905942,0.09369746624222508,G2M
TTCTAGTAGAGAGGTA-1,0.1448153762122652,0.11333511987643408,S
TTCTAGTAGCGCGTTC-1,0.09937142832062151,-0.1087256446661467,S
TTCTAGTAGGCATGGT-1,0.07188551365319384,0.07910433599254235,G2M
TTCTAGTCACCAACAT-1,0.12402664804408314,0.031734607872087484,S
TTCTAGTCATGGGTTT-1,0.07301273559047372,0.01847159122688985,S
TTCTAGTCATTGTAGC-1,-0.05253538441673933,0.08370405353637311,G2M
TTCTAGTGTAGACGGT-1,0.20935790680905908,0.09347421105699638,S
TTCTAGTGTAGAGCTG-1,0.1576351198783525,0.12064473301529838,S
TTCTAGTGTATCCTTT-1,-0.0012160261729544652,0.026591057618721214,G2M
TTCTAGTGTATTCTCT-1,-0.01850121513936448,0.07847916804272609,G2M
TTCTAGTGTCGCAGTC-1,-0.011975677493847647,0.1089413918520808,G2M
TTCTAGTGTCGGAACA-1,0.06534906577476812,-0.08028186290925154,S
TTCTAGTGTGAGCAGT-1,0.13153841673456618,-0.09540557637721553,S
TTCTAGTGTGGCATCC-1,0.013854611423704255,0.004283542478228375,S
TTCTAGTGTGGGCTCT-1,-0.02125723643792865,0.11691753232252794,G2M
TTCTAGTTCCATCTGC-1,-0.05198973998405898,0.3219486462461166,G2M
TTCTAGTTCCGATCGG-1,-0.02225400522173876,0.06410070531392387,G2M
TTCTAGTTCCTATGGA-1,0.025307344737983017,0.008234592502019467,S
TTCTAGTTCTACTCAT-1,-0.07593114652246269,0.16034203819244552,G2M
TTCTCTCAGACGATAT-1,0.05813805980451203,0.009902769695536273,S
TTCTCTCAGCAATAAC-1,0.013458979080262945,-0.01592388645319054,S
TTCTCTCAGCATTGTC-1,-0.08373783106562976,0.08451033583865863,G2M
TTCTCTCAGCTCGACC-1,0.03554055633948949,-0.047096404709770834,S
TTCTCTCAGGAGAGGC-1,0.20207131127352612,0.1096930957381026,S
TTCTCTCCAGGCATTT-1,-0.09435361624405592,0.19613085224574395,G2M
TTCTCTCCAGGCTACC-1,-0.07395597231276974,0.030706129847929642,G2M
TTCTCTCGTACGTAGG-1,0.05832829221961522,-0.06350073887334096,S
TTCTCTCGTAGAGACC-1,0.03911289526074441,0.1298432445615566,G2M
TTCTCTCGTCATTGCA-1,-0.006883384588472874,-0.10250113035928488,G1
TTCTCTCGTTGGTAGG-1,0.12691142672838357,0.2620154321858732,G2M
TTCTCTCTCACAGTGT-1,0.07792263500318819,0.19894601913130894,G2M
TTCTCTCTCATGGCCG-1,0.07586293190443755,0.1458917302404638,G2M
TTCTCTCTCCAAACCA-1,0.23503058959528667,0.1644704763888002,S
TTCTCTCTCCGAAATC-1,0.10918433633432778,-0.08540585014753091,S
TTCTCTCTCCGTTGAA-1,0.17490761013120104,0.23844338080224625,G2M
TTCTCTCTCGGCCAAC-1,0.04202740284746448,-0.17543614527135235,S
TTCTCTCTCGTAGTGT-1,0.006210968091157232,0.3307532596733094,G2M
TTCTCTCTCTCGACGG-1,-0.03754553791678711,0.0024409848210080742,G2M
TTCTCTCTCTTGTTAC-1,0.028775278853130082,0.0368974739087784,G2M
TTCTGTAAGGGTAATT-1,0.07738895628538689,0.25533075962749496,G2M
TTCTGTAAGTCAACAA-1,-0.015526917820774588,0.2527775339304424,G2M
TTCTGTACACAGAGCA-1,-0.01910782139557876,0.09410548707475902,G2M
TTCTGTACACCGTCGA-1,0.04432124540120269,0.34272745689519657,G2M
TTCTGTACAGATCACT-1,0.07421389608042583,0.058484032547245324,S
TTCTGTACAGGTGTGA-1,-0.006813905412223431,-0.038540570587348666,G1
TTCTGTACATGGACAG-1,0.009720650406578546,0.11997530953140284,G2M
TTCTGTAGTAGCACAG-1,0.08247075723354041,0.07538753164828099,S
TTCTGTAGTATCAGCT-1,0.07958386561443198,-0.027810617821139694,S
TTCTGTAGTCAGATTC-1,0.04218227682186937,0.07065166330157097,G2M
TTCTGTAGTCCATCTC-1,0.02780161373448925,0.1318468469407741,G2M
TTCTGTAGTGGTCCGT-1,0.16911826553461334,-0.11642944400644617,S
TTCTGTATCCCGAGGT-1,0.04042533687443489,0.11690681003274345,G2M
TTCTGTATCCTACGGG-1,0.07783657528341814,0.2047040194243116,G2M
TTCTGTATCTAGTTCT-1,-0.01767160282082042,-0.1028309286629597,G1
TTCTTCCAGATGACAT-1,-0.04809477275209251,0.0035379279080431925,G2M
TTCTTCCAGGGTAGCT-1,-0.031262746835589994,0.12737484292245954,G2M
TTCTTCCCATGATGCT-1,0.11424434564060904,0.16203746846235645,G2M
TTCTTCCGTAAGCAAT-1,0.0699464877095774,0.08775315208085921,G2M
TTCTTCCGTACTGCCG-1,0.010150020521269565,0.21257900373619804,G2M
TTCTTCCGTAGTAAGT-1,0.02379536229930307,-0.044840112162270185,S
TTCTTCCGTGCAACAG-1,0.04953323294292,0.03780634323578558,S
TTCTTCCGTTGTCCCT-1,0.05203636103245268,0.24512290565977046,G2M
TTCTTCCGTTTGACAC-1,0.03469644951809592,0.16802455862251375,G2M
TTCTTCCTCAATCTCT-1,0.14803170384887093,0.229611811556609,G2M
TTCTTCCTCCTCGCAT-1,0.05776513814335915,-0.03904592591082112,S
TTCTTGACAAAGGCGT-1,0.09740177582629983,0.14386986352228365,G2M
TTCTTGACAACCCGCA-1,0.20113717762129968,-0.06266703182649902,S
TTCTTGACAACCGCTG-1,0.0672651646922659,0.09027615054906452,G2M
TTCTTGACAAGACGGT-1,0.08811966565505597,-0.043397034183402405,S
TTCTTGACACCTGAAT-1,-0.049758844451776196,-0.12264558160248351,G1
TTCTTGACAGACTCTA-1,-0.05447011444280342,0.3036291708995113,G2M
TTCTTGACAGGGTTGA-1,-0.006947269578889914,-0.10997657353956442,G1
TTCTTGAGTACTGACT-1,0.030468600821711156,0.09393215972090102,G2M
TTCTTGATCTAACGCA-1,-0.015349800506172073,0.13162086492738123,G2M
TTCTTGATCTTGGGCG-1,0.08786790713225512,0.09004828906846513,G2M
TTGAACGAGAACAGGA-1,0.0467249290721371,0.012943217487655312,S
TTGAACGAGACCAAGC-1,0.04550145634372449,0.006137182570603333,S
TTGAACGAGGGAGTGG-1,0.07651045391552569,0.11474328549820162,G2M
TTGAACGAGTGCCCGT-1,-0.03738231489358773,0.029640150842789648,G2M
TTGAACGCAGCTATAC-1,0.041810938424731325,0.07306088389926568,G2M
TTGAACGGTAACGTTC-1,0.2748023673612622,0.06741186238627495,S
TTGAACGGTAGTCTTG-1,0.02731197722527401,0.022590917224143192,S
TTGAACGGTCCGGATC-1,0.048820284681525716,-0.026465302362451565,S
TTGAACGGTCCTTAAG-1,-0.000987529272186538,0.22121651100698303,G2M
TTGAACGGTTCTTCAT-1,-0.07113862293768891,-0.08956903843972075,G1
TTGAACGTCAACTGAC-1,-0.11268628989061935,-0.1369510418669935,G1
TTGAACGTCACTAGCA-1,-0.10121604307314824,0.023892145393420716,G2M
TTGAACGTCCAATGCA-1,0.11640861429439447,0.0009887508161510183,S
TTGACCCAGATAGCTA-1,0.056641608011508804,-0.01020333535697221,S
TTGACCCAGGGCAGGA-1,0.0561663891002287,-0.08978669636693903,S
TTGACCCCACCGGCTA-1,0.03923964388026169,0.1533459272650196,G2M
TTGACCCCAGGAATCG-1,-0.017654229167141378,0.16236802392872435,G2M
TTGACCCCATAGTCGT-1,-0.062287211287273936,0.0633341433726578,G2M
TTGACCCCATTCCTCG-1,-0.02853769707176257,0.015350685935098918,G2M
TTGACCCGTACTCAAC-1,0.023765375911182218,0.06935579681692572,G2M
TTGACCCGTCAAGCCC-1,0.13410241352411667,-0.14051806350362078,S
TTGACCCGTGTACAGG-1,0.08971877011139473,0.08690862722567405,S
TTGACCCTCACAAGGG-1,0.3466803436348277,-0.08405304291259041,S
TTGACCCTCCGGCAGT-1,-0.03714757933312901,-0.05331811423459143,G1
TTGACCCTCGAAGAAT-1,0.10413982129478322,0.1351490764976307,G2M
TTGACCCTCGAGTTGT-1,0.18479088757868706,0.14965333269629455,S
TTGACCCTCTGCTGAA-1,0.03711603883341674,-0.15012422648435697,S
TTGAGTGAGAGCTGCA-1,0.11959751315479539,0.05554625767561355,S
TTGAGTGAGATCACTC-1,0.09769401737525435,-0.044391658018440416,S
TTGAGTGAGGCATGCA-1,0.12396905045128198,-0.12668598060994057,S
TTGAGTGAGGTAAGAG-1,0.12553678952774838,-0.06432287494322253,S
TTGAGTGAGTTACGTC-1,-0.005780721227594099,0.239500973265583,G2M
TTGAGTGCACAAATGA-1,0.04595330416767435,-0.044572331357066286,S
TTGAGTGCATCGGATT-1,0.07143304845482157,0.06251972469034855,S
TTGAGTGGTCTAACTG-1,-0.012929288003400208,-0.1281159236612243,G1
TTGAGTGGTGTCATTG-1,0.25298831696541424,0.05861013434743717,S
TTGAGTGGTTACGGAG-1,-0.009772253645209839,0.11840977410766484,G2M
TTGAGTGGTTGTGCCG-1,0.06418892865729836,0.08891813260248033,G2M
TTGAGTGTCAAGCGTT-1,0.11891255984251825,-0.07742926585659249,S
TTGAGTGTCCACTGGG-1,0.18457452137087932,0.02919341162257222,S
TTGAGTGTCGCCAACG-1,0.05194389570404262,0.1158479889361132,G2M
TTGATGGAGACCCGCT-1,0.05650274775075603,0.10418528652465658,G2M
TTGATGGAGCAGGGAG-1,0.004603942059096089,0.22386850937075692,G2M
TTGATGGAGCTGTACT-1,0.04801516220535895,0.03544865846286932,S
TTGATGGAGGCCACTC-1,0.025846354407550565,0.03736505329229173,G2M
TTGATGGAGGCTCACC-1,-0.06154999014322893,0.03869509195002252,G2M
TTGATGGCACGCGTCA-1,0.16883302069048045,0.06900160854166015,S
TTGATGGCAGGACTTT-1,0.34969549454382787,0.07234337664426194,S
TTGATGGCATCTAACG-1,0.17626441393212056,-0.06589199259049766,S
TTGATGGGTGCCGTTG-1,0.034017716265442144,-0.042609739625890763,S
TTGATGGGTGTCCGTG-1,0.10821428246188408,0.061254526325024816,S
TTGATGGGTTACAGCT-1,0.005440746650057726,0.17668975387676378,G2M
TTGATGGGTTGGGAAC-1,-0.04308629413186177,0.07296184617394114,G2M
TTGATGGTCAAGCTGT-1,0.006413015449731996,0.014373101537646538,G2M
TTGATGGTCAAGTGTC-1,-0.013213987697213436,-0.03721797864529092,G1
TTGATGGTCCCATAAG-1,0.07563375452040927,-0.00174820607794407,S
TTGATGGTCTTACGGA-1,-0.041074193163205375,0.11870754447106246,G2M
TTGCATTAGCTCGGCT-1,0.03612828192596834,0.11725852904377287,G2M
TTGCATTAGGCCACCT-1,0.0006881766670027156,0.039161562738418254,G2M
TTGCATTAGTTCCAGT-1,0.08866519319062405,0.3416775105429098,G2M
TTGCATTCACGAGGAT-1,0.0320508835906092,0.044783491061423986,G2M
TTGCATTCAGTCGAGA-1,0.05988904485619778,-0.08738432457636655,S
TTGCATTCATCACCAA-1,-0.06787287442929968,0.20388748656500166,G2M
TTGCATTCATGAAGGC-1,0.04080341264300458,0.31893482068227974,G2M
TTGCATTGTCGACTTA-1,-0.0015610187037718437,-0.09203877484041634,G1
TTGCATTGTGATCGTT-1,0.1491366422073968,-0.17438856424479893,S
TTGCATTTCAGTGTGT-1,0.03471175441725932,0.16017950557690108,G2M
TTGCATTTCCGCATAA-1,0.01749075099864672,0.1754217471979571,G2M
TTGCATTTCCGTACGG-1,0.058808531055044355,0.09172376953018407,G2M
TTGCCTGAGGGCAGTT-1,0.0356751348483042,0.0667108170162147,G2M
TTGCCTGAGTATGAGT-1,0.0866757687836025,0.11200144762733943,G2M
TTGCCTGCACGGCCAT-1,0.3604331804990404,0.08092088311653284,S
TTGCCTGCATCAGCTA-1,0.06523447153968759,0.02968228741931378,S
TTGCCTGGTGAGATAT-1,0.14032993518253767,-0.1399129882234639,S
TTGCCTGGTGTCTTCC-1,-0.03696056875354076,0.18807415641305253,G2M
TTGCCTGTCCATTGGA-1,0.045680517960736244,0.16723225447590356,G2M
TTGCCTGTCCCTCGTA-1,-0.0654090808425537,0.25486546704525553,G2M
TTGCCTGTCTAGCAAC-1,0.09930259480896314,0.14980227290063108,G2M
TTGCCTGTCTCTCTTC-1,0.06116907283456208,0.09365616342521055,G2M
TTGCGTCAGAGGTATT-1,0.04076884144092047,0.1342777276439302,G2M
TTGCGTCCACATGAAA-1,-0.007217083922079814,-0.042739069163808874,G1
TTGCGTCCAGGCGATA-1,0.004031602136311652,-0.019256777899226973,S
TTGCGTCCATAATCGC-1,0.0858152822829924,-0.033392800523293964,S
TTGCGTCCATGTAACC-1,0.16431873929135404,-0.061403067769449426,S
TTGCGTCTCCTACGGG-1,-0.0071573245333662605,0.022316944953452378,G2M
TTGCGTCTCGAGCTGC-1,-0.030044634252426705,0.010023341905692484,G2M
TTGCGTCTCTCCGTGT-1,0.020009803496872314,0.1418048910087511,G2M
TTGCGTCTCTTAGTTC-1,-0.12160999404933182,0.010535998245880307,G2M
TTGCTGCAGCTTTCTT-1,0.03800738711604812,0.05140399396205558,G2M
TTGCTGCAGTATTGCC-1,-0.09465147057891038,0.05828018601146345,G2M
TTGCTGCAGTCGCGAA-1,8.168944300790404e-05,0.18948980628555473,G2M
TTGCTGCCAACAGCTT-1,0.0113837099423299,0.05210117066085024,G2M
TTGCTGCCAAGCTGCC-1,0.03339132581966253,0.13484343450438996,G2M
TTGCTGCCACCAGCTG-1,0.09726404060273602,-0.13400430754268045,S
TTGCTGCCAGCACGAA-1,-0.024607297635254488,-0.07239953275138766,G1
TTGCTGCCAGTGGTGA-1,0.02356138211509129,-0.10782564468608319,S
TTGCTGCGTAACGTTC-1,-0.06021955462725448,0.02593027370674078,G2M
TTGCTGCGTATCGCTA-1,0.08295470487313633,-0.008927737589753126,S
TTGCTGCGTCACATTG-1,0.004459466343559648,-0.22089152371435022,S
TTGCTGCGTGAATTGA-1,0.04731020330933666,0.18121980427963175,G2M
TTGCTGCTCGAAGTGG-1,0.05359527587562152,0.33297732181634815,G2M
TTGCTGCTCGTCTCAC-1,0.004415711183695548,0.16366891221601326,G2M
TTGGATGAGCGCTGCT-1,-0.011593032431900685,0.0676856909319144,G2M
TTGGATGAGTGGTTCT-1,0.10773635229309814,-0.04403564506728894,S
TTGGATGCAATTTCTC-1,0.031320466745390574,0.12376656308218392,G2M
TTGGATGCACGCGTCA-1,-0.06261645239413116,-0.08956879700630821,G1
TTGGATGCAGAGGCTA-1,0.08242007048962063,-0.010081674660868678,S
TTGGATGCATGGAGAC-1,-0.03979062181041282,0.17778880151800658,G2M
TTGGATGGTTGGCCTG-1,-0.0038459667709778156,0.06555934402783126,G2M
TTGGATGGTTTACGTG-1,0.051856646154795905,0.0911686631633225,G2M
TTGGATGTCACAAGAA-1,-0.006492536527267223,0.07404615687759558,G2M
TTGGATGTCCACATAG-1,0.06800639495149952,-0.10404009041959372,S
TTGGATGTCGCAGAGA-1,0.09178681125492638,-0.05754747212170236,S
TTGGGATAGACTTCCA-1,0.021841504629098674,0.040823346757899615,G2M
TTGGGATAGTGGGAAA-1,-0.04116351224710296,0.10051369376364677,G2M
TTGGGATCAGGCCCTA-1,0.041435529035359187,0.22802911311024654,G2M
TTGGGATCAGTCGAGA-1,-0.0848054043934055,0.3581443258724532,G2M
TTGGGATCATACTGAC-1,-0.019130649549815915,-0.045663590056633785,G1
TTGGGATCATGACCCG-1,0.0029976781781408945,0.010315878672470413,G2M
TTGGGATCATTCCTAT-1,0.02126458867913783,0.06272927600034883,G2M
TTGGGATTCCCTTGGT-1,0.03823102229588904,0.2990384584086813,G2M
TTGGGATTCGAGTACT-1,0.26071614412086797,0.11153586414066113,S
TTGGGATTCGTGTTCC-1,0.021994305660893387,0.23056843892934498,G2M
TTGGGATTCTACGGGC-1,0.08384979057858111,0.0899972503288054,G2M
TTGGGATTCTCGCAGG-1,0.06641334964161838,0.05359941197993018,S
TTGGGCGAGATAACAC-1,-0.0018528734288082438,0.0023804963751145602,G2M
TTGGGCGAGGAGTACC-1,0.04153881024136946,0.011893328147333765,S
TTGGGCGAGGCCGCTT-1,0.1197465558233034,-0.19486417281843937,S
TTGGGCGAGGGAGTTC-1,0.014565097044387465,0.16247118832103447,G2M
TTGGGCGAGGGCAGTT-1,0.030853639790345277,-0.0801708704826691,S
TTGGGCGAGTCCCTAA-1,0.10799451318081876,-0.10815836016108848,S
TTGGGCGAGTGAGGCT-1,-0.03935934763186899,0.09864909963255258,G2M
TTGGGCGAGTGGATTA-1,0.17073984630417927,0.054632308531623264,S
TTGGGCGCAAAGTATG-1,0.004929487706205882,0.058605094409529435,G2M
TTGGGCGCAACGGGTA-1,-0.0018031522460028593,0.16297665026628866,G2M
TTGGGCGCAGTAGATA-1,0.06560161757196636,-0.05836367243948781,S
TTGGGCGTCAAGATAG-1,0.22051789358050067,-0.014429896311403567,S
TTGGGCGTCCGGTTCT-1,0.03887593364586239,0.14005516230884613,G2M
TTGGGCGTCGACGCTG-1,0.05513717079486968,0.046441660827654496,S
TTGGGCGTCGTCGATA-1,0.11694559618707823,-0.0030260908314907464,S
TTGGGTAAGAGACAAG-1,0.047526619486861876,0.144470270544918,G2M
TTGGGTAAGGGTCTTT-1,0.0654971734716765,0.02744981072967645,S
TTGGGTAAGGTGAGCT-1,-0.017975803679332714,-0.041505635145167696,G1
TTGGGTAAGGTGCTAG-1,-0.00399695891542351,-0.13500213425656243,G1
TTGGGTAAGTGATCGG-1,-0.00736095893345301,0.009862288948804976,G2M
TTGGGTACAGAGCCCT-1,0.17439796812036024,-0.11617722051278814,S
TTGGGTAGTGAGGAAA-1,0.0833463510127303,0.11294173811891595,G2M
TTGGGTATCCTTACCG-1,-0.013621468406764092,0.2622012096452033,G2M
TTGGGTATCTGGGATT-1,0.08280813868247561,0.08186508986902191,S
TTGGTTTAGAGATTCA-1,0.12330514317685104,0.03482491095452134,S
TTGGTTTAGGCACAAC-1,0.003496715481683177,-0.09584173414894628,S
TTGGTTTAGTAGCAAT-1,0.04420801907174077,0.2446134091117535,G2M
TTGGTTTCACCGTGAC-1,-0.08725492495360104,-0.05910408675356421,G1
TTGGTTTCATCCCGTT-1,0.0823415373918241,-0.057410165874273555,S
TTGGTTTCATCGTGGC-1,0.01740138330000346,0.22210055417537394,G2M
TTGGTTTGTGATACCT-1,-0.004338793417579756,-0.056450670384862595,G1
TTGGTTTGTGCCTACG-1,0.2183704413585077,0.032564362418331216,S
TTGGTTTTCAACTGAC-1,-0.07278711098355678,-0.06763496348344433,G1
TTGGTTTTCCCAGGAC-1,0.0530926962241447,0.28225252516600235,G2M
TTGTGGAAGCAAACAT-1,0.016035503856928424,-0.20211249457876507,S
TTGTGGAAGTGCAACG-1,-0.07754416711399242,-0.1435925702159523,G1
TTGTGGACATGAAGCG-1,0.017587333839989172,0.28586404387806946,G2M
TTGTGGAGTATGATCC-1,-0.05654839399959122,0.10523617227128146,G2M
TTGTGGATCACTTATC-1,0.017541947376201183,0.12057239884936344,G2M
TTGTGGATCCAACCAA-1,0.14356877169275356,-0.027829006115248522,S
TTGTGGATCGGAAACG-1,0.026382039633284338,-0.03218516536727578,S
TTGTGGATCGTCTACC-1,-0.04117059197474188,0.029222723945856288,G2M
TTGTGGATCTTTGCAT-1,0.012655808502559263,0.08367709349253555,G2M
TTGTGTTAGGTATTGA-1,-1.5610794311449183e-05,0.07499381031719721,G2M
TTGTGTTAGTGTTCCA-1,0.003313290732306129,0.1136717063667187,G2M
TTGTGTTGTAGTATAG-1,0.06812910476962791,0.21101103522622494,G2M
TTGTGTTGTCTGCGCA-1,0.043663615711106996,0.3576970629502244,G2M
TTGTGTTGTCTGTGCG-1,0.10968204592974806,-0.026460460925494755,S
TTGTGTTGTGACTATC-1,0.2343931784658666,0.06491271274633637,S
TTGTGTTGTTGTTTGG-1,-0.020992495478684148,-0.017977945053817612,G1
TTGTGTTTCCATACTT-1,-0.0012863541774451037,0.06195983012031531,G2M
TTGTGTTTCCGTGTAA-1,-0.04161742049043887,0.25669251729374826,G2M
TTGTGTTTCCTGTAGA-1,-0.006722659435251299,-0.1377337156486813,G1
TTGTGTTTCTCTAGGA-1,0.1553268459306026,-0.12203619067694592,S
TTGTTCAAGATGCGAC-1,0.00848993264396769,0.16335530113130647,G2M
TTGTTCAAGTCACTAC-1,-0.047000495516963614,-0.09579461009724247,G1
TTGTTCACAATATCCG-1,0.04751599737022871,0.06144996889311216,G2M
TTGTTCACAGATCATC-1,0.14102651517932624,0.28341520186140784,G2M
TTGTTCACATCGGATT-1,0.04759669099108532,-0.07596509030471238,S
TTGTTCAGTATACGGG-1,0.08620968390144457,-0.09018935850654242,S
TTGTTCAGTTCGCGTG-1,0.2547706365200392,-0.044922439999831865,S
TTGTTCAGTTCTATCT-1,0.012803192274990216,0.01755724446415219,G2M
TTGTTCATCCTAAACG-1,-0.025679791830528986,-0.08551561744141936,G1
TTGTTCATCTCCGAGG-1,0.041005669324192195,-0.06721997616504707,S
TTGTTGTAGGGTGGGA-1,0.10172626020792719,0.1082843952494163,G2M
TTGTTGTAGTCCCGAC-1,-0.007452672580993802,-0.07909322694049514,G1
TTGTTGTAGTGATCGG-1,0.006867274712882898,0.11775279770669755,G2M
TTGTTGTCATTACGGT-1,0.03911804858802603,0.03046673177951853,S
TTGTTGTGTCTAACGT-1,0.15543531766402907,-0.12338432199005586,S
TTGTTGTGTCTTACAG-1,0.047852187306237415,0.28725558581626265,G2M
TTGTTGTGTGTCCATA-1,0.03412103483582629,-0.04117461383691651,S
TTGTTGTGTGTCCGTG-1,0.02532405314156949,-0.16559485557035286,S
TTGTTGTGTTCAGCTA-1,0.08813356138355055,0.18832460305178864,G2M
TTGTTGTTCGTGGTAT-1,0.0510709343886957,-0.02155971311203614,S
TTGTTTGAGAGAGGTA-1,-0.0382701575357024,-0.15989035274860547,G1
TTGTTTGAGCACCGAA-1,0.02616122862526571,0.09324574374137878,G2M
TTGTTTGAGCCTGGAA-1,0.046503173730895464,0.08258475472696472,G2M
TTGTTTGCAAGGTTGG-1,0.2846154833015496,-0.006920629398761313,S
TTGTTTGCAATCGCCG-1,0.15385931937750436,-0.02048540550232672,S
TTGTTTGCACACACGC-1,-0.0004796847751435407,-0.022047502581790446,G1
TTGTTTGGTATCGATC-1,0.040264019844896526,0.10265568439936035,G2M
TTGTTTGGTGATCGTT-1,-0.005194714032771941,0.2870543585924369,G2M
TTGTTTGGTTAACCTG-1,0.10471324474334803,0.3092556596245665,G2M
TTGTTTGTCACAGTGT-1,0.01780703081483237,-0.05253534936021276,S
TTGTTTGTCAGGTGTT-1,-0.0008817869446761106,0.32582483075421553,G2M
TTGTTTGTCATTGCTT-1,-0.01396270438092384,0.014252147715889174,G2M
TTGTTTGTCGTGTGAT-1,0.020333116766356962,-0.12287767721230247,S
TTGTTTGTCTTCTAAC-1,-0.038210176958107855,0.1499509941864236,G2M
TTTACCAAGATAGGGA-1,-0.03459288458920334,-0.12119485533047392,G1
TTTACCAAGCGTGTTT-1,0.05669273002985342,-0.06911548387379363,S
TTTACCAAGTATTCCG-1,0.15107631845535635,0.11008557980005296,S
TTTACCACAAGCACCC-1,-0.03646415073366116,-0.028408390912574466,G1
TTTACCACACGGGCTT-1,0.11153125818370113,-0.0988787631045368,S
TTTACCACATTGACAC-1,-0.029563968600881507,-0.04722188149104278,G1
TTTACCAGTACAGGTG-1,0.1086912695702994,0.041358918268681155,S
TTTACCAGTACGGCAA-1,-0.02751468461935297,0.01744671878930043,G2M
TTTACCAGTCGGAACA-1,0.023835140534823607,0.11458784130349714,G2M
TTTACCAGTGTGTCCG-1,0.41235719942377813,0.0779912003045603,S
TTTACCATCGCTTGAA-1,-0.10220714626821803,0.23441603066468547,G2M
TTTACCATCTACTGAG-1,0.004710605274711455,0.06205939555714829,G2M
TTTACGTAGATCGACG-1,-0.06797183939318063,0.1363288403436378,G2M
TTTACGTAGCCGTAAG-1,-0.016934599293457975,-0.13290450901514977,G1
TTTACGTAGTTGCGAG-1,-0.025234175480813525,0.10438905792863046,G2M
TTTACGTCAAACAGGC-1,-0.009272314833765338,-0.05827899207574133,G1
TTTACGTCAGAGAAAG-1,-0.03669348352884849,0.03318837751435,G2M
TTTACGTCAGCATTGT-1,0.03949947729589676,0.11016203560568083,G2M
TTTACGTGTGACTATC-1,0.3457138861860112,0.024954336503241248,S
TTTACGTGTGTCTTGA-1,0.05002696561399678,0.10165400289324134,G2M
TTTACGTTCATGGGAG-1,-0.041292408086320787,-0.01370750641414925,G1
TTTACGTTCCCTTTGG-1,0.1411267703637762,-0.013750591205905244,S
TTTACGTTCGATCCAA-1,0.011810846529722863,0.0570839699649906,G2M
TTTACGTTCGCATTAG-1,0.0655912607423873,0.005858491954517819,S
TTTACGTTCGCCTTGT-1,-0.05976535822658313,-0.012818483542834658,G1
TTTACGTTCTAGGCAT-1,0.047171749088465664,0.045346065240081945,S
TTTACTGCACTGGATT-1,-0.046152478267494024,0.15986215464915607,G2M
TTTACTGGTATACAGA-1,0.009114851385077172,0.018060074853062824,G2M
TTTACTGGTATGCGTT-1,0.023861631465246114,0.03933538514180418,G2M
TTTACTGGTCTACACA-1,-0.006168644233168041,0.1726917117445671,G2M
TTTACTGGTGGGACAT-1,-0.026464656328658687,-0.02081269463184776,G1
TTTACTGTCGAGAGCA-1,0.06521483639701975,0.036558648607816546,S
TTTACTGTCGTTCAGA-1,0.09318115836803675,0.018101735779856742,S
TTTACTGTCTTGTGCC-1,0.06725008340450889,0.1576923411566622,G2M
TTTAGTCAGAAGTGTT-1,0.09137295240570942,-0.15858193012270982,S
TTTAGTCAGCGCCGTT-1,0.1015979496344061,-0.03250088985792621,S
TTTAGTCAGTCTAGCT-1,0.0674812582633243,0.2786796428936658,G2M
TTTAGTCAGTTGCATC-1,0.04699462992617426,0.21526137308471283,G2M
TTTAGTCCAATCCTTT-1,0.21352155098804138,-0.07250169166976256,S
TTTAGTCCAGGCATTT-1,-0.11479509088514878,-0.07604064693434276,G1
TTTAGTCCATGGACAG-1,0.02846794234352129,0.1619671063213275,G2M
TTTAGTCCATTCAGGT-1,-0.010468712433612193,-0.1362120218092849,G1
TTTAGTCGTAAGAACT-1,-0.08900924586373127,-0.11646671231322481,G1
TTTAGTCGTATCGATC-1,0.07031775166538612,0.011172403150702614,S
TTTAGTCGTCGCACAC-1,0.3133492394956201,0.11330384185091263,S
TTTAGTCGTGGTGATG-1,0.05256300416184789,-0.20036520938978775,S
TTTAGTCGTGTACATC-1,0.08005118914611103,0.16689847111759798,G2M
TTTAGTCGTTCCGCTT-1,-0.04043846338954632,0.06568892767534135,G2M
TTTAGTCTCCTGATAG-1,-0.05585325228483523,0.024176576067299393,G2M
TTTATGCAGTCTGCGC-1,-0.05821890612658426,0.05826446245999761,G2M
TTTATGCAGTTCTACG-1,-0.05524596542218141,-0.04695995677231102,G1
TTTATGCCACAGTACT-1,0.061196632919851834,-0.023168452980177473,S
TTTATGCCACTAGGTT-1,0.25513490028094754,-0.04099371010641634,S
TTTATGCCAGACCTGC-1,0.17772904318597915,0.12574504118125157,S
TTTATGCTCAGCAATC-1,0.05628084291095936,0.010132754852560433,S
TTTATGCTCCTTGGAA-1,0.10638520414445907,-0.035038473242093526,S
TTTATGCTCGTTCGCT-1,0.001772117643487947,-0.2394576105694117,S
TTTCACAAGAAACTAC-1,0.03436856371151359,-0.013287205879771724,S
TTTCACAAGCCGATTT-1,-0.043852230495183275,0.14006748546747028,G2M
TTTCACAAGGATTTCC-1,-0.010344606501816012,-0.02254396579671253,G1
TTTCACACACCGCTAG-1,0.007318673261032693,0.1183455573845903,G2M
TTTCACACATTGACTG-1,-0.07581088181253154,-0.03163519069412185,G1
TTTCACAGTACAATAG-1,0.005657322960613609,-0.16811095683988966,S
TTTCACAGTATAGGGC-1,0.03879714100937709,0.08187359296382274,G2M
TTTCACAGTGTTAAAG-1,-0.02536001793214676,0.08960665347547536,G2M
TTTCACATCACCTCGT-1,0.00046504841085276416,0.061785702409143106,G2M
TTTCACATCCACAAGT-1,0.019732285769478997,0.12516579588358384,G2M
TTTCACATCGAGAAAT-1,0.04348750920546485,0.05711104893668195,G2M
TTTCACATCTCCCATG-1,0.027605508214662178,0.059375779563445114,G2M
TTTCAGTAGCACTGGA-1,-0.001139353656733899,-0.13856720013758955,G1
TTTCAGTAGGTGAGCT-1,0.023528701345022274,0.17419917280979863,G2M
TTTCAGTCAAGTGGCA-1,-0.032841599883451755,0.17555180652603974,G2M
TTTCAGTCACGGTGAA-1,0.009162436639613636,-0.029732668107965654,S
TTTCAGTCACTAGGCC-1,0.07130990360862682,-0.056511436812277216,S
TTTCAGTCATTCACAG-1,-0.011987126677053705,0.008738982986268129,G2M
TTTCAGTGTACCGGCT-1,0.15992606624146444,0.05539535395884196,S
TTTCAGTGTCATAGTC-1,0.1801995934422398,0.1712171437919905,S
TTTCAGTGTCCAGCGT-1,0.0702801447516404,-0.11205554889802202,S
TTTCAGTGTGAGCAGT-1,0.11229503849947559,-0.01928455640480048,S
TTTCAGTGTGTCTTGA-1,0.06207796032379004,-0.17250806348243095,S
TTTCAGTGTTCAGTAC-1,0.010127734807408473,0.08722404326262512,G2M
TTTCAGTTCCCGTAAA-1,0.0004498856605489321,0.1170809669207179,G2M
TTTCATGAGATGATTG-1,0.05046337932374556,0.042313556499042615,S
TTTCATGAGCAAGTGC-1,-0.006061859316449536,0.14168060535655314,G2M
TTTCATGAGCTGTACT-1,-0.06353579205368126,0.19386782371220224,G2M
TTTCATGAGTAGGATT-1,0.03728668513119532,0.14491138277516158,G2M
TTTCATGAGTGAGGCT-1,0.1171318981985362,0.01706482158865802,S
TTTCATGCAAACCGGA-1,0.09872104616936883,0.007143475985389003,S
TTTCATGCACTCCGAG-1,0.03862284876991129,0.09483155315657377,G2M
TTTCATGCATCCGGTG-1,0.11833158809243133,0.02957020066217092,S
TTTCATGGTAGGTCAG-1,0.011044381152564009,0.05431859011576218,G2M
TTTCATGGTATGCGGA-1,0.11190624014106099,-0.016324530890462874,S
TTTCATGGTCATCACA-1,0.017836445979691473,-0.12796465648353678,S
TTTCATGTCAAACGAA-1,-0.004101120278265202,0.01971811912203275,G2M
TTTCATGTCCCGAGGT-1,0.00236197016615014,0.04939647745004333,G2M
TTTCATGTCCGATGCG-1,0.059750764605493556,0.10586119550909318,G2M
TTTCATGTCCTCACGT-1,0.05214759481429765,-0.010590374244222878,S
TTTCATGTCGGCTTGG-1,0.11515345353858275,0.05880832403791253,S
TTTCATGTCGTTCTCG-1,0.005472293883569179,0.1534599482961107,G2M
TTTCATGTCTAAGAAG-1,0.04953410156196131,-0.013074791449546874,S
TTTCCTCAGACGCAGT-1,0.007310536285854374,0.2652779024587459,G2M
TTTCCTCCAGAGAATT-1,-0.0579807043429702,0.04447577723764068,G2M
TTTCCTCCAGAGGAAA-1,-0.05480702378671681,0.14528121694101753,G2M
TTTCCTCCATATCTGG-1,0.01904356731905621,-0.11399405312790284,S
TTTCCTCGTACCCACG-1,0.1010038482486667,0.1383385472439389,G2M
TTTCCTCGTAGGTCAG-1,0.003945157070774585,0.3529643193280063,G2M
TTTCCTCTCAAGAAAC-1,-0.013486655405709036,-0.1254626749357667,G1
TTTCCTCTCGACTCCT-1,0.158295405518469,-0.0971467957675991,S
TTTCCTCTCGCTGATA-1,0.10731297501336617,-0.08288136030060017,S
TTTCCTCTCTCCAAGA-1,0.020215302420271197,-0.02516105050801004,S
TTTCGATAGAGAGGGC-1,0.11841186126143344,0.07066083527302197,S
TTTCGATAGCGATTCT-1,-0.006441247806331818,0.14265124268336105,G2M
TTTCGATAGGCATGGT-1,0.013631345001490658,-0.07557366539769561,S
TTTCGATAGGTAGTCG-1,0.08251879697846531,0.37151793931481336,G2M
TTTCGATCACAATGCT-1,0.05229875768518982,0.09373573590549389,G2M
TTTCGATCACCAATTG-1,0.015097112349539199,0.040721915208569714,G2M
TTTCGATCACCTGCGA-1,0.0324834693407926,0.2994936069631511,G2M
TTTCGATGTAGTCCTA-1,0.056234894298114735,-0.013595989653288565,S
TTTCGATGTGGTCTCG-1,-0.004727038701142661,-0.07999203461947774,G1
TTTCGATTCAAACCTG-1,0.007434234863856748,0.015355437898584956,G2M
TTTCGATTCACCTACC-1,-0.09191064229168688,0.20316832674948743,G2M
TTTCGATTCCAACTAG-1,0.0953026939623503,0.11050472331692429,G2M
TTTCGATTCGAGTCCG-1,-0.03314280235361644,0.03448303763383204,G2M
TTTCGATTCTATTCGT-1,0.13466358519451427,-0.010915720880326496,S
TTTCGATTCTCGGGAC-1,0.04912777372811106,0.2299183348681639,G2M
TTTCGATTCTTCCGTG-1,0.08337818747113068,0.021766548419514586,S
TTTGACTAGAGTAACT-1,0.03642324934970026,0.08027417855376717,G2M
TTTGACTAGCGAGTAC-1,0.0030682440007117062,-0.10842252722193926,S
TTTGACTAGGAAGTCC-1,0.02840818398130146,-0.06073755410042869,S
TTTGACTCACTTTAGG-1,-0.045291281330534894,0.16265746382159424,G2M
TTTGACTCAGTAGTGG-1,-0.02351970741177206,0.32595458603904565,G2M
TTTGACTGTAGGACCA-1,-0.04400753165524207,0.04273262867770722,G2M
TTTGACTGTAGGTACG-1,-0.08932578599874097,0.02429599428249357,G2M
TTTGACTGTATGTCCA-1,0.07588081531493052,0.19551123572230156,G2M
TTTGACTGTTGTTGCA-1,0.006369911415406049,0.3507704003377441,G2M
TTTGACTTCGTGGCGT-1,-0.030867874549207308,-0.10796061455326383,G1
TTTGACTTCTAGGCAT-1,-0.06149017725365924,0.008164472812198509,G2M
TTTGACTTCTGACAGT-1,0.005446724662446556,0.10071403439512755,G2M
TTTGATCAGATTCGAA-1,0.007210173319556923,0.04989102332343193,G2M
TTTGATCAGGGCAACT-1,0.005501697346399048,-0.11975619094437567,S
TTTGATCAGGTAAACT-1,0.007586939939012327,-0.010813470406626502,S
TTTGATCAGGTACATA-1,0.043788027496991566,-0.12776283221474433,S
TTTGATCAGTAGAATC-1,0.1078065340427542,-0.00466625030666612,S
TTTGATCCATATCTCT-1,0.027262780868211267,0.26266312006239184,G2M
TTTGATCGTCCACATA-1,0.26393249347808223,-0.08493684097733673,S
TTTGATCTCTCATGCC-1,0.013829291804810517,-0.21588101277071178,S
TTTGATCTCTCCGTGT-1,0.029093444872176577,0.002373226694161512,S
TTTGATCTCTCGCTTG-1,0.09090087362103877,0.5960526711103166,G2M
TTTGATCTCTGATTCT-1,0.02003572722788871,0.07874726047838476,G2M
TTTGGAGAGAGCATCG-1,-0.038199878187017144,0.01163163269473283,G2M
TTTGGAGAGATTCGCT-1,0.053822246298010745,-0.015310831919034429,S
TTTGGAGAGGCTGAAC-1,0.044328236480838334,0.18196757306010453,G2M
TTTGGAGCAATCCTAG-1,0.015915521309608882,-0.10143255324626022,S
TTTGGAGCATGACACT-1,-0.023111427392040473,0.04926809890316264,G2M
TTTGGAGGTAATTAGG-1,0.05412399313835975,-0.1605863016468484,S
TTTGGAGGTGATTCTG-1,0.28616015123216987,0.13377840630523385,S
TTTGGAGGTGCATGTT-1,-0.05629842859719475,-0.15200791186693588,G1
TTTGGAGTCGAAGGAC-1,0.21514882091464482,0.003448997631537498,S
TTTGGAGTCGGTGCAC-1,0.11972540730031761,-0.08618034370688593,S
TTTGGAGTCGTAGCCG-1,0.026117696994688466,-0.12202453530007076,S
TTTGGTTAGACAGCTG-1,0.26323843405731395,0.06385760413563685,S
TTTGGTTAGGTAGTAT-1,0.011039056934597058,-0.1360339602725186,S
TTTGGTTAGTGTTGTC-1,0.15225118686726202,0.16461531965811455,G2M
TTTGGTTCACTATCCC-1,0.03306457112711231,0.18372035332659975,G2M
TTTGGTTCAGAGTGTG-1,0.03093108562592417,-0.07518416569699507,S
TTTGGTTTCAAAGACA-1,0.05382998236577624,-0.0655197757963861,S
TTTGGTTTCATGAGAA-1,-0.024646674162696947,0.25561881016792054,G2M
TTTGGTTTCTGGCCTT-1,-0.04043077343188173,-0.16885000237332626,G1
TTTGTTGAGACCAGCA-1,0.08000829533771242,-0.03708711501208156,S
TTTGTTGAGATAACAC-1,-0.020991983176165685,0.3199052662317551,G2M
TTTGTTGAGCGCCTAC-1,-0.054884798962561876,0.09285891606210067,G2M
TTTGTTGAGTCGAATA-1,0.037586951808565194,0.12236562084709851,G2M
TTTGTTGAGTTCCGTA-1,0.022506266315897028,0.048277396448856535,G2M
TTTGTTGCACAGTATC-1,-0.1359777408680577,0.17837431689814742,G2M
TTTGTTGCACGGTGAA-1,-0.002438788731906616,0.012455341752027838,G2M
TTTGTTGCAGTTTCAG-1,0.4159600048037676,-0.03337386277386528,S
TTTGTTGCATGGACAG-1,0.03502901034691547,0.18909646567164579,G2M
TTTGTTGGTCATTGCA-1,0.216611755673622,-0.22243909256597308,S
TTTGTTGGTGCACGCT-1,0.04066851702972962,-0.12895634655409477,S
TTTGTTGTCATTTCCA-1,0.012528715350667796,0.13914526843195008,G2M
TTTGTTGTCCTTATGT-1,0.10271836156555414,-0.02835321683924691,S
TTTGTTGTCTATTCGT-1,-0.05643268663464962,0.20900528107326038,G2M
